# Strong's number<TAB>the other spellings of the word in TAGNT/TAHOT, without accents or vowel points,
# lowercase, final letters as plain ones, Hebrew without its prefixes (make_search_data.py, script_key).
G0004	αβαρη
G0009	αβιληνησ
G0012	αβυσσον αβυσσου
G0014	αγαθοεργειν αγαθουργων
G0015	αγαθοποιειτε αγαθοποιησαι αγαθοποιητε αγαθοποιουντασ αγαθοποιουντεσ αγαθοποιουσαι αγαθοποιων
G0017	αγαθοποιων
G0018	αγαθα αγαθασ αγαθε αγαθη αγαθην αγαθησ αγαθοισ αγαθον αγαθου αγαθουσ αγαθω αγαθων
G0019	αγαθωσυνησ
G0020	αγαλλιασει αγαλλιασεωσ
G0021	αγαλλιαθηναι αγαλλιασθε αγαλλιωμεν αγαλλιωμενοι ηγαλλιασατο ηγαλλιασεν
G0022	αγαμοισ
G0023	αγανακτειν αγανακτουντεσ αγανακτων ηγανακτησαν ηγανακτησεν
G0024	αγανακτησιν
G0025	αγαπα αγαπαν αγαπασ αγαπατε αγαπατω αγαπηθησεται αγαπησαντοσ αγαπησασ αγαπησατε αγαπησει αγαπησεισ αγαπησητε αγαπησω αγαπω αγαπωμαι αγαπωμεν αγαπων αγαπωντασ αγαπωντι αγαπωντων αγαπωσιν ηγαπα ηγαπατε ηγαπηκαμεν ηγαπηκοσιν ηγαπημενην ηγαπημενοι ηγαπημενοισ ηγαπημενω ηγαπησα ηγαπησαν ηγαπησασ ηγαπησεν
G0026	αγαπαισ αγαπην αγαπησ
G0027	αγαπητα αγαπητε αγαπητην αγαπητοι αγαπητοισ αγαπητον αγαπητου αγαπητω
G0029	αγγαρευουσιν αγγαρευσει ηγγαρευσαν
G0030	αγγειοισ
G0032	αγγελοι αγγελοισ αγγελον αγγελου αγγελουσ αγγελω αγγελων
G0034	αγελην
G0036	αγενη
G0037	αγιαζει αγιαζεται αγιαζομενοι αγιαζομενουσ αγιαζον αγιαζων αγιασαι αγιασασ αγιασατε αγιαση αγιασθητω αγιασον ηγιασεν ηγιασθη ηγιασθητε ηγιασμενη ηγιασμενοι ηγιασμενοισ ηγιασμενον ηγιασται
G0038	αγιασμον αγιασμω
G0039	αγια αγιων
G0040	αγια αγιαι αγιαισ αγιαν αγιασ αγιε αγιοι αγιοισ αγιον αγιου αγιουσ αγιω αγιων αγιωτατη
G0041	αγιοτητοσ
G0042	αγιωσυνην αγιωσυνησ
G0043	αγκαλασ
G0045	αγκυραν αγκυρασ
G0046	αγναφου
G0048	αγνιζει αγνισατε αγνισθεισ αγνισθητι αγνισωσιν ηγνικοτεσ ηγνισμενον
G0049	αγνισμου
G0050	αγνοει αγνοειν αγνοειται αγνοειτε αγνοησαντεσ αγνοουμεν αγνοουμενοι αγνοουμενοσ αγνοουντεσ αγνοουσιν αγνοων ηγνοουν
G0051	αγνοηματων
G0052	αγνοιαν αγνοιασ
G0053	αγνα αγνασ αγνη αγνην αγνον αγνουσ
G0054	αγνοτητι αγνοτητοσ
G0056	αγνωσιαν
G0057	αγνωστω
G0058	αγοραισ αγοραν αγορασ
G0059	αγοραζει αγοραζοντασ αγοραζοντεσ αγορασαι αγορασαντα αγορασασ αγορασατε αγορασατω αγορασον αγορασωμεν αγορασωσιν ηγοραζον ηγορασα ηγορασαν ηγορασασ ηγορασεν ηγορασθησαν ηγορασθητε ηγορασμενοι
G0060	αγοραιοι αγοραιων
G0061	αγραν
G0062	αγραμματοι
G0063	αγραυλουντεσ
G0064	αγρευσωσιν
G0065	αγριελαιου
G0066	αγρια αγριον
G0067	αγριππα
G0068	αγρον αγρου αγρουσ αγρω αγρων
G0069	αγρυπνειτε αγρυπνουντεσ αγρυπνουσιν
G0070	αγρυπνιαισ
G0071	αγαγειν αγαγετε αγαγη αγαγοντα αγαγοντεσ αγε αγει αγειν αγεσθαι αγεσθε αγομενα αγονται αγοντεσ αγουσιν αγωμεν αγωσιν αξει αξων αχθηναι αχθησεσθε ηγαγεν ηγαγετε ηγαγον ηγεν ηγεσθε ηγετο ηγοντο ηχθη
G0073	αγωνα αγωνι
G0075	αγωνιζεσθε αγωνιζομεθα αγωνιζομενοσ αγωνιζου ηγωνιζοντο ηγωνισμαι
G0077	αδαπανον
G0079	αδελφαι αδελφασ αδελφην αδελφησ
G0080	αδελφε αδελφοι αδελφοισ αδελφον αδελφου αδελφουσ αδελφω αδελφων
G0081	αδελφοτητα αδελφοτητι
G0082	αδηλα αδηλον
G0083	αδηλοτητι
G0085	αδημονειν αδημονων
G0086	αδη αδην αδου
G0088	αδιαλειπτον
G0090	αδιαφθοριαν
G0091	αδικεισθε αδικειτε αδικηθεντοσ αδικηθη αδικησαι αδικησαντοσ αδικησατω αδικηση αδικησησ αδικησητε αδικησουσιν αδικουμενοι αδικουμενον αδικουσιν αδικω αδικων ηδικησα ηδικησαμεν ηδικησατε ηδικησεν
G0092	αδικηματα
G0093	αδικιαισ αδικιαν αδικιασ
G0094	αδικοι αδικουσ αδικω αδικων
G0096	αδοκιμοι αδοκιμον
G0097	αδολον
G0098	αδραμυττηνω
G0099	αδρια
G0100	αδροτητι
G0101	αδυνατησει
G0102	αδυνατα αδυνατον αδυνατων
G0103	αδοντεσ αδουσιν
G0105	αετοι αετου αετω
G0106	αζυμα αζυμοι αζυμοισ αζυμων
G0108	αζωτον
G0109	αερα αεροσ
G0110	αθανασιαν
G0111	αθεμιτοισ αθεμιτον
G0112	αθεοι
G0113	αθεσμων
G0114	αθετει αθετειτε αθετησαι αθετησασ αθετησω αθετουσιν αθετω αθετων ηθετησαν
G0115	αθετησιν
G0116	αθηναισ αθηνων
G0117	αθηναιοι
G0118	αθλη αθληση
G0119	αθλησιν
G0120	αθυμωσιν
G0121	αθωον
G0122	αιγειοισ
G0123	αιγιαλον
G0124	αιγυπτιοι αιγυπτιον αιγυπτιων
G0125	αιγυπτον αιγυπτου αιγυπτω
G0126	αιδιοισ
G0127	αιδουσ
G0128	αιθιοπων
G0129	αιματι αιματοσ αιματων
G0130	αιματεκχυσιασ
G0131	αιμορροουσα
G0132	αινεα αινεαν
G0133	αινεσεωσ
G0134	αινειν αινειτε αινουντα αινουντεσ αινουντων αινων
G0135	αινιγματι
G0136	αινον
G0138	αιρησομαι ειλατο ελομενοσ
G0139	αιρεσεισ αιρεσεωσ αιρεσιν
G0140	ηρετισα
G0141	αιρετικον
G0142	αιρε αιρει αιρεισ αιρεται αιρετε αιρομενον αιροντοσ αιρων αιρωσιν αραι αραντεσ αρασ αρατε αρατω αρη αρησ αρθη αρθησεται αρθητι αρθητω αρθωσιν αρον αρουσιν αρω ηραν ηρατε ηρεν ηρθη ηρκεν ηρμενον
G0143	αισθωνται
G0144	αισθησει
G0145	αισθητηρια
G0146	αισχροκερδεισ αισχροκερδη
G0148	αισχρολογιαν
G0150	αισχρον αισχρου
G0152	αισχυνασ αισχυνησ
G0153	αισχυνεσθω αισχυνθησομαι αισχυνθωμεν αισχυνομαι
G0154	αιτειν αιτεισ αιτεισθαι αιτεισθε αιτειτε αιτειτω αιτησαι αιτησασ αιτησασθε αιτησει αιτησεσθε αιτηση αιτησησ αιτησηται αιτησητε αιτησον αιτησουσιν αιτησωμαι αιτησωμεν αιτησωνται αιτουμαι αιτουμεθα αιτουμενοι αιτουντι αιτουσα αιτουσιν αιτωμεθα αιτωμεν αιτων ητηκαμεν ητησαντο ητησασ ητησασθε ητησατε ητησατο ητουντο
G0155	αιτηματα
G0156	αιτιαν αιτιασ
G0157	αιτιωματα
G0159	αιτιον αιτιου
G0161	αιχμαλωσιαν
G0162	ηχμαλωτευσεν
G0163	αιχμαλωτιζοντα αιχμαλωτιζοντεσ αιχμαλωτισθησονται
G0164	αιχμαλωτοισ
G0165	αιωνα αιωνασ αιωνι αιωνοσ αιωνων αιωσιν
G0166	αιωνια αιωνιαν αιωνιον αιωνιου αιωνιουσ αιωνιων
G0167	ακαθαρσιαν ακαθαρσιασ
G0169	ακαθαρτα ακαθαρτοισ ακαθαρτον ακαθαρτου ακαθαρτω ακαθαρτων
G0170	ηκαιρεισθε
G0172	ακακων
G0173	ακανθαι ακανθασ ακανθων
G0174	ακανθινον
G0175	ακαρπα ακαρποι ακαρποισ ακαρπουσ
G0176	ακαταγνωστον
G0177	ακατακαλυπτον ακατακαλυπτω
G0178	ακατακριτον ακατακριτουσ
G0179	ακαταλυτου
G0180	ακαταπαυστουσ
G0181	ακαταστασιαι ακαταστασιαισ ακαταστασιασ
G0182	ακαταστατον
G0184	ακελδαμαχ
G0185	ακεραιοι ακεραιουσ
G0186	ακλινη
G0187	ηκμασαν
G0189	ακοαι ακοαισ ακοασ ακοην ακοησ
G0190	ακολουθει ακολουθειν ακολουθειτω ακολουθησαι ακολουθησαντεσ ακολουθησαντων ακολουθησατε ακολουθησεισ ακολουθησουσιν ακολουθησω ακολουθουντα ακολουθουντασ ακολουθουντεσ ακολουθουντι ακολουθουσησ ακολουθουσιν ακολουθων ηκολουθει ηκολουθηκαμεν ηκολουθησαμεν ηκολουθησαν ηκολουθησεν ηκολουθουν
G0191	ακηκοαμεν ακηκοασιν ακηκοατε ακηκοοτασ ακουε ακουει ακουειν ακουεισ ακουεται ακουετε ακουετω ακουομεν ακουοντα ακουοντασ ακουοντεσ ακουοντι ακουοντοσ ακουοντων ακουουσιν ακουσαι ακουσαντεσ ακουσαντων ακουσασ ακουσασα ακουσασιν ακουσατε ακουσατω ακουσατωσαν ακουσει ακουσεσθε ακουσετε ακουση ακουσητε ακουσθεισιν ακουσθη ακουσθησεται ακουσομεθα ακουσονται ακουσουσιν ακουσωσιν ακουων ακουωσιν ηκουεν ηκουον ηκουσα ηκουσαμεν ηκουσαν ηκουσασ ηκουσατε ηκουσεν ηκουσθη
G0192	ακρασιαν ακρασιασ
G0193	ακρατεισ
G0194	ακρατου
G0195	ακριβειαν
G0196	ακριβεστατην
G0198	ηκριβωσεν
G0200	ακριδασ ακριδεσ ακριδων
G0202	ακροαται
G0203	ακροβυστιαν ακροβυστιασ
G0204	ακρογωνιαιον ακρογωνιαιου
G0205	ακροθινιων
G0206	ακρου ακρων
G0207	ακυλαν
G0208	ακυροι ακυρουντεσ ηκυρωσατε
G0212	αλαζονειαισ
G0213	αλαζονασ αλαζονεσ
G0214	αλαλαζον αλαλαζοντασ
G0215	αλαλητοισ
G0216	αλαλον αλαλουσ
G0217	αλα αλατι
G0218	αλειψαι αλειψαντεσ αλειψασα αλειψωσιν ηλειφεν ηλειφον ηλειψασ ηλειψεν
G0219	αλεκτοροφωνιασ
G0220	αλεκτορα
G0221	αλεξανδρεων
G0222	αλεξανδρινον αλεξανδρινω
G0223	αλεξανδρον αλεξανδρου
G0224	αλευρου
G0225	αληθειαν αληθειασ
G0226	αληθευοντεσ αληθευων
G0227	αληθεισ αληθεσ αληθη αληθουσ
G0228	αληθιναι αληθινη αληθινησ αληθινοι αληθινον αληθινω αληθινων
G0229	αληθουσαι
G0231	αλιεισ
G0232	αλιευειν
G0233	αλισθησεται
G0234	αλισγηματων
G0235	αλλ
G0236	αλλαγησομεθα αλλαγησονται αλλαξαι αλλαξει ηλλαξαν
G0237	αλλαχου
G0238	αλληγορουμενα
G0240	αλληλοισ αλληλουσ
G0242	αλλομενοσ αλλομενου ηλατο
G0243	αλλα αλλαι αλλασ αλλη αλλην αλλησ αλλο αλλοι αλλοισ αλλον αλλου αλλουσ αλλω αλλων
G0245	αλλοτρια αλλοτριαισ αλλοτριαν αλλοτριοισ αλλοτριον αλλοτριω αλλοτριων
G0246	αλλοφυλω
G0248	αλοων αλοωντα
G0249	αλογα αλογον
G0250	αλοησ
G0251	αλι
G0252	αλυκον
G0253	αλυποτεροσ
G0254	αλυσει αλυσεισ αλυσεσιν αλυσιν
G0255	αλυσιτελεσ
G0256	αλφαιου
G0257	αλωνα
G0258	αλωπεκεσ αλωπεκι
G0259	αλωσιν
G0261	αμαθεισ
G0262	αμαραντινον
G0263	αμαραντον
G0264	αμαρτανε αμαρτανει αμαρτανειν αμαρτανετε αμαρτανοντα αμαρτανοντασ αμαρτανοντεσ αμαρτανοντων αμαρτανουσιν αμαρτανων αμαρτη αμαρτησαντασ αμαρτησαντοσ αμαρτησαντων αμαρτησασιν αμαρτησει αμαρτηση αμαρτησωμεν αμαρτητε ημαρτεν ημαρτεσ ημαρτηκαμεν ημαρτον
G0265	αμαρτηματα αμαρτηματοσ αμαρτηματων
G0266	αμαρτιαι αμαρτιαισ αμαρτιαν αμαρτιασ αμαρτιων
G0267	αμαρτυρον
G0268	αμαρτωλοι αμαρτωλοισ αμαρτωλον αμαρτωλουσ αμαρτωλω αμαρτωλων
G0269	αμαχον αμαχουσ
G0270	αμησαντων
G0272	αμελει αμελησαντεσ ημελησα
G0273	αμεμπτοι αμεμπτουσ
G0275	αμεριμνουσ
G0276	αμεταθετον αμεταθετων
G0277	αμετακινητοι
G0278	αμεταμελητα αμεταμελητον
G0279	αμετανοητον
G0280	αμετρα
G0283	αμιαντον
G0285	αμμον
G0286	αμνου
G0287	αμοιβασ
G0288	αμπελον αμπελου αμπελω
G0289	αμπελουργον
G0290	αμπελωνα αμπελωνι αμπελωνοσ
G0291	αμπλιατον
G0292	ημυνατο
G0294	αμφιεννυσιν ημφιεσμενον
G0295	αμφιπολιν
G0296	αμφοδου
G0297	αμφοτερα αμφοτεροι αμφοτεροισ αμφοτερουσ αμφοτερων
G0298	αμωμητοι
G0299	αμωμα αμωμοι αμωμον αμωμου αμωμουσ
G0304	αναβαθμουσ αναβαθμων
G0305	αναβα αναβαινει αναβαινειν αναβαινομεν αναβαινον αναβαινοντα αναβαινοντασ αναβαινοντεσ αναβαινοντων αναβαινουσιν αναβαινων αναβαντα αναβαντεσ αναβαντων αναβασ αναβατε αναβεβηκα αναβεβηκεν αναβησεται αναβητε ανεβαινομεν ανεβαινον ανεβη ανεβημεν ανεβην ανεβησαν
G0306	ανεβαλετο
G0307	αναβιβασαντεσ
G0308	αναβλεπουσιν αναβλεψαντοσ αναβλεψασ αναβλεψασαι αναβλεψη αναβλεψησ αναβλεψον αναβλεψω ανεβλεψα ανεβλεψαν ανεβλεψεν
G0309	αναβλεψιν
G0310	ανεβοησεν
G0311	αναβολην
G0312	αναγγειλαι αναγγελει αναγγελλομεν αναγγελλοντεσ αναγγελλων ανηγγειλαν ανηγγειλεν ανηγγελη ανηγγελλον
G0313	αναγεγεννημενοι αναγεννησασ
G0314	αναγινωσκεισ αναγινωσκετε αναγινωσκηται αναγινωσκομενασ αναγινωσκομενη αναγινωσκομενοσ αναγινωσκοντεσ αναγινωσκοντοσ αναγινωσκων αναγνοντεσ αναγνουσ αναγνωναι αναγνωσθη αναγνωσθηναι αναγνωτε ανεγινωσκεν ανεγνωσαν ανεγνωτε
G0315	αναγκαζεισ αναγκαζουσιν αναγκασον ηναγκαζον ηναγκασατε ηναγκασεν ηναγκασθη ηναγκασθην
G0316	αναγκαια αναγκαιασ αναγκαιον αναγκαιοτερον αναγκαιουσ
G0318	αναγκαισ αναγκην αναγκησ
G0319	ανεγνωρισθη
G0320	αναγνωσει αναγνωσιν
G0321	αναγαγειν αναγαγων αναγεσθαι αναγομενοισ αναχθεντεσ αναχθηναι ανηγαγον ανηχθη ανηχθημεν ανηχθησαν
G0322	αναδειξον ανεδειξεν
G0323	αναδειξεωσ
G0324	αναδεξαμενοσ
G0325	αναδοντεσ
G0326	ανεζησεν
G0327	αναζητησαι αναζητουντεσ ανεζητουν
G0328	αναζωσαμενοι
G0329	αναζωπυρειν
G0330	ανεθαλετε
G0331	αναθεματι
G0332	αναθεματιζειν ανεθεματισαμεν ανεθεματισαν
G0333	αναθεωρουντεσ αναθεωρων
G0334	αναθημασιν
G0335	αναιδειαν
G0336	αναιρεσει
G0337	αναιρεθηναι αναιρει αναιρειν αναιρεισθαι αναιρουμενων αναιρουντων ανειλαν ανειλατε ανειλατο ανειλεν ανειλεσ ανελει ανελειν ανελωσιν ανηρεθη
G0338	αναιτιοι αναιτιουσ
G0339	ανεκαθισεν
G0340	ανακαινιζειν
G0341	ανακαινουμενον ανακαινουται
G0342	ανακαινωσει ανακαινωσεωσ
G0343	ανακαλυπτομενον ανακεκαλυμμενω
G0344	ανακαμψαι ανακαμψει ανακαμψω
G0345	ανακειμενοισ ανακειμενον ανακειμενοσ ανακειμενου ανακειμενουσ ανακειμενων ανεκειτο
G0346	ανακεφαλαιουται ανακεφαλαιωσασθαι
G0347	ανακλιθηναι ανακλιθησονται ανακλιναι ανακλινει ανεκλινεν
G0349	ανακραξασ ανεκραγον ανεκραξαν ανεκραξεν
G0350	ανακριθω ανακριναντεσ ανακρινασ ανακρινει ανακρινεται ανακρινομεθα ανακρινοντεσ ανακρινουσιν ανακρινων
G0351	ανακρισεωσ
G0352	ανακυψαι ανακυψασ ανακυψατε
G0353	αναλαβετε αναλαβοντεσ αναλαβων αναλαμβανειν αναλημφθεισ ανελαβετε ανελημφθη ανεληφθη
G0354	αναλημψεωσ
G0355	αναλωθητε αναλωσαι
G0356	αναλογιαν
G0357	αναλογισασθε
G0358	αναλον
G0359	αναλυσεωσ
G0360	αναλυσαι αναλυση
G0362	αναμενειν
G0363	αναμιμνησκεσθε αναμιμνησκομενου αναμνησει αναμνησθεισ ανεμνησθη
G0364	αναμνησιν
G0365	ανανεουσθαι
G0366	ανανηψωσιν
G0367	ανανια ανανιαν
G0368	αναντιρρητων
G0370	αναξιοι
G0372	αναπαυσιν
G0373	αναπαησονται αναπαυεσθε αναπαυεται αναπαυου αναπαυσασθε αναπαυσον αναπαυσονται αναπαυσω αναπεπαυται ανεπαυσαν
G0374	αναπειθει
G0375	αναπεμψω ανεπεμψα ανεπεμψεν
G0376	αναπειρουσ
G0377	αναπεσε αναπεσειν αναπεσων ανεπεσαν ανεπεσεν
G0378	αναπληρουται αναπληρων αναπληρωσαι αναπληρωσετε αναπληρωση ανεπληρωσαν
G0379	αναπολογητουσ
G0380	αναπτυξασ
G0381	αναπτει ανηφθη
G0383	ανασειει ανεσεισαν
G0384	ανασκευαζοντεσ
G0385	ανασπασει ανεσπασθη
G0386	αναστασει αναστασεωσ αναστασιν
G0387	αναστατουντεσ αναστατωσαντεσ αναστατωσασ
G0388	ανασταυρουντασ
G0389	αναστεναξασ
G0390	αναστραφητε αναστρεφεσθαι αναστρεφομενουσ αναστρεφομενων αναστρεψαντεσ αναστρεψω ανεστραφημεν
G0391	αναστροφαισ αναστροφην αναστροφησ
G0392	αναταξασθαι
G0393	ανατειλαντοσ ανατειλη ανατελλει ανατελλουσαν ανατεταλκεν ανετειλεν
G0394	ανεθεμην ανεθετο
G0395	ανατολησ ανατολων
G0396	ανατρεπουσιν ανετρεψεν
G0397	ανατεθραμμενοσ ανεθρεψατο ανετραφη
G0398	αναφαινεσθαι αναφαναντεσ
G0399	αναφερει αναφερειν αναφερωμεν ανενεγκαι ανενεγκασ ανενεγκειν ανεφερετο ανηνεγκεν
G0400	ανεφωνησεν
G0401	αναχυσιν
G0402	αναχωρειτε αναχωρησαντεσ αναχωρησαντων αναχωρησασ ανεχωρησαν ανεχωρησεν
G0404	ανεψυξεν
G0405	ανδραποδισταισ
G0406	ανδρεα ανδρεαν ανδρεου
G0407	ανδριζεσθε
G0408	ανδρονικον
G0409	ανδροφονοισ
G0410	ανεγκλητοι ανεγκλητον ανεγκλητουσ
G0411	ανεκδιηγητω
G0412	ανεκλαλητω
G0413	ανεκλειπτον
G0414	ανεκτοτερον
G0415	ανελεημονασ
G0416	ανεμιζομενω
G0417	ανεμοι ανεμοισ ανεμον ανεμου ανεμουσ ανεμω ανεμων
G0418	ανενδεκτον
G0419	ανεξεραυνητα
G0420	ανεξικακον
G0421	ανεξιχνιαστοι ανεξιχνιαστον
G0422	ανεπαισχυντον
G0423	ανεπιλημπτοι ανεπιλημπτον
G0424	ανηλθεν ανηλθον
G0425	ανεσιν
G0426	ανεταζειν ανεταζεσθαι
G0428	ανευθετου
G0429	ανευραν ανευροντεσ
G0430	ανειχεσθε ανεξομαι ανεξονται ανεσχομην ανεχεσθε ανεχομεθα ανεχομενοι
G0433	ανηκεν ανηκον
G0434	ανημεροι
G0435	ανδρα ανδρασ ανδρασιν ανδρεσ ανδρι ανδροσ ανδρων ανερ
G0436	ανθεστηκεν ανθεστηκοτεσ ανθιστανται ανθιστατο αντεστη αντεστην αντεστησαν αντιστηναι αντιστητε
G0437	ανθωμολογειτο
G0439	ανθρακιαν
G0440	ανθρακασ
G0441	ανθρωπαρεσκοι
G0442	ανθρωπινη ανθρωπινησ ανθρωπινον ανθρωπινων
G0444	ανθρωπε ανθρωποι ανθρωποισ ανθρωπον ανθρωπου ανθρωπουσ ανθρωπω ανθρωπων
G0446	ανθυπατοι ανθυπατον ανθυπατου ανθυπατω
G0447	ανεθη ανεντεσ ανιεντεσ ανω
G0448	ανελεοσ
G0449	ανιπτοισ
G0450	αναστα ανασταν ανασταντεσ αναστασ αναστασα αναστη αναστηθι αναστηναι αναστησασ αναστησει αναστησειν αναστησεται αναστησονται αναστησω αναστωσιν ανεστη ανεστησαν ανεστησεν ανισταμενοσ ανιστασθαι ανισταται
G0452	αννα ανναν
G0453	ανοητοι ανοητοισ ανοητουσ
G0454	ανοιασ
G0455	ανεωγεν ανεωγμενασ ανεωγμενησ ανεωγμενον ανεωγμενοσ ανεωγμενων ανεωγοτα ανεωξεν ανεωχθη ανεωχθηναι ανεωχθησαν ανοιγει ανοιγειν ανοιγησεται ανοιγων ανοιγωσιν ανοιξαι ανοιξαντεσ ανοιξασ ανοιξη ανοιξον ανοιξω ανοιξωσιν ηνεωγμενη ηνεωγμενην ηνεωγμενον ηνεωξεν ηνεωχθησαν ηνοιγη ηνοιγησαν ηνοιξεν ηνοιχθη ηνοιχθησαν
G0456	ανοικοδομησω
G0457	ανοιξει
G0458	ανομιαι ανομιαν ανομιασ ανομιων
G0459	ανομοισ ανομουσ ανομων
G0461	ανορθωσατε ανορθωσω ανωρθωθη
G0462	ανοσιοι ανοσιοισ
G0463	ανοχησ
G0464	ανταγωνιζομενοι
G0466	ανταναπληρω
G0467	ανταποδοθησεται ανταποδουναι ανταποδωσω
G0469	ανταποδοσιν
G0470	ανταποκριθηναι ανταποκρινομενοσ
G0471	αντειπειν
G0472	ανθεξεται αντεχεσθε αντεχομενον
G0473	ανθ
G0474	αντιβαλλετε
G0475	αντιδιατιθεμενουσ
G0476	αντιδικου αντιδικω
G0477	αντιθεσεισ
G0478	αντικατεστητε
G0479	αντικαλεσωσιν
G0480	αντικειμενοι αντικειμενοσ αντικειμενω αντικειμενων αντικειται
G0481	αντικρυσ
G0482	αντελαβετο αντιλαμβανεσθαι αντιλαμβανομενοι
G0483	αντελεγον αντιλεγει αντιλεγεται αντιλεγομενον αντιλεγοντα αντιλεγοντασ αντιλεγοντεσ αντιλεγοντων
G0484	αντιλημψεισ
G0485	αντιλογιαν αντιλογιασ
G0486	αντελοιδορει
G0488	αντιμετρηθησεται
G0489	αντιμισθιαν
G0490	αντιοχειαν αντιοχειασ
G0491	αντιοχεα
G0492	αντιπαρηλθεν
G0494	αντιπατριδα
G0495	αντιπερα
G0496	αντιπιπτετε
G0497	αντιστρατευομενον
G0498	αντιτασσεται αντιτασσομενοσ αντιτασσομενων
G0499	αντιτυπα αντιτυπον
G0500	αντιχριστοι αντιχριστου
G0501	αντλειν αντλησαι αντλησατε ηντληκοτεσ
G0503	αντοφθαλμειν
G0504	ανυδροι ανυδρων
G0505	ανυποκριτον ανυποκριτου ανυποκριτω
G0506	ανυποτακτα ανυποτακτοι ανυποτακτοισ ανυποτακτον
G0508	αναγαιον
G0510	ανωτερικα
G0511	ανωτερον
G0512	ανωφελεισ ανωφελεσ
G0514	αξια αξιοι αξιον αξιουσ
G0515	αξιουμεν αξιουσθωσαν αξιωθησεται αξιωση ηξιου ηξιωσα ηξιωται
G0517	αορατα αορατον αορατου αορατω
G0518	απαγγειλαι απαγγειλατε απαγγειλον απαγγελει απαγγελλομεν απαγγελλοντασ απαγγελλοντεσ απαγγελλουσιν απαγγελλων απαγγελω απηγγειλαν απηγγειλεν απηγγελη απηγγελλον
G0519	απηγξατο
G0520	απαγαγε απαγαγων απαγετε απαγομενοι απαγομενουσ απαγουσα απαχθηναι απηγαγε απηγαγον
G0521	απαιδευτουσ
G0522	απαρθη
G0523	απαιτει απαιτουσιν
G0524	απηλγηκοτεσ
G0525	απαλλαξη απαλλασσεσθαι απηλλαχθαι
G0526	απηλλοτριωμενοι απηλλοτριωμενουσ
G0528	απαντησει απηντησαν
G0529	απαντησιν
G0531	απαραβατον
G0532	απαρασκευαστουσ
G0533	απαρνηθησεται απαρνησασθω απαρνηση απαρνησομαι
G0535	απαρτισμον
G0536	απαρχην
G0537	απαν απαντα απαντασ απαντεσ απαντων απασαν
G0538	απατατω απατων ηπατηθη
G0539	απαταισ απατησ
G0543	απειθειαν απειθειασ
G0544	απειθησαντεσ απειθησασιν απειθουντα απειθουντεσ απειθουντων απειθουσιν απειθων ηπειθησαν ηπειθησατε ηπειθουν
G0545	απειθεισ
G0546	απειλησωμεθα ηπειλει
G0547	απειλασ απειλην απειλησ
G0548	αποντεσ απων
G0549	απηεσαν
G0550	απειπαμεθα
G0553	απεκδεχεται απεκδεχομεθα απεκδεχομενοι απεκδεχομενοισ απεκδεχομενουσ απεξεδεχετο
G0554	απεκδυσαμενοι απεκδυσαμενοσ
G0555	απεκδυσει
G0556	απηλασεν
G0557	απελεγμον
G0559	απελλην
G0560	απελπιζοντεσ
G0562	απεραντοισ
G0564	απεριτμητοι
G0565	απελευσομαι απελευσομεθα απελευσονται απεληλυθεισαν απεληλυθεν απελθειν απελθη απελθητε απελθοντεσ απελθοντι απελθοντων απελθουσα απελθουσαι απελθω απελθων απελθωσιν απερχεσθαι απερχη απερχομενων απηλθα απηλθαν απηλθεν απηλθον
G0568	απειχεν απεχει απεχεσθαι απεχεσθε απεχετε απεχησ απεχοντοσ απεχουσαν απεχουσιν
G0569	απιστησασ απιστουμεν απιστουντων απιστουσιν ηπιστησαν ηπιστουν
G0570	απιστιαν απιστιασ
G0571	απιστοι απιστοισ απιστον απιστου απιστων
G0572	απλοτητα απλοτητι απλοτητοσ
G0575	απ απεπνιξαν αφ
G0576	απεβησαν αποβαντεσ αποβησεται
G0577	αποβαλητε αποβαλων
G0578	απεβλεπεν
G0579	αποβλητον
G0581	απογενομενοι
G0582	απογραφησ
G0583	απογεγραμμενων απογραφεσθαι απογραψασθαι
G0584	απεδειξεν αποδεδειγμενον αποδεικνυντα αποδειξαι
G0585	αποδειξει
G0586	αποδεκατουν αποδεκατουτε αποδεκατω
G0587	αποδεκτον
G0588	απεδεξαντο απεδεξατο απεδεχετο αποδεξαμενοι αποδεξαμενοσ αποδεξασθαι αποδεχομεθα
G0589	απεδημησεν αποδημων
G0591	απεδετο απεδιδουν απεδοντο απεδοσθε απεδωκεν αποδιδοναι αποδιδοντεσ αποδιδοτω αποδιδουν αποδιδωσιν αποδοθηναι αποδοσ αποδοτε αποδουναι αποδουσ αποδω αποδωσ αποδωσει αποδωσεισ αποδωσοντεσ αποδωσουσιν αποδωσω
G0592	αποδιοριζοντεσ
G0593	απεδοκιμασαν απεδοκιμασθη αποδεδοκιμασμενον αποδοκιμασθηναι
G0594	αποδοχησ
G0596	αποθηκασ αποθηκην
G0597	αποθησαυριζοντασ
G0598	αποθλιβουσιν
G0599	απεθανεν απεθανετε απεθανομεν απεθανον απεθνησκεν αποθανειν αποθανεισθε αποθανειται αποθανη αποθανοντα αποθανοντεσ αποθανοντι αποθανοντοσ αποθανωμεν αποθανων αποθνησκει αποθνησκειν αποθνησκομεν αποθνησκοντεσ αποθνησκουσιν αποθνησκωμεν αποθνησκων
G0600	απεκατεσταθη απεκατεστη αποκαθιστανει αποκαθιστανεισ αποκατασταθω αποκαταστησει
G0601	απεκαλυφθη απεκαλυψασ απεκαλυψεν αποκαλυπτεσθαι αποκαλυπτεται αποκαλυφθη αποκαλυφθηναι αποκαλυφθησεται αποκαλυφθωσιν αποκαλυψαι αποκαλυψει
G0602	αποκαλυψει αποκαλυψεισ αποκαλυψεων αποκαλυψεωσ αποκαλυψιν
G0603	αποκαραδοκιαν
G0604	αποκαταλλαξαι αποκαταλλαξη
G0605	αποκαταστασεωσ
G0606	αποκειμενην αποκειται
G0607	απεκεφαλισα απεκεφαλισεν
G0608	αποκλειση
G0609	απεκοψαν απεκοψεν αποκοψον αποκοψονται
G0611	απεκριθη απεκριθην απεκριθησ απεκριθησαν απεκρινατο αποκριθεισ αποκριθεισα αποκριθεν αποκριθεντεσ αποκριθη αποκριθηναι αποκριθησεται αποκριθησονται αποκριθητε αποκριθωσιν αποκρινεσθαι αποκρινεται αποκρινη
G0612	αποκρισει αποκρισεσιν αποκρισιν
G0613	απεκρυψασ αποκεκρυμμενην αποκεκρυμμενον αποκεκρυμμενου
G0614	αποκρυφοι αποκρυφον
G0615	απεκτανθη απεκτανθησαν απεκτειναν απεκτεινατε απεκτεινεν αποκτανθεισ αποκτανθηναι αποκτανθωσιν αποκτειναι αποκτειναντων αποκτεινασ αποκτεινοντων αποκτεινουσα αποκτεινωμεν αποκτεινωσιν αποκτενει αποκτενειτε αποκτεννει αποκτεννεσθαι αποκτεννοντεσ αποκτεννοντων αποκτενουσιν αποκτενω
G0616	απεκυησεν αποκυει
G0617	απεκυλισεν αποκεκυλισμενον αποκεκυλισται αποκυλισει
G0618	απελαβεν απελαβεσ απολαβη απολαβητε απολαβομενοσ απολαβωμεν απολαβωσιν απολαμβανομεν απολαμβανοντεσ απολημψεσθε
G0619	απολαυσιν
G0620	απελιπον απολειπεται απολελυμενην απολιποντασ
G0621	επελειχον
G0622	απολεισθε απολειται απολεσαι απολεσασ απολεσει απολεση απολεσητε απολεσθαι απολεσω απολεσωσιν αποληται απολλυε απολλυει απολλυμαι απολλυμεθα απολλυμενην απολλυμενοι απολλυμενοισ απολλυμενου απολλυνται απολλυται απολομενου απολουνται απολω απολωλοσ απολωλοτα απολωλωσ απολωνται απωλεσα απωλεσεν απωλετο απωλλυντο απωλοντο
G0624	απολλωνιαν
G0625	απολλω απολλων
G0626	απελογειτο απολογεισθαι απολογηθηναι απολογησησθε απολογουμαι απολογουμεθα απολογουμενου απολογουμενων
G0627	απολογιαν απολογιασ
G0628	απελουσασθε απολουσαι
G0629	απολυτρωσεωσ απολυτρωσιν
G0630	απελυεν απελυθησαν απελυοντο απελυσαν απελυσεν απολελυμενην απολελυμενον απολελυσαι απολελυσθαι απολυει απολυειν απολυεισ απολυετε απολυθεντεσ απολυθησεσθε απολυθητε απολυσαι απολυσασ απολυσασα απολυση απολυσησ απολυσητε απολυσον απολυσω απολυων
G0631	απομασσομεθα
G0632	απονεμοντεσ
G0633	απενιψατο
G0634	απεπεσαν
G0635	απεπλανηθησαν αποπλαναν
G0636	απεπλευσαν αποπλειν αποπλευσαντεσ
G0638	απεπνιγη
G0639	απορεισθαι απορουμαι απορουμενοι απορουμενοσ ηπορει
G0641	αποριψαντασ
G0642	απορφανισθεντεσ
G0643	επισκευασαμενοι
G0645	απεσπασεν απεσπασθη αποσπαν αποσπασθεντασ
G0646	αποστασιαν
G0647	αποστασιου
G0648	απεστεγασαν
G0649	απεσταλη απεσταλην απεσταλκα απεσταλκαμεν απεσταλκαν απεσταλκατε απεσταλκεν απεσταλμενοι απεσταλμενοσ απεσταλμενουσ απεστειλα απεστειλαν απεστειλασ απεστειλεν αποσταλεντι αποσταλωσιν αποστειλαι αποστειλαντα αποστειλαντασ αποστειλαντεσ αποστειλασ αποστειλη αποστειλον αποστειλω αποστελει αποστελλει αποστελλειν αποστελλη αποστελλομενα αποστελλουσιν αποστελω
G0650	απεστερημενοσ απεστερημενων αποστερεισθε αποστερειτε αποστερησησ
G0651	αποστολην αποστολησ
G0652	αποστολοι αποστολοισ αποστολον αποστολου αποστολουσ αποστολων
G0653	αποστοματιζειν
G0654	απεστραφησαν αποστραφησ αποστρεφειν αποστρεφομενοι αποστρεφομενων αποστρεφοντα αποστρεψει αποστρεψον αποστρεψουσιν
G0655	αποστυγουντεσ
G0656	αποσυναγωγοι αποσυναγωγουσ
G0657	αποταξαμενοσ αποταξασθαι αποτασσεται
G0658	αποτελεσθεισα αποτελω
G0659	απεθεντο απεθετο αποθεμενοι αποθεσθαι αποθεσθε αποθωμεθα
G0660	αποτιναξασ αποτινασσετε
G0661	αποτισω
G0662	αποτολμα
G0663	αποτομιαν
G0665	αποτρεπου
G0667	απενεγκειν απενεχθηναι απηνεγκαν απηνεγκεν αποφερεσθαι
G0668	αποφευγοντασ αποφυγοντεσ
G0669	απεφθεγξατο αποφθεγγεσθαι
G0670	αποφορτιζομενον
G0671	αποχρησει
G0672	αποχωρει αποχωρειτε αποχωρησασ
G0673	απεχωρισθη αποχωρισθηναι
G0674	αποψυχοντων
G0675	αππιου
G0676	απροσιτον
G0677	απροσκοποι απροσκοπον
G0678	απροσωπολημπτωσ
G0679	απταιστουσ
G0681	απτει απτεσθαι απτεσθε απτεται απτηται απτου αψαμενοσ αψαντεσ αψασ αψη αψηται αψωμαι αψωνται ηψαντο ηψατο
G0683	απωθεισθε απωσαμενοι απωσαντο απωσατο
G0684	απωλειαν απωλειασ
G0685	αρασ
G0688	αραβιαν
G0690	αραβεσ
G0691	αργει
G0692	αργαι αργη αργοι αργον αργουσ
G0693	αργυρα αργυρουσ
G0694	αργυρια αργυριου αργυριω
G0696	αργυρον αργυρου αργυρω
G0697	αρειον αρειου παγον παγου
G0699	αρεσκειαν
G0700	αρεσαι αρεση αρεσκειν αρεσκετω αρεσκοντεσ αρεσκοντων ηρεσεν ηρεσκον
G0701	αρεστα αρεστον
G0702	αρετα
G0703	αρετασ αρετην
G0704	αρνασ
G0705	αριθμησαι ηριθμημεναι ηριθμηνται
G0706	αριθμον αριθμου αριθμω
G0707	αριμαθαιασ
G0708	αρισταρχον αρισταρχου
G0709	αριστησατε αριστηση ηριστησαν
G0710	αριστερα αριστερων
G0711	αριστοβουλου
G0712	αριστου
G0713	αρκετον
G0714	αρκει αρκεισθε αρκεση αρκεσθησομεθα αρκουμενοι αρκουμενοσ αρκουσιν
G0715	αρκου
G0716	αρματι αρματοσ αρματων
G0717	αρμαγεδων
G0718	ηρμοσαμην
G0719	αρμων
G0720	αρνεισθαι αρνησαμενοι αρνησαμενοσ αρνησασθαι αρνησασθω αρνησεται αρνηση αρνησηται αρνησομαι αρνησομεθα αρνουμενοι αρνουμενοσ αρνουμενων αρνουνται ηρνειτο ηρνημενοι ηρνησαντο ηρνησασθε ηρνησατο ηρνησω ηρνηται
G0721	αρνια αρνιου αρνιω
G0722	αροτριαν αροτριων αροτριωντα
G0724	αρπαγην αρπαγησ
G0725	αρπαγμον
G0726	αρπαγεντα αρπαγησομεθα αρπαζει αρπαζειν αρπαζοντεσ αρπαζουσιν αρπασαι αρπασει ηρπαγη ηρπασεν ηρπασθη
G0727	αρπαγεσ αρπαξιν
G0728	αρραβωνα
G0729	αραφοσ
G0730	αρσεν αρσενα αρσενεσ αρσεσιν
G0731	αρρητα
G0732	αρρωστοι αρρωστοισ αρρωστουσ
G0733	αρσενοκοιται αρσενοκοιταισ
G0734	αρτεμαν
G0735	αρτεμιδοσ
G0736	αρτεμωνα
G0738	αρτιγεννητα
G0740	αρτοι αρτοισ αρτον αρτου αρτουσ αρτω αρτων
G0741	αρτυθησεται αρτυσετε ηρτυμενοσ
G0743	αρχαγγελου
G0744	αρχαια αρχαιοισ αρχαιου αρχαιω αρχαιων
G0746	αρχαι αρχαισ αρχασ αρχην αρχησ
G0747	αρχηγον
G0748	αρχιερατικου
G0749	αρχιερεα αρχιερει αρχιερεισ αρχιερευσιν αρχιερεων αρχιερεωσ
G0750	αρχιποιμενοσ
G0751	αρχιππω
G0752	αρχισυναγωγοι αρχισυναγωγον αρχισυναγωγου αρχισυναγωγω αρχισυναγωγων
G0755	αρχιτρικλινω
G0757	αρξαμενοι αρξαμενοσ αρξαμενου αρξασθαι αρξεσθε αρξη αρξησθε αρξηται αρξονται αρξωνται αρχειν αρχομεθα αρχομενοσ αρχομενων ηρξαντο ηρξατο
G0758	αρχοντα αρχοντασ αρχοντεσ αρχοντι αρχοντοσ αρχοντων αρχουσιν
G0759	αρωματα αρωματων
G0760	ασαφ
G0761	ασαλευτον
G0762	ασβεστον ασβεστω
G0763	ασεβειαν ασεβειασ ασεβειων
G0764	ησεβησαν
G0765	ασεβεισ ασεβεσιν ασεβη ασεβων
G0766	ασελγειαισ ασελγειαν
G0767	ασημου
G0769	ασθενειαισ ασθενειαν ασθενειασ ασθενειων
G0770	ασθενει ασθενησασ ασθενησασαν ασθενουμεν ασθενουντα ασθενουντασ ασθενουντων ασθενουσαν ασθενω ασθενωμεν ασθενων ησθενει ησθενηκαμεν ησθενησα ησθενησεν
G0771	ασθενηματα
G0772	ασθενεισ ασθενεσ ασθενεσιν ασθενεστερα ασθενεστερω ασθενη ασθενουσ ασθενων
G0773	ασιαν ασιασ
G0774	ασιανοι
G0775	ασιαρχων
G0776	ασιτιασ
G0777	ασιτοι
G0778	ασκω
G0779	ασκοι ασκουσ
G0781	ασοφοι
G0782	απησπασαμεθα ασπαζεσθαι ασπαζεται ασπαζονται ασπασαι ασπασαμενοι ασπασαμενοσ ασπασασθε ασπασησθε ησπαζοντο ησπασατο
G0783	ασπασμον ασπασμου ασπασμουσ
G0784	ασπιλοι ασπιλον ασπιλου
G0785	ασπιδων
G0786	ασπονδοι ασπονδουσ
G0787	ασσαριου ασσαριων
G0789	ασσον
G0790	αστατουμεν
G0791	αστειον
G0792	αστερα αστερασ αστερεσ αστεροσ αστερων
G0793	αστηρικτοι αστηρικτουσ
G0794	αστοργοι αστοργουσ
G0795	αστοχησαντεσ ηστοχησαν
G0796	αστραπαι αστραπην
G0797	αστραπτουσα αστραπτουση
G0798	αστρα αστροισ αστρων
G0799	ασυγκριτον
G0800	ασυμφωνοι
G0801	ασυνετοι ασυνετουσ ασυνετω
G0802	ασυνθετουσ
G0803	ασφαλειαν
G0804	ασφαλεσ ασφαλη
G0805	ασφαλισασθε ασφαλισθηναι ησφαλισαντο ησφαλισατο
G0807	ασχημονει ασχημονειν
G0808	ασχημοσυνην
G0809	ασχημονα
G0810	ασωτιασ
G0812	ητακτησαμεν
G0813	ατακτουσ
G0816	ατενιζετε ατενιζοντεσ ατενισαι ατενισαντεσ ατενισασ ατενισασα
G0818	ατιμαζεισ ατιμαζεσθαι ατιμαζετε ατιμασαντεσ ατιμασθηναι ητιμασαν ητιμασατε
G0819	ατιμιαν ατιμιασ
G0820	ατιμοι ατιμοτερα
G0822	ατμιδα
G0823	ατομω
G0824	ατοπον ατοπων
G0825	ατταλειαν
G0826	αυγασαι
G0827	αυγησ
G0828	αυγουστου
G0829	αυθαδεισ αυθαδη
G0830	αυθαιρετοι
G0831	αυθεντειν
G0832	αυλουμενον ηυλησαμεν
G0833	αυλην αυλησ
G0834	αυλητασ αυλητων
G0835	ηυλιζετο ηυλισθη
G0837	αυξανει αυξανειν αυξανετε αυξανομενα αυξανομενησ αυξανομενοι αυξανομενον αυξανουσιν αυξανων αυξει αυξηθη αυξηθητε αυξησει αυξησωμεν ηυξανεν ηυξησεν
G0838	αυξησιν
G0841	αυταρκειαν αυταρκειασ
G0844	αυτοματη
G0845	αυτοπται
G0846	αυτα αυταισ αυτασ αυτη αυτην αυτησ αυτο αυτοι αυτοισ αυτον αυτου αυτουσ αυτω αυτων του
G0849	αυτοχειρεσ
G0850	αυχμηρω
G0851	αφαιρεθησεται αφαιρειν αφαιρειται αφειλεν αφελει αφελειν αφελη αφελωμαι
G0853	αφανιζει αφανιζομενη αφανιζουσιν αφανισθητε
G0854	αφανισμου
G0856	αφεδρωνα
G0858	αφελοτητι
G0859	αφεσει αφεσιν
G0860	αφησ αφων
G0861	αφθαρσιαν αφθοριαν
G0862	αφθαρτοι αφθαρτον αφθαρτου αφθαρτω
G0863	αφεθη αφεθησαν αφεθησεται αφειναι αφεισ αφεντεσ αφεσ αφετε αφεωνται αφη αφηκα αφηκαμεν αφηκαν αφηκατε αφηκεν αφηκεσ αφησει αφησεισ αφησουσιν αφησω αφητε αφιεναι αφιενται αφιεται αφιετε αφιετω αφιησιν αφιομεν αφιουσιν αφωμεν ηφιεν
G0864	αφικετο
G0865	αφιλαγαθοι
G0866	αφιλαργυρον
G0867	αφιξιν
G0868	απεστη απεστησαν απεστησεν αποσταντα αποστασ αποστη αποστηναι αποστησονται αποστητε αποστητω αφιστανται αφιστασο αφιστατο
G0871	αφωμοιωμενοσ
G0872	αφιδω αφορωντεσ
G0873	αφοριζει αφοριουσιν αφορισασ αφορισατε αφορισει αφορισθητε αφορισωσιν αφωριζεν αφωρισεν αφωρισμενοσ
G0874	αφορμην
G0875	αφριζει αφριζων
G0876	αφρου
G0877	αφροσυνησ
G0878	αφρονα αφρονεσ αφρονων
G0879	αφυπνωσεν
G0880	αφωνα αφωνον
G0882	αχαιαν αχαιασ
G0883	αχαικου
G0884	αχαριστοι αχαριστουσ
G0885	αχιμ
G0886	αχειροποιητον αχειροποιητω
G0888	αχρειοι αχρειον
G0889	ηχρεωθησαν
G0890	αχρηστον
G0891	αχρισ
G0894	αψινθον
G0895	αψυχα
G0897	βαβυλωνι βαβυλωνοσ
G0898	βαθμον
G0899	βαθη βαθουσ
G0900	εβαθυνεν
G0901	βαθεα βαθει βαθεωσ βαθυ
G0902	βαια
G0905	βαλλαντια βαλλαντιου
G0906	βαλε βαλει βαλειν βαλετε βαλετω βαλη βαλητε βαλλει βαλλειν βαλλεται βαλλομεν βαλλομενα βαλλομενον βαλλοντασ βαλλοντεσ βαλλοντων βαλλουσαν βαλλουσιν βαλουσα βαλουσιν βαλω βαλωσιν βεβληκοτοσ βεβλημενην βεβλημενον βεβλημενοσ βεβληται βληθεισ βληθειση βληθεν βληθη βληθηναι βληθησεται βληθηση βληθητι εβαλαν εβαλεν εβαλλον εβαλον εβεβλητο εβληθη εβληθησαν
G0907	βαπτιζει βαπτιζειν βαπτιζεισ βαπτιζομαι βαπτιζομενοι βαπτιζονται βαπτιζοντεσ βαπτιζοντοσ βαπτιζων βαπτισαι βαπτισει βαπτισθεισ βαπτισθεντεσ βαπτισθεντοσ βαπτισθηναι βαπτισθησεσθε βαπτισθητω βαπτισωνται βεβαπτισμενοι εβαπτιζεν εβαπτιζοντο εβαπτισα εβαπτισεν εβαπτισθη εβαπτισθημεν εβαπτισθησαν εβαπτισθητε
G0908	βαπτισματοσ
G0909	βαπτισμοισ βαπτισμουσ βαπτισμω βαπτισμων
G0910	βαπτιστην βαπτιστου
G0911	βαψασ βαψη βαψω βεβαμμενον
G0912	βαραββαν
G0914	βαραχιου
G0915	βαρβαροι βαρβαροισ
G0916	βαρεισθω βαρηθωσιν βαρουμενοι βεβαρημενοι εβαρηθημεν
G0918	βαρθολομαιον
G0919	βαριησου
G0920	βαριωνα
G0921	βαρναβα βαρναβαν
G0922	βαρη
G0923	βαρσαββαν
G0926	βαρεα βαρειαι βαρεισ βαρυτερα
G0927	βαρυτιμου
G0928	βασανιζομενη βασανιζομενον βασανιζομενοσ βασανιζομενουσ βασανισαι βασανισησ βασανισθησεται βασανισθησονται εβασανιζεν εβασανισαν
G0929	βασανισμον βασανισμου
G0930	βασανισταισ
G0931	βασανοισ βασανου
G0932	βασιλειαν βασιλειασ
G0933	βασιλειοισ
G0934	βασιλειον
G0935	βασιλεα βασιλει βασιλεισ βασιλευ βασιλευσιν βασιλεων βασιλεωσ
G0936	βασιλευει βασιλευειν βασιλευετω βασιλευοντων βασιλευσαι βασιλευσει βασιλευση βασιλευσουσιν εβασιλευσαν εβασιλευσασ εβασιλευσατε εβασιλευσεν
G0937	βασιλικην βασιλικησ βασιλικον
G0938	βασιλισσησ
G0939	βασεισ
G0940	εβασκανεν
G0941	βασταζει βασταζειν βασταζεισ βασταζεσθαι βασταζετε βασταζοντεσ βασταζοντοσ βασταζων βαστασαι βαστασασα βαστασασιν βαστασει εβασταζεν εβασταζετο εβαστασαν εβαστασασ εβαστασεν
G0942	βατου βατω
G0943	βατουσ
G0944	βατραχοι
G0945	βατταλογησητε
G0946	βδελυγματων
G0947	βδελυκτοι
G0948	βδελυσσομενοσ εβδελυγμενοισ
G0949	βεβαια βεβαιαν βεβαιοτερον
G0950	βεβαιουμενοι βεβαιουντοσ βεβαιουσθαι βεβαιων βεβαιωσαι βεβαιωσει εβεβαιωθη
G0951	βεβαιωσει βεβαιωσιν
G0952	βεβηλοισ βεβηλουσ
G0953	βεβηλουσιν βεβηλωσαι
G0955	βελιαρ
G0956	βελη
G0957	βελτιον
G0959	βερνικησ
G0960	βεροιαν
G0963	βηθανιαν βηθανιασ
G0966	βηθσαιδαν
G0968	βηματι βηματοσ
G0970	βιαν βιασ
G0971	βιαζεται
G0972	βιαιασ
G0973	βιασται
G0975	βιβλια βιβλιοισ βιβλιου βιβλιω
G0976	βιβλου βιβλουσ βιβλω
G0977	βεβρωκοσιν
G0978	βιθυνιαν βιθυνιασ
G0979	βιον βιου
G0980	βιωσαι
G0981	βιωσιν
G0982	βιωτικα βιωτικαισ
G0983	βλαβερασ
G0984	βλαψαν βλαψει
G0985	βλαστα βλαστησασα εβλαστησεν
G0986	βλαστον
G0987	βλασφημει βλασφημειν βλασφημεισ βλασφημεισθω βλασφημειται βλασφημηθησεται βλασφημησαι βλασφημησαντι βλασφημηση βλασφημησωσιν βλασφημηται βλασφημουμαι βλασφημουμεθα βλασφημουντασ βλασφημουντεσ βλασφημουντων βλασφημουσιν εβλασφημει εβλασφημησαν εβλασφημησεν εβλασφημουν
G0988	βλασφημιαι βλασφημιαν βλασφημιασ
G0989	βλασφημα βλασφημοι βλασφημον
G0990	βλεμματι
G0991	βλεπε βλεπει βλεπειν βλεπεισ βλεπετε βλεπετω βλεπη βλεπησ βλεπομεν βλεπομενα βλεπομενη βλεπομενον βλεπομενων βλεποντα βλεποντασ βλεποντεσ βλεποντων βλεπουσιν βλεπων βλεπωσιν βλεψετε βλεψον εβλεπεν εβλεπον εβλεψα
G0993	βοανηργεσ
G0994	βοησον βοωντα βοωντεσ βοωντοσ βοωντων εβοησεν
G0995	βοαι
G0996	βοηθειαισ βοηθειαν
G0997	βοηθει βοηθειτε βοηθησαι βοηθησον εβοηθησα εβοηθησεν
G0999	βοθυνον
G1000	βολην
G1001	βολισαντεσ
G1002	βολιδι
G1003	βοεσ βοοσ
G1004	βορβορου
G1005	βορρα
G1006	βοσκε βοσκειν βοσκομενη βοσκοντεσ
G1008	βοτανην
G1009	βοτρυασ
G1011	βουλευομαι βουλευσεται εβουλευοντο εβουλευσαντο
G1012	βουλασ βουλην βουλησ
G1013	βουληματι βουληματοσ
G1014	βουλει βουλεσθε βουλεται βουληθεισ βουληθη βουληται βουλοιτο βουλομεθα βουλομενοι βουλομενοσ βουλομενου βουλομενουσ εβουλετο εβουληθη εβουληθην εβουλομην εβουλοντο
G1015	βουνοισ
G1016	βοασ βουν βοων
G1018	βραβευετω
G1019	βραδυνει
G1020	βραδυπλοουντεσ
G1021	βραδεισ
G1022	βραδυτητα
G1023	βραχιονι βραχιονοσ
G1024	βραχεων βραχυ
G1025	βρεφη βρεφουσ
G1026	βρεξαι βρεχει βρεχειν βρεχη εβρεξεν
G1027	βρονται βροντην βροντησ βροντων
G1029	βροχον
G1031	εβρυχον
G1032	βρυει
G1033	βρωμασιν βρωματα βρωματι βρωματοσ βρωματων
G1034	βρωσιμον
G1035	βρωσει βρωσεωσ βρωσιν
G1036	βυθιζεσθαι βυθιζουσιν
G1037	βυθω
G1038	βυρσει βυρσεωσ
G1039	βυσσινον βυσσινου
G1040	βυσσον
G1041	βωμον
G1046	γαδαρηνων
G1047	γαζησ
G1048	γαζαν
G1049	γαζοφυλακιου γαζοφυλακιω
G1050	γαιον γαιω
G1051	γαλακτοσ
G1052	γαλαται γαλατασ
G1053	γαλατιαν γαλατιασ
G1054	γαλατικην
G1056	γαλιλαιαν γαλιλαιασ
G1057	γαλιλαιοι γαλιλαιου γαλιλαιουσ γαλιλαιων
G1058	γαλλιωνι γαλλιωνοσ
G1060	γαμειν γαμειτωσαν γαμηθηναι γαμησαι γαμησασ γαμησασα γαμησατωσαν γαμηση γαμησησ γαμουντεσ γαμουσιν γαμων γεγαμηκοσιν γημασ γημη εγαμησεν εγαμουν εγημα
G1061	γαμιζονται γαμιζοντεσ γαμιζων γαμισκονται εγαμιζοντο
G1062	γαμον γαμου γαμουσ γαμων
G1064	γαστερεσ γαστρι
G1067	γεενναν γεεννη γεεννησ
G1068	γεθσημανι
G1069	γειτονασ γειτονεσ
G1070	γελασετε γελωντεσ
G1072	γεμιζεσθαι γεμισασ γεμισατε γεμισθη εγεμισαν εγεμισεν εγεμισθη
G1073	γεμει γεμον γεμοντα γεμοντων γεμουσασ γεμουσιν
G1074	γενεαι γενεαισ γενεαν γενεασ γενεων
G1075	γενεαλογουμενοσ
G1076	γενεαλογιαισ γενεαλογιασ
G1077	γενεσιοισ
G1078	γενεσει γενεσεωσ
G1079	γενετησ
G1080	γεγεννηκα γεγεννημαι γεγεννημεθα γεγεννημενα γεγεννημενον γεγεννημενοσ γεγεννημενου γεγεννηται γενναται γεννηθεισ γεννηθεν γεννηθεντοσ γεννηθεντων γεννηθη γεννηθηναι γεννησαντα γεννησει γεννηση γεννωμενον γεννωσα γεννωσιν εγεννηθη εγεννηθημεν εγεννηθησ εγεννηθησαν εγεννησα εγεννησαν εγεννησεν
G1081	γεννηματα
G1084	γεννητοισ
G1085	γενει γενη γενουσ
G1086	γερασηνων
G1087	γερουσιαν
G1089	γευσαμενοσ γευσαμενουσ γευσασθαι γευσεται γευση γευσηται γευσωνται εγευσασθε εγευσατο
G1090	γεωργειται
G1092	γεωργοι γεωργοισ γεωργον γεωργουσ γεωργων
G1093	γην γησ
G1094	γηρει
G1095	γηρασησ γηρασκον
G1096	γεγενημενον γεγενησθαι γεγονα γεγοναμεν γεγοναν γεγονασ γεγονασιν γεγονατε γεγονει γεγονεν γεγονεναι γεγονοσ γεγονοτασ γεγονοτεσ γεγονοτι γεγονυια γεγονωσ γενεσθαι γενεσθω γενηθεντασ γενηθεντεσ γενηθεντων γενηθηναι γενηθητε γενηθητω γενηθωμεν γενησεσθε γενησεται γενησθε γενησομενον γενησονται γενηται γενοιτο γενομενα γενομεναι γενομενην γενομενησ γενομενοι γενομενοισ γενομενον γενομενοσ γενομενου γενομενων γενωμαι γενωμεθα γενωνται γινεσθαι γινεσθε γινεσθω γινεται γινομενα γινομεναι γινομενασ γινομενη γινομενησ γινομενοι γινομενοισ γινομενον γινομενου γινομενων γινου γινωμεθα γινωνται εγεγονει εγενεσθε εγενετο εγενηθη εγενηθημεν εγενηθην εγενηθησαν εγενηθητε εγενομην εγενοντο εγενου εγινετο
G1097	γινωσκε γινωσκει γινωσκειν γινωσκεισ γινωσκεται γινωσκετε γινωσκετω γινωσκη γινωσκητε γινωσκομεν γινωσκομενη γινωσκοντεσ γινωσκουσιν γινωσκωμεν γινωσκων γινωσκωσιν γνοι γνοντα γνοντεσ γνουσ γνω γνωθι γνωναι γνωσ γνωσεσθε γνωσεται γνωση γνωσθεντεσ γνωσθη γνωσθησεται γνωσθητω γνωσιν γνωσομαι γνωσομεθα γνωσονται γνωτε γνωτω εγινωσκεν εγινωσκον εγνω εγνωκα εγνωκαμεν εγνωκαν εγνωκασ εγνωκατε εγνωκειτε εγνωκεν εγνωκεναι εγνωκοτεσ εγνων εγνωσ εγνωσαν εγνωσθη εγνωσται
G1098	γλευκουσ
G1099	γλυκυ
G1100	γλωσσαι γλωσσαισ γλωσσαν γλωσσασ γλωσση γλωσσησ γλωσσων
G1103	γνησιε γνησιον γνησιω
G1105	γνοφω
G1106	γνωμην γνωμησ
G1107	γνωριζεσθω γνωριζομεν γνωρισαι γνωρισασ γνωρισει γνωριση γνωρισθη γνωρισουσιν γνωρισω εγνωρισα εγνωρισαμεν εγνωρισαν εγνωρισασ εγνωρισεν εγνωρισθη
G1108	γνωσει γνωσεωσ γνωσιν
G1109	γνωστην
G1110	γνωστα γνωστοι γνωστοισ γνωστον
G1111	γογγυζετε γογγυζοντοσ γογγυζουσιν εγογγυζον εγογγυσαν
G1112	γογγυσμου γογγυσμων
G1113	γογγυσται
G1114	γοητεσ
G1115	γολγοθαν
G1116	γομορρασ γομορροισ γομορρων
G1117	γομον
G1118	γονεισ γονευσιν γονεων
G1119	γονασιν γονατα
G1120	γονυπετησαντεσ γονυπετησασ γονυπετων
G1121	γραμμασιν γραμματα γραμματι γραμματοσ
G1122	γραμματεισ γραμματευσιν γραμματεων
G1123	γραπτον
G1124	γραφαι γραφαισ γραφασ γραφην γραφησ γραφων
G1125	γεγραμμενα γεγραμμενασ γεγραμμενη γεγραμμενην γεγραμμενοι γεγραμμενοισ γεγραμμενον γεγραμμενοσ γεγραμμενων γεγραπται γεγραφα γραφε γραφει γραφειν γραφεσθαι γραφηται γραφομεν γραφομενα γραφων γραψαι γραψαντεσ γραψασ γραψησ γραψον γραψω εγραφεν εγραφη εγραψα εγραψαν εγραψατε εγραψεν
G1126	γραωδεισ
G1127	γρηγορειτε γρηγορη γρηγορησαι γρηγορησατε γρηγορησησ γρηγορουντασ γρηγορουντεσ γρηγορωμεν γρηγορων εγρηγορησεν
G1128	γεγυμνασμενα γεγυμνασμενην γεγυμνασμενοισ γυμναζε
G1130	γυμνιτευομεν
G1131	γυμνα γυμνην γυμνοι γυμνον γυμνου γυμνουσ
G1132	γυμνοτητι γυμνοτητοσ
G1133	γυναικαρια
G1134	γυναικειω
G1135	γυναι γυναικα γυναικασ γυναικεσ γυναικι γυναικοσ γυναικων γυναιξιν
G1137	γωνιαισ γωνιασ
G1139	δαιμονιζεται δαιμονιζομενοι δαιμονιζομενον δαιμονιζομενοσ δαιμονιζομενου δαιμονιζομενουσ δαιμονιζομενω δαιμονιζομενων δαιμονισθεισ
G1140	δαιμονια δαιμονιοισ δαιμονιου δαιμονιων
G1142	δαιμονεσ
G1143	δακνετε
G1144	δακρυσιν δακρυων
G1145	εδακρυσεν
G1146	δακτυλιον
G1147	δακτυλον δακτυλου δακτυλουσ δακτυλω δακτυλων
G1149	δαλματιαν
G1150	δαμαζεται δαμασαι δεδαμασται
G1151	δαμαλεωσ
G1153	δαμασκηνων
G1154	δαμασκον δαμασκω
G1155	δανιζετε δανιζουσιν δανισασθαι δανισητε
G1157	δανιστη
G1159	δαπανησαντοσ δαπανησασα δαπανησητε δαπανησον δαπανησω
G1160	δαπανην
G1161	δ
G1162	δεησει δεησεισ δεησεσιν δεησεωσ δεησιν
G1163	δεη δειν δεον δεοντα εδει
G1165	δειγματισαι εδειγματισεν
G1166	δεικνυειν δεικνυεισ δεικνυμι δεικνυοντοσ δεικνυσιν δειξαι δειξατε δειξατω δειξει δειξον δειξω δειχθεντα εδειξα εδειξεν
G1167	δειλιασ
G1168	δειλιατω
G1169	δειλοι δειλοισ
G1172	δειπνησαι δειπνησω
G1173	δειπνοισ δειπνου δειπνω
G1174	δεισιδαιμονεστερουσ
G1175	δεισιδαιμονιασ
G1176	δεκαοκτω
G1179	δεκαπολει δεκαπολεωσ
G1180	δεκατεσσαρων
G1182	δεκατασ δεκατη δεκατην δεκατον
G1183	δεδεκατωκεν δεδεκατωται
G1184	δεκτην δεκτον δεκτω
G1185	δελεαζομενοσ δελεαζοντεσ δελεαζουσιν
G1186	δενδρα δενδρων
G1187	δεξιολαβουσ
G1188	δεξια δεξιαν δεξιασ δεξιοισ δεξιον δεξιων
G1189	δεηθεντων δεηθητε δεηθητι δεομεθα δεομενοι δεομενοσ εδεηθη εδεηθην εδειτο
G1191	δερβην
G1192	δερμασιν
G1193	δερματινην
G1194	δαρησεσθε δαρησεται δειραντεσ δερει δερεισ δεροντεσ δερων εδειραν
G1195	δεσμευουσιν δεσμευων εδεσμευετο
G1197	δεσμασ
G1198	δεσμιοι δεσμιοισ δεσμιον δεσμιουσ δεσμιων
G1199	δεσμα δεσμοισ δεσμου δεσμουσ δεσμων
G1200	δεσμοφυλακι
G1201	δεσμωτηριου δεσμωτηριω
G1202	δεσμωτασ
G1203	δεσποτα δεσποταισ δεσποτασ δεσποτη δεσποτην
G1206	δευτεραιοι
G1207	δευτεροπρωτω
G1208	δευτερα δευτεραν δευτερασ δευτερον δευτερου δευτερω
G1209	δεδεκται δεξαι δεξαμενη δεξαμενοι δεξαμενοσ δεξασθαι δεξασθε δεξηται δεξωνται δεχεται δεχηται δεχομενοσ δεχονται δεχωνται εδεξαμεθα εδεξαντο εδεξασθε εδεξατο
G1210	δεδεκωσ δεδεμαι δεδεμενα δεδεμενην δεδεμενον δεδεμενοσ δεδεμενουσ δεδεσαι δεδεσθαι δεδεται δεθηναι δησαι δησαντεσ δησασ δησατε δηση δησησ δησητε δησουσιν εδησαν εδησεν
G1211	δηπου
G1212	δηλον
G1213	δηλοι δηλουντοσ δηλωσασ δηλωσει εδηλου εδηλωθη εδηλωσεν
G1215	εδημηγορει
G1216	δημητριω
G1218	δημον δημω
G1219	δημοσια
G1220	δηναρια δηναριου δηναριων
G1223	δι διαυγαση
G1224	διαβασ διαβηναι διεβησαν
G1225	διεβληθη
G1226	διαβεβαιουνται διαβεβαιουσθαι
G1227	διαβλεψεισ διεβλεψεν
G1228	διαβολοι διαβολον διαβολου διαβολουσ διαβολω
G1229	διαγγελη διαγγελλε διαγγελλων
G1230	διαγενομενου διαγενομενων
G1231	διαγινωσκειν διαγνωσομαι
G1233	διαγνωσιν
G1234	διεγογγυζον
G1235	διαγρηγορησαντεσ
G1236	διαγοντεσ διαγωμεν
G1237	διαδεξαμενοι
G1238	διαδηματα
G1239	διαδιδωσιν διαδοσ διεδιδετο διεδωκεν
G1240	διαδοχον
G1241	διεζωσατο διεζωσεν διεζωσμενοσ
G1242	διαθηκαι διαθηκην διαθηκησ διαθηκων
G1243	διαιρεσεισ
G1244	διαιρουν διειλεν
G1245	διακαθαριει
G1246	διακατηλεγχετο
G1247	διακονει διακονειν διακονειτωσαν διακονη διακονηθεισα διακονηθηναι διακονησαι διακονησαντεσ διακονησει διακονουμενη διακονουντεσ διακονουντων διακονουσαι διακονων διηκονει διηκονησαμεν διηκονησεν διηκονουν
G1248	διακονιαν διακονιασ διακονιων
G1249	διακονοι διακονοισ διακονον διακονουσ
G1250	διακοσιαι διακοσιασ διακοσιουσ διακοσιων
G1251	διακουσομαι
G1252	διακριθη διακριθητε διακριναι διακριναντα διακρινει διακρινειν διακρινετωσαν διακρινομενοσ διακρινομενουσ διακρινων διεκριθη διεκριθητε διεκρινεν διεκρινομεν διεκρινοντο
G1253	διακρισεισ διακρισιν
G1254	διεκωλυεν
G1255	διελαλειτο διελαλουν
G1256	διαλεγεται διαλεγομενον διαλεγομενοσ διαλεγομενου διελεγετο διελεξατο διελεχθησαν
G1257	διελιπεν
G1258	διαλεκτω
G1259	διαλλαγηθι
G1260	διαλογιζεσθαι διαλογιζεσθε διαλογιζομενοι διαλογιζομενων διαλογιζονται διελογιζεσθε διελογιζετο διελογιζοντο
G1261	διαλογισμοι διαλογισμοισ διαλογισμον διαλογισμου διαλογισμουσ διαλογισμων
G1262	διελυθησαν
G1263	διαμαρτυραμενοι διαμαρτυρασθαι διαμαρτυρεται διαμαρτυρηται διαμαρτυρομενοσ διεμαρτυραμεθα διεμαρτυρατο διεμαρτυρω
G1264	διεμαχοντο
G1265	διαμεινη διαμεμενηκοτεσ διαμενει διαμενεισ διεμενεν
G1266	διαμεμερισμενοι διαμεριζομεναι διαμεριζομενοι διαμεριζονται διαμερισατε διαμερισθεισα διαμερισθησονται διεμεριζον διεμερισαντο διεμερισθη
G1267	διαμερισμον
G1268	διανεμηθη
G1269	διανευων
G1270	διανοηματα
G1271	διανοιαν διανοιασ διανοιων
G1272	διανοιγον διανοιγων διανοιχθητι διηνοιγεν διηνοιγμενουσ διηνοιξεν διηνοιχθησαν
G1273	διανυκτερευων
G1274	διανυσαντεσ
G1276	διαπερασαντεσ διαπερασαντοσ διαπερων διαπερωσιν διεπερασεν
G1277	διαπλευσαντεσ
G1278	διαπονηθεισ διαπονουμενοι
G1279	διαπορευεσθαι διαπορευομενοσ διαπορευομενου διεπορευετο διεπορευοντο
G1280	διηπορει διηπορουν
G1281	διεπραγματευσαντο
G1282	διεπριοντο
G1283	διαρπασαι διαρπασει
G1284	διαρρηξαντεσ διαρρηξασ διαρρησσων διερρηξεν διερρησσετο
G1285	διασαφησον διεσαφησαν
G1286	διασεισητε
G1287	διασκορπιζων διασκορπισθησονται διεσκορπισα διεσκορπισασ διεσκορπισεν διεσκορπισθησαν διεσκορπισμενα
G1288	διασπασθη διεσπασθαι
G1289	διασπαρεντεσ διεσπαρησαν
G1290	διασποραν διασπορασ
G1291	διαστελλομενον διεστειλαμεθα διεστειλατο διεστελλετο
G1293	διαστολην
G1294	διαστρεφοντα διαστρεφων διαστρεψαι διεστραμμενα διεστραμμενη διεστραμμενησ
G1295	διασωθεντα διασωθεντεσ διασωθηναι διασωσαι διασωση διασωσωσιν διεσωθησαν
G1296	διαταγασ
G1298	διεταραχθη
G1299	διαταγεισ διαταξαμενοσ διαταξομαι διατασσομαι διατασσων διαταχθεντα διατεταγμενον διατεταγμενοσ διατεταχεναι διεταξα διεταξαμην διεταξατο διεταξεν
G1300	διατελειτε
G1301	διατηρουντεσ διετηρει
G1303	διαθεμενοσ διαθεμενου διαθησομαι διατιθεμαι διεθετο
G1304	διατριβοντεσ διατριψασ διετριβεν διετριβον διετριψαμεν διετριψαν
G1305	διατροφασ
G1308	διαφερει διαφερετε διαφερομενων διαφεροντα διενεγκη διεφερετο
G1309	διαφυγη
G1310	διαφημιζειν διεφημισαν διεφημισθη
G1311	διαφθειραι διαφθειρει διαφθειρεται διαφθειροντασ διεφθαρησαν διεφθαρμενων
G1312	διαφθοραν
G1313	διαφορα διαφοροισ διαφορωτερασ διαφορωτερον
G1314	διαφυλαξαι
G1315	διαχειρισασθαι διεχειρισασθε
G1316	διαχωριζεσθαι
G1317	διδακτικον
G1318	διδακτοι διδακτοισ
G1319	διδασκαλιαισ διδασκαλιαν διδασκαλιασ
G1320	διδασκαλε διδασκαλοι διδασκαλον διδασκαλουσ διδασκαλων
G1321	διδαξαι διδαξει διδαξη διδαξον διδαξωσιν διδασκε διδασκει διδασκειν διδασκεισ διδασκη διδασκοντεσ διδασκοντι διδασκοντοσ διδασκων εδιδαξα εδιδαξαν εδιδαξασ εδιδαξεν εδιδασκεν εδιδασκον εδιδαχθην εδιδαχθησαν εδιδαχθητε
G1322	διδαχαισ διδαχην διδαχησ
G1323	διδραχμα
G1325	δεδομενην δεδομενον δεδοται δεδωκα δεδωκασ δεδωκει δεδωκεισαν δεδωκεν διδοασιν διδομενον διδοναι διδοντα διδοντεσ διδοντι διδοντοσ διδοται διδοτε διδου διδουσ διδω διδωσιν δοθεισα δοθεισαν δοθειση δοθεισησ δοθεντοσ δοθη δοθηναι δοθησεται δοι δοντα δοντι δοντοσ δοσ δοτε δοτω δουναι δουσ δω δωη δωμεν δωσ δωσει δωσεισ δωση δωσιν δωσομεν δωσουσιν δωσω δωσωμεν δωτε εδιδοσαν εδιδου εδιδουν εδοθη εδοθησαν εδωκα εδωκαμεν εδωκαν εδωκασ εδωκατε εδωκεν
G1326	διεγειρειν διεγειρετο διεγερθεισ διηγειραν
G1327	διεξοδουσ
G1329	διερμηνευετω διερμηνευη διερμηνευομενη διερμηνευουσιν διερμηνευσεν
G1330	διελευσεται διεληλυθοτα διελθειν διελθοντα διελθοντεσ διελθω διελθωμεν διελθων διερχεσθαι διερχεται διερχομενον διερχομενοσ διερχωμαι διηλθεν διηλθον διηρχετο διηρχοντο
G1331	διερωτησαντεσ
G1332	διετουσ
G1333	διετιαν διετιασ
G1334	διηγησαντο διηγησατο διηγησεται διηγησωνται διηγου διηγουμενον
G1335	διηγησιν
G1336	διηνεκεσ
G1337	διθαλασσον
G1338	διικνουμενοσ
G1339	διαστασησ διαστησαντεσ διεστη
G1340	διισχυριζετο
G1341	δικαιοκρισιασ
G1342	δικαια δικαιαι δικαιαν δικαιασ δικαιε δικαιοι δικαιοισ δικαιον δικαιου δικαιουσ δικαιω δικαιων
G1343	δικαιοσυνην δικαιοσυνησ
G1344	δεδικαιωμαι δεδικαιωμενοσ δεδικαιωται δικαιοι δικαιουμενοι δικαιουντα δικαιουντεσ δικαιουσθαι δικαιουσθε δικαιουται δικαιωθεντεσ δικαιωθηναι δικαιωθησ δικαιωθησεται δικαιωθηση δικαιωθησονται δικαιωθωμεν δικαιων δικαιωσαι δικαιωσει εδικαιωθη εδικαιωθητε εδικαιωσαν εδικαιωσεν
G1345	δικαιωμασιν δικαιωματα δικαιωματοσ
G1347	δικαιωσιν
G1348	δικαστην
G1349	δικην
G1350	δικτυα
G1351	διλογουσ
G1353	διοδευσαντεσ διωδευεν
G1356	διοπετουσ
G1357	διορθωματων διορθωσεωσ
G1358	διορυσσουσιν διορυχθηναι
G1359	διοσκουροισ
G1362	διπλα διπλησ διπλοτερον διπλουν
G1363	διπλωσατε
G1364	δισμυριαδεσ
G1365	εδιστασαν εδιστασασ
G1366	διστομον
G1368	διυλιζοντεσ
G1369	διχασαι
G1370	διχοστασιαι διχοστασιασ
G1371	διχοτομησει
G1372	διψα διψησει διψησουσιν διψω διψωμεν διψων διψωντα διψωντεσ διψωντι εδιψησα
G1373	διψει
G1374	διψυχοι
G1375	διωγμοισ διωγμον διωγμου διωγμουσ διωγμων
G1376	διωκτην
G1377	δεδιωγμενοι διωκε διωκεισ διωκετε διωκομαι διωκομενοι διωκοντα διωκοντασ διωκοντεσ διωκοντων διωκωμεν διωκων διωκωνται διωκωσιν διωξατω διωξετε διωξητε διωξουσιν διωξωσιν διωχθησονται εδιωκεν εδιωκον εδιωξα εδιωξαν εδιωξεν
G1378	δογμασιν δογματα δογματων
G1379	δογματιζεσθε
G1380	δοκει δοκειν δοκεισ δοκειτε δοκη δοκουμεν δοκουν δοκουντα δοκουντεσ δοκουντων δοκουσα δοκουσιν δοκω δοκων δοξαντεσ δοξη δοξητε δοξω εδοκει εδοκουν εδοξα εδοξαν εδοξεν
G1381	δεδοκιμασμεθα δοκιμαζει δοκιμαζειν δοκιμαζεισ δοκιμαζεσθωσαν δοκιμαζετε δοκιμαζετω δοκιμαζομενου δοκιμαζοντεσ δοκιμαζοντι δοκιμαζων δοκιμασαι δοκιμασει δοκιμασητε εδοκιμασαμεν εδοκιμασαν
G1382	δοκιμην δοκιμησ
G1384	δοκιμοι δοκιμον
G1385	δοκον
G1386	δολιοι
G1387	εδολιουσαν
G1388	δολον δολου δολω
G1389	δολουντεσ
G1390	δοματα
G1391	δοξαν δοξασ δοξη δοξησ
G1392	δεδοξασμαι δεδοξασμενη δεδοξασμενον δεδοξασται δοξαζειν δοξαζεται δοξαζετω δοξαζηται δοξαζητε δοξαζομενοσ δοξαζοντεσ δοξαζων δοξασαι δοξασατε δοξασει δοξαση δοξασθη δοξασθωσιν δοξασον δοξασω δοξασωσιν εδοξαζεν εδοξαζον εδοξασα εδοξασαν εδοξασεν εδοξασθη
G1394	δοσεωσ
G1395	δοτην
G1396	δουλαγωγω
G1397	δουλειαν δουλειασ
G1398	δεδουλευκαμεν δουλευει δουλευειν δουλευετε δουλευετωσαν δουλευοντεσ δουλευουσιν δουλευσει δουλευσουσιν δουλευων εδουλευσατε εδουλευσεν
G1401	δουλα δουλασ δουλε δουλη δουλησ δουλοι δουλοισ δουλον δουλου δουλουσ δουλω δουλων
G1402	δεδουλωμενασ δεδουλωμενοι δεδουλωται δουλωθεντεσ δουλωσουσιν εδουλωθητε εδουλωσα
G1403	δοχην
G1404	δρακοντα δρακοντι δρακοντοσ
G1405	δρασσομενοσ
G1406	δραχμασ δραχμην
G1408	δρομον
G1409	δρουσιλλη
G1410	δυναιμην δυναιντο δυναμεθα δυναμενα δυναμεναι δυναμενη δυναμενοι δυναμενον δυναμενοσ δυναμενου δυναμενουσ δυναμενω δυναμενων δυνανται δυνασαι δυνασθαι δυνασθε δυναται δυνη δυνηθητε δυνησεσθε δυνησεται δυνηση δυνησομεθα δυνησονται δυνηται δυνωνται εδυνασθε εδυνατο ηδυναντο ηδυνατο ηδυνηθη ηδυνηθημεν ηδυνηθην ηδυνηθησαν ηδυνηθητε
G1411	δυναμει δυναμεισ δυναμεσιν δυναμεων δυναμεωσ δυναμιν
G1412	δυναμουμενοι εδυναμωθησαν
G1413	δυναστασ
G1414	δυνατει
G1415	δυνατα δυνατοι δυνατον
G1416	δυνοντοσ εδυ
G1417	δυσι δυσιν
G1419	δυσβαστακτα
G1420	δυσεντεριω
G1422	δυσκολον
G1424	δυσμων
G1425	δυσνοητα
G1426	δυσφημιασ
G1429	δωδεκαφυλον
G1430	δωματοσ δωματων
G1431	δωρεαν δωρεασ
G1433	δεδωρημενησ δεδωρηται εδωρησατο
G1435	δωρα δωροισ δωρω
G1437	εανπερ
G1438	αυτην αυτοσ αυτου εαυτα εαυταισ εαυτασ εαυτη εαυτην εαυτησ εαυτοισ εαυτον εαυτουσ εαυτω εαυτων
G1439	εασαντεσ εασει εατε εια ειασαν ειασεν ειων
G1442	εβδομη εβδομην εβδομησ εβδομου
G1444	εβραικοισ
G1445	εβραιοι εβραιουσ εβραιων
G1446	εβραιδι
G1448	εγγιει εγγιζει εγγιζειν εγγιζομεν εγγιζοντεσ εγγιζοντι εγγιζοντοσ εγγιζοντων εγγιζουσαν εγγιζουσιν εγγισαι εγγισαντοσ εγγισασ εγγισατε ηγγιζεν ηγγικεν ηγγισαν ηγγισεν
G1449	εγγεγραμμενη εγγεγραπται
G1452	εγγυτερον
G1453	εγειραι εγειραντα εγειραντοσ εγειρασ εγειρε εγειρει εγειρειν εγειρεσθε εγειρεται εγειρετε εγειρηται εγειρομαι εγειρονται εγειροντι εγειρουσιν εγερει εγερεισ εγερθεισ εγερθεντι εγερθη εγερθηναι εγερθησεται εγερθησονται εγερθητε εγερθητι εγερω εγηγερμενον εγηγερται ηγειραν ηγειρεν ηγερθη ηγερθησαν
G1454	εγερσιν
G1455	εγκαθετουσ
G1457	εγκεκαινισται ενεκαινισεν
G1458	εγκαλεισθαι εγκαλειτωσαν εγκαλεσει εγκαλουμαι εγκαλουμενον ενεκαλουν
G1459	εγκαταλειπομενοι εγκαταλειποντεσ εγκαταλειψεισ εγκαταλιπω εγκατελειφθη εγκατελιπεν εγκατελιπεσ εγκατελιπον
G1460	εγκατοικων
G1461	εγκεντρισαι εγκεντρισθησονται εγκεντρισθω ενεκεντρισθησ
G1462	εγκληματοσ
G1463	εγκομβωσασθε
G1464	εγκοπην
G1465	εγκοπτεσθαι ενεκοπτομην ενεκοψεν
G1466	εγκρατειαν εγκρατειασ
G1467	εγκρατευεται εγκρατευονται
G1468	εγκρατη
G1469	εγκριναι
G1470	ενεκρυψεν
G1471	εγκυω
G1472	εγχρισαι
G1473	εμα εμασ εμαυτον εμαυτου εμαυτω εμε εμη εμην εμησ εμοι εμοισ εμον εμοσ εμου εμουσ εμω εμων ημετερα ημετεραισ ημετεραν ημετερασ ημετεροι ημετεροισ ημετερον ημετερων καγω καμε καμοι
G1474	εδαφιουσιν
G1476	εδραιοι
G1478	εζεκιαν
G1479	εθελοθρησκια
G1480	ειθισμενον
G1482	εθνικοι εθνικων
G1484	εθνει εθνεσιν εθνη εθνουσ εθνων
G1485	εθει εθεσιν εθη εθων
G1486	ειωθει ειωθοσ
G1487	ειπερ
G1491	ειδει ειδουσ
G1492	ειδαμεν ειδαν ειδεν ειδεσ ειδετε ειδησουσιν ειδομεν ειδον ηδει ηδειν ηδεισ ηδεισαν ηδειτε ηιδει ιδε ιδειν ιδετε ιδη ιδησ ιδητε ιδοντεσ ιδουσα ιδω ιδωμεν ιδων ιδωσιν
G1493	ειδωλειω
G1494	ειδωλοθυτα ειδωλοθυτον ειδωλοθυτων
G1495	ειδωλολατρια ειδωλολατριαισ ειδωλολατριασ
G1496	ειδωλολατραι ειδωλολατραισ
G1497	ειδωλα ειδωλου ειδωλω ειδωλων
G1501	εικοσιτεσσαρεσ
G1502	ειξαμεν
G1503	εοικεν
G1504	εικονα εικονι εικονοσ
G1505	ειλικρινειασ
G1506	ειλικρινεισ ειλικρινη
G1510	ει ειη εισιν εσεσθαι εσεσθε εση εσμεν εσομαι εσομεθα εσομενον εσονται εσται εστε εστιν εστω εστωσαν η ημεθα ημεν ημην ην ησ ησαν ησθα ητε ητω ισθι ον οντα οντασ οντεσ οντι οντοσ οντων ουσα ουσαι ουσαν ουση ουσησ ουσιν ουσων ω ωμεν ων ωσιν
G1514	ειρηνευετε ειρηνευοντεσ
G1515	ειρηνην ειρηνησ
G1516	ειρηνικη ειρηνικον
G1517	ειρηνοποιησασ
G1518	ειρηνοποιοι
G1520	εν ενα ενι ενοσ μια μιαν μιασ
G1521	εισαγαγε εισαγαγειν εισαγαγη εισαγεσθαι εισηγαγεν εισηγαγον
G1522	εισακουσθεισ εισακουσθησονται εισακουσονται εισηκουσθη
G1523	εισδεξομαι
G1524	εισηει εισιασιν εισιεναι
G1525	εισελευσεσθαι εισελευσεται εισελευσομαι εισελευσονται εισεληλυθασιν εισεληλυθατε εισελθατε εισελθατω εισελθε εισελθειν εισελθη εισελθησ εισελθητε εισελθοντα εισελθοντεσ εισελθοντι εισελθοντοσ εισελθοντων εισελθουσα εισελθουσαι εισελθουσησ εισελθωμεν εισελθων εισελθωσιν εισερχεσθε εισερχεσθωσαν εισερχεται εισερχησθε εισερχομεθα εισερχομενην εισερχομενοι εισερχομενον εισερχομενοσ εισερχομενου εισερχομενουσ εισηλθατε εισηλθεν εισηλθεσ εισηλθομεν εισηλθον
G1528	εισκαλεσαμενοσ
G1529	εισοδον εισοδου
G1530	εισεπηδησεν
G1531	εισεπορευετο εισπορευεται εισπορευομεναι εισπορευομενοι εισπορευομενον εισπορευομενοσ εισπορευομενουσ εισπορευομενων εισπορευονται
G1532	εισδραμουσα
G1533	εισενεγκειν εισενεγκησ εισενεγκωσιν εισηνεγκαμεν εισφερεισ εισφερεται εισφερωσιν
G1537	εκπερισσωσ εξ
G1538	εκαστη εκαστην εκαστοι εκαστον εκαστου εκαστω
G1542	εκατονταπλασιονα
G1543	εκατονταρχασ εκατονταρχη εκατονταρχησ εκατονταρχον εκατονταρχου εκατονταρχων
G1544	εκβαλε εκβαλειν εκβαλετε εκβαλη εκβαλλει εκβαλλειν εκβαλλεισ εκβαλλεται εκβαλλετε εκβαλλομενοι εκβαλλομενουσ εκβαλλοντα εκβαλλουσιν εκβαλλων εκβαλοντεσ εκβαλουσα εκβαλουσιν εκβαλω εκβαλων εκβαλωσιν εκβεβληκει εκβληθεντοσ εκβληθησεται εκβληθησονται εξεβαλεν εξεβαλλον εξεβαλομεν εξεβαλον εξεβληθη
G1545	εκβασιν
G1546	εκβολην
G1549	εκγονα
G1550	εκδαπανηθησομαι
G1551	εκδεχεσθε εκδεχεται εκδεχομενοσ εκδεχομενου εκδεχομενων εξεδεχετο
G1553	εκδημησαι εκδημουμεν εκδημουντεσ
G1554	εκδωσεται εξεδετο
G1555	εκδιηγηται εκδιηγουμενοι
G1556	εκδικεισ εκδικησαι εκδικησον εκδικησω εκδικουντεσ εξεδικησεν
G1557	εκδικησεωσ εκδικησιν
G1559	εκδιωξαντων
G1560	εκδοτον
G1562	εκδυσαμενοι εκδυσαντεσ εκδυσασθαι εξεδυσαν
G1565	εκεινα εκειναι εκειναισ εκεινασ εκεινη εκεινην εκεινησ εκεινο εκεινοι εκεινοισ εκεινον εκεινου εκεινουσ εκεινω εκεινων κακεινοι
G1567	εκζητηθη εκζητηθησεται εκζητησασ εκζητησωσιν εκζητουσιν εκζητων εξεζητησαν
G1568	εκθαμβεισθαι εκθαμβεισθε εξεθαμβηθησαν
G1569	εκθαμβοι
G1570	εκθετα
G1571	εκκαθαρατε εκκαθαρη
G1572	εξεκαυθησαν
G1573	εγκακειν εγκακησητε εγκακουμεν εγκακωμεν
G1574	εξεκεντησαν
G1575	εξεκλασθησαν
G1576	εκκλεισαι εξεκλεισθη
G1577	εκκλησιαι εκκλησιαισ εκκλησιαν εκκλησιασ εκκλησιων
G1578	εκκλινατω εκκλινετε εξεκλιναν
G1579	εκκολυμβησασ
G1580	εξεκομιζετο
G1581	εκκοπηση εκκοπτεται εκκοψεισ εκκοψον εκκοψω εξεκοπησ
G1582	εξεκρεματο
G1583	εκλαλησαι
G1584	εκλαμψουσιν
G1585	εκλελησθε
G1586	εκλελεγμενοσ εκλεξαμενοισ εκλεξαμενοσ εκλεξαμενουσ εξελεγοντο εξελεξαμην εξελεξαντο εξελεξασθε εξελεξατο εξελεξω
G1587	εκλειψουσιν εκλιπη εκλιποντοσ
G1588	εκλεκτη εκλεκτησ εκλεκτοι εκλεκτοισ εκλεκτον εκλεκτουσ εκλεκτων
G1589	εκλογην εκλογησ
G1590	εκλυθησονται εκλυθωσιν εκλυομενοι εκλυου
G1591	εκμαξασα εκμασσειν εξεμαξεν εξεμασσεν
G1592	εξεμυκτηριζον
G1593	εξενευσεν
G1594	εκνηψατε
G1595	εκουσιον
G1598	εκπειραζωμεν εκπειραζων εκπειρασεισ
G1599	εκπεμφθεντεσ εξεπεμψαν
G1600	εξεπετασα
G1601	εκπεπτωκεν εκπεσειν εκπεσητε εκπεσωμεν εκπεσωσιν εξεπεσαν εξεπεσατε εξεπεσεν
G1602	εκπλευσαι εξεπλει εξεπλευσαμεν
G1603	εκπεπληρωκεν
G1604	εκπληρωσιν
G1605	εκπλησσεσθαι εκπλησσομενοσ εξεπλαγησαν εξεπλησσετο εξεπλησσοντο
G1606	εξεπνευσεν
G1607	εκπορευεσθαι εκπορευεσθω εκπορευεται εκπορευομενα εκπορευομενη εκπορευομενοι εκπορευομενοισ εκπορευομενον εκπορευομενοσ εκπορευομενου εκπορευομενω εκπορευομενων εκπορευονται εκπορευσονται εξεπορευετο εξεπορευοντο
G1608	εκπορνευσασαι
G1609	εξεπτυσατε
G1610	εκριζωθεντα εκριζωθησεται εκριζωθητι εκριζωσητε
G1611	εκστασει εκστασεωσ
G1612	εξεστραπται
G1613	εκταρασσουσιν
G1614	εκτεινασ εκτεινειν εκτεινον εκτενεισ εξετεινατε εξετεινεν
G1615	εκτελεσαι
G1618	εκτενη
G1620	εκτεθεντοσ εξεθεντο εξετιθετο
G1621	εκτιναξαμενοι εκτιναξαμενοσ εκτιναξατε
G1623	εκτη εκτην εκτησ εκτω
G1624	εκτραπη εκτραπησονται εκτρεπομενοσ εξετραπησαν
G1625	εκτρεφει εκτρεφετε
G1626	εκτρωματι
G1627	εκφερειν εκφερουσα εξενεγκαντεσ εξενεγκατε εξενεγκειν εξηνεγκεν εξοισουσιν
G1628	εκπεφευγεναι εκφευξη εκφευξομεθα εκφυγειν εκφυγωσιν εξεφυγον
G1629	εκφοβειν
G1630	εκφοβοι
G1631	εκφυη
G1632	εκκεχυμενον εκκεχυται εκχεαι εκχεετε εκχειται εκχυθησεται εκχυννομενον εξεχεαν εξεχεεν εξεχυθη εξεχυθησαν εξεχυννετο
G1633	εκχωρειτωσαν
G1634	εξεψυξεν
G1635	εκουσα
G1636	ελαιαι ελαιασ
G1637	ελαιου ελαιω
G1638	ελαιωνοσ
G1639	ελαμιται
G1640	ελασσονι ελασσω ελαττον
G1641	ηλαττονησεν
G1642	ελαττουσθαι ηλαττωμενον ηλαττωσασ
G1643	ελαυνειν ελαυνομενα ελαυνομεναι εληλακοτεσ ηλαυνετο
G1645	ελαφρον
G1646	ελαχιστη ελαχιστον ελαχιστοτερω ελαχιστου ελαχιστω ελαχιστων
G1649	ελεγξιν
G1651	ελεγξαι ελεγξει ελεγξον ελεγχε ελεγχει ελεγχειν ελεγχεται ελεγχετε ελεγχθη ελεγχομενα ελεγχομενοι ελεγχομενοσ
G1652	ελεεινοτεροι
G1653	ελεατε ελεει ελεηθεντεσ ελεηθησονται ελεηθωσιν ελεησαι ελεηση ελεησον ελεησω ελεω ελεων ελεωντοσ ηλεηθημεν ηλεηθην ηλεηθητε ηλεημενοι ηλεημενοσ ηλεησα ηλεησεν
G1654	ελεημοσυναι ελεημοσυνασ ελεημοσυνην ελεημοσυνων
G1655	ελεημονεσ
G1656	ελεει ελεουσ
G1657	ελευθεριαν ελευθεριασ
G1658	ελευθερα ελευθερασ ελευθεροι ελευθερουσ ελευθερων
G1659	ελευθερωθεντεσ ελευθερωθησεται ελευθερωσει ελευθερωση ηλευθερωσεν
G1660	ελευσεωσ
G1661	ελεφαντινον
G1662	ελιακιμ
G1666	ελισαιου
G1667	ελιξεισ ελισσομενον
G1668	ελκη ελκων
G1669	ειλκωμενοσ
G1670	ειλκον ειλκυσαν ειλκυσεν ελκουσιν ελκυσαι ελκυση ελκυσω
G1671	ελλαδα
G1672	ελλην ελληνασ ελληνεσ ελληνι ελληνοσ ελληνων ελλησιν
G1673	ελληνικη ελληνικοισ
G1674	ελληνιδων ελληνισ
G1675	ελληνιστασ ελληνιστων
G1676	ελληνιστι
G1677	ελλογα ελλογειται
G1678	ελμαδαμ
G1679	ελπιζει ελπιζετε ελπιζομεν ελπιζομενων ελπιζουσαι ελπιζων ελπιουσιν ελπισατε ηλπιζεν ηλπιζομεν ηλπικαμεν ηλπικατε ηλπικεν ηλπικεναι ηλπικοτεσ ηλπισαμεν
G1680	ελπιδα ελπιδι ελπιδοσ
G1684	εμβαινοντοσ εμβαντα εμβαντεσ εμβαντι εμβασ εμβηναι ενεβη ενεβησαν
G1685	εμβαλειν
G1686	εμβαπτομενοσ εμβαψασ
G1687	εμβατευων
G1688	ενεβιβασεν
G1689	εμβλεποντεσ εμβλεψασ εμβλεψασα εμβλεψατε ενεβλεπεν ενεβλεπον ενεβλεψεν
G1690	εμβριμησαμενοσ εμβριμωμενοσ ενεβριμηθη ενεβριμησατο ενεβριμωντο
G1692	εμεσαι
G1693	εμμαινομενοσ
G1696	εμμενει εμμενειν ενεμειναν ενεμεινεν
G1697	εμμωρ
G1701	εμπαιγμων
G1702	εμπαιζειν εμπαιζοντεσ εμπαιξαι εμπαιξασ εμπαιξουσιν εμπαιχθησεται ενεπαιζον ενεπαιξαν ενεπαιχθη
G1703	εμπαικται
G1704	εμπεριπατησω
G1705	εμπεπλησμενοι εμπιπλων εμπλησθω ενεπλησεν ενεπλησθησαν
G1706	εμπεσειν εμπεση εμπεσοντοσ εμπεσουνται εμπιπτουσιν
G1707	εμπλακεντεσ εμπλεκεται
G1708	εμπλοκησ
G1709	εμπνεων
G1710	εμπορευσομεθα εμπορευσονται
G1711	εμποριαν
G1712	εμποριου
G1713	εμποροι εμπορω
G1714	ενεπρησεν
G1716	εμπτυειν εμπτυσαντεσ εμπτυσθησεται εμπτυσουσιν ενεπτυον ενεπτυσαν
G1717	εμφανη
G1718	εμφανιζειν εμφανιζουσιν εμφανισατε εμφανισθηναι εμφανισω ενεφανισαν ενεφανισασ ενεφανισθησαν
G1719	εμφοβοι εμφοβων
G1720	ενεφυσησεν
G1721	εμφυτον
G1723	εναγκαλισαμενοσ
G1724	εναλιων
G1727	εναντια εναντιασ εναντιον εναντιουσ εναντιων
G1728	εναρξαμενοι εναρξαμενοσ
G1731	ενδεικνυμενοι ενδεικνυμενουσ ενδεικνυνται ενδεικνυσθαι ενδειξασθαι ενδειξηται ενδειξωμαι ενεδειξασθε ενεδειξατο
G1732	ενδειξιν
G1734	ενδεκατην
G1735	ενδεχεται
G1736	ενδημησαι ενδημουντεσ
G1737	ενδιδυσκουσιν ενεδιδυσκετο
G1738	ενδικον
G1739	ενδωμησισ
G1740	ενδοξασθη ενδοξασθηναι
G1741	ενδοξοι ενδοξοισ ενδοξον ενδοξω
G1742	ενδυμασιν ενδυματοσ
G1743	ενδυναμου ενδυναμουντι ενδυναμουσθε ενδυναμωσαντι ενεδυναμουτο ενεδυναμωθη ενεδυναμωσεν
G1744	ενδυνοντεσ
G1745	ενδυσεωσ
G1746	ενδεδυμενοι ενδεδυμενον ενδεδυμενοσ ενδυσαμενοι ενδυσαμενοσ ενδυσασθαι ενδυσασθε ενδυσατε ενδυσησθε ενδυσηται ενδυσωμεθα ενεδυσαν ενεδυσασθε ενεδυσατο
G1747	ενεδραν
G1748	ενεδρευοντεσ ενεδρευουσιν
G1750	ενειλησεν
G1751	ενοντα
G1752	εινεκεν ενεκεν
G1753	ενεργειαν ενεργειασ
G1754	ενεργει ενεργειν ενεργειται ενεργησασ ενεργουμενη ενεργουμενην ενεργουμενησ ενεργουντοσ ενεργουσιν ενεργων ενηργειτο ενηργησεν
G1755	ενεργηματα ενεργηματων
G1757	ενευλογηθησονται
G1758	ενειχεν ενεχειν ενεχεσθε
G1760	ενθυμεισθε ενθυμηθεντοσ
G1761	ενθυμησεισ ενθυμησεων ενθυμησεωσ
G1763	ενιαυτον ενιαυτου ενιαυτουσ
G1764	ενεστηκεν ενεστηκοτα ενεστωσαν ενεστωτα ενεστωτοσ ενστησονται
G1765	ενισχυσεν ενισχυων
G1766	ενατη ενατην ενατησ ενατοσ
G1769	ενεοι
G1770	ενενευον
G1771	εννοιαν εννοιων
G1772	εννομω
G1773	εννυχα
G1774	ενοικειτω ενοικησω ενοικουντοσ ενωκησεν
G1775	ενοτητα
G1776	ενοχλη ενοχλουμενοι
G1777	ενοχοι ενοχον
G1778	ενταλματα
G1779	ενταφιαζειν ενταφιασαι
G1780	ενταφιασμον ενταφιασμου
G1781	ενετειλαμην ενετειλατο εντειλαμενοσ εντελειται εντελλομαι εντεταλται
G1783	εντευξεισ εντευξεωσ
G1784	εντιμον εντιμοτεροσ εντιμουσ
G1785	εντολαι εντολαισ εντολασ εντολην εντολησ εντολων
G1786	εντοπιοι
G1788	ενετρεπομεθα εντραπη εντραπησονται εντρεπομαι εντρεπομενοσ εντρεπων
G1789	εντρεφομενοσ
G1791	εντροπην
G1792	εντρυφωντεσ
G1793	ενετυχον εντυγχανει εντυγχανειν
G1794	ενετυλιξεν εντετυλιγμενον
G1795	εντετυπωμενη
G1796	ενυβρισασ
G1797	ενυπνιαζομενοι ενυπνιασθησονται
G1798	ενυπνιοισ
G1801	ενωτισασθε
G1804	εξαγγειλητε εξηγγειλαν
G1805	εξαγοραζομενοι εξαγοραση εξηγορασεν
G1806	εξαγαγειν εξαγαγετωσαν εξαγαγοντεσ εξαγαγων εξαγει εξαγουσιν εξηγαγεν
G1807	εξαιρουμενοσ εξειλαμην εξειλατο εξελε εξελεσθαι εξεληται
G1808	εξαρατε
G1809	εξητησατο
G1811	εξακολουθησαντεσ εξακολουθησουσιν
G1812	εξακοσιων
G1813	εξαλειφθηναι εξαλειψασ εξαλειψει εξαλειψω
G1814	εξαλλομενοσ
G1815	εξαναστασιν
G1816	εξανετειλεν
G1817	εξαναστηση εξανεστησαν
G1818	εξαπατατω εξαπατηθεισα εξαπατηση εξαπατωσιν εξηπατησεν
G1820	εξαπορηθηναι εξαπορουμενοι
G1821	εξαπεσταλη εξαπεστειλαν εξαπεστειλεν εξαποστελω
G1822	εξαρτισαι εξηρτισμενοσ
G1823	εξαστραπτων
G1825	εξεγερει εξηγειρα
G1826	εξηεσαν εξιεναι εξιοντων
G1828	εξελκομενοσ
G1830	εξηραυνησαν
G1831	εξελευσεται εξελευσονται εξεληλυθασιν εξεληλυθει εξεληλυθεν εξεληλυθοσ εξεληλυθοτασ εξεληλυθυιαν εξελθατε εξελθε εξελθειν εξελθη εξελθησ εξελθητε εξελθοντα εξελθοντεσ εξελθοντι εξελθοντοσ εξελθοντων εξελθουσα εξελθουσαι εξελθουσαν εξελθουση εξελθων εξερχεσθε εξερχεται εξερχομενοι εξερχομενοσ εξερχομενων εξερχονται εξερχωμεθα εξηλθαν εξηλθατε εξηλθεν εξηλθεσ εξηλθομεν εξηλθον εξηρχετο εξηρχοντο
G1832	εξεστιν
G1833	εξετασαι εξετασατε
G1834	εξηγειτο εξηγησαμενοσ εξηγησατο εξηγουμενων εξηγουντο
G1837	εξηχηται
G1838	εξιν
G1839	εξεστακεναι εξεστη εξεστημεν εξεστησαν εξισταντο εξιστανων εξιστασθαι εξιστατο
G1840	εξισχυσητε
G1841	εξοδον εξοδου
G1842	εξολεθρευθησεται
G1843	εξομολογεισθε εξομολογησεται εξομολογησηται εξομολογησομαι εξομολογουμαι εξομολογουμενοι εξωμολογησεν
G1845	εξορκιστων
G1846	εξορυξαντεσ
G1847	εξουδενηθη
G1848	εξουθενεισ εξουθενειτε εξουθενειτω εξουθενηθεισ εξουθενημενα εξουθενημενοσ εξουθενημενουσ εξουθενησασ εξουθενησατε εξουθενηση εξουθενουντασ
G1849	εξουσιαι εξουσιαισ εξουσιαν εξουσιασ εξουσιων
G1850	εξουσιαζει εξουσιαζοντεσ εξουσιασθησομαι
G1851	εξοχην
G1852	εξυπνισω
G1856	εξωσαι εξωσεν
G1857	εξωτερον
G1858	εορταζωμεν
G1859	εορτην εορτησ
G1860	επαγγελιαι επαγγελιαισ επαγγελιαν επαγγελιασ επαγγελιων
G1861	επαγγειλαμενον επαγγειλαμενοσ επαγγελλομεναισ επαγγελλομενοι επηγγειλαντο επηγγειλατο επηγγελται
G1862	επαγγελματα
G1863	επαγαγειν επαγοντεσ επαξασ
G1864	επαγωνιζεσθαι
G1865	επαθροιζομενων
G1866	επαινετον
G1867	επαινεσατωσαν επαινεσω επαινω επηνεσεν
G1868	επαινον
G1869	επαιρεται επαιρομενον επαιροντασ επαραι επαραντεσ επαρασ επαρασα επαρατε επηραν επηρεν επηρθη
G1870	επαισχυνεσθε επαισχυνεται επαισχυνθη επαισχυνθησ επαισχυνθησεται
G1871	επαιτειν επαιτων
G1872	επακολουθησητε επακολουθουντων επακολουθουσιν επηκολουθησεν
G1873	επηκουσα
G1874	επηκροωντο
G1877	επαναγαγε επαναγαγειν επαναγων
G1878	επαναμιμνησκων
G1879	επαναπαησεται επαναπαυη
G1880	επανελθειν επανερχεσθαι
G1881	επαναστησονται
G1882	επανορθωσιν
G1884	επαρκειτω επαρκεση επηρκεσεν
G1885	επαρχεια επαρχειασ
G1888	αυτοφωρω
G1889	επαφρα
G1890	επαφριζοντα
G1891	επαφροδιτον επαφροδιτου
G1892	επηγειραν
G1896	επειδεν επιδε
G1901	επεκτεινομενοσ
G1902	επενδυσασθαι
G1903	επενδυτην
G1904	επελευσεται επελθη επελθοντοσ επελθων επερχομεναισ επερχομενοισ επερχομενων επηλθαν
G1905	επερωταν επερωτατωσαν επερωτηθεισ επερωτησαι επερωτησασ επερωτησατε επερωτησω επερωτω επερωτωντα επερωτωσιν επηρωτα επηρωτησαν επηρωτησεν επηρωτων
G1907	επειχεν επεσχεν επεχε επεχοντεσ επεχων
G1908	επηρεαζοντεσ επηρεαζοντων
G1909	επ εφ
G1910	επεβην επιβαινειν επιβαντεσ επιβασ επιβεβηκωσ
G1911	επεβαλεν επεβαλλεν επεβαλον επιβαλειν επιβαλλει επιβαλλον επιβαλλουσιν επιβαλουσιν επιβαλω επιβαλων
G1912	επιβαρησαι επιβαρω
G1913	επεβιβασαν επιβιβασαντεσ επιβιβασασ
G1914	επεβλεψεν επιβλεψαι επιβλεψητε
G1917	επιβουλαισ επιβουλησ
G1918	επιγαμβρευσει
G1919	επιγεια επιγειων
G1920	επιγενομενου
G1921	επεγινωσκον επεγνωκεναι επεγνωκοσιν επεγνωμεν επεγνωσαν επεγνωσθην επεγνωτε επιγινωσκει επιγινωσκεισ επιγινωσκετε επιγινωσκετω επιγινωσκομενοι επιγνοντεσ επιγνουσ επιγνουσα επιγνουσιν επιγνω επιγνωναι επιγνωσ επιγνωσεσθε επιγνωσομαι
G1922	επιγνωσει επιγνωσεωσ επιγνωσιν
G1923	επιγραφην
G1924	επεγεγραπτο επιγεγραμμενα επιγεγραμμενη επιγραψω
G1925	επιδεικνυμεναι επιδεικνυσ επιδειξαι επιδειξατε
G1926	επιδεχεται
G1927	επιδημουντεσ
G1928	επιδιατασσεται
G1929	επεδιδου επεδοθη επεδωκαν επιδοντεσ επιδωσει
G1930	επιδιορθωση
G1931	επιδυετω
G1932	επιεικειασ
G1933	επιεικεισ επιεικεσ επιεικεσιν επιεικη
G1934	επεζητησεν επεζητουν επιζητει επιζητειτε επιζητησασ επιζητουμεν επιζητουσιν επιζητω
G1935	επιθανατιουσ
G1936	επιθεσεωσ
G1937	επεθυμει επεθυμησα επεθυμησαν επιθυμει επιθυμειτε επιθυμησαι επιθυμησεισ επιθυμησετε επιθυμησουσιν επιθυμουμεν επιθυμουσιν επιθυμων
G1938	επιθυμητασ
G1939	επιθυμιαι επιθυμιαισ επιθυμιαν επιθυμιασ επιθυμιων
G1940	επεκαθισεν
G1941	επεκαλεσαν επεκεκλητο επεκληθη επικαλεισθαι επικαλεισθε επικαλειται επικαλεσαμενοσ επικαλεσαμενου επικαλεσασθαι επικαλεσηται επικαλεσωνται επικαλουμαι επικαλουμενοισ επικαλουμενον επικαλουμενοσ επικαλουμενου επικαλουμενουσ επικαλουμενων επικεκλησαι επικεκληται επικληθεισ επικληθεν επικληθεντα
G1943	επεκαλυφθησαν
G1945	επεκειντο επεκειτο επικειμενα επικειμενον επικειμενου επικεισθαι επικειται
G1946	επικουρειων
G1947	επικουριασ
G1948	επεκρινεν
G1949	επελαβετο επιλαβεσθαι επιλαβομενοι επιλαβομενοσ επιλαβομενου επιλαβου επιλαβωνται επιλαμβανεται
G1950	επελαθετο επελαθοντο επιλαθεσθαι επιλανθανεσθε επιλανθανομενοσ επιλελησμενον
G1951	επιλεγομενη επιλεξαμενοσ
G1952	επιλειψει
G1953	επιλησμονησ
G1954	επιλοιπον
G1955	επιλυσεωσ
G1956	επελυεν επιλυθησεται
G1957	επιμαρτυρων
G1958	επιμελειασ
G1959	επεμεληθη επιμεληθητι επιμελησεται
G1961	επεμεινα επεμειναμεν επεμενεν επεμενον επιμειναι επιμενε επιμενειν επιμενετε επιμενησ επιμενοντων επιμενωμεν επιμενωσιν
G1962	επενευσεν
G1964	επιορκησεισ
G1965	επιορκοισ
G1966	επιουση
G1967	επιουσιον
G1968	επεπεσαν επεπεσεν επιπεπτωκοσ επιπεσοντεσ επιπιπτειν
G1969	επιπληξησ
G1971	επιποθει επιποθησατε επιποθουντεσ επιποθουντων επιποθω επιποθων
G1972	επιποθησιν
G1973	επιποθητοι
G1974	επιποθιαν
G1975	επιπορευομενων
G1976	επιραπτει
G1977	επιριψαντεσ
G1978	επισημοι επισημον
G1979	επισιτισμον
G1980	επεσκεψασθε επεσκεψατο επισκεπτεσθαι επισκεπτη επισκεψασθαι επισκεψασθε επισκεψεται επισκεψωμεθα
G1981	επισκηνωση
G1982	επεσκιαζεν επεσκιασεν επισκιαζουσα επισκιασει επισκιαση
G1983	επισκοπουντεσ
G1984	επισκοπην επισκοπησ
G1985	επισκοποισ επισκοπον επισκοπουσ
G1986	επισπασθω
G1987	επισταμενοσ επιστανται επιστασθε επισταται
G1988	επιστατα
G1989	επεστειλα επεστειλαμεν επιστειλαι
G1991	επεστηριξαν επιστηριζοντεσ επιστηριζων
G1992	επιστολαι επιστολαισ επιστολασ επιστολην επιστολησ επιστολων
G1993	επιστομιζειν
G1994	επεστραφητε επεστρεψα επεστρεψαν επεστρεψατε επεστρεψεν επιστραφεισ επιστραφητω επιστρεφειν επιστρεφετε επιστρεφουσιν επιστρεψαι επιστρεψαντεσ επιστρεψασ επιστρεψατε επιστρεψατω επιστρεψει επιστρεψη επιστρεψω επιστρεψωσιν
G1995	επιστροφην
G1996	επισυναγαγειν επισυναγει επισυναξαι επισυναξει επισυναξουσιν επισυναχθεισων επισυναχθησονται επισυνηγμενη
G1997	επισυναγωγην επισυναγωγησ
G1998	επισυντρεχει
G2000	επισφαλουσ
G2001	επισχυον
G2002	επισωρευσουσιν
G2003	επιταγην επιταγησ
G2004	επεταξασ επεταξεν επιταξη επιτασσει επιτασσειν
G2005	επιτελειν επιτελεισθαι επιτελεισθε επιτελεσαι επιτελεσασ επιτελεσατε επιτελεσει επιτελεση επιτελουντεσ
G2006	επιτηδεια
G2007	επεθεντο επεθηκαν επεθηκεν επετιθεσαν επιθειναι επιθεισ επιθεντα επιθεντεσ επιθεντοσ επιθεσ επιθη επιθησ επιθησει επιθησεται επιθησουσιν επιθω επιτιθεασιν επιτιθει επιτιθεισ επιτιθεσθαι επιτιθησιν
G2008	επετιμα επετιμησαν επετιμησεν επετιμων επιτιμαν επιτιμησαι επιτιμησασ επιτιμησον επιτιμων
G2010	επετραπη επετρεψεν επιτρεπεται επιτρεπη επιτρεψαντοσ επιτρεψη επιτρεψον
G2011	επιτροπησ
G2012	επιτροπου επιτροπουσ επιτροπω
G2013	επετυχεν επετυχον επιτυχειν
G2014	επεφανη επιφαινοντων επιφαναι
G2015	επιφανειαν επιφανειασ
G2016	επιφανη
G2017	επιφαυσει
G2018	επενεγκειν επιφερων
G2019	επεφωνει επεφωνουν
G2020	επεφωσκεν επιφωσκουση
G2021	επεχειρησαν επεχειρουν
G2022	επιχεων
G2023	επιχορηγηθησεται επιχορηγησατε επιχορηγουμενον επιχορηγων
G2024	επιχορηγιασ
G2025	επεχρισεν
G2026	εποικοδομει εποικοδομηθεντεσ εποικοδομησεν εποικοδομουμενοι εποικοδομουντεσ
G2027	επεκειλαν
G2028	επονομαζη
G2029	εποπτευοντεσ εποπτευσαντεσ
G2030	εποπται
G2032	επουρανια επουρανιοι επουρανιοισ επουρανιον επουρανιου επουρανιω επουρανιων
G2035	επτακισχιλιουσ
G2036	ειπα ειπαν ειπασ ειπατε ειπατω ειπατωσαν ειπε ειπειν ειπεν ειπεσ ειπη ειπησ ειπητε ειποντα ειποντεσ ειποντοσ ειπουσα ειπω ειπωμεν ειπων ειπωσιν ειρηκει
G2037	εραστον
G2038	ειργασαμεθα ειργασαντο ειργασμενα εργαζεσθαι εργαζεσθε εργαζεται εργαζη εργαζομενοι εργαζομενοσ εργαζομενουσ εργαζομενω εργαζονται εργαζου εργαζωμεθα εργαση ηργαζετο ηργασατο
G2039	εργασιαν εργασιασ
G2040	εργαται εργατασ εργατην εργατων
G2041	εργα εργοισ εργου εργω εργων
G2042	ερεθιζετε ηρεθισεν
G2043	ερεισασα
G2044	επιστασιν ερευξομαι
G2045	εραυνα εραυνατε εραυνησον εραυνων εραυνωντεσ
G2046	ειρηκα ειρηκαν ειρηκασ ειρηκασιν ειρηκατε ειρηκεν ειρηκεναι ειρηκοτοσ ειρημενον ειρηται ερρεθη ερρεθησαν ρηθεισ ρηθεν
G2047	ερημιαισ ερημιασ
G2048	ερημοισ ερημον ερημου ερημουσ ερημω
G2049	ερημουται ηρημωθη ηρημωμενην
G2050	ερημωσεωσ
G2051	ερισει
G2052	εριθειαι εριθειαν εριθειασ
G2053	εριου
G2054	ερεισ εριδεσ εριδι εριδοσ εριν
G2055	εριφια
G2056	εριφον εριφων
G2057	ερμαν
G2058	ερμηνειαν
G2059	ερμηνευεται ερμηνευομενοσ
G2060	ερμην
G2062	ερπετα ερπετων
G2063	ερυθρα ερυθραν
G2064	ελευσεται ελευσομαι ελευσομεθα ελευσονται εληλυθα εληλυθασ εληλυθει εληλυθεισαν εληλυθεν εληλυθοτα εληλυθοτεσ εληλυθυιαν ελθατω ελθε ελθειν ελθετω ελθη ελθησ ελθητε ελθον ελθοντα ελθοντασ ελθοντεσ ελθοντι ελθοντοσ ελθοντων ελθουσα ελθουσαι ελθουσησ ελθω ελθων ελθωσιν ερχεσθαι ερχεσθε ερχεσθω ερχεται ερχη ερχηται ερχομεθα ερχομενα ερχομενη ερχομενην ερχομενησ ερχομενοι ερχομενον ερχομενοσ ερχομενου ερχομενουσ ερχομενω ερχομενων ερχονται ερχου ηλθαμεν ηλθαν ηλθατε ηλθεν ηλθεσ ηλθομεν ηλθον ηρχετο ηρχοντο ηρχου
G2065	ερωτα ερωταν ερωτασ ερωτησαι ερωτησατε ερωτησετε ερωτηση ερωτησον ερωτησω ερωτησωσιν ερωτω ερωτωμεν ερωτων ερωτωντεσ ερωτωντων ηρωτα ηρωτησαν ηρωτησεν ηρωτουν ηρωτων
G2066	εσθησεσι εσθητα εσθητι
G2068	εσθητε εσθιει εσθιειν εσθιετε εσθιετω εσθιη εσθιητε εσθιοντα εσθιοντεσ εσθιοντι εσθιοντων εσθιουσιν εσθιων εσθιωσιν ησθιον
G2072	εσοπτρου εσοπτρω
G2073	εσπεραν εσπερασ
G2078	εσχατα εσχαταισ εσχατασ εσχατη εσχατοι εσχατον εσχατου εσχατουσ εσχατω εσχατων
G2082	εσωτεραν εσωτερον
G2083	εταιρε ομειρομενοι
G2084	ετερογλωσσοισ
G2085	ετεροδιδασκαλει ετεροδιδασκαλειν
G2086	ετεροζυγουντεσ
G2087	ετερα ετεραι ετεραισ ετεραν ετερασ ετεροι ετεροισ ετερον ετερου ετερουσ ετερω ετερων
G2090	ετοιμαζε ετοιμασαι ετοιμασασ ετοιμασατε ετοιμασθη ετοιμασον ετοιμασω ετοιμασωμεν ητοιμακα ητοιμασαν ητοιμασασ ητοιμασεν ητοιμασμενην ητοιμασμενοι ητοιμασμενοισ ητοιμασμενον ητοιμασται
G2092	ετοιμα ετοιμην ετοιμοι ετοιμον ετοιμουσ ετοιμω
G2094	ετει ετεσιν ετη ετων
G2096	ευαν
G2097	ευαγγελιζεσθαι ευαγγελιζεται ευαγγελιζηται ευαγγελιζομεθα ευαγγελιζομενοι ευαγγελιζομενοσ ευαγγελιζομενου ευαγγελιζομενω ευαγγελιζομενων ευαγγελιζονται ευαγγελιζωμαι ευαγγελισαι ευαγγελισαμενοι ευαγγελισαμενου ευαγγελισαμενων ευαγγελισασθαι ευαγγελισθεν ευαγγελισθεντεσ ευαγγελισωμαι ευηγγελιζετο ευηγγελιζοντο ευηγγελισαμεθα ευηγγελισαμην ευηγγελισατο ευηγγελισεν ευηγγελισθη ευηγγελισμενοι
G2098	ευαγγελιου ευαγγελιω
G2099	ευαγγελιστασ ευαγγελιστου
G2100	ευαρεστειται ευαρεστηκεναι ευαρεστησαι
G2101	ευαρεστοι ευαρεστον ευαρεστουσ
G2104	ευγενεισ ευγενεστεροι
G2106	ευδοκει ευδοκησα ευδοκησαμεν ευδοκησαν ευδοκησαντεσ ευδοκησασ ευδοκησεν ευδοκουμεν ευδοκω
G2107	ευδοκιαν ευδοκιασ
G2108	ευεργεσιασ
G2109	ευεργετων
G2110	ευεργεται
G2111	ευθετον
G2112	ευθυσ
G2113	ευθυδρομησαμεν ευθυδρομησαντεσ
G2114	ευθυμει ευθυμειν ευθυμειτε
G2115	ευθυμοι ευθυμωσ
G2116	ευθυνατε ευθυνοντοσ
G2117	ευθεια ευθειαν ευθειασ
G2118	ευθυτητοσ
G2119	ευκαιρηση ευκαιρουν ηυκαιρουν
G2120	ευκαιριαν
G2121	ευκαιρον ευκαιρου
G2123	ευκοπωτερον
G2124	ευλαβειασ
G2125	ευλαβηθεισ
G2126	ευλαβεισ
G2127	ευλογειν ευλογειται ευλογειτε ευλογηκεν ευλογημενη ευλογημενοι ευλογημενοσ ευλογησ ευλογησασ ευλογησεν ευλογησω ευλογουμεν ευλογουντα ευλογουνται ευλογουντεσ ευλογων
G2128	ευλογητου
G2129	ευλογιαισ ευλογιαν ευλογιασ
G2130	ευμεταδοτουσ
G2132	ευνοων
G2133	ευνοιαν ευνοιασ
G2134	ευνουχισαν ευνουχισθησαν
G2135	ευνουχοι
G2136	ευοδιαν
G2137	ευοδουσθαι ευοδουται ευοδωθησομαι ευοδωται
G2139	ευπεριστατον
G2140	ευποιιασ
G2141	ευπορειτο
G2144	ευπροσδεκτουσ
G2145	ευπαρεδρον
G2146	ευπροσωπησαι
G2147	ευραμεν ευραμενοσ ευρεθη ευρεθημεν ευρεθην ευρεθηναι ευρεθησαν ευρεθησεται ευρεθησομεθα ευρεθητε ευρεθω ευρεθωσιν ευρειν ευρεν ευρεσ ευρη ευρηκα ευρηκαμεν ευρηκεναι ευρησει ευρησεισ ευρησετε ευρησομεν ευρησουσιν ευρητε ευρισκει ευρισκομεθα ευρισκομεν ευρισκον ευρισκοντεσ ευροιεν ευρομεν ευρον ευροντεσ ευρουσα ευρουσαι ευρω ευρωμεν ευρων ευρωσιν ηυρισκετο ηυρισκον
G2148	ευρακυλων
G2150	ευσεβειαισ ευσεβειαν ευσεβειασ
G2151	ευσεβειν ευσεβειτε
G2152	ευσεβεισ ευσεβη
G2154	ευσημον
G2155	ευσπλαγχνοι
G2157	ευσχημοσυνην
G2158	ευσχημον ευσχημονα ευσχημονασ ευσχημονων
G2162	ευφημιασ
G2163	ευφημα
G2164	ευφορησεν
G2165	ευφραινεσθαι ευφραινεσθε ευφραινομενοσ ευφραινονται ευφραινοντο ευφραινου ευφραινων ευφρανθηναι ευφρανθητε ευφρανθητι ευφρανθω ευφρανθωμεν ηυφρανθη
G2166	ευφρατη ευφρατην
G2167	ευφροσυνησ
G2168	ευχαριστει ευχαριστειν ευχαριστεισ ευχαριστειτε ευχαριστηθη ευχαριστησαντοσ ευχαριστησασ ευχαριστησεν ευχαριστουμεν ευχαριστουντεσ ευχαριστω ευχαριστων ηυχαριστησαν
G2169	ευχαριστιαν ευχαριστιασ ευχαριστιων
G2170	ευχαριστοι
G2171	ευχην
G2172	ευξαιμην ευχεσθε ευχομεθα ηυχομην ηυχοντο
G2173	ευχρηστον
G2174	ευψυχω
G2175	ευωδιασ
G2176	ευωνυμον ευωνυμων
G2177	εφαλομενοσ
G2180	εφεσιοι εφεσιον εφεσιουσ εφεσιων
G2181	εφεσον εφεσου εφεσω
G2182	εφευρετασ
G2183	εφημεριασ
G2184	εφημερου
G2185	εφικεσθαι εφικνουμενοι
G2186	επεστη επεστησαν επισταντεσ επιστασ επιστασα επιστη επιστηθι εφεστηκεν εφεστωσ εφεστωτα εφισταται
G2189	εχθραι εχθραν
G2190	εχθρε εχθροι εχθρον εχθρου εχθρουσ εχθρων
G2191	εχιδνων
G2192	ειχεν ειχεσ ειχετε ειχομεν ειχον ειχοσαν εξει εξεισ εξετε εξουσιν εσχεν εσχεσ εσχηκα εσχηκαμεν εσχηκεν εσχηκοτα εσχομεν εσχον εχε εχει εχειν εχεισ εχετε εχετω εχη εχητε εχοι εχοιεν εχομεν εχομενα εχομενασ εχομενη εχον εχοντα εχοντασ εχοντεσ εχοντι εχοντοσ εχοντων εχουσα εχουσαι εχουσαισ εχουσαν εχουση εχουσησ εχουσι εχουσιν εχωμεν εχων εχωσιν σχητε σχω σχωμεν
G2195	ζακχαιε
G2197	ζαχαρια ζαχαριαν ζαχαριου
G2198	εζησα εζησαν εζησεν εζητε εζων ζη ζην ζησ ζησασα ζησει ζησεσθε ζησεται ζησετε ζηση ζησομεν ζησουσιν ζησω ζησωμεν ζητε ζω ζωμεν ζων ζωντα ζωντασ ζωντεσ ζωντι ζωντοσ ζωντων ζωσα ζωσαν ζωσιν
G2199	ζεβεδαιον ζεβεδαιου
G2201	ζευγη
G2202	ζευκτηριασ
G2203	δια διοσ
G2204	ζεοντεσ ζεων
G2205	ζηλον ζηλου ζηλω
G2206	ζηλοι ζηλουσθαι ζηλουσιν ζηλουτε ζηλω ζηλωσαντεσ
G2207	ζηλωται ζηλωτην
G2208	ζηλωτην
G2209	ζημιαν ζημιασ
G2210	εζημιωθην ζημιωθεισ ζημιωθη ζημιωθηναι ζημιωθησεται ζημιωθητε
G2211	ζηναν
G2212	εζητει εζητειτε εζητειτο εζητησαμεν εζητησαν εζητησεν εζητουμεν εζητουν ζητει ζητειν ζητεισ ζητειται ζητειτε ζητειτω ζητηθησεται ζητησαι ζητησατω ζητησετε ζητηση ζητησον ζητησουσιν ζητουν ζητουντεσ ζητουντι ζητουντων ζητουσιν ζητω ζητων
G2213	ζητηματα ζητηματοσ ζητηματων
G2214	ζητησεισ ζητησεωσ ζητησιν
G2215	ζιζανια ζιζανιων
G2217	ζοφον ζοφου ζοφω
G2218	ζυγον ζυγω
G2219	ζυμην ζυμησ
G2220	εζυμωθη ζυμοι
G2221	εζωγρημενοι ζωγρων
G2222	ζωην ζωησ
G2223	ζωνασ ζωνην
G2224	εζωννυεσ ζωσαι ζωσει
G2225	ζωογονεισθαι ζωογονησει ζωογονουντοσ
G2226	ζωα ζωου ζωων
G2227	ζωοποιει ζωοποιειται ζωοποιηθεισ ζωοποιηθησονται ζωοποιησαι ζωοποιησει ζωοποιουν ζωοποιουντοσ
G2230	ηγεμονευοντοσ
G2231	ηγεμονιασ
G2232	ηγεμονα ηγεμονασ ηγεμονι ηγεμονοσ ηγεμονων ηγεμοσιν
G2233	ηγεισθαι ηγεισθε ηγεισθωσαν ηγημαι ηγησαμενοσ ηγησαμην ηγησασθε ηγησατο ηγουμαι ηγουμενοι ηγουμενοισ ηγουμενον ηγουμενοσ ηγουμενουσ ηγουμενων ηγουνται
G2237	ηδοναισ ηδονην ηδονων
G2238	ηδυοσμον
G2239	ηθη
G2240	ηκασιν ηκει ηξει ηξουσιν ηξω
G2243	ηλια ηλιαν ηλιου
G2244	ηλικιαν ηλικιασ
G2245	ηλικην ηλικον
G2246	ηλιον ηλιου ηλιω
G2247	ηλων
G2250	ημεραι ημεραισ ημεραν ημερασ ημερων
G2253	ημιθανη
G2255	ημισια ημισουσ ημισυ
G2261	ηπιον
G2263	ηρεμον
G2264	ηρωδη ηρωδην ηρωδου
G2265	ηρωδιανων
G2266	ηρωδιαδα ηρωδιαδοσ
G2267	ηρωδιωνα
G2268	ησαια ησαιαν ησαιου
G2270	ησυχαζειν ησυχασαμεν ησυχασαν
G2271	ησυχιαν ησυχιασ
G2272	ησυχιον ησυχιου
G2274	ησσωθητε ηττηται ηττωνται
G2276	ησσον
G2278	ηχων
G2279	ηχουσ ηχω
G2280	θαδδαιον
G2281	θαλασσαν θαλασση θαλασσησ
G2282	θαλπει θαλπη
G2284	εθαμβηθησαν εθαμβουντο θαμβων
G2285	θαμβουσ
G2286	θανασιμον
G2287	θανατηφορου
G2288	θανατε θανατοισ θανατον θανατου θανατω
G2289	εθανατωθητε θανατουμεθα θανατουμενοι θανατουτε θανατωθεισ θανατωσαι θανατωσουσιν θανατωσωσιν
G2290	εθαψαν εταφη θαψαι θαψαντων
G2292	θαρρησαι θαρρουμεν θαρρουντασ θαρρουντεσ θαρρω
G2293	θαρσει θαρσειτε
G2296	εθαυμαζεν εθαυμαζον εθαυμασα εθαυμασαν εθαυμασασ εθαυμασεν εθαυμασθη θαυμαζειν θαυμαζετε θαυμαζητε θαυμαζοντεσ θαυμαζοντων θαυμαζων θαυμασαι θαυμασαντεσ θαυμασατε θαυμασησ θαυμασθηναι θαυμασθησονται
G2297	θαυμασια
G2298	θαυμαστα θαυμαστη θαυμαστον
G2299	θεασ
G2300	εθεαθη εθεασαμεθα εθεασαντο εθεασασθε εθεασατο θεαθηναι θεασαμενοι θεασαμενοισ θεασαμενοσ θεασασθαι θεασασθε τεθεαμαι τεθεαμεθα τεθεαται
G2301	θεατριζομενοι
G2303	θειου θειω
G2304	θειασ θειον
G2306	θειωδεισ
G2307	θεληματα θεληματι θεληματοσ
G2308	θελησιν
G2309	ηθελεν ηθελεσ ηθελησα ηθελησαμεν ηθελησαν ηθελησασ ηθελησατε ηθελησεν ηθελον θελει θελειν θελεισ θελετε θελη θελησ θελησαντασ θεληση θελησω θελησωσιν θελητε θελοι θελομεν θελοντα θελοντασ θελοντεσ θελοντι θελοντοσ θελοντων θελουσιν θελων θελωσιν
G2310	θεμελια θεμελιοι θεμελιον θεμελιου θεμελιουσ θεμελιω
G2311	εθεμελιωσασ θεμελιωσει τεθεμελιωμενοι τεθεμελιωτο
G2312	θεοδιδακτοι
G2313	θεομαχωμεν
G2314	θεομαχοι
G2316	θεε θεοι θεοισ θεον θεου θεουσ θεω
G2317	θεοσεβειαν
G2319	θεοστυγεισ
G2320	θεοτητοσ
G2321	θεοφιλε
G2322	θεραπειαν θεραπειασ
G2323	εθεραπευεν εθεραπευθη εθεραπευθησαν εθεραπευον εθεραπευοντο εθεραπευσεν θεραπευει θεραπευειν θεραπευεσθαι θεραπευεσθε θεραπευεται θεραπευετε θεραπευθηναι θεραπευοντεσ θεραπευσαι θεραπευσει θεραπευσον θεραπευσω θεραπευων τεθεραπευμεναι τεθεραπευμενον τεθεραπευμενω
G2325	εθερισθη θεριζειν θεριζεισ θεριζουσιν θεριζων θερισαι θερισαντων θερισει θερισομεν θερισον
G2326	θερισμον θερισμου
G2327	θερισται θερισταισ
G2328	εθερμαινοντο θερμαινεσθε θερμαινομενον θερμαινομενοσ
G2329	θερμησ
G2331	θεσσαλονικεισ θεσσαλονικεων θεσσαλονικεωσ
G2332	θεσσαλονικην θεσσαλονικησ
G2334	εθεωρει εθεωρησαν εθεωρουν θεωρει θεωρειν θεωρεισ θεωρειτε θεωρη θεωρησαι θεωρησαντεσ θεωρηση θεωρησουσιν θεωρητε θεωρουντασ θεωρουντεσ θεωρουντοσ θεωρουντων θεωρουσαι θεωρουσιν θεωρω θεωρων θεωρωσιν
G2335	θεωριαν
G2336	θηκην
G2337	εθηλασασ θηλαζοντων θηλαζουσαισ
G2338	θηλειαι θηλειασ θηλυ
G2339	θηραν
G2340	θηρευσαι
G2341	εθηριομαχησα
G2342	θηρια θηριου θηριω θηριων
G2343	εθησαυρισατε θησαυριζειν θησαυριζεισ θησαυριζετε θησαυριζων τεθησαυρισμενοι
G2344	θησαυροι θησαυρον θησαυρου θησαυρουσ θησαυρω θησαυρων
G2345	θιγη θιγησ
G2346	θλιβεσθαι θλιβομεθα θλιβομενοι θλιβομενοισ θλιβουσιν θλιβωσιν τεθλιμμενη
G2347	θλιψει θλιψεισ θλιψεσιν θλιψεων θλιψεωσ θλιψιν
G2348	τεθνηκασιν τεθνηκεν τεθνηκεναι τεθνηκοτα τεθνηκοτοσ τεθνηκωσ
G2349	θνητα θνητη θνητον θνητω
G2350	εθορυβουν θορυβαζη θορυβεισθε θορυβουμενον
G2351	θορυβον θορυβου
G2352	τεθραυσμενουσ
G2353	θρεμματα
G2354	εθρηνησαμεν εθρηνουν θρηνησετε
G2356	θρησκειασ
G2358	θριαμβευοντι θριαμβευσασ
G2359	θριξιν τριχα τριχασ τριχεσ τριχων
G2360	θροεισθαι θροεισθε
G2361	θρομβοι
G2362	θρονοι θρονον θρονου θρονουσ θρονω θρονων
G2363	θυατειροισ θυατειρων
G2364	θυγατερ θυγατερα θυγατερασ θυγατερεσ θυγατερων θυγατρι θυγατροσ
G2366	θυελλη
G2367	θυινον
G2368	θυμιαματα θυμιαματοσ θυμιαματων
G2370	θυμιασαι
G2371	θυμομαχων
G2372	θυμοι θυμον θυμου
G2373	εθυμωθη
G2374	θυραι θυραισ θυραν θυρασ θυρων
G2375	θυρεον
G2376	θυριδοσ
G2377	θυρωρω
G2378	θυσιαι θυσιαισ θυσιαν θυσιασ θυσιων
G2379	θυσιαστηρια θυσιαστηριου θυσιαστηριω
G2380	εθυον εθυσασ εθυσεν ετυθη θυειν θυεσθαι θυουσιν θυσατε θυση θυσον τεθυμενα
G2381	θωμα θωμαν
G2382	θωρακα θωρακασ
G2383	ιαιροσ
G2385	ιακωβον ιακωβου ιακωβω
G2386	ιαματων
G2388	ιανναι
G2390	ιαθεισ ιαθεντοσ ιαθη ιαθησεται ιαθητε ιαθητω ιασασθαι ιασατο ιασηται ιασθαι ιασομαι ιαται ιατο ιωμενοσ
G2391	ιαρετ
G2392	ιασεισ ιασεωσ ιασιν
G2393	ιασπιδι
G2394	ιασονα ιασονοσ
G2395	ιατρε ιατροισ ιατρου ιατρων
G2397	ειδεα
G2398	ιδια ιδιαισ ιδιαν ιδιασ ιδιοι ιδιοισ ιδιον ιδιου ιδιουσ ιδιω ιδιων
G2399	ιδιωται ιδιωτου
G2401	ιδουμαιασ
G2403	ιεζαβελ
G2404	ιεραπολει
G2405	ιερατειαν ιερατειασ
G2407	ιερατευειν
G2408	ιερεμιαν ιερεμιου
G2409	ιερεα ιερει ιερεισ ιερευσιν ιερεων
G2411	ιερου ιερω
G2412	ιεροπρεπεισ
G2413	ιερα
G2414	ιεροσολυμοισ ιεροσολυμων
G2415	ιεροσολυμιται ιεροσολυμιτων
G2416	ιεροσυλεισ
G2417	ιεροσυλουσ
G2418	ιερουργουντα
G2420	ιερωσυνην ιερωσυνησ
G2423	ιεχονιαν
G2424	ιησου ιησουν
G2425	ικανα ικαναι ικαναισ ικανασ ικανοι ικανοισ ικανον ικανου ικανουσ ικανω ικανων
G2427	ικανωσαντι ικανωσεν
G2428	ικετηριασ
G2429	ικμαδα
G2430	ικονιου ικονιω
G2431	ιλαρον
G2432	ιλαροτητι
G2433	ιλασθητι ιλασκεσθαι
G2434	ιλασμον
G2435	ιλαστηριον
G2437	ιλλυρικου
G2438	ιμαντα ιμασιν
G2439	ιματισμενον
G2440	ιματια ιματιοισ ιματιου ιματιω ιματιων
G2441	ιματισμον ιματισμου ιματισμω
G2443	ινατι
G2445	ιοππην ιοππησ
G2446	ιορδανη ιορδανην ιορδανου
G2447	ιου
G2449	ιουδαιαν ιουδαιασ
G2450	ιουδαιζειν
G2451	ιουδαικοισ
G2453	ιουδαια ιουδαιαν ιουδαιασ ιουδαιοι ιουδαιοισ ιουδαιον ιουδαιου ιουδαιουσ ιουδαιω ιουδαιων
G2454	ιουδαισμω
G2455	ιουδα ιουδαν
G2456	ιουλιαν
G2457	ιουλιω
G2458	ιουνιαν
G2459	ιουστου
G2460	ιππεισ
G2461	ιππικου
G2462	ιπποισ ιππου ιππουσ ιππων
G2465	ισαγγελοι
G2466	ισσαχαρ
G2467	ισασιν
G2469	ισκαριωτην ισκαριωτου
G2470	ισα ισαι ιση ισην ισον ισουσ
G2471	ισοτητα
G2472	ισοτιμον
G2473	ισοψυχον
G2475	ισραηλιται
G2476	ειστηκει ειστηκεισαν εσταθη εσταθησαν εσταναι εστη εστηκα εστηκαμεν εστηκασ εστηκασιν εστηκατε εστηκεν εστηκοσ εστηκοτα εστηκοτεσ εστηκοτων εστηκωσ εστησαν εστησεν εστοσ εστωσ εστωσα εστωτα εστωτασ εστωτεσ εστωτοσ εστωτων ιστανομεν σταθεισ σταθεντα σταθεντεσ σταθη σταθηναι σταθησεσθε σταθησεται σταθητε σταντοσ στασ στασα στηθι στηναι στησαι στησαντεσ στησει στηση στησησ στησητε στησονται στητε
G2477	ιστορησαι
G2478	ισχυρα ισχυραι ισχυραν ισχυρασ ισχυροι ισχυρον ισχυροτεροι ισχυροτερον ισχυροτεροσ ισχυρου ισχυρων
G2479	ισχυι ισχυν ισχυοσ
G2480	ισχυει ισχυειν ισχυεν ισχυον ισχυοντεσ ισχυοντοσ ισχυσαμεν ισχυσαν ισχυσασ ισχυσατε ισχυσεν ισχυσουσιν
G2482	ιταλιαν ιταλιασ
G2483	ιταλικησ
G2484	ιτουραιασ
G2485	ιχθυδια
G2486	ιχθυασ ιχθυεσ ιχθυν ιχθυοσ ιχθυων
G2487	ιχνεσιν
G2490	ιωαναν
G2491	ιωαννη ιωαννην ιωαννου
G2494	ιωναμ
G2495	ιωνα
G2497	ιωριμ
G2500	ιωσητοσ
G2502	ιωσιαν
G2506	καθαιρεσιν
G2507	καθαιρεισθαι καθειλεν καθελειν καθελοντεσ καθελω καθελων
G2508	καθαιρει
G2510	καθηψεν
G2511	εκαθαρισεν εκαθαρισθη εκαθαρισθησαν καθαριει καθαριζει καθαριζεσθαι καθαριζεται καθαριζετε καθαριζονται καθαριζων καθαρισαι καθαρισασ καθαρισατε καθαριση καθαρισθητι καθαρισον καθαρισωμεν κεκαθαρισμενουσ
G2512	καθαρισμον καθαρισμου
G2513	καθαρα καθαρασ καθαροι καθαροισ καθαρον καθαρω
G2514	καθαροτητα
G2515	καθεδρασ
G2516	εκαθεζετο εκαθεζομην καθεζομενοι καθεζομενον καθεζομενοσ καθεζομενουσ
G2518	εκαθευδεν εκαθευδον καθευδει καθευδειν καθευδεισ καθευδετε καθευδη καθευδοντασ καθευδοντεσ καθευδουσιν καθευδωμεν καθευδων
G2519	καθηγηται
G2520	καθηκεν καθηκοντα
G2521	εκαθητο καθη καθημεναι καθημενην καθημενησ καθημενοι καθημενοισ καθημενον καθημενοσ καθημενου καθημενουσ καθημενω καθημενων καθησεσθε καθησθαι καθηται καθου
G2522	καθημερινη
G2523	εκαθισα εκαθισαν εκαθισεν καθιζετε καθισαι καθισαντεσ καθισαντοσ καθισασ καθισατε καθισει καθιση καθισωμεν καθισωσιν κεκαθικεν
G2524	καθηκαν καθιεμενην καθιεμενον
G2525	καθιστανοντεσ καθισταται καθιστησιν κατασταθησονται καταστησει καταστησησ καταστησομεν καταστησω κατεσταθησαν κατεστησασ κατεστησεν
G2528	καθωπλισμενοσ
G2529	καθοραται
G2532	καιτοι καιτοιγε κακει κακειθεν κακεινα κακεινοι κακεινον κακεινοσ κακεινουσ καν
G2533	καιαφα καιαφαν
G2537	καινα καιναισ καινη καινην καινησ καινον καινοτερον καινου καινουσ καινω
G2538	καινοτητι
G2540	καιροι καιροισ καιρον καιρου καιρουσ καιρω καιρων
G2541	καισαρα καισαρι καισαροσ
G2542	καισαρειαν καισαρειασ
G2545	καιεται καιομεναι καιομενη καιομενησ καιομενοι καιομενον καιομενοσ καιουσιν κεκαυμενω
G2549	κακιαν κακιασ
G2550	κακοηθειασ
G2551	κακολογησαι κακολογουντεσ κακολογων
G2552	κακοπαθειασ
G2553	κακοπαθει κακοπαθησον κακοπαθω
G2554	κακοποιησαι κακοποιουντασ κακοποιων
G2555	κακοποιων
G2556	κακα κακαι κακην κακοι κακον κακου κακουσ κακω κακων
G2557	κακουργοι κακουργουσ κακουργων
G2558	κακουχουμενοι κακουχουμενων
G2559	εκακωσαν εκακωσεν κακωσαι κακωσουσιν κακωσων
G2561	κακωσιν
G2562	καλαμην
G2563	καλαμον καλαμου καλαμω
G2564	εκαλεσα εκαλεσεν εκαλουν εκληθη εκληθησ εκληθητε καλει καλειν καλεισθαι καλειται καλειτε καλεσαι καλεσαντα καλεσαντεσ καλεσαντοσ καλεσασ καλεσατε καλεσεισ καλεσητε καλεσον καλεσουσιν καλεσω καλουμενη καλουμενην καλουμενησ καλουμενον καλουμενοσ καλουμενου καλουνται καλουντεσ καλουντοσ καλουσα καλων κεκληκεν κεκληκοτι κεκληκωσ κεκλημενοι κεκλημενοισ κεκλημενοσ κεκλημενουσ κεκλημενων κεκληται κληθεισ κληθεν κληθεντοσ κληθηναι κληθησ κληθησεται κληθηση κληθησονται κληθητε κληθωμεν
G2565	καλλιελαιον
G2567	καλοδιδασκαλουσ
G2569	καλοποιουντεσ
G2570	καλα καλη καλην καλησ καλοι καλοισ καλον καλου καλουσ καλω καλων
G2572	καλυπτει καλυπτεσθαι καλυψατε καλυψει κεκαλυμμενον
G2574	καμηλον καμηλου
G2575	καμινον καμινου καμινω
G2576	εκαμμυσαν
G2577	καμητε καμνοντα κεκμηκασ
G2578	εκαμψαν καμψει καμψη
G2581	καναναιον
G2582	κανδακησ
G2583	κανονα κανονι κανονοσ
G2584	καφαρναουμ
G2585	καπηλευοντεσ
G2586	καπνον καπνου
G2587	καππαδοκιαν καππαδοκιασ
G2588	καρδιαι καρδιαισ καρδιαν καρδιασ καρδιων
G2589	καρδιογνωστα
G2590	καρπον καρπου καρπουσ καρπων
G2591	καρπω
G2592	καρποφορει καρποφορησαι καρποφορησωμεν καρποφορουμενον καρποφορουντεσ καρποφορουσιν
G2593	καρποφορουσ
G2594	εκαρτερησεν
G2596	καθ κατ
G2597	καταβαινει καταβαινειν καταβαινον καταβαινοντα καταβαινοντασ καταβαινοντεσ καταβαινοντοσ καταβαινοντων καταβαινουσα καταβαινουσαν καταβαινων καταβαν καταβαντεσ καταβαντοσ καταβασ καταβατω καταβεβηκα καταβεβηκοτεσ καταβη καταβηθι καταβηναι καταβησεται καταβηση κατεβαινεν κατεβη κατεβην κατεβησαν
G2598	καταβαλλομενοι
G2599	κατεβαρησα
G2600	καταβασει
G2602	καταβολην καταβολησ
G2603	καταβραβευετω
G2605	καταγγελλειν καταγγελλεται καταγγελλετε καταγγελλομεν καταγγελλουσιν καταγγελλων κατηγγειλαμεν κατηγγειλαν κατηγγελη κατηγγελλον
G2606	κατεγελων
G2607	καταγινωσκη κατεγνωσμενοσ
G2608	κατεαγωσιν κατεαξαν κατεαξει
G2609	καταγαγειν καταγαγη καταγαγησ καταγαγοντεσ καταγαγων καταχθεντεσ κατηγαγον κατηχθημεν
G2610	κατηγωνισαντο
G2611	κατεδησεν
G2612	καταδηλον
G2613	καταδικαζετε καταδικασθηση καταδικασθητε κατεδικασατε
G2614	κατεδιωξεν
G2615	καταδουλοι καταδουλωσουσιν
G2616	καταδυναστευομενουσ καταδυναστευουσιν
G2617	καταισχυνει καταισχυνετε καταισχυνη καταισχυνθη καταισχυνθησεται καταισχυνθωμεν καταισχυνθωσιν κατησχυνθην κατησχυνοντο
G2618	κατακαησεται κατακαιεται κατακαυθησεται κατακαυσαι κατακαυσει κατακαυσουσιν κατεκαη κατεκαιον
G2619	κατακαλυπτεσθαι κατακαλυπτεσθω κατακαλυπτεται
G2620	κατακαυχασαι κατακαυχασθε κατακαυχαται κατακαυχω
G2621	κατακειμενοι κατακειμενον κατακειμενου κατακεισθαι κατακειται κατεκειτο
G2622	κατεκλασεν
G2623	κατεκλεισα κατεκλεισεν
G2624	κατεκληρονομησεν
G2625	κατακλιθηναι κατακλιθησ κατακλινατε κατεκλιθη κατεκλιναν
G2626	κατακλυσθεισ
G2627	κατακλυσμον κατακλυσμου
G2628	κατακολουθησασαι κατακολουθουσα
G2629	κατακοπτων
G2630	κατακρημνισαι
G2632	κατακεκριται κατακριθησεται κατακριθωμεν κατακρινει κατακρινεισ κατακρινουσιν κατακρινων κατεκριθη κατεκριναν κατεκρινεν
G2633	κατακρισεωσ κατακρισιν
G2634	κατακυριευοντεσ κατακυριευουσιν κατακυριευσασ
G2635	καταλαλει καταλαλεισθε καταλαλειτε καταλαλουσιν καταλαλων
G2636	καταλαλιαι καταλαλιασ
G2637	καταλαλουσ
G2638	καταλαβεσθαι καταλαβη καταλαβητε καταλαβομενοι καταλαβω καταλαμβανομαι κατειλημμενην κατειληφεναι κατειληφθη κατελαβεν κατελαβομην κατελημφθην
G2639	καταλεγεσθω
G2641	καταλειπει καταλειπομενησ καταλειποντεσ καταλειφθηναι καταλειψαντασ καταλειψει καταλελειμμενοσ καταλιπη καταλιποντεσ καταλιπων κατελειφθη κατελιπεν κατελιπον
G2642	καταλιθασει
G2643	καταλλαγην καταλλαγησ
G2644	καταλλαγεντεσ καταλλαγητε καταλλαγητω καταλλαξαντοσ καταλλασσων κατηλλαγημεν
G2645	καταλοιποι
G2646	καταλυματι
G2647	καταλυε καταλυθη καταλυθησεται καταλυσαι καταλυσει καταλυσω καταλυσωσιν καταλυων κατελυσα
G2648	καταμαθετε
G2649	καταμαρτυρουσιν
G2650	καταμενοντεσ
G2652	καταθεμα
G2653	καταθεματιζειν
G2654	καταναλισκον
G2655	καταναρκησω κατεναρκησα
G2656	κατενευσαν
G2657	κατανοεισ κατανοησαι κατανοησασ κατανοησατε κατανοουντι κατανοωμεν κατενοησεν κατενοουν
G2658	καταντησαι καταντησαντεσ καταντησω καταντησωμεν κατηντηκεν κατηντησαμεν κατηντησαν κατηντησεν
G2659	κατανυξεωσ
G2660	κατενυγησαν
G2661	καταξιωθεντεσ καταξιωθηναι κατηξιωθησαν
G2662	καταπατειν καταπατεισθαι καταπατησασ καταπατησουσιν κατεπατηθη
G2663	καταπαυσεωσ καταπαυσιν
G2664	κατεπαυσαν κατεπαυσεν
G2665	καταπετασματοσ
G2666	καταπιειν καταπινοντεσ καταποθη κατεπιεν κατεποθη κατεποθησαν
G2667	καταπεσοντων καταπιπτειν κατεπεσεν
G2668	κατεπλευσαν
G2669	καταπονουμενον καταπονουμενω
G2670	καταποντιζεσθαι καταποντισθη
G2671	καταραν καταρασ
G2672	καταρασθε καταρωμεθα καταρωμενουσ κατηραμενοι κατηρασω
G2673	καταργει καταργειται καταργηθη καταργηθησεται καταργηθησονται καταργησαι καταργησαντοσ καταργησασ καταργησει καταργηση καταργουμεν καταργουμενην καταργουμενον καταργουμενου καταργουμενων κατηργηθημεν κατηργηθητε κατηργηκα κατηργηται
G2674	κατηριθμημενοσ
G2675	καταρτιζεσθε καταρτιζετε καταρτιζοντασ καταρτισαι καταρτισει κατηρτισθαι κατηρτισμενα κατηρτισμενοι κατηρτισμενοσ κατηρτισω
G2676	καταρτισιν
G2677	καταρτισμον
G2678	κατασεισασ κατεσεισεν
G2679	κατεσκαμμενα κατεσκαψαν
G2680	κατασκευαζεται κατασκευαζομενησ κατασκευασασ κατασκευασει κατεσκευασεν κατεσκευασθη κατεσκευασμενον κατεσκευασμενων
G2681	κατασκηνουν κατασκηνωσει κατεσκηνωσεν
G2682	κατασκηνωσεισ
G2683	κατασκιαζοντα
G2684	κατασκοπησαι
G2685	κατασκοπουσ
G2686	κατασοφισαμενοσ
G2687	καταστειλασ κατεσταλμενουσ
G2688	καταστηματι
G2690	κατεστρεψεν
G2691	καταστρηνιασωσιν
G2693	κατεστρωθησαν
G2694	κατασυρη
G2695	κατασφαξατε
G2696	κατεσφραγισμενον
G2697	κατασχεσει κατασχεσιν
G2698	καταθεσθαι
G2699	κατατομην
G2700	κατατοξευθησεται
G2701	κατεδραμεν
G2702	καταφερομενοσ καταφεροντεσ κατενεχθεισ κατηνεγκα
G2703	καταφυγοντεσ κατεφυγον
G2704	κατεφθαρμενοι
G2705	καταφιλουσα κατεφιλει κατεφιλησεν κατεφιλουν
G2706	καταφρονεισ καταφρονειτε καταφρονειτω καταφρονειτωσαν καταφρονησασ καταφρονησει καταφρονησητε καταφρονουντασ
G2707	καταφρονηται
G2708	κατεχεεν
G2709	καταχθονιων
G2710	καταχρησασθαι καταχρωμενοι
G2711	καταψυξη
G2712	κατειδωλον
G2715	κατεξουσιαζουσιν
G2716	κατειργασατο κατειργασθαι κατειργασθη κατεργαζεσθαι κατεργαζεσθε κατεργαζεται κατεργαζομενη κατεργαζομενοι κατεργαζομενου κατεργασαμενοι κατεργασαμενον κατεργασαμενοσ
G2718	κατελθειν κατελθοντεσ κατελθοντων κατελθων κατερχομενη κατηλθεν κατηλθομεν κατηλθον
G2719	καταφαγε καταφαγεται καταφαγη καταφαγων κατεσθιει κατεσθιετε κατεσθιοντεσ κατεσθιουσιν κατεφαγεν κατεφαγον
G2720	κατευθυναι
G2721	κατεπεστησαν
G2722	κατασχωμεν κατειχετο κατειχομεθα κατειχον κατεχειν κατεχετε κατεχον κατεχοντεσ κατεχοντων κατεχουσιν κατεχωμεν κατεχων
G2723	κατηγορειν κατηγορεισθαι κατηγορειται κατηγορειτε κατηγορειτωσαν κατηγορησω κατηγορησωσιν κατηγορουμεν κατηγορουμενοσ κατηγορουν κατηγορουντεσ κατηγορουντων κατηγορουσιν κατηγορων
G2724	κατηγοριαν
G2725	κατηγοροι κατηγοροισ κατηγορουσ
G2726	κατηφειαν
G2727	κατηχηθησ κατηχηθησαν κατηχημενοσ κατηχηνται κατηχησω κατηχουμενοσ κατηχουντι
G2728	κατιωται
G2729	κατισχυον κατισχυσητε κατισχυσουσιν
G2730	κατοικει κατοικειν κατοικεισ κατοικειτε κατοικησαι κατοικησασ κατοικουντασ κατοικουντεσ κατοικουντι κατοικουντων κατοικουσιν κατοικων κατωκησεν
G2731	κατοικησιν
G2733	κατοικιασ
G2734	κατοπτριζομενοι
G2736	κατακυψασ
G2737	κατωτερα
G2739	εκαυματισθη εκαυματισθησαν καυματισαι
G2740	καυσιν
G2741	καυσουμενα
G2742	καυσωνα καυσωνι
G2743	κεκαυστηριασμενων
G2744	καυχασαι καυχασθαι καυχασθε καυχασθω καυχησασθαι καυχησηται καυχησομαι καυχησομεθα καυχησωμαι καυχησωνται καυχωμαι καυχωμεθα καυχωμενοι καυχωμενοσ καυχωμενουσ καυχωνται κεκαυχημαι
G2745	καυχηματοσ
G2746	καυχησεωσ καυχησιν
G2747	κεγχρεαισ
G2748	κεδρων
G2749	εκειτο κειμεθα κειμενα κειμεναι κειμενη κειμενην κειμενον κειμενοσ κειται
G2750	κειριαισ
G2751	κειραμενοσ κειραντοσ κειρασθαι κειρασθω
G2752	κελευσματι
G2753	εκελευον εκελευσα εκελευσεν κελευεισ κελευσαντεσ κελευσαντοσ κελευσασ κελευσον
G2754	κενοδοξιαν
G2755	κενοδοξοι
G2756	κενα κενε κενη κενησ κενοισ κενον κενουσ
G2757	κενοφωνιασ
G2758	εκενωσεν κεκενωται κενωθη κενωσει
G2759	κεντρα
G2760	κεντυριωνα κεντυριωνοσ
G2762	κεραιαν
G2763	κεραμεωσ
G2764	κεραμικα
G2766	κεραμων
G2767	εκερασεν κεκερασμενου κερασατε
G2768	κερατα κερατων
G2769	κερατιων
G2770	εκερδησα εκερδησασ εκερδησεν κερδανω κερδηθησονται κερδησαι κερδησασ κερδηση κερδησομεν κερδησω
G2771	κερδη κερδουσ
G2773	κερματιστασ
G2774	κεφαλαιον κεφαλαιου
G2775	εκεφαλιωσαν
G2776	κεφαλαι κεφαλασ κεφαλην κεφαλησ κεφαλων
G2777	κεφαλιδι
G2778	κηνσον κηνσου
G2779	κηπον κηπω
G2781	κηριου
G2782	κηρυγματι κηρυγματοσ
G2783	κηρυκα
G2784	εκηρυξαμεν εκηρυξαν εκηρυξεν εκηρυσσεν εκηρυσσον εκηρυχθη κηρυξαι κηρυξασ κηρυξατε κηρυξον κηρυξω κηρυξωσιν κηρυσσει κηρυσσειν κηρυσσεται κηρυσσετε κηρυσσομεν κηρυσσοντα κηρυσσοντασ κηρυσσοντοσ κηρυσσουσιν κηρυσσων κηρυχθεισ κηρυχθεντοσ κηρυχθη κηρυχθηναι κηρυχθησεται
G2785	κητουσ
G2786	κηφα κηφαν
G2787	κιβωτον κιβωτου
G2788	κιθαραισ κιθαραν κιθαρασ
G2789	κιθαριζομενον κιθαριζοντων
G2790	κιθαρωδων
G2791	κιλικιαν κιλικιασ
G2792	κινναμωμον
G2793	εκινδυνευον κινδυνευει κινδυνευομεν
G2794	κινδυνοισ
G2795	εκινηθη εκινηθησαν κινησαι κινησω κινουμεθα κινουντα κινουντεσ
G2796	κινησιν
G2798	κλαδοι κλαδοισ κλαδουσ κλαδων
G2799	εκλαιεν εκλαιον εκλαυσατε εκλαυσεν κλαιε κλαιειν κλαιεισ κλαιετε κλαιοντασ κλαιοντεσ κλαιοντων κλαιουσα κλαιουσαι κλαιουσαν κλαιουσιν κλαιων κλαυσατε κλαυσετε κλαυση κλαυσουσιν
G2800	κλασει
G2801	κλασματα κλασματων
G2804	κλαυδιον κλαυδιου
G2806	εκλασα εκλασεν κλασαι κλασασ κλωμεν κλωμενον κλωντεσ
G2807	κλειδα κλειδασ κλειν
G2808	εκλεισεν εκλεισθη εκλεισθησαν κεκλεισμενον κεκλεισμενων κεκλεισται κλειετε κλεισαι κλεισασ κλεισει κλειση κλεισθωσιν κλειων
G2809	κλεμματων
G2812	κλεπται
G2813	εκλεψαν κλεπτειν κλεπτεισ κλεπτετω κλεπτουσιν κλεπτων κλεψεισ κλεψη κλεψησ κλεψωσιν
G2814	κληματα
G2815	κλημεντοσ
G2816	κεκληρονομηκεν κληρονομει κληρονομειν κληρονομησαι κληρονομησατε κληρονομησει κληρονομησητε κληρονομησουσιν κληρονομησω κληρονομουντων
G2817	κληρονομιαν κληρονομιασ
G2818	κληρονομοι κληρονομοισ κληρονομον κληρονομουσ
G2819	κληρον κληρου κληρουσ κληρων
G2820	εκληρωθημεν
G2821	κλησει κλησεωσ κλησιν
G2822	κλητοι κλητοισ
G2823	κλιβανον
G2824	κλιμασιν κλιματα
G2825	κλινην κλινησ κλινων
G2826	κλινιδιω
G2827	εκλιναν κεκλικεν κλινασ κλινειν κλινη κλινουσων
G2828	κλισιασ
G2829	κλοπαι
G2830	κλυδωνι
G2831	κλυδωνιζομενοι
G2832	κλωπα
G2833	κνηθομενοι
G2834	κνιδον
G2835	κοδραντην
G2836	κοιλιαι κοιλιαν κοιλιασ
G2837	εκοιμηθη εκοιμηθησαν κεκοιμημενων κεκοιμηται κοιμηθεντασ κοιμηθεντεσ κοιμηθη κοιμηθησομεθα κοιμωμενοσ κοιμωμενουσ κοιμωμενων κοιμωνται
G2838	κοιμησεωσ
G2839	κοινα κοιναισ κοινην κοινησ κοινον
G2840	κεκοινωκεν κεκοινωμενουσ κοινοι κοινου κοινουντα κοινωσαι
G2841	εκοινωνησαν εκοινωνησεν κεκοινωνηκεν κοινωνει κοινωνειτε κοινωνειτω κοινωνουντεσ
G2842	κοινωνιαν κοινωνιασ
G2843	κοινωνικουσ
G2844	κοινωνοι κοινωνον κοινωνουσ
G2845	κοιταισ κοιτην
G2846	κοιτωνοσ
G2847	κοκκινην κοκκινον κοκκινου
G2848	κοκκον κοκκω
G2849	κολαζομενουσ κολασωνται
G2850	κολακειασ
G2851	κολασιν
G2852	εκολαφισαν κολαφιζειν κολαφιζη κολαφιζομεθα κολαφιζομενοι
G2853	εκολληθη εκολληθησαν κολλασθαι κολληθεντα κολληθεντεσ κολληθησεται κολληθητι κολλωμενοι κολλωμενοσ
G2855	κολλυβιστων
G2856	εκολοβωθησαν εκολοβωσεν κολοβωθησονται
G2857	κολοσσαισ
G2858	κολασσαεισ
G2859	κολποισ κολπον κολπω
G2860	κολυμβαν
G2861	κολυμβηθραν
G2863	κομα
G2865	εκομισαμην εκομισαντο εκομισατο κομιεισθε κομιζομενοι κομισασα κομισεται κομισησθε κομισηται
G2867	κεκονιαμενε κεκονιαμενοισ
G2868	κονιορτον
G2869	εκοπασεν
G2870	κοπετον
G2871	κοπησ
G2872	εκοπιασα εκοπιασεν κεκοπιακα κεκοπιακασ κεκοπιακασιν κεκοπιακατε κεκοπιακωσ κοπια κοπιασαντεσ κοπιατω κοπιω κοπιωμεν κοπιωντα κοπιωντασ κοπιωντεσ κοπιωντι κοπιωσασ κοπιωσιν
G2873	κοποισ κοπον κοπου κοπουσ κοπω κοπων
G2874	κοπριαν
G2875	εκοπτον εκοπτοντο εκοψασθε κοψαντεσ κοψονται
G2876	κορακασ
G2877	κορασιω
G2878	κορβαναν
G2880	κεκορεσμενοι κορεσθεντεσ
G2881	κορινθιοι κορινθιουσ κορινθιων
G2882	κορινθον κορινθω
G2883	κορνηλιε κορνηλιου
G2884	κορουσ
G2885	εκοσμησαν εκοσμουν κεκοσμημενην κεκοσμημενοι κεκοσμημενον κεκοσμηται κοσμειν κοσμειτε κοσμωσιν
G2886	κοσμικασ κοσμικον
G2887	κοσμιον κοσμιω
G2888	κοσμοκρατορασ
G2889	κοσμον κοσμου κοσμω
G2891	κουμ
G2892	κουστωδιαν κουστωδιασ
G2893	εκουφιζον
G2894	κοφινοι κοφινουσ κοφινων
G2895	κραβαττοισ κραβαττον κραβαττου κραβαττων κραββατον
G2896	εκεκραξα εκραζεν εκραζον εκραξαν εκραξεν κεκραγεν κραζει κραζειν κραζομεν κραζον κραζοντασ κραζοντεσ κραζοντων κραζουσιν κραζων κραξαντεσ κραξασ κραξουσιν
G2898	κρανιου
G2899	κρασπεδα κρασπεδου
G2900	κραταιαν
G2901	εκραταιουτο κραταιουσθε κραταιωθηναι
G2902	εκρατησαμεν εκρατησαν εκρατησατε εκρατησεν εκρατουντο κεκρατηκεναι κεκρατηνται κρατει κρατειν κρατεισ κρατεισθαι κρατειτε κρατησαι κρατησαντεσ κρατησασ κρατησατε κρατησει κρατησωσιν κρατητε κρατουντασ κρατουντεσ κρατουντοσ κρατουσιν κρατωμεν κρατων
G2903	κρατιστε κρατιστω
G2904	κρατει κρατουσ
G2905	εκραυγαζον εκραυγασαν εκραυγασεν κραυγαζοντα κραυγαζοντων κραυγασει
G2906	κραυγησ
G2907	κρεα
G2908	κρεισσον κρεισσονα κρειττον κρειττονα κρειττονοσ κρειττοσιν κρειττων
G2910	κρεμαμενον κρεμαμενοσ κρεμασαντεσ κρεμασθεντων κρεμασθη κρεμαται
G2911	κρημνου
G2912	κρητεσ κρητων
G2914	κρητην κρητησ
G2915	κριθων
G2916	κριθινουσ κριθινων
G2917	κριματα κριματι κριματοσ
G2918	κρινα
G2919	εκριθη εκριθησαν εκρινα εκρινασ εκρινεν εκρινομεθα κεκρικα κεκρικατε κεκρικει κεκρικεν κεκριμενα κεκριται κριθηναι κριθησεσθε κριθησονται κριθητε κριθωσιν κριναι κριναντασ κριναντεσ κριναντοσ κρινασ κρινατε κρινει κρινειν κρινεισ κρινεσθαι κρινεται κρινετε κρινετω κρινη κρινομαι κρινομενοι κρινομενοσ κρινοντα κρινοντεσ κρινοντι κρινουμεν κρινουσιν κρινωμεν κρινων
G2920	κρισει κρισεισ κρισεωσ κρισιν
G2921	κρισπον
G2922	κριτηρια κριτηριων
G2923	κριται κριτασ κριτη κριτην
G2925	κρουειν κρουετε κρουοντι κρουσαντοσ κρουων
G2926	κρυπτην
G2927	κρυπτα κρυπτον κρυπτω
G2928	εκρυβη εκρυψα εκρυψαν εκρυψασ εκρυψεν κεκρυμμενα κεκρυμμενον κεκρυμμενοσ κεκρυμμενου κεκρυμμενω κεκρυπται κρυβηναι κρυψατε
G2929	κρυσταλλιζοντι
G2930	κρυσταλλον κρυσταλλω
G2932	εκτησαμην εκτησατο κτασθαι κτησασθε κτησησθε κτωμαι
G2933	κτηματα
G2934	κτηνη κτηνων
G2935	κτητορεσ
G2936	εκτισασ εκτισεν εκτισθη εκτισθησαν εκτισται κτισαντα κτισαντι κτισαντοσ κτισασ κτιση κτισθεντα κτισθεντεσ
G2937	κτισει κτισεωσ
G2938	κτισματων
G2939	κτιστη
G2941	κυβερνησεισ
G2942	κυβερνητη
G2944	εκυκλωσαν κυκλουμενην κυκλωθεντα κυκλωσαντων
G2946	κυλισμον
G2947	εκυλιετο
G2948	κυλλον κυλλουσ
G2949	κυματα κυματων
G2952	κυναρια κυναριοισ
G2953	κυπριοι κυπριω
G2954	κυπρον κυπρου
G2955	κυψασ
G2956	κυρηναιοι κυρηναιον κυρηναιων
G2957	κυρηνην
G2958	κυρηνιου
G2960	κυριακη κυριακον
G2961	κυριευει κυριευομεν κυριευοντων κυριευουσιν κυριευσει κυριευση
G2962	κυριε κυριοι κυριοισ κυριον κυριου κυριω κυριων
G2963	κυριοτητα κυριοτητεσ κυριοτητοσ
G2964	κεκυρωμενην κυρωσαι
G2965	κυνασ κυνεσ κυσιν
G2966	κωλα
G2967	εκωλυθην εκωλυομεν εκωλυσατε εκωλυσεν κωλυει κωλυειν κωλυεσθαι κωλυετε κωλυθεντεσ κωλυοντα κωλυοντων κωλυσαι κωλυσησ
G2968	κωμασ κωμην κωμησ
G2969	κωμοπολεισ
G2970	κωμοι κωμοισ
G2971	κωνωπα
G2972	κω
G2974	κωφοι κωφον κωφουσ
G2975	ελαχεν λαχουσιν λαχωμεν
G2976	λαζαρε λαζαρον
G2978	λαιλαποσ
G2979	λακτιζειν
G2980	ελαλει ελαληθη ελαλησα ελαλησαμεν ελαλησαν ελαλησατε ελαλησεν ελαλουμεν ελαλουν λαλει λαλειν λαλεισ λαλεισθαι λαλειτε λαλειτω λαλειτωσαν λαλη λαληθεισ λαληθεισησ λαληθεντοσ λαληθεντων λαληθηναι λαληθησεται λαληθησομενων λαλησαι λαλησαντεσ λαλησασ λαλησει λαληση λαλησητε λαλησομεν λαλησουσιν λαλησω λαλουμεν λαλουμενη λαλουμενοισ λαλουμενον λαλουν λαλουντα λαλουντασ λαλουντεσ λαλουντι λαλουντοσ λαλουντων λαλουσαι λαλουσαν λαλουσησ λαλουσιν λαλω λαλων λαλωσιν λελαληκα λελαληκεν λελαλημενοισ λελαληται
G2981	λαλιαν
G2982	λεμα
G2983	ειληφασ ειληφεν ειληφωσ ελαβεν ελαβεσ ελαβετε ελαβομεν ελαβον ελαμβανον λαβε λαβειν λαβετε λαβετω λαβη λαβητε λαβοι λαβοντα λαβοντασ λαβοντεσ λαβουσα λαβουσαι λαβω λαβωμεν λαβων λαβωσιν λαμβανει λαμβανειν λαμβανεισ λαμβανετε λαμβανη λαμβανομεν λαμβανομενον λαμβανομενοσ λαμβανοντεσ λαμβανουσιν λαμβανων λημψεσθε λημψεται λημψομεθα λημψονται ληψεσθε
G2985	λαμπαδασ λαμπαδεσ λαμπαδων
G2986	λαμπρα λαμπραν λαμπρον
G2987	λαμπροτητα
G2989	ελαμψεν λαμπει λαμψατω λαμψει
G2990	ελαθεν ελαθον λαθειν λανθανει λανθανειν λανθανετω
G2991	λαξευτω
G2992	λαοι λαοισ λαον λαου λαω λαων
G2993	λαοδικειαν λαοδικειασ
G2994	λαοδικεων
G2997	ελακησεν
G2998	ελατομησεν λελατομημενον
G2999	λατρειαν λατρειασ
G3000	ελατρευσαν λατρευειν λατρευον λατρευοντα λατρευοντασ λατρευοντεσ λατρευουσα λατρευουσιν λατρευσεισ λατρευσουσιν λατρευωμεν
G3001	λαχανα λαχανων
G3003	λεγιων λεγιωνα λεγιωνασ
G3004	ελεγεν ελεγετε ελεγον λεγε λεγει λεγειν λεγεισ λεγεσθαι λεγεται λεγετε λεγετω λεγη λεγητε λεγομεν λεγομενα λεγομενη λεγομενην λεγομενησ λεγομενοι λεγομενοισ λεγομενον λεγομενοσ λεγομενου λεγον λεγοντα λεγοντασ λεγοντεσ λεγοντι λεγοντοσ λεγοντων λεγουσα λεγουσαι λεγουσαν λεγουσησ λεγουσιν λεγων λεγωσιν
G3006	λειασ
G3007	λειπει λειπεται λειπη λειπομενοι λειποντα
G3008	λειτουργησαι λειτουργουντων λειτουργων
G3009	λειτουργιασ
G3010	λειτουργικα
G3011	λειτουργοι λειτουργον λειτουργουσ
G3012	λεντιω
G3013	λεπιδεσ
G3014	λεπρασ
G3015	λεπροι λεπρου λεπρουσ
G3016	λεπτα λεπτον
G3017	λευιν λευισ
G3019	λευιτασ
G3020	λευιτικησ
G3021	ελευκαναν λευκαναι
G3022	λευκα λευκαι λευκαισ λευκασ λευκη λευκην λευκοισ λευκον
G3023	λεοντι λεοντοσ λεοντων
G3024	ληθην
G3025	ληνον ληνου
G3027	λησται λησταισ ληστασ ληστην ληστων
G3028	λημψεωσ
G3030	λιβανον
G3031	λιβανωτον
G3032	λιβερτινων
G3033	λιβυησ
G3034	ελιθασθην ελιθασθησαν λιθαζετε λιθαζομεν λιθασαι λιθασαντεσ λιθασθωσιν λιθασωσιν
G3035	λιθινα λιθιναι λιθιναισ
G3036	ελιθοβολησαν ελιθοβολουν λιθοβολεισθαι λιθοβοληθησεται λιθοβολησαι λιθοβολησαντεσ λιθοβολουσα
G3037	λιθοι λιθοισ λιθον λιθου λιθουσ λιθω λιθων
G3038	λιθοστρωτον
G3039	λικμησει
G3040	λιμενα λιμενασ λιμενοσ
G3041	λιμνην λιμνησ
G3042	λιμοι λιμον λιμω
G3045	λιπαρα
G3046	λιτραν λιτρασ
G3047	λιβα
G3048	λογειαι λογειασ
G3049	ελογιζομην ελογισθη ελογισθημεν λογιζεσθαι λογιζεσθε λογιζεσθω λογιζεται λογιζη λογιζομεθα λογιζομενοσ λογιζομενουσ λογιζομενω λογισαμενοσ λογισασθαι λογισηται λογισθειη λογισθηναι λογισθησεται
G3050	λογικην λογικον
G3051	λογια λογιων
G3053	λογισμων
G3054	λογομαχειν
G3055	λογομαχιασ
G3056	λογοι λογοισ λογον λογου λογουσ λογω λογων
G3057	λογχην
G3058	ελοιδορησαν λοιδορεισ λοιδορουμενοι λοιδορουμενοσ
G3059	λοιδοριαν λοιδοριασ
G3060	λοιδοροι
G3061	λοιμοι λοιμον
G3062	λοιπα λοιπαι λοιπασ λοιποι λοιποισ λοιπουσ λοιπων
G3067	λουτρου λουτρω
G3068	ελουσεν λελουμενοσ λελουσμενοι λουσαμενη λουσαντεσ
G3069	λυδδασ
G3070	λυδιαν
G3071	λυκαονιασ
G3073	λυκιασ
G3074	λυκοι λυκον λυκων
G3075	ελυμαινετο
G3076	ελυπηθη ελυπηθησαν ελυπηθητε ελυπησα ελυπησεν λελυπηκεν λυπεισθαι λυπειται λυπειτε λυπηθεισ λυπηθεντεσ λυπηθηναι λυπηθησεσθε λυπηθητε λυπησθε λυπουμενοι λυπουμενοσ λυπω
G3077	λυπασ λυπην λυπησ
G3078	λυσανιου
G3080	λυσιν
G3082	λυστραν λυστροισ
G3084	ελυτρωθητε λυτρουσθαι λυτρωσηται
G3085	λυτρωσιν
G3086	λυτρωτην
G3087	λυχνιαι λυχνιαν λυχνιασ λυχνιων
G3088	λυχνοι λυχνον λυχνου λυχνω
G3089	ελυεν ελυετο ελυθη ελυθησαν ελυσεν λελυμενα λελυμενον λελυσαι λυει λυετε λυθεισησ λυθη λυθηναι λυθησεται λυθησονται λυομενων λυοντεσ λυοντων λυουσιν λυσαι λυσαντεσ λυσαντι λυσασ λυσατε λυση λυσησ λυσητε λυσον λυσω
G3090	λωιδι
G3095	μαγειαισ
G3096	μαγευων
G3097	μαγοι μαγον μαγουσ μαγων
G3099	μαδιαμ
G3100	εμαθητευθη μαθητευθεισ μαθητευσαντεσ μαθητευσατε
G3101	μαθηται μαθηταισ μαθητασ μαθητη μαθητην μαθητου μαθητων
G3104	μεννα
G3105	μαινεσθε μαινεται μαινη
G3106	μακαριζομεν μακαριουσιν
G3107	μακαρια μακαριαι μακαριαν μακαριοι μακαριον μακαριου μακαριωτερα
G3108	μακαρισμον
G3109	κρητων μακεδονιαν μακεδονιασ
G3110	μακεδονασ μακεδονεσ μακεδονοσ μακεδοσιν
G3111	μακελλω
G3114	μακροθυμει μακροθυμειτε μακροθυμησασ μακροθυμησατε μακροθυμησον μακροθυμων
G3115	μακροθυμιαν μακροθυμιασ
G3117	μακρα μακραν
G3119	μαλακιαν
G3120	μαλακα μαλακοι μαλακοισ
G3126	μαμωνα
G3128	μανασση
G3129	εμαθεν εμαθεσ εμαθετε εμαθον μαθειν μαθετε μαθητε μαθων μανθανετω μανθανετωσαν μανθανοντα μανθανουσιν μανθανωσιν μεμαθηκωσ
G3130	μανιαν
G3132	μαντευομενη
G3133	μαρανθησεται
G3135	μαργαριται μαργαριταισ μαργαριτασ μαργαριτη μαργαριτην μαργαριτου μαργαριτων
G3136	μαρθαν μαρθασ
G3137	μαριαμ μαριαν μαριασ
G3138	μαρκον μαρκου
G3139	μαρμαρου
G3140	εμαρτυρει εμαρτυρειτο εμαρτυρηθη εμαρτυρηθησαν εμαρτυρησαμεν εμαρτυρησαν εμαρτυρησεν εμαρτυρουν μαρτυρει μαρτυρειν μαρτυρεισ μαρτυρειται μαρτυρειτε μαρτυρηθεντεσ μαρτυρησαι μαρτυρησαντοσ μαρτυρησασ μαρτυρησει μαρτυρηση μαρτυρησον μαρτυρησω μαρτυρουμεν μαρτυρουμενη μαρτυρουμενοσ μαρτυρουμενουσ μαρτυρουν μαρτυρουντεσ μαρτυρουντι μαρτυρουντοσ μαρτυρουντων μαρτυρουσαι μαρτυρουσησ μαρτυρουσιν μαρτυρω μαρτυρων μεμαρτυρηκα μεμαρτυρηκασ μεμαρτυρηκεν μεμαρτυρηται
G3141	μαρτυριαι μαρτυριαν μαρτυριασ
G3142	μαρτυριου
G3143	μαρτυρομενοσ
G3144	μαρτυρα μαρτυρασ μαρτυρεσ μαρτυροσ μαρτυρων μαρτυσιν
G3145	εμασωντο
G3146	εμαστιγωσεν μαστιγοι μαστιγωσαι μαστιγωσαντεσ μαστιγωσετε μαστιγωσουσιν
G3147	μαστιζειν
G3148	μαστιγασ μαστιγοσ μαστιγων μαστιξιν
G3149	μαστοι μαστοισ
G3150	ματαιολογιαν
G3151	ματαιολογοι
G3152	ματαια ματαιασ ματαιοι ματαιων
G3153	ματαιοτητι ματαιοτητοσ
G3154	εματαιωθησαν
G3156	μαθθαιον μαθθαιοσ
G3159	μαθθιαν
G3161	ματταθιου
G3162	μαχαιραι μαχαιραν μαχαιρη μαχαιρησ μαχαιρων
G3163	μαχαι μαχασ
G3164	εμαχοντο μαχεσθαι μαχεσθε μαχομενοισ
G3165	ημασ ημεισ ημιν ημων μοι μου
G3167	μεγαλεια
G3168	μεγαλειοτητι μεγαλειοτητοσ
G3169	μεγαλοπρεπουσ
G3170	εμεγαλυνεν εμεγαλυνετο μεγαλυνει μεγαλυνθηναι μεγαλυνθησεται μεγαλυνοντων μεγαλυνουσιν
G3172	μεγαλωσυνησ
G3173	μεγα μεγαλα μεγαλαι μεγαλαισ μεγαλασ μεγαλη μεγαλην μεγαλησ μεγαλοι μεγαλου μεγαλουσ μεγαλω μεγαλων μεγαν μεγιστα μειζον μειζονα μειζονασ μειζονεσ μειζονοσ μειζοτεραν μειζω μειζων
G3175	μεγιστανεσ μεγιστασιν
G3177	μεθερμηνευεται μεθερμηνευομενον
G3178	μεθαι μεθαισ
G3179	μεθισταναι μετασταθω μεταστησασ μετεστησεν
G3180	μεθοδειαν μεθοδειασ
G3182	εμεθυσθησαν μεθυσκεσθαι μεθυσκεσθε μεθυσκομενοι
G3183	μεθυσοι
G3184	μεθυει μεθυοντων μεθυουσαν μεθυουσιν μεθυσθωσιν
G3188	μελανι μελανοσ
G3189	μελαιναν
G3190	μελεα
G3191	εμελετησαν μελετα μελετατε
G3193	μελισσιου
G3195	εμελλεν εμελλον ημελλεν ημελλον μελλει μελλειν μελλεισ μελλετε μελλη μελλησετε μελλησω μελλομεν μελλον μελλοντα μελλοντασ μελλοντεσ μελλοντι μελλοντοσ μελλοντων μελλουσαν μελλουσησ μελλουσιν μελλων
G3196	μελεσιν μελη μελων
G3199	εμελεν μελει μελετω
G3200	μεμβρανασ
G3201	εμεμψαντο μεμφεται μεμφομενοσ
G3202	μεμψιμοιροι
G3304	μενουν
G3306	εμειναμεν εμειναν εμεινεν εμενεν εμενον μειναι μειναντεσ μεινατε μεινη μεινητε μεινον μεινωσιν μεμενηκεισαν μενε μενει μενειν μενεισ μενειτε μενετε μενετω μενη μενητε μενομεν μενον μενοντα μενοντοσ μενουσαν μενουσιν μενων
G3307	εμερισεν εμερισθη μεμερισται μερισασθαι μερισθεισα μερισθη
G3308	μεριμναι μεριμναισ μεριμναν μεριμνων
G3309	μεριμνα μεριμνασ μεριμνατε μεριμνησει μεριμνησητε μεριμνων μεριμνωσιν
G3310	μεριδα μεριδοσ
G3311	μερισμοισ μερισμου
G3312	μεριστην
G3313	μερει μερη μερουσ
G3314	μεσημβριαν
G3315	εμεσιτευσεν
G3316	μεσιτη μεσιτου
G3317	μεσονυκτιον μεσονυκτιου
G3318	μεσοποταμιαν
G3319	μεσησ μεσον μεσου μεσω
G3320	μεσοτοιχον
G3321	μεσουρανηματι
G3322	μεσουσησ
G3323	μεσσιαν
G3324	μεστη μεστοι μεστον μεστουσ
G3325	μεμεστωμενοι
G3326	μεθ μετ
G3327	μεταβα μεταβαινετε μεταβασ μεταβεβηκαμεν μεταβεβηκεν μεταβη μεταβηθι μεταβησεται μετεβη
G3328	μεταβαλομενοι
G3329	μεταγεται μεταγομεν
G3330	μεταδιδοναι μεταδιδουσ μεταδοτω μεταδουναι μεταδω
G3331	μεταθεσεωσ μεταθεσιν
G3332	μετηρεν
G3333	μετακαλεσαι μετακαλεσομαι μετεκαλεσατο
G3334	μετακινουμενοι
G3335	μεταλαβειν μεταλαβων μεταλαμβανει μεταλαμβανειν μετελαμβανον
G3336	μεταλημψιν
G3337	μετηλλαξαν
G3338	μεταμεληθεισ μεταμεληθησεται μεταμελομαι μετεμεληθητε μετεμελομην
G3339	μεταμορφουμεθα μεταμορφουσθε μετεμορφωθη
G3340	μετανοειν μετανοειτε μετανοησαι μετανοησαντων μετανοησατε μετανοηση μετανοησησ μετανοησον μετανοησουσιν μετανοησωσιν μετανοητε μετανοουντι μετανοω μετανοωσιν μετενοησαν
G3341	μετανοιαν μετανοιασ
G3343	μεταπεμπομενοσ μεταπεμφθεισ μεταπεμψαι μεταπεμψαμενοσ μεταπεμψασθαι μεταπεμψηται μετεπεμψασθε μετεπεμψατο
G3344	μεταστραφησεται μεταστρεψαι
G3345	μετασχηματιζεται μετασχηματιζομενοι μετασχηματιζονται μετασχηματισει μετεσχηματισα
G3346	μετατιθεμενησ μετατιθεντεσ μετατιθεσθε μετεθηκεν μετετεθη μετετεθησαν
G3348	μετεσχεν μετεσχηκεν μετεχειν μετεχομεν μετεχουσιν μετεχων
G3349	μετεωριζεσθε
G3350	μετοικεσιαν μετοικεσιασ
G3351	μετοικιω μετωκισεν
G3353	μετοχοι μετοχοισ μετοχουσ
G3354	εμετρησεν μετρειτε μετρηθησεται μετρηση μετρησησ μετρησον μετρουντεσ
G3355	μετρητασ
G3356	μετριοπαθειν
G3358	μετρου μετρω
G3359	μετωπου μετωπων
G3360	μεχρισ
G3361	μηποτε μηπω
G3366	μηδ
G3367	μηδεμιαν μηδεν μηδενα μηδενι μηδενοσ μηθεν
G3370	μηδοι
G3373	μηκυνηται
G3374	μηλωταισ
G3376	μηνα μηνασ μηνι
G3377	εμηνυσεν μηνυθεισησ μηνυσαντα μηνυση
G3382	μηρον
G3384	μητερα μητερασ μητρι μητροσ
G3388	μητραν μητρασ
G3389	μητρολωαισ
G3392	μεμιαμμενοισ μεμιανται μιαινουσιν μιανθωσιν
G3393	μιασματα
G3394	μιασμου
G3396	εμιξεν μεμιγμενα μεμιγμενην μεμιγμενον
G3398	μικρα μικραν μικροι μικρον μικροτερον μικροτεροσ μικρου μικρουσ μικρω μικρων
G3399	μιλητον μιλητου μιλητω
G3401	μιμεισθαι μιμεισθε μιμου
G3402	μιμηται
G3403	εμνησθη εμνησθημεν εμνησθην εμνησθησαν μεμνημενοσ μεμνησθε μιμνησκεσθε μιμνησκη μνησθηναι μνησθησ μνησθησομαι μνησθητε μνησθητι μνησθω
G3404	εμισησα εμισησαν εμισησασ εμισησεν εμισουν μεμισηκασιν μεμισηκεν μεμισημενου μισει μισειν μισεισ μιση μισησει μισησεισ μισησουσιν μισησωσιν μισουμενοι μισουντασ μισουντεσ μισουντων μισουσιν μισω μισων
G3405	μισθαποδοσιαν
G3407	μισθιοι μισθιων
G3408	μισθον μισθου
G3409	εμισθωσατο μισθωσασθαι
G3410	μισθωματι
G3411	μισθωτων
G3412	μιτυληνην
G3414	μναν μνασ
G3416	μνασωνι
G3417	μνειαν
G3418	μνημασιν μνηματι
G3419	μνημεια μνημειοισ μνημειου μνημειω μνημειων
G3420	μνημην
G3421	εμνημονευον εμνημονευσεν μνημονευε μνημονευει μνημονευειν μνημονευετε μνημονευητε μνημονευοντεσ μνημονευωμεν
G3423	εμνηστευμενη εμνηστευμενην μνηστευθεισησ
G3424	μογιλαλον
G3426	μοδιον
G3428	μοιχαλιδα μοιχαλιδεσ μοιχαλιδι μοιχαλιδοσ
G3429	μοιχαται
G3430	μοιχειαι
G3431	εμοιχευσεν μοιχευει μοιχευειν μοιχευεισ μοιχευθηναι μοιχευομενη μοιχευοντασ μοιχευσεισ μοιχευσησ
G3432	μοιχοι μοιχουσ
G3435	εμολυναν εμολυνθησαν μολυνεται
G3436	μολυσμου
G3437	μομφην
G3438	μοναι μονην
G3439	μονογενη μονογενουσ
G3441	μονα μονασ μονην μονοι μονοισ μονον μονου μονουσ μονω
G3442	μονοφθαλμον
G3443	μεμονωμενη
G3444	μορφην
G3445	μορφωθη
G3446	μορφωσιν
G3447	εμοσχοποιησαν
G3448	μοσχον μοσχω μοσχων
G3449	μοχθον μοχθω
G3451	μουσικων
G3452	μυελων
G3453	μεμυημαι
G3454	μυθοισ μυθουσ
G3455	μυκαται
G3456	μυκτηριζεται
G3458	μυλου μυλω
G3461	μυριαδασ μυριαδεσ μυριαδων μυριασιν
G3462	μυρισαι
G3463	μυριουσ μυριων
G3464	μυρα μυρου μυρω
G3465	μυσιαν
G3466	μυστηρια μυστηριου μυστηριω μυστηριων
G3467	μυωπαζων
G3468	μωλωπι
G3469	μωμηθη μωμησηται
G3470	μωμοι
G3471	εμωρανεν εμωρανθησαν μωρανθη
G3472	μωριαν μωριασ
G3474	μωρα μωραι μωρασ μωρε μωροι μωρον μωρω
G3475	μωυσεα μωυσει μωυσεωσ μωυση μωυσην
G3478	ναζαρετ
G3479	ναζαρηνε ναζαρηνον ναζαρηνου
G3480	ναζωραιον ναζωραιου ναζωραιων
G3481	ναθαμ
G3485	ναοισ ναον ναου ναουσ ναω
G3487	ναρδου
G3488	ναρκισσου
G3489	εναυαγησα εναυαγησαν
G3490	ναυκληρω
G3491	ναυν
G3492	ναυται ναυτων
G3494	νεανιαν νεανιου
G3495	νεανισκε νεανισκοι νεανισκον
G3498	νεκρα νεκραν νεκροι νεκροισ νεκρον νεκρου νεκρουσ νεκρων
G3499	νεκρωσατε νενεκρωμενον νενεκρωμενου
G3500	νεκρωσιν
G3501	νεαν νεασ νεον νεωτερασ νεωτεροι νεωτεροσ νεωτερουσ
G3502	νοσσουσ
G3503	νεοτητοσ
G3504	νεοφυτον
G3505	νερωνι
G3506	νευει νευσαντοσ
G3507	νεφελαι νεφελαισ νεφελην νεφελησ νεφελων
G3508	νεφθαλιμ
G3510	νεφρουσ
G3511	νεωκορον
G3512	νεωτερικασ
G3514	νηθει νηθουσιν
G3515	νηπιαζετε
G3516	νηπιοι νηπιοισ νηπιου νηπιων
G3517	νηρεα
G3520	νησον νησου νησω
G3521	νηστειαισ νηστειαν νηστειων
G3522	νηστευειν νηστευητε νηστευομεν νηστευοντεσ νηστευοντων νηστευουσιν νηστευσαι νηστευσαντεσ νηστευσασ νηστευσουσιν νηστευων
G3523	νηστεισ
G3524	νηφαλιον νηφαλιουσ
G3525	νηφε νηφοντεσ νηφωμεν νηψατε
G3527	νικανορα
G3528	ενικησα ενικησαν ενικησεν νενικηκα νενικηκατε νικα νικησαι νικησασα νικησει νικησεισ νικηση νικω νικων νικωντασ νικωντι
G3531	νικολαιτων
G3532	νικολαον
G3533	νικοπολεωσ νικοπολιν
G3536	νινευιται νινευιταισ
G3537	νιπτηρα
G3538	ενιψα ενιψαμην ενιψατο ενιψεν νιπτειν νιπτεισ νιπτονται νιψαι νιψαμενοσ νιψασθαι νιψησ νιψω νιψωνται
G3539	νοει νοειτε νοειτω νοησαι νοησωσιν νοουμεν νοουμενα νοουντεσ
G3540	νοηματα
G3541	νοθοι
G3542	νομην
G3543	ενομιζεν ενομιζετο ενομιζομεν ενομιζον ενομισαν ενομισασ νομιζει νομιζειν νομιζοντεσ νομιζοντων νομιζων νομισαντεσ νομισητε
G3544	νομικασ νομικοι νομικοισ νομικον νομικουσ νομικων
G3547	νομοδιδασκαλοι
G3549	νενομοθετηται
G3551	νομον νομου νομουσ νομω
G3552	νοσων
G3553	νοσηματι
G3554	νοσοισ νοσον νοσουσ νοσων
G3555	νοσσιαν
G3556	νοσσια
G3557	ενοσφισατο νοσφιζομενουσ νοσφισασθαι
G3558	νοτον νοτου
G3559	νουθεσιαν
G3560	νουθετειν νουθετειτε νουθετουντασ νουθετουντεσ νουθετων
G3561	νεομηνιασ
G3563	νοι νοοσ νουν
G3564	νυμφαν
G3565	νυμφην νυμφησ
G3566	νυμφιον νυμφιου
G3567	νυμφωνοσ
G3571	νυκτα νυκτασ νυκτι νυκτοσ
G3572	ενυξεν
G3573	ενυσταξαν νυσταζει
G3576	νωθροι
G3578	ξενιαν
G3579	εξενισεν ξενιζεσθε ξενιζεται ξενιζοντα ξενιζονται ξενισαντεσ ξενισθωμεν
G3580	εξενοδοχησεν
G3581	ξεναισ ξενοι ξενοισ ξενον ξενου ξενουσ ξενων
G3582	ξεστων
G3583	εξηραμμενην εξηρανεν εξηρανθη εξηρανται ξηραινεται
G3584	ξηρα ξηραν ξηρασ ξηρω ξηρων
G3585	ξυλινα
G3586	ξυλα ξυλου ξυλω ξυλων
G3587	εξυρημενη ξυρασθαι ξυρησονται
G3588	αι η οι τα ταισ τασ τη την τησ το τοισ τον του τουσ τω των
G3590	ογδοη ογδοον
G3591	ογκον
G3592	ταδε τηδε τηνδε
G3593	οδευων
G3594	οδηγειν οδηγη οδηγησει
G3595	οδηγοι οδηγον οδηγου
G3596	οδοιπορουντων
G3597	οδοιποριαισ οδοιποριασ
G3598	οδοι οδοισ οδον οδου οδουσ οδω οδων
G3599	οδοντα οδοντασ οδοντεσ οδοντοσ οδοντων
G3600	οδυνασαι οδυνωμαι οδυνωμενοι
G3601	οδυναισ
G3602	οδυρμον
G3604	οζιαν
G3605	οζει
G3607	οθονην
G3608	οθονια οθονιοισ οθονιων
G3609	οικειοι οικειουσ οικειων
G3610	οικεται οικετην οικετου οικετων
G3611	οικει οικειν οικουσα οικων
G3612	οικηματι
G3614	οικιαν οικιασ οικιων
G3615	οικιακοι οικιακουσ
G3616	οικοδεσποτειν
G3617	οικοδεσποτη οικοδεσποτην οικοδεσποτου
G3618	οικοδομει οικοδομειν οικοδομεισθε οικοδομειται οικοδομειτε οικοδομηθη οικοδομηθησεται οικοδομησαι οικοδομησαντι οικοδομησεν οικοδομησετε οικοδομησθαι οικοδομησω οικοδομουμενη οικοδομουντεσ οικοδομουντι οικοδομω οικοδομων ωκοδομησεν ωκοδομητο ωκοδομουν
G3619	οικοδομαι οικοδομασ οικοδομην οικοδομησ
G3621	οικονομειν
G3622	οικονομιαν οικονομιασ
G3623	οικονομοι οικονομοισ οικονομον οικονομουσ
G3624	οικοισ οικον οικου οικουσ οικω οικων
G3625	οικουμενην οικουμενησ
G3627	οικτιρησω οικτιρω
G3628	οικτιρμοι οικτιρμου οικτιρμων
G3629	οικτιρμονεσ
G3631	οινον οινου οινω
G3632	οινοφλυγιαισ
G3633	οιεσθω οιμαι
G3634	οια οιοι οιον οιου οιουσ
G3635	οκνησησ
G3636	οκνηρε οκνηροι οκνηρον
G3639	ολεθρον
G3640	ολιγοπιστε ολιγοπιστοι
G3641	ολιγα ολιγαι ολιγασ ολιγην ολιγησ ολιγοι ολιγοισ ολιγον ολιγου ολιγω ολιγων
G3642	ολιγοψυχουσ
G3643	ολιγωρει
G3644	ολοθρευτου
G3645	ολοθρευων
G3646	ολοκαυτωματα ολοκαυτωματων
G3647	ολοκληριαν
G3648	ολοκληροι ολοκληρον
G3649	ολολυζοντεσ
G3650	ολη ολην ολησ ολον ολου ολουσ ολω
G3651	ολοτελεισ
G3652	ολυμπαν
G3653	ολυνθουσ
G3656	ομιλειν ομιλησασ ωμιλει ωμιλουν
G3657	ομιλιαι
G3659	ομματα ομματων
G3660	ομνυει ομνυειν ομνυετε ομνυναι ομνυουσιν ομοσαι ομοσασ ομοση ομοσησ ωμοσα ωμοσεν
G3662	ομοιαζει
G3663	ομοιοπαθεισ
G3664	ομοια ομοιαι ομοιασ ομοιοι ομοιον
G3665	ομοιοτητα
G3666	ομοιωθεντεσ ομοιωθηναι ομοιωθησεται ομοιωθητε ομοιωσω ομοιωσωμεν ωμοιωθη ωμοιωθημεν
G3667	ομοιωματα ομοιωματι
G3669	ομοιωσιν
G3670	ομολογει ομολογειται ομολογησαντεσ ομολογησει ομολογηση ομολογησησ ομολογησω ομολογουντεσ ομολογουντων ομολογουσιν ομολογω ομολογωμεν ομολογων ωμολογησασ ωμολογησεν ωμολογουν
G3671	ομολογιαν ομολογιασ
G3673	ομοτεχνον
G3675	ομοφρονεσ
G3679	ονειδιζειν ονειδιζεσθε ονειδιζοντοσ ονειδιζοντων ονειδισωσιν ωνειδιζον ωνειδισεν
G3680	ονειδισμοι ονειδισμοισ ονειδισμον
G3682	ονησιμον ονησιμου ονησιμω
G3683	ονησιφορου
G3685	οναιμην
G3686	ονοματα ονοματι ονοματοσ ονοματων
G3687	ονομαζειν ονομαζεσθω ονομαζεται ονομαζομενοσ ονομαζομενου ονομαζων ωνομασεν ωνομασθη
G3688	ονον ονου
G3690	οξουσ
G3691	οξεια οξειαν οξεισ οξυ
G3692	οπαισ οπησ
G3695	οπλισασθε
G3696	οπλα οπλων
G3697	οποιαν οποιοι οποιον
G3700	οπτανομενοσ οφθεισ οφθεντεσ οφθεντοσ οφθησεται οφθησομαι οψεσθε οψεται οψησθε οψομεθα οψονται ωφθη ωφθην ωφθησαν
G3701	οπτασιαν οπτασιασ
G3702	οπτου
G3705	οραματι οραματοσ
G3706	ορασει ορασεισ
G3707	ορατα
G3708	εορακα εορακαν εορακεν εωρακα εωρακαμεν εωρακαν εωρακασ εωρακασιν εωρακατε εωρακει εωρακεν εωρακεναι εωρακοτεσ εωρακωσ ορα ορατε ορω ορωμεν ορων ορωντεσ ορωσαι οψη οψομαι
G3709	οργην οργησ
G3710	οργιζεσθε οργιζομενοσ οργισθεισ ωργισθη ωργισθησαν
G3711	οργιλον
G3712	οργυιασ
G3713	ορεγεται ορεγομενοι ορεγονται
G3714	ορεινη ορεινην
G3715	ορεξει
G3716	ορθοποδουσιν
G3717	ορθασ
G3718	ορθοτομουντα
G3719	ωρθριζεν
G3720	ορθριναι
G3722	ορθρον ορθρου
G3724	οριζει ορισασ ορισθεντοσ ωρισαν ωρισεν ωρισμενη ωρισμενον ωρισμενοσ
G3725	ορια οριοισ οριων
G3727	ορκον ορκου ορκουσ ορκω
G3728	ορκωμοσιασ
G3729	ωρμησαν ωρμησεν
G3731	ορμηματι
G3732	ορνεα ορνεοισ ορνεου
G3734	οροθεσιασ
G3735	ορει ορεσιν ορεων ορη ορουσ
G3736	ωρυξεν
G3737	ορφανουσ
G3738	ορχησαμενησ ωρχησασθε ωρχησατο
G3739	α αι αισ ασ η ην ησ ο οι οισ ον ου ουσ ω ων
G3741	οσια οσιον οσιουσ
G3742	οσιοτητι
G3744	οσμην οσμησ
G3745	οσα οσαι οσοι οσον οσουσ οσω οσων
G3747	οστεα οστεων οστουν
G3748	αιτινεσ ατινα ητισ οιτινεσ οτου
G3749	οστρακινα οστρακινοισ
G3751	οσφυασ οσφυεσ οσφυι οσφυν οσφυοσ
G3756	ουκ ουκετι ουχ
G3761	ουδ
G3762	ουδεμια ουδεμιαν ουδεν ουδενα ουδενι ουδενοσ ουθεν ουθενοσ
G3769	ουραι ουραισ ουρασ
G3770	ουρανιου ουρανιω
G3772	ουρανε ουρανοι ουρανοισ ουρανον ουρανου ουρανουσ ουρανω ουρανων
G3773	ουρβανον
G3774	ουριου
G3775	ωσιν ωτα
G3776	ουσιαν ουσιασ
G3778	αυται αυτη ουτοι ταυτα ταυταισ ταυτασ ταυτη ταυτην ταυτησ τουτ τουτο τουτοισ τουτον τουτου τουτουσ τουτω τουτων
G3779	ουτω
G3781	οφειλεται οφειλεταισ
G3782	οφειλασ οφειλην
G3783	οφειληματα
G3784	οφειλει οφειλεισ οφειλετε οφειλομεν οφειλομενον οφειλοντεσ οφειλοντι οφειλουσιν ωφειλεν ωφειλετε ωφειλομεν ωφειλον
G3787	οφθαλμοδουλια οφθαλμοδουλιαν
G3788	οφθαλμοι οφθαλμοισ οφθαλμον οφθαλμου οφθαλμουσ οφθαλμω οφθαλμων
G3789	οφεισ οφεσιν οφεων οφεωσ οφιν
G3790	οφρυοσ
G3791	οχλουμενουσ
G3792	οχλοποιησαντεσ
G3793	οχλοι οχλοισ οχλον οχλου οχλουσ οχλω οχλων
G3794	οχυρωματων
G3795	οψαρια οψαριων
G3797	οψιμον
G3798	οψιασ
G3799	οψιν
G3800	οψωνια οψωνιοισ
G3802	παγιδευσωσιν
G3803	παγιδα παγιδοσ
G3804	παθημασιν παθηματα παθηματων
G3806	παθει παθη
G3807	παιδαγωγον παιδαγωγουσ
G3809	παιδειαν παιδειασ
G3810	παιδευτασ παιδευτην
G3811	επαιδευθη επαιδευον παιδευει παιδευθωσιν παιδευομεθα παιδευομενοι παιδευοντα παιδευουσα παιδευσασ πεπαιδευμενοσ
G3813	παιδια παιδιοισ παιδιου παιδιων
G3814	παιδισκασ παιδισκην παιδισκησ παιδισκων
G3815	παιζειν
G3816	παιδα παιδασ παιδοσ παιδων παισιν
G3817	επαισεν παισασ παιση
G3820	παλαια παλαιαν παλαιασ παλαιον παλαιου παλαιουσ παλαιω
G3821	παλαιοτητι
G3822	παλαιουμενα παλαιουμενον παλαιωθησονται πεπαλαιωκεν
G3824	παλιγγενεσιασ
G3828	παμφυλιαν παμφυλιασ
G3830	πανδοχει
G3832	πανοικει
G3833	πανοπλιαν
G3834	πανουργιαν
G3838	παντελεσ
G3841	παντοκρατοροσ
G3844	παρ
G3845	παραβαινετε παραβαινουσιν παρεβη
G3846	παρεβαλομεν
G3847	παραβασει παραβασεων παραβασεωσ
G3848	παραβαται παραβατην
G3849	παρεβιασαντο παρεβιασατο
G3850	παραβολαισ παραβολασ παραβολην παραβολησ
G3851	παραβολευσαμενοσ
G3852	παραγγελιαν παραγγελιασ
G3853	παραγγειλαντεσ παραγγειλασ παραγγειλησ παραγγελλε παραγγελλει παραγγελλειν παραγγελλομεν παραγγελλων παρηγγειλαμεν παρηγγειλαν παρηγγειλεν παρηγγελλομεν παρηγγελμενα
G3854	παραγενομενοι παραγενομενον παραγενομενοσ παραγενομενου παραγενομενουσ παραγενωμαι παραγενωνται παραγινεται παρεγενετο παρεγενομην παρεγενοντο παρεγινοντο
G3855	παραγει παραγεται παραγοντα παραγοντι παραγων παρηγεν
G3856	παραδειγματιζοντασ
G3857	παραδεισον παραδεισω
G3858	παραδεξονται παραδεχεσθαι παραδεχεται παραδεχονται παραδεχου παρεδεχθησαν
G3859	διαπαρατριβαι
G3860	παραδεδομενοι παραδεδοται παραδεδωκεισαν παραδεδωκοσιν παραδιδομεθα παραδιδοναι παραδιδοντα παραδιδοντεσ παραδιδοντοσ παραδιδοσθαι παραδιδοται παραδιδουσ παραδιδω παραδιδωσ παραδοθεισ παραδοθειση παραδοθεισησ παραδοθηναι παραδοθησεσθε παραδοθησεται παραδοθω παραδοι παραδοντοσ παραδουναι παραδουσ παραδω παραδωσει παραδωσιν παραδωσουσιν παραδωσω παραδωσων παρεδιδετο παρεδιδοσαν παρεδιδου παρεδιδουν παρεδοθη παρεδοθην παρεδοθητε παρεδοσαν παρεδωκα παρεδωκαμεν παρεδωκαν παρεδωκασ παρεδωκατε παρεδωκεν
G3861	παραδοξα
G3862	παραδοσει παραδοσεισ παραδοσεων παραδοσιν
G3863	παραζηλουμεν παραζηλωσαι παραζηλωσω
G3864	παραθαλασσιαν
G3865	παρεθεωρουντο
G3866	παραθηκην
G3867	παραινω παρηνει
G3868	παραιτεισθαι παραιτησαμενοι παραιτησησθε παραιτου παραιτουμαι παρητημενον παρητησαντο παρητουντο
G3869	παρακαθεσθεισα
G3870	παρακαλει παρακαλειν παρακαλεισθε παρακαλειται παρακαλειτε παρακαλεσαι παρακαλεσασ παρακαλεση παρακαλεσον παρακαλουμεθα παρακαλουμεν παρακαλουντεσ παρακαλουντοσ παρακαλουσιν παρακαλω παρακαλων παρακαλωνται παρακεκλημεθα παρακληθηναι παρακληθησονται παρακληθωσιν παρεκαλει παρεκαλεσα παρεκαλεσαν παρεκαλεσασ παρεκαλεσεν παρεκαλουμεν παρεκαλουν παρεκληθη παρεκληθημεν παρεκληθησαν
G3871	παρακεκαλυμμενον
G3873	παρακειται
G3874	παρακλησει παρακλησεωσ παρακλησιν
G3875	παρακλητον
G3876	παρακοην παρακοησ
G3877	παρακολουθησει παρηκολουθηκασ παρηκολουθηκοτι παρηκολουθησασ
G3878	παρακουσασ παρακουση
G3879	παρακυψαι παρακυψασ παρεκυψεν
G3880	παραλαβε παραλαβειν παραλαβοντα παραλαβοντεσ παραλαβων παραλαμβανει παραλαμβανεται παραλαμβανοντεσ παραλαμβανουσιν παραλημφθησεται παραλημψομαι παρελαβεν παρελαβεσ παρελαβετε παρελαβον παρελαβοσαν
G3881	παραλεγομενοι παρελεγοντο
G3882	παραλιου
G3884	παραλογιζηται παραλογιζομενοι
G3885	παραλυτικον παραλυτικουσ παραλυτικω
G3886	παραλελυμενα παραλελυμενοι παραλελυμενοσ παραλελυμενω
G3887	παραμεινασ παραμενειν
G3888	παραμυθεισθε παραμυθησωνται παραμυθουμενοι
G3889	παραμυθιαν
G3891	παρανομων
G3892	παρανομιασ
G3893	παρεπικραναν
G3894	παραπικρασμω
G3895	παραπεσοντασ
G3896	παραπλευσαι
G3899	παραπορευεσθαι παραπορευομενοι παρεπορευοντο
G3900	παραπτωμασιν παραπτωματα παραπτωματι παραπτωματοσ παραπτωματων
G3901	παραρυωμεν
G3902	παρασημω
G3903	παρασκευαζοντων παρασκευασεται παρεσκευασμενοι παρεσκευασται
G3904	παρασκευην παρασκευησ
G3905	παρετεινεν
G3906	παρατηρεισθε παρατηρησαντεσ παρατηρουμενοι παρετηρουν παρετηρουντο
G3907	παρατηρησεωσ
G3908	παραθειναι παραθησω παραθου παρατιθεμαι παρατιθεμενα παρατιθεμενον παρατιθεμενοσ παρατιθεναι παρατιθεσθωσαν παρατιθωσιν παρεθεντο παρεθηκαν παρεθηκεν
G3909	παρατυγχανοντασ
G3911	παραφερεσθε παραφερομεναι παρενεγκε
G3912	παραφρονων
G3913	παραφρονιαν
G3914	παρακεχειμακοτι παραχειμασαι παραχειμασω
G3915	παραχειμασιαν
G3917	παρδαλει
G3918	παρει παρειναι παρεισιν παρεσμεν παρεσται παρεστε παρεστιν παρησαν παρον παροντεσ παροντοσ παρουση παρουσιν παρων
G3919	παρεισαξουσιν
G3920	παρεισακτουσ
G3921	παρεισεδυσαν
G3922	παρεισηλθεν παρεισηλθον
G3923	παρεισενεγκαντεσ
G3925	παρεμβολασ παρεμβολην παρεμβολησ
G3926	παρενοχλειν
G3927	παρεπιδημοι παρεπιδημοισ παρεπιδημουσ
G3928	παρελευσεται παρελευσονται παρεληλυθεναι παρεληλυθωσ παρελθατω παρελθειν παρελθη παρελθοντεσ παρελθων παρελθωσιν παρερχεσθε παρερχεται παρηλθεν παρηλθον
G3929	παρεσιν
G3930	παρασχων παρειχεν παρειχετο παρειχον παρεξη παρεσχον παρεχε παρεχειν παρεχεσθε παρεχετε παρεχετω παρεχομενοσ παρεχοντι παρεχουσιν
G3932	παρθενιασ
G3933	παρθενοι παρθενοισ παρθενον παρθενου παρθενων
G3934	παρθοι
G3935	παρειμενασ
G3936	παραστηναι παραστησαι παραστησατε παραστησει παραστηση παραστησομεθα παραστησωμεν παραστητε παρειστηκεισαν παρεστη παρεστηκεν παρεστηκοτων παρεστηκωσ παρεστησαν παρεστησατε παρεστησεν παρεστωσιν παρεστωτα παρεστωτεσ παριστανετε
G3937	παρμεναν
G3938	παροδω
G3939	παροικεισ παρωκησεν
G3940	παροικιασ
G3941	παροικοι παροικον παροικουσ
G3942	παροιμιαισ παροιμιαν παροιμιασ
G3943	παροινον
G3944	παρωχημεναισ
G3945	παρομοιαζετε
G3946	παρομοια
G3947	παροξυνεται παρωξυνετο
G3948	παροξυσμον
G3949	παροργιζετε παροργιω
G3950	παροργισμω
G3951	παρωτρυναν
G3952	παρουσιαν παρουσιασ
G3953	παροψιδοσ
G3954	παρρησιαν παρρησιασ
G3955	επαρρησιαζετο επαρρησιασαμεθα επαρρησιασατο παρρησιαζεσθαι παρρησιαζομενοι παρρησιαζομενοσ παρρησιασαμενοι παρρησιασωμαι
G3956	παν παντα παντασ παντεσ παντι παντοσ παντων πασα πασαι πασαισ πασαν πασασ παση πασησ πασιν πασων
G3958	επαθεν επαθετε επαθον παθειν παθη παθοντασ παθοντοσ παθουσα παθων πασχει πασχειν πασχετε πασχετω πασχοιτε πασχομεν πασχοντεσ πασχων πεπονθασιν πεπονθεν
G3960	επαταξεν παταξαι παταξασ παταξη παταξομεν παταξω
G3961	επατηθη πατει πατειν πατησουσιν πατουμενη
G3962	πατερ πατερα πατερασ πατερεσ πατερων πατρασιν πατρι πατροσ
G3963	πατμω
G3964	πατρολωαισ
G3965	πατριαι πατριασ
G3966	πατριαρχαι πατριαρχασ πατριαρχου
G3967	πατρικων
G3968	πατριδα πατριδι
G3969	πατροβαν
G3970	πατροπαραδοτου
G3971	πατρωοισ πατρωου πατρωω
G3972	παυλε παυλον παυλου παυλω
G3973	επαυοντο επαυσαμην επαυσαντο επαυσατο παυεται παυομαι παυομεθα παυσασθαι παυσατω παυση παυσονται πεπαυται
G3974	παφου
G3975	επαχυνθη
G3976	πεδαισ πεδασ
G3977	πεδινου
G3978	πεζευειν
G3980	πειθαρχειν πειθαρχησαντασ πειθαρχουσιν
G3981	πειθοισ
G3982	επειθεν επειθετο επειθον επειθοντο επεισαν επεισθησαν επεποιθει πειθεισ πειθεσθαι πειθεσθε πειθομαι πειθομεθα πειθομεν πειθομενοισ πειθομενου πειθων πεισαντεσ πεισασ πεισθεντεσ πεισθησ πεισθησονται πεισομεν πεπεισμαι πεπεισμεθα πεπεισμενοσ πεποιθα πεποιθαμεν πεποιθασ πεποιθεν πεποιθεναι πεποιθοτασ πεποιθοτεσ πεποιθωσ
G3983	επεινασα επεινασαν επεινασεν πεινα πειναν πεινασετε πειναση πεινασουσιν πεινωμεν πεινωντα πεινωντασ πεινωντεσ
G3984	πειραν
G3985	επειραζεν επειραζον επειρασαν επειρασασ επειρασεν επειρασθησαν πειραζει πειραζεται πειραζετε πειραζη πειραζομαι πειραζομενοισ πειραζομενοσ πειραζοντεσ πειραζων πειρασαι πειρασθεισ πειρασθηναι πειρασθησ πειρασθητε πεπειρασμενον
G3986	πειρασμοισ πειρασμον πειρασμου πειρασμω πειρασμων
G3987	επειρωντο
G3989	πελαγει
G3990	πεπελεκισμενων
G3991	πεμπτην
G3992	επεμφθη επεμψα επεμψαμεν επεμψατε επεμψεν πεμπει πεμπειν πεμπομενοισ πεμποντα πεμφθεντεσ πεμψαι πεμψαντα πεμψαντεσ πεμψαντι πεμψαντοσ πεμψασ πεμψασιν πεμψει πεμψησ πεμψον πεμψουσιν πεμψω
G3993	πενησιν
G3994	πενθεραν πενθερασ
G3996	επενθησατε πενθειν πενθησατε πενθησετε πενθησω πενθουντεσ πενθουσιν
G3998	πενιχραν
G4000	πεντακισχιλιουσ πεντακισχιλιων
G4001	πεντακοσια πεντακοσιοισ
G4003	πεντεκαιδεκατω
G4005	πεντηκοστησ
G4006	πεποιθησει πεποιθησιν
G4009	περατα περατων
G4010	περγαμον περγαμω
G4011	περγην περγησ
G4013	περιαγειν περιαγετε περιαγων περιηγεν
G4014	περιαιρειται περιελειν περιελοντεσ περιηρειτο
G4015	περιαστραψαι περιηστραψεν
G4016	περιβαλειται περιβαλη περιβαληται περιβαλου περιβαλωμεθα περιβαλων περιβεβλημενη περιβεβλημενοι περιβεβλημενον περιβεβλημενοσ περιβεβλημενουσ περιεβαλετε περιεβαλετο περιεβαλομεν περιεβαλον
G4017	περιβλεψαμενοι περιβλεψαμενοσ περιεβλεπετο
G4018	περιβολαιου
G4019	περιεδεδετο
G4020	περιεργαζομενουσ
G4021	περιεργα περιεργοι
G4022	περιερχομεναι περιερχομενων περιηλθον
G4023	περιεσχεν περιεχει
G4024	περιεζωσμεναι περιεζωσμενοι περιεζωσμενον περιζωσαμενοι περιζωσαμενοσ περιζωσεται
G4025	περιθεσεωσ
G4026	περιεστησαν περιεστωτα περιιστασο
G4027	περικαθαρματα
G4028	περικαλυπτειν περικαλυψαντεσ περικεκαλυμμενην
G4029	περικειμενον περικειται
G4030	περικεφαλαιαν
G4031	περικρατεισ
G4032	περιεκρυβεν
G4033	περικυκλωσουσιν
G4034	περιελαμψεν περιλαμψαν
G4035	περιλειπομενοι
G4036	περιλυπον
G4037	περιμενειν
G4039	περιοικουντασ
G4040	περιοικοι
G4041	περιουσιον
G4043	περιεπατει περιεπατεισ περιεπατησαμεν περιεπατησατε περιεπατησεν περιεπατουν περιπατει περιπατειν περιπατεισ περιπατειτε περιπατειτω περιπατη περιπατησαι περιπατηση περιπατησουσιν περιπατησωμεν περιπατητε περιπατουμεν περιπατουντα περιπατουντασ περιπατουντεσ περιπατουντι περιπατουντοσ περιπατουσιν περιπατωμεν περιπατων
G4044	περιεπειραν
G4045	περιεπεσεν περιπεσητε περιπεσοντεσ
G4046	περιεποιησατο περιποιησασθαι περιποιουνται
G4047	περιποιησεωσ περιποιησιν
G4048	περιρηξαντεσ
G4049	περιεσπατο
G4050	περισσειαν
G4051	περισσευματα περισσευματοσ
G4052	επερισσευον επερισσευσαν επερισσευσεν περισσευει περισσευειν περισσευετε περισσευη περισσευητε περισσευθησεται περισσευομεν περισσευον περισσευονται περισσευοντεσ περισσευοντοσ περισσευουσα περισσευσαι περισσευσαν περισσευσαντα περισσευση
G4053	περισσον περισσου
G4055	περισσοτερα περισσοτεραν περισσοτερον
G4058	περιστεραι περιστεραν περιστερασ περιστερων
G4059	περιετεμεν περιετμηθητε περιτεμειν περιτεμνειν περιτεμνεσθαι περιτεμνεσθω περιτεμνετε περιτεμνησθε περιτεμνομενοι περιτεμνομενω περιτετμημενοσ περιτμηθηναι περιτμηθητε
G4060	περιεθηκαν περιεθηκεν περιθεισ περιθεντεσ περιτιθεασιν περιτιθεμεν
G4061	περιτομην περιτομησ
G4062	περιτρεπει
G4063	περιεδραμον
G4064	περιφερειν περιφερομενοι περιφεροντεσ
G4065	περιφρονειτω
G4066	περιχωρον περιχωρου περιχωρω
G4068	περπερευεται
G4069	περσιδα
G4071	πετεινα πετεινων
G4072	πετηται πετομενοισ πετομενον πετομενου πετομενω
G4073	πετραι πετραισ πετραν πετρασ
G4074	πετρε πετρον πετρου πετρω
G4075	πετρωδεσ πετρωδη
G4077	πηγαι πηγασ πηγησ
G4078	επηξεν
G4079	πηδαλιου πηδαλιων
G4080	πηλικοισ
G4081	πηλον πηλου
G4082	πηραν πηρασ
G4083	πηχυν πηχων
G4084	επιασαν επιασατε επιασεν επιασθη πιασαι πιασασ πιασωσιν
G4085	πεπιεσμενον
G4087	επικρανθη επικρανθησαν πικραινεσθε πικρανει
G4088	πικριασ
G4089	πικρον
G4091	πιλατον πιλατου πιλατω
G4092	πιμπρασθαι
G4094	πινακι πινακοσ
G4095	επιεν επινον επιομεν επιον πειν πεπωκαν πιε πιειν πιεσαι πιεσθε πιεται πιετε πιη πιητε πινει πινειν πινετε πινετω πινη πινητε πινοντεσ πινουσιν πινων πιουσα πιω πιωμεν πιων πιωσιν
G4096	πιοτητοσ
G4097	επιπρασκον επραθη πεπρακεν πεπραμενοσ πιπρασκομενων πραθεν πραθηναι
G4098	επεσα επεσαν επεσεν επιπτεν πεπτωκασ πεπτωκοτα πεπτωκυιαν πεσειν πεσειται πεσετε πεση πεσητε πεσον πεσοντα πεσοντασ πεσοντεσ πεσουνται πεσων πεσωσιν πιπτει πιπτοντεσ πιπτοντων
G4099	πισιδιαν
G4100	επιστευεν επιστευετε επιστευθη επιστευθην επιστευθησαν επιστευον επιστευσα επιστευσαμεν επιστευσαν επιστευσασ επιστευσατε επιστευσεν πεπιστευκα πεπιστευκαμεν πεπιστευκασ πεπιστευκατε πεπιστευκεισαν πεπιστευκεν πεπιστευκοσιν πεπιστευκοτασ πεπιστευκοτεσ πεπιστευκοτων πεπιστευκωσ πεπιστευμαι πιστευε πιστευει πιστευειν πιστευεισ πιστευεται πιστευετε πιστευη πιστευητε πιστευθηναι πιστευομεν πιστευοντα πιστευοντασ πιστευοντεσ πιστευοντι πιστευοντων πιστευουσιν πιστευσαι πιστευσαντασ πιστευσαντεσ πιστευσαντων πιστευσασ πιστευσασα πιστευσασιν πιστευσει πιστευσετε πιστευσησ πιστευσητε πιστευσομεν πιστευσον πιστευσουσιν πιστευσω πιστευσωμεν πιστευσωσιν πιστευων
G4101	πιστικησ
G4102	πιστει πιστεωσ πιστιν
G4103	πιστα πιστασ πιστε πιστη πιστην πιστησ πιστοι πιστοισ πιστον πιστου πιστουσ πιστω πιστων
G4104	επιστωθησ
G4105	επλανηθησαν επλανησεν πεπλανημενοισ πεπλανησθε πλανα πλανασθε πλανατω πλανηθη πλανηθητε πλανησαι πλανηση πλανησουσιν πλανωμεν πλανωμενοι πλανωμενοισ πλανωμενον πλανων πλανωνται πλανωντεσ πλανωντων
G4106	πλανησ
G4107	πλανηται
G4108	πλανοι πλανοισ
G4109	πλακεσ πλαξιν
G4111	επλασθη πλασαντι
G4112	πλαστοισ
G4115	πεπλατυνται πλατυνθητε πλατυνουσιν
G4116	πλατεια πλατειαισ πλατειασ πλατειων
G4117	πλεγμασιν
G4118	πλεισται πλειστον
G4119	πλειονα πλειονασ πλειονεσ πλειονοσ πλειονων πλειοσιν πλεον
G4120	πλεξαντεσ
G4121	επλεονασεν πλεοναζει πλεοναζοντα πλεονασαι πλεονασασα πλεοναση
G4122	επλεονεκτησα επλεονεκτησαμεν επλεονεκτησεν πλεονεκτειν πλεονεκτηθωμεν
G4123	πλεονεκται πλεονεκταισ
G4124	πλεονεξιαι πλεονεξιαν πλεονεξιασ
G4125	πλευραν
G4126	επλεομεν πλειν πλεον πλεοντασ πλεοντων πλεων
G4127	πληγαι πληγαισ πληγασ πληγην πληγησ πληγων
G4128	πληθει πληθη πληθουσ
G4129	επληθυνετο επληθυνθη πληθυνει πληθυνθειη πληθυνθηναι πληθυνοντων πληθυνων
G4130	επλησαν επλησθη επλησθησαν πλησασ πλησθεισ πλησθηναι πλησθησ πλησθησεται
G4131	πληκτην
G4132	πλημμυρησ
G4134	πληρεισ πληρη
G4135	πεπληροφορημενοι πεπληροφορημενων πληροφορεισθω πληροφορηθεισ πληροφορηθη πληροφορησον
G4136	πληροφοριαν πληροφοριασ
G4137	επληρου επληρουντο επληρουτο επληρωθη επληρωσαν επληρωσεν πεπληρωκατε πεπληρωκεν πεπληρωκεναι πεπληρωμαι πεπληρωμενα πεπληρωμενη πεπληρωμενην πεπληρωμενοι πεπληρωμενουσ πεπληρωται πληροισ πληρουμενον πληρουμενου πληρουν πληρουσθε πληρωθεισησ πληρωθεντων πληρωθη πληρωθηναι πληρωθησεται πληρωθησονται πληρωθητε πληρωθω πληρωθωσιν πληρωσαι πληρωσαντεσ πληρωσατε πληρωσει πληρωσεισ πληρωση
G4138	πληρωματα πληρωματι πληρωματοσ
G4140	πλησμονην
G4141	επληγη
G4142	πλοιαρια πλοιαριω
G4143	πλοια πλοιου πλοιω πλοιων
G4144	πλουν
G4145	πλουσιοι πλουσιοισ πλουσιον πλουσιου πλουσιουσ
G4147	επλουτησαν επλουτησατε πεπλουτηκα πλουτειν πλουτησαντεσ πλουτησησ πλουτησητε πλουτουντασ πλουτων
G4148	επλουτισθητε πλουτιζομενοι πλουτιζοντεσ
G4149	πλουτον πλουτου
G4150	επλυναν επλυνον πλυνοντεσ
G4151	πνευμασιν πνευματα πνευματι πνευματοσ πνευματων
G4152	πνευματικα πνευματικαισ πνευματικασ πνευματικη πνευματικησ πνευματικοι πνευματικοισ πνευματικον πνευματικων
G4154	επνευσαν πνεη πνει πνεοντα πνεοντοσ πνεουση
G4155	επνιγεν επνιγοντο επνιξαν
G4156	πνικτον πνικτου πνικτων
G4157	πνοην πνοησ
G4158	ποδηρη
G4160	εποιει εποιειτε εποιησα εποιησαμεν εποιησαμην εποιησαν εποιησασ εποιησατε εποιησεν εποιουν εποιουντο πεποιηκα πεποιηκαμεν πεποιηκατε πεποιηκεισαν πεποιηκεν πεποιηκεναι πεποιηκοσιν πεποιηκοτεσ πεποιηκοτοσ πεποιηκωσ πεποιημενων ποιει ποιειν ποιεισ ποιεισθαι ποιεισθε ποιειται ποιειτε ποιειτω ποιη ποιησ ποιησαι ποιησαιεν ποιησαμενοι ποιησαμενοσ ποιησαντεσ ποιησαντι ποιησασ ποιησασαν ποιησασθαι ποιησατε ποιησατω ποιησει ποιησεισ ποιησετε ποιηση ποιησησ ποιησητε ποιησομεθα ποιησομεν ποιησον ποιησουσιν ποιησω ποιησωμεν ποιησων ποιησωσιν ποιητε ποιουμαι ποιουμεν ποιουμενοι ποιουμενοσ ποιουν ποιουντα ποιουνται ποιουντασ ποιουντεσ ποιουντι ποιουντοσ ποιουσιν ποιω ποιωμεν ποιων ποιωσιν
G4161	ποιημασιν
G4163	ποιηται ποιητων
G4164	ποικιλαισ ποικιλησ ποικιλοισ
G4165	ποιμαινε ποιμαινει ποιμαινειν ποιμαινοντα ποιμαινοντεσ ποιμανατε ποιμανει
G4166	ποιμενα ποιμενασ ποιμενεσ ποιμενων
G4167	ποιμνην ποιμνησ
G4168	ποιμνιου ποιμνιω
G4169	ποια ποιαν ποιασ ποιον ποιου ποιω
G4170	επολεμησεν πολεμει πολεμειτε πολεμησαι πολεμησουσιν πολεμησω
G4171	πολεμοι πολεμον πολεμουσ πολεμω πολεμων
G4172	πολει πολεισ πολεσιν πολεων πολεωσ πολιν
G4173	πολιταρχασ
G4174	πολιτειαν πολιτειασ
G4176	πεπολιτευμαι πολιτευεσθε
G4177	πολιται πολιτην πολιτων
G4179	πολλαπλασιονα
G4183	πλειουσ πλειω πολλα πολλαι πολλαισ πολλασ πολλη πολλην πολλησ πολλοι πολλοισ πολλου πολλουσ πολλω πολλων πολυ πολυν
G4185	πολυτελει πολυτελεσ πολυτελουσ
G4186	πολυτιμον πολυτιμοτερον πολυτιμου
G4188	πομασιν
G4189	πονηριαι πονηριαν πονηριασ πονηριων
G4190	πονηρα πονηραι πονηρασ πονηρε πονηροι πονηροισ πονηρον πονηροτερα πονηρου πονηρουσ πονηρω πονηρων
G4192	πονον πονου πονων
G4193	ποντικον
G4194	ποντιου ποντιω
G4195	ποντον ποντου
G4196	ποπλιου ποπλιω
G4197	πορειαισ πορειαν
G4198	επορευετο επορευθη επορευθησαν επορευομεθα επορευομην επορευοντο πεπορευμενουσ πορευεσθαι πορευεσθε πορευεται πορευθεισ πορευθεισα πορευθεισαι πορευθεντεσ πορευθεντι πορευθη πορευθηναι πορευθητε πορευθητι πορευθω πορευθωσιν πορευομαι πορευομενη πορευομενοι πορευομενοισ πορευομενον πορευομενοσ πορευομενου πορευομενουσ πορευομενω πορευομενων πορευου πορευσεται πορευση πορευσομαι πορευσομεθα πορευσονται πορευωμαι
G4199	επορθει επορθουν πορθησασ
G4200	πορισμον
G4201	πορκιον
G4202	πορνειαι πορνειαν πορνειασ
G4203	επορνευσαν πορνευσαι πορνευσαντεσ πορνευωμεν πορνευων
G4204	πορναι πορνην πορνησ πορνων
G4205	πορνοι πορνοισ πορνουσ
G4206	πορρωτερον
G4209	πορφυραν πορφυρασ
G4210	πορφυρουν
G4213	ποσει
G4214	ποσα ποσαι ποσασ ποσην ποσοι ποσον ποσουσ ποσω ποσων
G4215	ποταμοι ποταμον ποταμου ποταμουσ ποταμω ποταμων
G4216	ποταμοφορητον
G4217	ποταπαι ποταπη ποταπην ποταποι ποταπουσ
G4220	ποτερον
G4221	ποτηριου ποτηριω ποτηριων
G4222	εποτιζεν εποτισα εποτισαμεν εποτισατε εποτισεν εποτισθημεν πεποτικεν ποτιζε ποτιζει ποτιζων ποτιση
G4223	ποτιολουσ
G4224	ποτοισ
G4228	ποδα ποδασ ποδεσ ποδοσ ποδων ποσιν
G4229	πραγματι πραγματοσ πραγματων
G4230	πραγματειαισ
G4231	πραγματευσασθε
G4232	πραιτωριω
G4233	πρακτορι
G4234	πραξει πραξεισ πραξεσιν πραξιν
G4235	πραεισ πραεωσ πραυσ
G4236	πραυτητα πραυτητι πραυτητοσ
G4237	πρασιαι
G4238	επραξα επραξαμεν επραξαν επραξατε επραξεν πεπραγμενον πεπραχα πεπραχεναι πραξαι πραξαντεσ πραξαντων πραξασ πραξετε πραξησ πρασσει πρασσειν πρασσεισ πρασσετε πρασσησ πρασσοντασ πρασσοντεσ πρασσοντι πρασσουσιν πρασσων
G4240	πραυτητοσ
G4241	επρεπεν πρεπει πρεπον
G4242	πρεσβειαν
G4243	πρεσβευομεν
G4244	πρεσβυτεριου
G4245	πρεσβυτερασ πρεσβυτεροι πρεσβυτεροισ πρεσβυτερου πρεσβυτερουσ πρεσβυτερω πρεσβυτερων
G4246	πρεσβυτασ
G4247	πρεσβυτιδασ
G4249	επρισθησαν
G4251	πρισκαν
G4252	πρισκιλλαν
G4254	προαγαγειν προαγαγων προαγει προαγειν προαγοντεσ προαγουσαι προαγουσασ προαγουσησ προαγουσιν προαγων προαξω προηγαγον προηγεν
G4255	προηρηται
G4256	προητιασαμεθα
G4257	προηκουσατε
G4258	προημαρτηκοσιν προημαρτηκοτων
G4260	προβασ προβεβηκοτεσ προβεβηκυια
G4261	προβαλοντων προβαλωσιν
G4262	προβατικη
G4263	προβατα προβατου προβατων
G4264	προβιβασθεισα
G4265	προβλεψαμενου
G4266	προγεγονοτων
G4267	προγινωσκοντεσ προεγνω προεγνωσμενου
G4268	προγνωσει προγνωσιν
G4269	προγονοισ προγονων
G4270	προγεγραμμενοι προεγραφη προεγραψα
G4271	προδηλα προδηλοι προδηλον
G4272	προεδωκεν
G4273	προδοται
G4276	προηλπικοτασ
G4277	προειπαμεν προειπον
G4278	προενηρξασθε προενηρξατο
G4279	προεπηγγειλατο προεπηγγελμενην
G4280	προειρηκα προειρηκαμεν προειρηκεν προειρημενων προειρηται
G4281	προελευσεται προελθοντεσ προελθων προελθωσιν προηλθον προηρχετο
G4282	προητοιμασεν
G4283	προευηγγελισατο
G4284	προεχομεθα
G4285	προηγουμενοι
G4286	προθεσει προθεσεωσ προθεσιν
G4287	προθεσμιασ
G4288	προθυμιαν προθυμιασ
G4289	προθυμον
G4291	προεστωτεσ προισταμενοι προισταμενον προισταμενοσ προισταμενουσ προιστασθαι προστηναι
G4292	προκαλουμενοι
G4293	προκαταγγειλαντασ προκατηγγειλεν
G4294	προκαταρτισωσιν
G4295	προκειμενησ προκειμενον προκεινται προκειται
G4296	προκηρυξαντοσ
G4297	προκοπην
G4298	προεκοπτεν προεκοπτον προεκοψεν προκοψουσιν
G4299	προκριματοσ
G4300	προκεκυρωμενην
G4301	προελαβεν προλαμβανει προλημφθη
G4302	προειπεν προελεγομεν
G4303	προμαρτυρομενον
G4304	προμελεταν
G4305	προμεριμνατε
G4306	προνοει προνοουμεν προνοουμενοι
G4307	προνοιαν προνοιασ
G4308	προεωρακοτεσ προιδουσα προιδων προορωμην
G4309	προορισασ προορισθεντεσ προωρισεν
G4310	προπαθοντεσ
G4311	προεπεμπον προπεμποντων προπεμφθεντεσ προπεμφθηναι προπεμψασ προπεμψατε προπεμψητε προπεμψον
G4312	προπετεισ προπετεσ
G4313	προπορευση προπορευσονται
G4314	προσαββατον
G4316	προσαγορευθεισ
G4317	προσαγαγε προσαγαγη προσαγαγοντεσ προσαγειν
G4318	προσαγωγην
G4319	προσαιτων
G4320	προσαναβηθι
G4321	προσαναλωσασα
G4322	προσαναπληρουσα προσανεπληρωσαν
G4323	προσανεθεμην προσανεθεντο
G4324	προσαπειλησαμενοι
G4325	προσδαπανησησ
G4326	προσδεομενοσ
G4327	προσδεξαμενοι προσδεξησθε προσδεχεσθε προσδεχεται προσδεχομενοι προσδεχομενοισ προσδεχομενοσ προσδεχονται προσεδεξασθε προσεδεχετο
G4328	προσδοκα προσδοκωμεν προσδοκων προσδοκωντασ προσδοκωντεσ προσδοκωντοσ προσδοκωντων προσεδοκων
G4329	προσδοκιασ
G4330	προσεωντοσ
G4332	παρεδρευοντεσ
G4333	προσηργασατο
G4334	προσεληλυθατε προσελθε προσελθοντεσ προσελθοντων προσελθουσα προσελθουσαι προσελθων προσερχεσθαι προσερχεται προσερχομενοι προσερχομενον προσερχομενου προσερχομενουσ προσερχονται προσερχωμεθα προσηλθαν προσηλθεν προσηλθον προσηρχοντο
G4335	προσευχαι προσευχαισ προσευχασ προσευχην προσευχησ προσευχων
G4336	προσευξαι προσευξαμενοι προσευξαμενοσ προσευξασθαι προσευξασθωσαν προσευξηται προσευξομαι προσευξωμαι προσευξωμεθα προσευχεσθαι προσευχεσθε προσευχεσθω προσευχεται προσευχη προσευχησθε προσευχομεθα προσευχομενη προσευχομενοι προσευχομενον προσευχομενοσ προσευχομενου προσευχονται προσευχωμαι προσηυξαντο προσηυξατο προσηυχετο
G4337	προσειχον προσεσχηκεν προσεχε προσεχειν προσεχετε προσεχοντασ προσεχοντεσ
G4338	προσηλωσασ
G4339	προσηλυτον προσηλυτων
G4340	προσκαιρα προσκαιροι προσκαιρον
G4341	προσεκαλεσατο προσκαλειται προσκαλεσαμενοι προσκαλεσαμενοσ προσκαλεσασθω προσκαλεσηται προσκεκλημαι προσκεκληται
G4342	προσκαρτερειτε προσκαρτερη προσκαρτερησομεν προσκαρτερουντεσ προσκαρτερουντων προσκαρτερων
G4343	προσκαρτερησει
G4345	προσεκληρωθησαν
G4346	προσκλισιν
G4347	προσκολληθησεται
G4348	προσκομματοσ
G4349	προσκοπην
G4350	προσεκοψαν προσκοπτει προσκοπτουσιν προσκοψησ
G4351	προσεκυλισεν προσκυλισασ
G4352	προσεκυνει προσεκυνησαν προσεκυνησεν προσεκυνουν προσκυνει προσκυνειν προσκυνειτε προσκυνησαι προσκυνησαντεσ προσκυνησατε προσκυνησατωσαν προσκυνησει προσκυνησεισ προσκυνησετε προσκυνησησ προσκυνησον προσκυνησουσιν προσκυνησω προσκυνησων προσκυνησωσιν προσκυνουμεν προσκυνουντασ προσκυνουντεσ προσκυνουσα
G4353	προσκυνηται
G4354	προσλαλησαι προσλαλουντεσ
G4355	προσελαβετο προσελαβοντο προσλαβομενοι προσλαβομενοσ προσλαβου προσλαμβανεσθε
G4356	προσλημψισ
G4357	προσμειναι προσμεινασ προσμενει προσμενειν προσμενουσιν
G4358	προσωρμισθησαν
G4359	προσοφειλεισ
G4360	προσωχθισα προσωχθισεν
G4362	προσπηξαντεσ
G4363	προσεπεσαν προσεπεσεν προσεπιπτον προσπεσουσα
G4364	προσεποιησατο προσποιουμενοσ
G4365	προσπορευονται
G4366	προσερηξεν
G4367	προσεταξεν προστεταγμενα προστεταγμενουσ
G4369	προσεθετο προσεθηκεν προσετεθη προσετεθησαν προσετιθει προσετιθεντο προσθειναι προσθεισ προσθεσ προστεθηναι προστεθησεται
G4370	προσδραμων προστρεχοντεσ
G4372	προσφατον
G4374	προσενεγκαι προσενεγκασ προσενεγκε προσενεγκη προσενεγκον προσενεχθεισ προσενηνοχεν προσεφερεν προσεφερον προσηνεγκα προσηνεγκαν προσηνεγκατε προσηνεγκεν προσηνεχθη προσηνεχθησαν προσφερε προσφερει προσφερειν προσφερεται προσφερη προσφερησ προσφερομεναι προσφερονται προσφεροντεσ προσφεροντων προσφερουσιν προσφερων
G4375	προσφιλη
G4376	προσφοραν προσφορασ
G4377	προσεφωνει προσεφωνησεν προσφωνουντα προσφωνουσιν
G4378	προσχυσιν
G4379	προσψαυετε
G4380	προσωπολημπτειτε
G4381	προσωπολημπτησ
G4382	προσωπολημψια προσωπολημψιαισ
G4383	προσωπα προσωπου προσωπω προσωπων
G4385	προετειναν
G4387	προτεραν προτερον
G4388	προεθεμην προεθετο
G4389	προτρεψαμενοι
G4390	προδραμων προεδραμεν
G4391	προυπηρχεν προυπηρχον
G4392	προφασει προφασιν
G4393	προφερει
G4394	προφητειαι προφητειαν προφητειασ
G4395	επροφητευον επροφητευσαμεν επροφητευσαν επροφητευσεν προεφητευσεν προφητευειν προφητευητε προφητευομεν προφητευουσα προφητευουσαι προφητευσαι προφητευσαντεσ προφητευσον προφητευσουσιν προφητευων προφητευωσιν
G4396	προφηται προφηταισ προφητασ προφητη προφητην προφητου προφητων
G4397	προφητικον
G4398	προφητιν
G4399	προεφθασεν
G4400	προεχειρισατο προκεχειρισμενον προχειρισασθαι
G4401	προκεχειροτονημενοισ
G4402	προχορον
G4403	πρυμνη πρυμνησ
G4405	πρωιασ
G4406	προιμον
G4407	πρωινον
G4408	πρωρησ
G4409	πρωτευων
G4410	πρωτοκαθεδριαν πρωτοκαθεδριασ
G4411	πρωτοκλισιαν πρωτοκλισιασ
G4413	πρωτα πρωτη πρωτην πρωτησ πρωτοι πρωτοισ πρωτον πρωτου πρωτουσ πρωτω πρωτων
G4414	πρωτοστατην
G4416	πρωτοτοκα πρωτοτοκον πρωτοτοκων
G4417	επταισαν πταιει πταιομεν πταιση πταισητε
G4418	πτερναν
G4420	πτερυγασ πτερυγεσ πτερυγων
G4421	πτηνων
G4422	πτοηθεντεσ πτοηθητε
G4423	πτοησιν
G4424	πτολεμαιδα
G4426	πτυρομενοι
G4427	πτυσματοσ
G4428	πτυξασ
G4429	επτυσεν πτυσασ
G4430	πτωματα
G4431	πτωσιν
G4432	πτωχειαν
G4433	επτωχευσεν
G4434	πτωχα πτωχη πτωχοι πτωχοισ πτωχον πτωχουσ πτωχω πτωχων
G4436	πυθωνα
G4437	πυκνα πυκνασ πυκνοτερον
G4439	πυλαι πυλασ πυλην πυλησ
G4440	πυλωνα πυλωνασ πυλωνεσ πυλωνοσ πυλωνων πυλωσιν
G4441	επυθετο επυνθανετο επυνθανοντο πυθεσθαι πυθομενοσ πυνθανεσθαι
G4442	πυρι πυροσ
G4443	πυραν
G4444	πυργον
G4445	πυρεσσουσα πυρεσσουσαν
G4446	πυρετοισ πυρετω
G4447	πυρινουσ
G4448	πεπυρωμενα πεπυρωμενησ πεπυρωμενον πυρουμαι πυρουμενοι πυρουσθαι
G4449	πυρραζει
G4451	πυρωσει πυρωσεωσ
G4453	επωλησεν επωλουν πωλει πωλειται πωλησαι πωλησασ πωλησατε πωλησατω πωλησον πωλουμενον πωλουνται πωλουντασ πωλουντεσ πωλουντων πωλουσιν
G4454	πωλον
G4456	επωρωθη επωρωθησαν επωρωσεν πεπωρωμενη πεπωρωμενην
G4457	πωρωσει πωρωσιν
G4458	που
G4462	ραββουνι
G4463	ερραβδισθην ραβδιζειν
G4464	ραβδον ραβδου ραβδω
G4465	ραβδουχοι ραβδουχουσ
G4468	ραδιουργιασ
G4470	ρακουσ
G4472	ερραντισεν ραντιζουσα ρεραντισμενοι
G4473	ραντισμον ραντισμου
G4474	εραπισαν ραπιζει
G4475	ραπισμασιν ραπισματα
G4476	ραφιδοσ
G4480	ρεδων
G4482	ρευσουσιν
G4483	ερει ερεισ ερειτε ερουμεν ερουσιν ερω
G4486	ερρηξεν ρηγνυνται ρηξει ρηξον ρηξωσιν ρησσει
G4487	ρημασιν ρηματα ρηματι ρηματοσ ρηματων
G4489	ρητοροσ
G4491	ριζαν ριζησ ριζων
G4492	ερριζωμενοι
G4494	ριπιζομενω
G4496	ερριμμενοι ερριπται ερριψαν ριπτουντων ριψαν ριψαντεσ ριψασ
G4499	ροδον
G4501	ρομφαιαν
G4504	ρουφον ρουφου
G4505	ρυμαισ ρυμασ ρυμην
G4506	ερρυσατο ερρυσθην ρυεσθαι ρυομενον ρυομενοσ ρυσαι ρυσασθω ρυσεται ρυσθεντασ ρυσθω ρυσθωμεν
G4507	ρυπαριαν
G4508	ρυπαρα
G4509	ρυπου
G4510	ρυπανθητω
G4511	ρυσει
G4512	ρυτιδα
G4513	ρωμαικοισ
G4514	ρωμαιοι ρωμαιοισ ρωμαιον ρωμαιουσ ρωμαιων
G4516	ρωμην ρωμησ
G4517	ερρωσθε ερρωσο
G4521	σαββασιν σαββατα σαββατου σαββατω σαββατων
G4523	σαδδουκαιοι σαδδουκαιουσ σαδδουκαιων
G4525	σαινεσθαι
G4526	σακκουσ σακκω
G4529	σαλαμινι
G4531	εσαλευθη εσαλευσεν σαλευθηναι σαλευθησονται σαλευθω σαλευομενα σαλευομενον σαλευομενων σαλευοντεσ σαλευσαι σεσαλευμενον
G4534	σαλμωνην
G4535	σαλου
G4536	σαλπιγγα σαλπιγγασ σαλπιγγεσ σαλπιγγι σαλπιγγοσ
G4537	εσαλπισεν σαλπιζειν σαλπισει σαλπισησ σαλπισωσιν
G4538	σαλπιστων
G4540	σαμαρειαν σαμαρειασ
G4541	σαμαριται σαμαριταισ σαμαριτησ σαμαριτων
G4542	σαμαριτιδοσ σαμαριτισ
G4543	σαμοθρακην
G4544	σαμον
G4547	σανδαλια
G4548	σανισιν
G4550	σαπρα σαπρον
G4551	σαπφιρη
G4552	σαπφιροσ
G4554	σαρδεσιν
G4556	σαρδιω
G4559	σαρκικα σαρκικη σαρκικοι σαρκικοισ σαρκικων
G4560	σαρκιναισ σαρκινησ σαρκινοισ
G4561	σαρκα σαρκασ σαρκι σαρκοσ σαρκων
G4562	σερουχ
G4563	σαροι σεσαρωμενον
G4564	σαρρασ
G4565	σαρωνα
G4567	σατανα σαταναν
G4568	σατα
G4569	σαυλον σαυλου σαυλω
G4570	εσβεσαν σβεννυνται σβεννυται σβεννυτε σβεσαι σβεσει
G4573	εσεβασθησαν
G4574	σεβασματα
G4575	σεβαστησ σεβαστον σεβαστου
G4576	σεβεσθαι σεβεται σεβομενασ σεβομενη σεβομενοισ σεβομενου σεβομενων σεβονται
G4577	σειραισ
G4578	σεισμοι σεισμον σεισμω
G4579	εσεισθη εσεισθησαν σειομενη σεισω
G4581	σελευκειαν
G4582	σεληνησ
G4583	σεληνιαζεται σεληνιαζομενουσ
G4584	σεμειν
G4585	σεμιδαλιν
G4586	σεμνα σεμνασ σεμνουσ
G4587	σεμνοτητα σεμνοτητι σεμνοτητοσ
G4588	σεργιω
G4591	εσημανεν σημαινων σημαναι
G4592	σημεια σημειοισ σημειων
G4593	σημειουσθε
G4595	σεσηπεν
G4596	σιρικου
G4598	σητοβρωτα
G4599	σθενωσει
G4600	σιαγονα
G4601	εσιγησαν εσιγησεν σιγαν σιγατω σιγατωσαν σιγησαι σιγηση
G4602	σιγησ
G4603	σιδηρα σιδηραν σιδηρουσ
G4604	σιδηρου
G4605	σιδωνα σιδωνι σιδωνοσ
G4606	σιδωνιασ σιδωνιοισ
G4607	σικαριων
G4609	σιλα σιλαν
G4610	σιλουανου
G4612	σιμικινθια
G4613	σιμωνα σιμωνι σιμωνοσ
G4615	σιναπεωσ
G4616	σινδονα σινδονι
G4617	σινιασαι
G4618	σιτευτον
G4619	σιτιστα
G4621	σιτον σιτου
G4623	εσιωπα εσιωπων σιωπα σιωπηση σιωπησησ σιωπησουσιν σιωπησωσιν σιωπων
G4624	εσκανδαλιζοντο εσκανδαλισθησαν σκανδαλιζει σκανδαλιζεται σκανδαλιζη σκανδαλιζονται σκανδαλιση σκανδαλισθη σκανδαλισθησεσθε σκανδαλισθησομαι σκανδαλισθησονται σκανδαλισθητε σκανδαλισω σκανδαλισωμεν
G4625	σκανδαλα σκανδαλου σκανδαλων
G4626	εσκαψεν σκαπτειν σκαψω
G4627	σκαφην σκαφησ
G4628	σκελη
G4629	σκεπασματα
G4630	σκευα
G4631	σκευην
G4632	σκευει σκευεσιν σκευη
G4633	σκηναισ σκηνασ σκηνην σκηνησ
G4635	σκηνοποιοι
G4636	σκηνει σκηνουσ
G4637	εσκηνωσεν σκηνουντασ σκηνουντεσ σκηνωσει
G4638	σκηνωματι σκηνωματοσ
G4639	σκιαν
G4640	εσκιρτησεν σκιρτησατε
G4641	σκληροκαρδιαν
G4642	σκληρον σκληρων
G4643	σκληροτητα
G4644	σκληροτραχηλοι
G4645	εσκληρυνοντο σκληρυνει σκληρυνητε σκληρυνθη
G4646	σκολια σκολιασ σκολιοισ
G4648	σκοπει σκοπειν σκοπειτε σκοπουντεσ σκοπουντων σκοπων
G4649	σκοπον
G4650	εσκορπισεν σκορπιζει σκορπισθητε
G4651	σκορπιοι σκορπιοισ σκορπιον σκορπιου σκορπιων
G4652	σκοτεινον
G4653	σκοτιασ
G4654	εσκοτισθη σκοτισθη σκοτισθησεται σκοτισθητωσαν
G4655	σκοτει σκοτουσ
G4656	εσκοτωθη εσκοτωμενη εσκοτωμενοι
G4657	σκυβαλα
G4659	σκυθρωποι
G4660	εσκυλμενοι σκυλλε σκυλλεισ σκυλλου
G4661	σκυλα
G4664	σμαραγδινω
G4666	σμυρναν σμυρνησ
G4667	σμυρναν σμυρνη
G4669	εσμυρνισμενον
G4670	σοδομοισ σοδομων
G4672	σολομωνα σολομωνοσ σολομωντοσ
G4673	σορου
G4676	σουδαρια σουδαριω
G4678	σοφιαν σοφιασ
G4679	σεσοφισμενοισ σοφισαι
G4680	σοφοι σοφοισ σοφουσ σοφω σοφων σοφωτερον
G4681	σπανιαν
G4682	σπαραξαν σπαραξασ σπαρασσει
G4683	εσπαργανωμενον εσπαργανωσεν
G4684	εσπαταλησατε σπαταλωσα
G4685	σπασαμενοσ
G4686	σπειραν σπειρησ
G4687	εσπαρμενον εσπειρα εσπειραμεν εσπειρασ εσπειρεν σπαρεισ σπαρεντεσ σπαρη σπειραι σπειραντι σπειραντοσ σπειρασ σπειρει σπειρειν σπειρεισ σπειρεται σπειρη σπειρομενοι σπειροντι σπειρουσιν σπειρων
G4688	σπεκουλατορα
G4689	σπενδομαι
G4690	σπερμασιν σπερματι σπερματοσ σπερματων
G4692	εσπευδεν σπευδοντασ σπευσαντεσ σπευσασ σπευσον
G4693	σπηλαια σπηλαιοισ
G4694	σπιλαδεσ
G4695	εσπιλωμενον σπιλουσα
G4696	σπιλοι σπιλον
G4697	εσπλαγχνισθη σπλαγχνιζομαι σπλαγχνισθεισ
G4698	σπλαγχνα σπλαγχνοισ
G4699	σπογγον
G4700	σποδω
G4701	σπορασ
G4702	σποριμων
G4703	σπορον
G4704	εσπουδασα εσπουδασαμεν σπουδαζοντεσ σπουδασατε σπουδασον σπουδασω σπουδασωμεν
G4705	σπουδαιον σπουδαιοτερον σπουδαιοτεροσ
G4710	σπουδην σπουδησ
G4711	σπυριδασ σπυριδι σπυριδων
G4712	σταδιουσ σταδιω σταδιων
G4714	στασει στασεισ στασεωσ στασιν
G4715	στατηρα
G4716	σταυρον σταυρου σταυρω
G4717	εσταυρωθη εσταυρωμενον εσταυρωμενοσ εσταυρωσαν εσταυρωσατε εσταυρωται σταυρου σταυρουνται σταυρουσιν σταυρωθη σταυρωθηναι σταυρωθητω σταυρωσαι σταυρωσαντεσ σταυρωσατε σταυρωσετε σταυρωσον σταυρωσω σταυρωσωσιν
G4718	σταφυλαι σταφυλασ σταφυλην
G4719	σταχυασ σταχυι σταχυν
G4720	σταχυν
G4721	στεγην
G4722	στεγει στεγομεν στεγοντεσ στεγων
G4723	στειραι
G4724	στελλεσθαι στελλομενοι
G4725	στεμματα
G4726	στεναγμοισ στεναγμου
G4727	εστεναξεν στεναζετε στεναζομεν στεναζοντεσ
G4728	στενη στενησ
G4729	στενοχωρεισθε στενοχωρουμενοι
G4730	στενοχωριαισ
G4731	στερεα στερεασ στερεοι
G4732	εστερεουντο εστερεωθησαν εστερεωσεν
G4734	στεφανα
G4735	στεφανοι στεφανον στεφανουσ
G4736	στεφανον στεφανου στεφανω
G4737	εστεφανωμενον εστεφανωσασ στεφανουται
G4738	στηθη
G4739	στηκει στηκετε στηκοντεσ
G4740	στηριγμου
G4741	εστηριγμενουσ εστηρικται εστηρισεν στηριξαι στηριξατε στηριξει στηρισον στηριχθηναι
G4742	στιγματα
G4744	στιλβοντα
G4745	στοασ
G4746	στιβαδασ
G4747	στοιχεια στοιχειων
G4748	στοιχειν στοιχεισ στοιχησουσιν στοιχουσιν στοιχωμεν
G4749	στολαισ στολασ στολην
G4750	στοματα στοματι στοματοσ στοματων
G4751	στομαχον
G4752	στρατειαν στρατειασ
G4753	στρατευμασιν στρατευματα στρατευματι στρατευματοσ στρατευματων
G4754	στρατευεται στρατευη στρατευομεθα στρατευομενοι στρατευομενοσ στρατευομενων στρατευονται
G4755	στρατηγοι στρατηγοισ στρατηγουσ
G4756	στρατιασ
G4757	στρατιωται στρατιωταισ στρατιωτασ στρατιωτη στρατιωτην στρατιωτων
G4758	στρατολογησαντι
G4759	στρατοπεδαρχη
G4760	στρατοπεδων
G4761	στρεβλουσιν
G4762	εστραφη εστραφησαν εστρεψεν στραφεισ στραφεισα στραφεντεσ στραφητε στραφωσιν στρεφειν στρεφομεθα στρεψον
G4763	εστρηνιασεν στρηνιασαντεσ
G4764	στρηνουσ
G4765	στρουθια στρουθιων
G4766	εστρωμενον εστρωννυον εστρωσαν στρωσον
G4767	στυγητοι
G4768	στυγναζων στυγνασασ
G4769	στυλοι στυλον
G4770	στοικων
G4771	σα σε σεαυτον σεαυτου σεαυτω ση σην σησ σοι σον σοσ σου σουσ σω υμασ υμεισ υμετερα υμετεραν υμετερασ υμετερον υμετεροσ υμετερω υμιν υμων
G4772	συγγενειαν συγγενειασ
G4773	συγγενεισ συγγενευσιν συγγενην συγγενων
G4774	συγγνωμην
G4775	συγκαθημενοι συγκαθημενοσ
G4776	συγκαθισαντων συνεκαθισεν
G4777	συγκακοπαθησον
G4778	συγκακουχεισθαι
G4779	συγκαλει συγκαλεσαμενοσ συγκαλεσασθαι συγκαλουσιν συνεκαλεσαν
G4780	συγκεκαλυμμενον
G4781	συγκαμψον
G4782	συγκαταβαντεσ
G4784	συγκατατεθειμενοσ
G4785	συγκατεψηφισθη
G4786	συγκεκερασμενουσ συνεκερασεν
G4787	συνεκινησαν
G4788	συγκλειομενοι συνεκλεισαν συνεκλεισεν
G4789	συγκληρονομα συγκληρονομοι συγκληρονομοισ συγκληρονομων
G4790	συγκοινωνειτε συγκοινωνησαντεσ συγκοινωνησητε
G4791	συγκοινωνουσ
G4792	συνεκομισαν
G4793	συγκριναι συγκρινοντεσ
G4794	συγκυπτουσα
G4795	συγκυριαν
G4796	συγχαιρει συγχαιρετε συγχαρητε συνεχαιρον
G4797	συγκεχυμενη συγχυννεται συνεχεον συνεχυθη συνεχυννεν
G4798	συγχρωνται
G4799	συγχυσεωσ
G4800	συζην συζησομεν
G4801	συνεζευξεν
G4802	συζητειν συζητειτε συζητουντασ συζητουντεσ συζητουντων συνεζητει
G4803	συζητησιν
G4805	συζυγε
G4806	συνεζωοποιησεν
G4807	συκαμινω
G4808	συκην συκησ
G4809	συκομορεαν
G4810	συκα συκων
G4811	εσυκοφαντησα συκοφαντησητε
G4812	συλαγωγων
G4813	εσυλησα
G4814	συλλαλησασ συλλαλουντεσ συνελαλησεν συνελαλουν
G4815	συλλαβειν συλλαβεσθαι συλλαβομενοι συλλαβοντεσ συλλαβουσα συλλαβουσιν συλλαμβανου συλλημφθεντα συλλημφθηναι συλλημψη συνειληφεν συνελαβεν συνελαβον
G4816	συλλεγεται συλλεγοντεσ συλλεγουσιν συλλεξατε συλλεξουσιν συλλεξωμεν συνελεξαν
G4817	συνελογισαντο
G4818	συλλυπουμενοσ
G4819	συμβαινειν συμβαινοντοσ συμβαντων συμβεβηκεν συμβεβηκοτι συμβεβηκοτων συνεβαινεν συνεβη
G4820	συμβαλειν συμβαλλουσα συνεβαλετο συνεβαλλεν συνεβαλλον
G4821	συμβασιλευσομεν συμβασιλευσωμεν
G4822	συμβιβαζομενον συμβιβαζοντεσ συμβιβαζων συμβιβασει συμβιβασθεντεσ συνεβιβασαν
G4823	συμβουλευσασ συνεβουλευσαντο
G4824	συμβουλιου
G4827	συμμαθηταισ
G4828	συμμαρτυρει συμμαρτυρουσησ
G4829	συμμεριζονται
G4830	συμμετοχα συμμετοχοι
G4831	συμμιμηται
G4832	συμμορφον συμμορφουσ
G4833	συμμορφιζομενοσ
G4834	συμπαθησαι συνεπαθησατε
G4835	συμπαθεισ
G4836	συμπαραγενομενοι
G4837	συμπαρακληθηναι
G4838	συμπαραλαβειν συμπαραλαβοντεσ συμπαραλαβων συμπαραλαμβανειν
G4840	συμπαροντεσ
G4841	συμπασχει συμπασχομεν
G4842	συνεπεμψαμεν
G4843	συμπεριλαβων
G4844	συνεπιομεν
G4845	συμπληρουσθαι συνεπληρουντο
G4846	συμπνιγει συμπνιγονται συμπνιγουσιν συνεπνιγον συνεπνιξαν
G4847	συμπολιται
G4848	συμπορευονται συνεπορευετο συνεπορευοντο
G4849	συμποσια
G4851	συμφερει συμφερον συμφεροντων συμφορον συνενεγκαντεσ
G4853	συμφυλετων
G4854	συμφυτοι
G4855	συμφυεισαι
G4856	συμφωνησασ συμφωνησει συμφωνησωσιν συμφωνουσιν συνεφωνηθη συνεφωνησασ
G4858	συμφωνιασ
G4859	συμφωνου
G4860	συνεψηφισαν
G4861	συμψυχοι
G4863	συναγαγειν συναγαγετε συναγαγη συναγαγοντεσ συναγαγουση συναγαγων συναγει συναγεται συναγονται συναγουσιν συναγων συναξει συναξω συναχθεντεσ συναχθεντων συναχθηναι συναχθησονται συναχθητε συνηγαγεν συνηγαγετε συνηγαγομεν συνηγαγον συνηγμενα συνηγμενοι συνηγμενων συνηχθη συνηχθησαν
G4864	συναγωγαισ συναγωγασ συναγωγην συναγωγησ συναγωγων
G4865	συναγωνισασθαι
G4866	συναθλουντεσ συνηθλησαν
G4867	συναθροισασ συνηθροισμενοι
G4868	συναιρει συναιρειν συναραι
G4869	συναιχμαλωτουσ
G4870	συνακολουθησαι συνακολουθουσαι συνηκολουθει
G4871	συναλιζομενοσ
G4872	συναναβασαι συναναβασιν
G4873	συνανακειμενοι συνανακειμενοισ συνανακειμενουσ συνανακειμενων συνανεκειντο
G4874	συναναμιγνυσθαι
G4875	συναναπαυσωμαι
G4876	συναντησασ συναντησει συναντησοντα συνηντησεν
G4878	συναντιλαβηται συναντιλαμβανεται
G4879	συναπαγομενοι συναπαχθεντεσ συναπηχθη
G4880	συναπεθανομεν συναποθανειν
G4881	συναπωλετο
G4882	συναπεστειλα
G4883	συναρμολογουμενη συναρμολογουμενον
G4884	συναρπασαντεσ συναρπασθεντοσ συνηρπακει συνηρπασαν
G4885	συναυξανεσθαι
G4886	συνδεσμον συνδεσμω συνδεσμων
G4887	συνδεδεμενοι
G4888	συνδοξασθωμεν
G4889	συνδουλοι συνδουλον συνδουλου συνδουλουσ συνδουλων
G4891	συνηγειρεν συνηγερθητε
G4892	συνεδρια συνεδριου συνεδριω
G4893	συνειδησει συνειδησεσιν συνειδησεωσ συνειδησιν
G4894	συνειδυιησ συνιδοντεσ συνιδων
G4895	συνησαν συνοντων
G4896	συνιοντοσ
G4897	συνεισηλθεν
G4898	συνεκδημουσ
G4899	συνεκλεκτη
G4901	συνεπιμαρτυρουντοσ
G4902	συνειπετο
G4903	συνεργει συνεργουντεσ συνεργουντι συνεργουντοσ συνηργει
G4904	συνεργοι συνεργον συνεργουσ συνεργω συνεργων
G4905	συνεληλυθεισαν συνεληλυθοτασ συνεληλυθυιαι συνελθειν συνελθη συνελθοντα συνελθοντασ συνελθοντεσ συνελθοντων συνελθουσαισ συνερχεσθε συνερχεται συνερχησθε συνερχομενοι συνερχομενων συνερχονται συνηλθαν συνηλθεν συνηλθον συνηρχετο συνηρχοντο
G4906	συνεσθιει συνεσθιειν συνεφαγεσ συνεφαγομεν συνησθιεν
G4907	συνεσει συνεσεωσ συνεσιν
G4908	συνετω συνετων
G4909	συνευδοκει συνευδοκειτε συνευδοκουσιν συνευδοκων
G4910	συνευωχουμενοι
G4911	συνεπεστη
G4912	συνειχετο συνειχοντο συνεξουσιν συνεσχον συνεχει συνεχομαι συνεχομενη συνεχομενον συνεχομενουσ συνεχοντεσ συνεχουσιν
G4914	συνηθειαν
G4915	συνηλικιωτασ
G4916	συνεταφημεν συνταφεντεσ
G4917	συνθλασθησεται
G4918	συνεθλιβον συνθλιβοντα
G4919	συνθρυπτοντεσ
G4920	συνετε συνηκαν συνηκατε συνησουσιν συνητε συνιασιν συνιεισ συνιεναι συνιεντοσ συνιετε συνιουσιν συνιων συνιωσιν συνωσιν
G4921	συνεστηκεν συνεστησατε συνεστωσα συνεστωτασ συνιστανειν συνιστανομεν συνιστανοντεσ συνιστανοντων συνισταντεσ συνιστανω συνιστανων συνιστασθαι συνιστησιν
G4922	συνοδευοντεσ
G4924	συνοικουντεσ
G4925	συνοικοδομεισθε
G4926	συνομιλων
G4927	συνομορουσα
G4928	συνοχησ
G4929	συνεταξεν
G4930	συντελειασ
G4931	συντελεισθαι συντελεσασ συντελεσθεισων συντελεσω συντελων
G4932	συντεμνων συντετμημενον
G4933	συνετηρει συντηρουνται
G4934	συνεθεντο συνετεθειντο
G4936	συνεδραμεν συνεδραμον συντρεχοντων
G4937	συντετριμμενον συντετριμμενουσ συντετριφθαι συντριβεται συντριβησεται συντριβον συντριψασα συντριψει
G4940	συντυχειν
G4941	συντυχην
G4942	συνυπεκριθησαν
G4943	συνυπουργουντων
G4944	συνωδινει
G4945	συνωμοσιαν
G4946	συρακουσασ
G4947	συριαν συριασ
G4949	συροφοινικισσα
G4950	συρτιν
G4951	εσυρον συρει συροντεσ συρων
G4952	συνεσπαραξεν
G4954	συσσωμα
G4955	στασιαστων
G4956	συστατικων
G4957	συνεσταυρωθη συνεσταυρωμενοι συσταυρωθεντεσ συσταυρωθεντοσ
G4958	συνεσταλμενοσ συνεστειλαν
G4959	συστεναζει
G4960	συστοιχει
G4961	συστρατιωτη συστρατιωτην
G4962	συστρεφομενων συστρεψαντοσ
G4963	συστροφην συστροφησ
G4964	συσχηματιζεσθε συσχηματιζομενοι
G4967	σφαγην σφαγησ
G4968	σφαγια
G4969	εσφαγησ εσφαγμενην εσφαγμενον εσφαγμενου εσφαγμενων εσφαξεν σφαξουσιν
G4972	εσφραγισεν εσφραγισθητε εσφραγισμενοι εσφραγισμενων σφραγισαμενοσ σφραγισαντεσ σφραγισησ σφραγισον σφραγισωμεν
G4973	σφραγιδα σφραγιδασ σφραγιδων σφραγισιν
G4974	σφυδρα
G4977	εσχισθη εσχισθησαν σχιζομενουσ σχισασ σχισει σχισωμεν
G4978	σχισματα
G4979	σχοινια σχοινιων
G4980	σχολαζοντα σχολασητε
G4982	εσωζοντο εσωθη εσωθημεν εσωσεν σεσωκεν σεσωσμενοι σεσωται σωζει σωζειν σωζεσθαι σωζεσθε σωζεται σωζετε σωζομενοι σωζομενοισ σωζομενουσ σωζομενων σωθη σωθηναι σωθησεται σωθηση σωθησομαι σωθησομεθα σωθητε σωθω σωθωσιν σωσαι σωσαντοσ σωσασ σωσατω σωσει σωσεισ σωσον σωσω σωσων
G4983	σωματα σωματι σωματοσ σωματων
G4984	σωματικη σωματικω
G4987	σεσωρευμενα σωρευσεισ
G4988	σωσθενην
G4990	σωτηρα σωτηρι σωτηροσ
G4991	σωτηριαν σωτηριασ σωτηριον σωτηριοσ σωτηριου
G4993	σωφρονειν σωφρονησατε σωφρονουμεν σωφρονουντα
G4994	σωφρονιζωσιν
G4995	σωφρονισμου
G4997	σωφροσυνησ
G4998	σωφρονα σωφρονασ
G4999	ταβερνων
G5001	ταγματι
G5002	τακτη
G5003	ταλαιπωρησατε
G5004	ταλαιπωριαισ
G5006	ταλαντιαια
G5007	ταλαντα ταλαντων
G5009	ταμειοισ
G5010	ταξει ταξιν
G5011	ταπεινοισ ταπεινουσ
G5012	ταπεινοφροσυνην ταπεινοφροσυνησ
G5013	εταπεινωσεν ταπεινουσθαι ταπεινωθησεται ταπεινωθητε ταπεινων ταπεινωσει ταπεινωση
G5014	ταπεινωσει ταπεινωσεωσ ταπεινωσιν
G5015	εταραξαν εταραξεν εταρασσε εταραχθη εταραχθησαν ταρασσεσθω ταρασσοντεσ ταρασσων ταραχθη ταραχθητε τεταραγμενοι τεταρακται
G5016	ταραχαι ταραχην
G5018	ταρσεα
G5019	ταρσον ταρσω
G5020	ταρταρωσασ
G5021	εταξαν εταξατο ταξαμενοι τασσομενοσ τεταγμεναι τεταγμενοι τετακται
G5022	ταυροι ταυρουσ ταυρων
G5027	ταφην
G5028	ταφοισ ταφον ταφου ταφουσ
G5031	ταχινη ταχινην
G5034	ταχει
G5036	ταχιστα ταχυ
G5038	τειχη τειχουσ
G5039	τεκμηριοισ
G5040	τεκνια
G5041	τεκνογονειν
G5042	τεκνογονιασ
G5043	τεκνα τεκνοισ τεκνου τεκνω τεκνων
G5044	ετεκνοτροφησεν
G5045	τεκτονοσ
G5046	τελεια τελειοι τελειοισ τελειον τελειοτερασ τελειων
G5047	τελειοτητα τελειοτητοσ
G5048	ετελειωθη ετελειωσεν τελειουμαι τελειωθεισ τελειωθη τελειωθωσιν τελειωσαι τελειωσαντων τελειωσασ τελειωσω τετελειωκεν τετελειωμαι τετελειωμενη τετελειωμενοι τετελειωμενον τετελειωμενων τετελειωται
G5051	τελειωτην
G5052	τελεσφορουσιν
G5053	ετελευτησεν τελευτα τελευταν τελευτατω τελευτησαντοσ τελευτων τετελευτηκοτοσ
G5054	τελευτησ
G5055	ετελεσαν ετελεσεν ετελεσθη τελει τελειται τελειτε τελεσητε τελεσθη τελεσθηναι τελεσθησεται τελεσθησονται τελεσθωσιν τελεσωσιν τελουσα τετελεκα τετελεσται
G5056	τελη τελουσ
G5057	τελωναι τελωνην τελωνων
G5059	τερασιν τερατα τερατων
G5061	τερτυλλου
G5062	τεσσερακοντα
G5063	τεσσερακονταετη τεσσερακονταετησ
G5064	τεσσαρα τεσσαρασ τεσσαρσιν τεσσαρων
G5065	τεσσαρεσκαιδεκατη τεσσαρεσκαιδεκατην
G5067	τεταρτη τεταρτην τεταρτησ τεταρτον τεταρτου
G5069	τετραδιοισ
G5070	τετρακισχιλιουσ τετρακισχιλιων
G5071	τετρακοσια τετρακοσιοισ τετρακοσιων
G5073	τετραπλουν
G5074	τετραποδα τετραποδων
G5075	τετρααρχουντοσ
G5076	τετρααρχησ τετρααρχου
G5077	τεφρωσασ
G5078	τεχνησ
G5079	τεχνιται τεχνιταισ
G5080	τηκεται
G5082	τηλικαυτα τηλικαυτησ τηλικουτου
G5083	ετηρειτο ετηρησα ετηρησαν ετηρησασ ετηρουν τετηρηκα τετηρηκαν τετηρηκασ τετηρηκεν τετηρημενην τετηρημενοισ τετηρηται τηρει τηρειν τηρεισθαι τηρειτε τηρη τηρηθειη τηρηθηναι τηρησαι τηρησαντασ τηρησατε τηρησει τηρησετε τηρηση τηρησησ τηρησητε τηρησον τηρησουσιν τηρησω τηρουμεν τηρουμενοι τηρουμενουσ τηρουντεσ τηρουντων τηρω τηρωμεν τηρων
G5084	τηρησει τηρησιν
G5085	τιβεριαδοσ
G5086	τιβεριου
G5087	εθεντο εθεσθε εθετο εθηκα εθηκαν εθηκασ εθηκεν εθου ετεθη ετεθην ετεθησαν ετιθει ετιθεσαν ετιθουν θειναι θεισ θεμενοσ θεντεσ θεντοσ θεσθε θετε θη θησει θησεισ θησω θω θωμεν τεθεικα τεθεικατε τεθεικωσ τεθειμενοσ τεθειται τεθη τεθηναι τεθωσιν τιθεασιν τιθεισ τιθεναι τιθεντεσ τιθετω τιθησιν
G5088	ετεκεν ετεχθη τεκειν τεκη τεξεται τεξη τεχθεισ τικτει τικτη τικτουσα
G5089	ετιλλον τιλλειν τιλλοντεσ
G5090	τιμαιου
G5091	ετιμησαν ετιμησαντο τετιμημενου τιμα τιματε τιμησατε τιμησει τιμω τιμων τιμωσιν
G5092	τιμαισ τιμασ τιμην τιμησ
G5093	τιμια τιμιαν τιμιον τιμιου τιμιουσ τιμιω τιμιωτατου τιμιωτατω
G5094	τιμιοτητοσ
G5095	τιμοθεε τιμοθεον τιμοθεου τιμοθεω
G5096	τιμωνα
G5097	τιμωρηθωσιν τιμωρων
G5098	τιμωριασ
G5099	τισουσιν
G5100	τι τινα τινασ τινεσ τινι τινοσ τινων τισιν
G5101	τι τινα τινασ τινεσ τινι τινοσ τινων τισιν
G5102	τιτλον
G5103	τιτον τιτου τιτω
G5107	τοιασδε
G5108	τοιαυτα τοιαυται τοιαυταισ τοιαυτασ τοιαυτη τοιαυτην τοιουτο τοιουτοι τοιουτοισ τοιουτον τοιουτου τοιουτουσ τοιουτω τοιουτων
G5109	τοιχε
G5110	τοκω
G5111	ετολμα ετολμησεν ετολμων τολμα τολμαν τολμησαι τολμησασ τολμησω τολμω τολμωμεν
G5113	τολμηται
G5117	τοποισ τοπον τοπου τοπουσ τοπω τοπων
G5118	τοσαυτα τοσαυτην τοσουτο τοσουτοι τοσουτον τοσουτου τοσουτουσ τοσουτω τοσουτων
G5131	τραγων
G5132	τραπεζαισ τραπεζαν τραπεζασ τραπεζησ
G5133	τραπεζιταισ
G5134	τραυματα
G5135	τετραυματισμενουσ τραυματισαντεσ
G5136	τετραχηλισμενα
G5137	τραχηλον
G5138	τραχειαι τραχεισ
G5139	τραχωνιτιδοσ
G5140	τρια τρισιν τριων
G5141	τρεμουσα τρεμουσιν τρεμων
G5142	εθρεψαμεν εθρεψαν εθρεψατε τεθραμμενοσ τρεφει τρεφεσθαι τρεφεται τρεφωσιν
G5143	δραμων εδραμεν εδραμον ετρεχετε ετρεχον τρεχει τρεχετε τρεχη τρεχοντεσ τρεχοντοσ τρεχοντων τρεχουσιν τρεχωμεν
G5145	τριακοσιων
G5146	τριβολουσ τριβολων
G5147	τριβουσ
G5148	τριετιαν
G5149	τριζει
G5150	τριμηνον
G5152	τριστεγου
G5153	τρισχιλιαι
G5154	τριτη τριτην τριτησ τριτον τριτου
G5156	τρομου τρομω
G5157	τροπησ
G5158	τροπον τροπω
G5159	ετροποφορησεν
G5160	τροφασ τροφην τροφησ
G5161	τροφιμον
G5163	τροχιασ
G5164	τροχον
G5165	τρυβλιω
G5166	ετρυγησεν τρυγησον τρυγωσιν
G5167	τρυγονων
G5168	τρυμαλιασ
G5169	τρυπηματοσ
G5170	τρυφαιναν
G5171	ετρυφησατε
G5172	τρυφην
G5173	τρυφωσαν
G5174	τρωαδα τρωαδι τρωαδοσ
G5175	τρωγυλλιω
G5176	τρωγοντεσ τρωγων
G5177	τετυχεν τυγχανοντα τυγχανοντεσ τυχειν τυχοι τυχον τυχουσαν τυχουσασ τυχων τυχωσιν
G5178	ετυμπανισθησαν
G5179	τυποι τυπον τυπουσ
G5180	ετυπτεν ετυπτον τυπτειν τυπτεσθαι τυπτοντεσ τυπτοντι
G5181	τυραννου
G5183	τυριοισ
G5184	τυρον τυρου τυρω
G5185	τυφλε τυφλοι τυφλοισ τυφλον τυφλου τυφλουσ τυφλω τυφλων
G5186	ετυφλωσεν τετυφλωκεν
G5187	τετυφωμενοι τετυφωται τυφωθεισ
G5188	τυφομενον
G5190	τυχικον τυχικου
G5191	υακινθινουσ
G5193	υαλινη υαλινην
G5194	υαλω
G5195	υβριζεισ υβρισαι υβρισαν υβρισθεντεσ υβρισθησεται
G5196	υβρεσιν υβρεωσ υβριν
G5197	υβριστασ υβριστην
G5198	υγιαινειν υγιαινοντα υγιαινοντασ υγιαινοντεσ υγιαινοντων υγιαινουση υγιαινουσησ υγιαινουσιν υγιαινωσιν
G5199	υγιεισ υγιη
G5200	υγρω
G5201	υδριαι υδριαν υδριασ
G5202	υδροποτει
G5204	υδασιν υδατα υδατι υδατοσ υδατων
G5205	υετον υετουσ
G5206	υιοθεσιαν υιοθεσιασ
G5207	υιε υιοι υιοισ υιον υιου υιουσ υιω υιων
G5208	υλην
G5214	υμνησαντεσ υμνησω υμνουν
G5215	υμνοισ
G5217	υπαγε υπαγει υπαγειν υπαγεισ υπαγετε υπαγη υπαγητε υπαγοντασ υπαγοντεσ υπηγον
G5218	υπακοην υπακοησ
G5219	υπακουει υπακουειν υπακουετε υπακουουσιν υπακουσαι υπηκουον υπηκουσαν υπηκουσατε υπηκουσεν
G5221	υπαντησαι υπηντησαν υπηντησεν
G5222	υπαντησιν
G5223	υπαρξεισ υπαρξιν
G5225	υπαρχει υπαρχειν υπαρχοντα υπαρχοντασ υπαρχοντεσ υπαρχοντοσ υπαρχοντων υπαρχουσησ υπαρχουσιν υπαρχων υπαρχωσιν υπηρχεν υπηρχον
G5226	υπεικετε
G5227	υπεναντιον υπεναντιουσ
G5228	υπερεκπερισσου υπερλιαν υπερπερισσωσ
G5229	υπεραιρομενοσ υπεραιρωμαι
G5232	υπεραυξανει
G5233	υπερβαινειν
G5235	υπερβαλλον υπερβαλλουσαν υπερβαλλουσησ
G5236	υπερβολην
G5237	υπεριδων
G5239	υπερεκτεινομεν
G5240	υπερεκχυννομενον
G5241	υπερεντυγχανει
G5242	υπερεχον υπερεχοντασ υπερεχοντι υπερεχουσα υπερεχουσαισ
G5244	υπερηφανοι υπερηφανοισ υπερηφανουσ
G5245	υπερνικωμεν
G5246	υπερογκα
G5247	υπεροχην
G5248	υπερεπερισσευσεν υπερπερισσευομαι
G5250	υπερεπλεονασεν
G5251	υπερυψωσεν
G5252	υπερφρονειν
G5253	υπερωω
G5254	υπεχουσαι
G5255	υπηκοοι
G5256	υπηρετειν υπηρετησαν υπηρετησασ
G5257	υπηρεται υπηρεταισ υπηρετασ υπηρετη υπηρετην υπηρετων
G5258	υπνου υπνω
G5259	υπ υφ
G5260	υπεβαλον
G5261	υπογραμμον
G5262	υποδειγματα υποδειγματι
G5263	υπεδειξα υπεδειξεν υποδειξω
G5264	υπεδεξατο υποδεδεκται υποδεξαμενη
G5265	υποδεδεμενουσ υποδησαι υποδησαμενοι
G5266	υποδηματα υποδηματοσ υποδηματων
G5268	υποζυγιου
G5269	υποζωννυντεσ
G5271	υποκρινομενουσ
G5272	υποκρισει υποκρισεισ υποκρισεωσ υποκρισιν
G5273	υποκριτα υποκριται υποκριτων
G5274	υπελαβεν υπολαβων υπολαμβανειν υπολαμβανετε
G5275	υπελειφθην
G5277	υπολιμπανων
G5278	υπεμειναν υπεμεινατε υπεμεινεν υπομειναντασ υπομεινασ υπομεμενηκοτα υπομενει υπομενειτε υπομενετε υπομενομεν υπομενοντεσ
G5279	υπεμνησθη υπομιμνησκε υπομιμνησκειν υπομνησαι υπομνησει υπομνησω
G5280	υπομνησει υπομνησιν
G5281	υπομονην υπομονησ
G5282	υπενοουν υπονοειτε
G5283	υπονοιαι
G5284	υπεπλευσαμεν
G5285	υποπνευσαντοσ
G5287	υποστασει υποστασεωσ
G5288	υπεστειλαμην υπεστελλεν υποστειληται
G5289	υποστολησ
G5290	υπεστρεφον υπεστρεψα υπεστρεψαν υπεστρεψεν υποστρεφε υποστρεφειν υποστρεφοντι υποστρεφων υποστρεψαι υποστρεψαντεσ υποστρεψαντι υποστρεψασαι υποστρεψω
G5291	υπεστρωννυον
G5293	υπεταγη υπεταγησαν υπεταξασ υπεταξεν υποταγεντων υποταγη υποταγησεται υποταγησομεθα υποταγητε υποταξαι υποταξαντα υποταξαντι υποταξαντοσ υποτασσεσθαι υποτασσεσθε υποτασσεσθω υποτασσεσθωσαν υποτασσεται υποτασσησθε υποτασσομεναι υποτασσομενασ υποτασσομενοι υποτασσομενοσ υποτεταγμενα υποτετακται
G5294	υπεθηκαν υποτιθεμενοσ
G5295	υποδραμοντεσ
G5296	υποτυπωσιν
G5297	υπενεγκειν υπηνεγκα υποφερει
G5298	υπεχωρησεν υποχωρων
G5299	υπωπιαζη
G5301	υσσωπου υσσωπω
G5302	υστερει υστερεισθαι υστερηθεισ υστερηκεναι υστερησα υστερησαντοσ υστερησατε υστερουμεθα υστερουμενοι υστερουμενω υστερουνται υστερω υστερων
G5303	υστερηματα υστερηματοσ
G5304	υστερησεωσ υστερησιν
G5306	υστεροισ υστερον
G5308	υψηλα υψηλοισ υψηλον υψηλοτεροσ υψηλου
G5309	υψηλοφρονειν
G5310	υψιστοισ υψιστου
G5311	υψει υψουσ
G5312	υψωθεισ υψωθηναι υψωθησεται υψωθηση υψωθητε υψωθω υψων υψωσει υψωσεν υψωση υψωσητε
G5315	εφαγεν εφαγετε εφαγομεν εφαγον φαγε φαγεσαι φαγεται φαγετε φαγη φαγησ φαγητε φαγοι φαγονται φαγοντεσ φαγω φαγωμεν φαγωσιν
G5316	εφανη εφανησαν φαινει φαινεσθε φαινεται φαινομενη φαινομενου φαινομενων φαινονται φαινοντι φαινων φαινωσιν φανειται φανη φανησ φανησεται φανωμεν φανωσιν
G5318	φανερα φανεροι φανερον φανερουσ φανερω
G5319	εφανερωθη εφανερωθησαν εφανερωσα εφανερωσεν πεφανερωμεθα πεφανερωσθαι πεφανερωται φανερουμενοι φανερουντι φανερουται φανερωθεισαν φανερωθεντοσ φανερωθη φανερωθηναι φανερωθησεσθε φανερωθωσιν φανερωσαντεσ φανερωσει φανερωσον φανερωσω
G5321	φανερωσει
G5322	φανων
G5324	φανταζομενον
G5325	φαντασιασ
G5330	φαρισαιε φαρισαιοι φαρισαιοισ φαρισαιου φαρισαιουσ φαρισαιων
G5333	φαρμακοι φαρμακοισ φαρμακων
G5335	εφασκεν φασκοντεσ
G5336	φατνησ
G5337	φαυλα φαυλον
G5339	εφεισατο φειδομενοι φειδομενοσ φεισεται φεισομαι
G5341	φαιλονην
G5342	ενεγκαι ενεγκασ ενεγκατε ενεχθεισαν ενεχθεισησ εφερεν εφερομεθα εφερον εφεροντο ηνεγκα ηνεγκαν ηνεγκεν ηνεχθη οισει οισουσιν φερε φερει φερειν φερεσθαι φερετε φερη φερητε φερομενην φερομενησ φερομενοι φερον φεροντεσ φερουσαι φερουσαν φερουσιν φερωμεθα φερων
G5343	εφυγεν εφυγον φευγε φευγει φευγετε φευγετωσαν φευξεται φευξονται φυγειν φυγητε
G5344	φηλικα φηλικι φηλικοσ
G5346	εφη φασιν φησιν
G5347	φηστε φηστον φηστου φηστω
G5348	εφθασαμεν εφθασεν φθασωμεν
G5349	φθαρτησ φθαρτοισ φθαρτον φθαρτου
G5350	φθεγγεσθαι φθεγγομενοι φθεγξαμενον
G5351	εφθειραμεν εφθειρεν φθαρη φθαρησονται φθειρει φθειρομενον φθειρονται φθειρουσιν φθερει
G5352	φθινοπωρινα
G5353	φθογγοισ
G5354	φθονουντεσ
G5355	φθονοι φθονον φθονου φθονουσ φθονω
G5356	φθοραν φθορασ
G5357	φιαλασ φιαλην
G5358	φιλαγαθον
G5359	φιλαδελφειαν
G5360	φιλαδελφιαν φιλαδελφιασ
G5361	φιλαδελφοι
G5362	φιλανδρουσ
G5363	φιλανθρωπιαν
G5366	φιλαργυροι
G5367	φιλαυτοι
G5368	εφιλει πεφιληκατε φιλει φιλεισ φιλησαι φιλησω φιλουντασ φιλουντων φιλουσιν φιλω φιλων
G5369	φιληδονοι
G5370	φιληματι
G5371	φιλημονα φιλημονι
G5374	φιλιππησιοι φιλιππησιουσ
G5375	φιλιπποισ φιλιππουσ φιλιππων
G5376	φιλιππε φιλιππον φιλιππου φιλιππω
G5377	φιλοθεοι
G5378	φιλολογον
G5381	φιλοξενιαν φιλοξενιασ
G5382	φιλοξενοι φιλοξενον
G5383	φιλοπρωτευων
G5384	φιλασ φιλε φιλοι φιλοισ φιλον φιλουσ φιλων
G5385	φιλοσοφιασ
G5386	φιλοσοφων
G5387	φιλοστοργοι
G5388	φιλοτεκνουσ
G5389	φιλοτιμεισθαι φιλοτιμουμεθα φιλοτιμουμενον
G5392	εφιμωθη εφιμωσεν κημωσεισ πεφιμωσο φιμουν φιμωθητι φιμωσεισ
G5393	φλεγοντα
G5394	φλογιζομενη φλογιζουσα
G5395	φλογα φλογι
G5396	φλυαρων
G5397	φλυαροι
G5398	φοβερα φοβερον
G5399	εφοβειτο εφοβηθη εφοβηθησαν εφοβουμην εφοβουντο φοβεισθαι φοβεισθε φοβη φοβηθεισ φοβηθεισα φοβηθεντεσ φοβηθη φοβηθησ φοβηθησομαι φοβηθητε φοβηθωμεν φοβηται φοβου φοβουμαι φοβουμεθα φοβουμεναι φοβουμενοι φοβουμενοισ φοβουμενοσ
G5400	φοβητρα
G5401	φοβοι φοβον φοβου φοβω
G5402	φοιβην
G5403	φοινικην φοινικησ
G5404	φοινικεσ φοινικων
G5405	φοινικα
G5406	φονεα φονεισ φονευσιν
G5407	εφονευσατε φονευεισ φονευετε φονευσαντων φονευσεισ φονευση φονευσησ
G5408	φονοι φονον φονου φονω φονων
G5409	εφορεσαμεν φορει φορεσομεν φορουντα φορουντεσ φορων
G5410	φορου
G5411	φορον φορουσ
G5412	πεφορτισμενοι φορτιζετε
G5413	φορτια φορτιοισ φορτιου
G5415	φορτουνατου φουρτουνατου
G5417	φραγελλωσασ
G5418	φραγμον φραγμου φραγμουσ
G5419	φρασον
G5420	εφραξαν φραγη φραγησεται
G5421	φρεατοσ
G5422	φρεναπατα
G5423	φρεναπαται
G5424	φρεσιν
G5425	φρισσουσιν
G5426	εφρονειτε εφρονουν φρονει φρονειν φρονεισ φρονειτε φρονησετε φρονητε φρονουντεσ φρονουσιν φρονωμεν φρονων
G5428	φρονησει
G5429	φρονιμοι φρονιμοισ φρονιμω φρονιμωτεροι
G5431	φροντιζωσιν
G5432	εφρουρει εφρουρουμεθα φρουρησει φρουρουμενουσ
G5433	εφρυαξαν
G5434	φρυγανων
G5435	φρυγιαν
G5436	φυγελοσ
G5438	φυλακαισ φυλακασ φυλακην φυλακησ
G5439	φυλακιζων
G5440	φυλακτηρια
G5441	φυλακασ φυλακεσ
G5442	εφυλαξα εφυλαξαμην εφυλαξατε εφυλαξεν φυλαξαι φυλαξατε φυλαξει φυλαξη φυλαξησ φυλαξον φυλασσειν φυλασσεσθαι φυλασσεσθε φυλασση φυλασσομενοσ φυλασσοντεσ φυλασσοντι φυλασσου φυλασσουσιν φυλασσων
G5443	φυλαι φυλαισ φυλασ φυλην φυλησ φυλων
G5444	φυλλα
G5445	φυραματοσ
G5446	φυσικα φυσικην
G5448	εφυσιωθησαν πεφυσιωμενοι πεφυσιωμενων φυσιοι φυσιουμενοσ φυσιουσθε φυσιουται
G5449	φυσει φυσεωσ φυσιν
G5450	φυσιωσεισ
G5452	εφυτευον εφυτευσα εφυτευσεν πεφυτευμενην φυτευει φυτευθητι φυτευων
G5453	φυεν φυουσα
G5454	φωλεουσ
G5455	εφωνει εφωνησαν εφωνησεν φωνει φωνειτε φωνηθηναι φωνησαι φωνησαν φωνησαντεσ φωνησασ φωνησατε φωνησει φωνηση φωνησον φωνουσιν
G5456	φωναι φωναισ φωνασ φωνην φωνησ φωνων
G5457	φωτα φωτι φωτοσ φωτων
G5458	φωστηρεσ
G5460	φωτεινη φωτεινον
G5461	εφωτισεν εφωτισθη πεφωτισμενουσ φωτιζει φωτιζη φωτισαι φωτισαντοσ φωτισει φωτισθεντασ φωτισθεντεσ
G5462	φωτισμον
G5463	εχαιρεν εχαιρον εχαρη εχαρημεν εχαρην εχαρησαν εχαρητε χαιρε χαιρει χαιρειν χαιρετε χαιρη χαιρομεν χαιροντεσ χαιροντων χαιρουσιν χαιρωμεν χαιρων χαρηναι χαρησεται χαρησομαι χαρησονται χαρητε
G5464	χαλαζησ
G5465	εχαλασθην χαλασαντεσ χαλασαντων χαλασατε χαλασω χαλωσιν
G5466	χαλδαιων
G5467	χαλεποι
G5468	χαλιναγωγησαι χαλιναγωγων
G5469	χαλινουσ χαλινων
G5470	χαλκα
G5473	χαλκιων
G5474	χαλκολιβανω
G5475	χαλκον χαλκου
G5478	χαναναια
G5479	χαραν χαρασ
G5480	χαραγματι χαραγματοσ
G5482	χαρακα
G5483	εχαρισατο εχαρισθη κεχαρισμαι κεχαρισται χαριζεσθαι χαριζεσθε χαριζομενοι χαρισαμενοσ χαρισασθαι χαρισασθε χαρισεται χαρισθεντα χαρισθηναι χαρισθησομαι
G5485	χαριν χαριτα χαριτι χαριτοσ
G5486	χαρισματα χαρισματι χαρισματοσ χαρισματων
G5487	εχαριτωσεν κεχαριτωμενη
G5489	χαρτου
G5491	χειλεσιν χειλεων χειλη
G5492	χειμαζομενων
G5493	χειμαρρου
G5494	χειμωνοσ
G5495	χειρα χειρασ χειρεσ χειρι χειροσ χειρων χερσιν
G5496	χειραγωγουμενοσ χειραγωγουντεσ
G5497	χειραγωγουσ
G5498	χειρογραφον
G5499	χειροποιητα χειροποιητοισ χειροποιητον χειροποιητου
G5500	χειροτονηθεισ χειροτονηθεντα χειροτονησαντεσ
G5501	χειρον χειρονα χειρονοσ
G5502	χερουβιν
G5503	χηραι χηραισ χηραν χηρασ χηρων
G5504	εχθεσ
G5505	χιλιαδεσ χιλιαδων χιλιασιν
G5506	χιλιαρχοι χιλιαρχοισ χιλιαρχον χιλιαρχω χιλιαρχων
G5507	χιλια χιλιασ χιλιων
G5508	χιου
G5509	χιτωνα χιτωνασ
G5511	χλαμυδα
G5512	εχλευαζον
G5514	χλοησ
G5515	χλωρον χλωρω
G5517	χοικοι χοικου
G5518	χοινικεσ
G5519	χοιροι χοιρουσ χοιρων
G5520	χολατε
G5521	χολην χολησ
G5522	χουν
G5524	χορηγει χορηγησει
G5525	χορων
G5526	εχορτασθησαν εχορτασθητε χορταζεσθαι χορταζεσθε χορτασαι χορτασθηναι χορτασθησεσθε χορτασθησονται
G5527	χορτασματα
G5528	χορτον χορτου χορτω
G5529	χουζα
G5530	εχρησαμεθα εχρησαμην εχρωντο κεχρημαι χρησαι χρησαμενοσ χρησωμαι χρηται χρω χρωμεθα χρωμενοι
G5531	χρησον
G5532	χρειαισ χρειαν χρειασ
G5533	χρεοφειλεται χρεοφειλετων
G5535	χρηζει χρηζετε χρηζη χρηζομεν
G5536	χρημασιν χρηματα χρηματων
G5537	εχρηματισθη κεχρηματισμενον κεχρηματισται χρηματιζοντα χρηματισαι χρηματισει χρηματισθεισ χρηματισθεντεσ
G5539	χρησιμον
G5540	χρησιν
G5541	χρηστευεται
G5542	χρηστολογιασ
G5543	χρηστα χρηστοι χρηστον
G5544	χρηστοτητα χρηστοτητι χρηστοτητοσ
G5546	χριστιανον χριστιανουσ
G5547	χριστε χριστον χριστου χριστω
G5548	εχρισασ εχρισεν χρισασ
G5549	χρονιζει χρονιζειν χρονιζοντοσ χρονισει
G5550	χρονοισ χρονον χρονου χρονουσ χρονω χρονων
G5551	χρονοτριβησαι
G5552	χρυσα χρυσαν χρυσασ χρυση χρυσου χρυσουν χρυσουσ χρυσων
G5553	χρυσιου χρυσιω χρυσιων
G5557	χρυσον χρυσου χρυσω
G5558	κεχρυσωμενη
G5559	χρωτοσ
G5560	χωλοι χωλον χωλου χωλουσ χωλων
G5561	χωραισ χωραν χωρασ
G5562	χωρει χωρειν χωρειτω χωρησαι χωρησατε χωρουσαι χωρουσιν
G5563	εχωρισθη κεχωρισμενοσ χωριζεσθαι χωριζεσθω χωριζεται χωριζετω χωρισαι χωρισει χωρισθεισ χωρισθη χωρισθηναι
G5564	χωρια χωριου χωριων
G5566	χωρον
G5567	ψαλλετω ψαλλοντεσ ψαλω
G5568	ψαλμοισ ψαλμον ψαλμω ψαλμων
G5569	ψευδαδελφοισ ψευδαδελφουσ
G5570	ψευδαποστολοι
G5571	ψευδεισ ψευδεσιν
G5572	ψευδοδιδασκαλοι
G5573	ψευδολογων
G5574	εψευσω ψευδεσθε ψευδομεθα ψευδομενοι ψευδονται ψευσασθαι
G5575	ψευδομαρτυρεσ ψευδομαρτυρων
G5576	εψευδομαρτυρουν ψευδομαρτυρησεισ ψευδομαρτυρησησ
G5577	ψευδομαρτυριαι ψευδομαρτυριαν
G5578	ψευδοπροφηται ψευδοπροφηταισ ψευδοπροφητην ψευδοπροφητου ψευδοπροφητων
G5579	ψευδει ψευδουσ
G5580	ψευδοχριστοι
G5581	ψευδωνυμου
G5582	ψευσματι
G5583	ψευσται ψευσταισ ψευστην
G5584	εψηλαφησαν ψηλαφησατε ψηλαφησειαν ψηλαφωμενω
G5585	ψηφιζει ψηφισατω
G5586	ψηφον
G5587	ψιθυρισμοι
G5588	ψιθυριστασ
G5589	ψιχιων
G5590	ψυχαι ψυχαισ ψυχασ ψυχην ψυχησ ψυχων
G5591	ψυχικη ψυχικοι ψυχικον
G5592	ψυχει
G5593	ψυχρου
G5594	ψυγησεται
G5595	ψωμιζε ψωμισω
G5597	ψωχοντεσ
G5601	ιωβηδ
G5603	ωδαισ ωδην
G5604	ωδινασ ωδινων
G5605	ωδινουσα
G5606	ωμουσ
G5608	ωνησατο
G5610	ωραι ωραν ωρασ ωρων
G5611	ωραια ωραιαν ωραιοι
G5612	ωρυομενοσ
G5621	ωτιου
G5622	ωφελειασ
G5623	ωφελει ωφελειται ωφελειτε ωφεληθεισα ωφεληθησ ωφεληθησαν ωφεληθησεται ωφελησει ωφελησεν ωφελησω ωφελουμαι
G5624	ωφελιμα
G6000	αγγελλουσα
G6001	αγγη
G6003	ηθροισμενουσ
G6005	αμφιεζει
G6006	αμφιβαλλοντασ
G6008	αναπηδησασ
G6011	βελονησ
G6013	γενηματα γενηματοσ
G6015	δεουσ
G6016	διακαθαραι
G6017	διαχλευαζοντεσ
G6018	διενθυμουμενου
G6022	δυσφημουμενοι
G6027	εκζητησεισ
G6028	εξεθαυμαζον
G6030	εξεπηδησαν
G6031	ελεγμον
G6034	ενορκιζω
G6035	επαρατοι
G6036	επεισελευσεται
G6037	επεσπειρεν
G6041	ζηλευε
G6046	καταβαρυνομενοι
G6048	καταδικην
G6050	κατευλογει
G6052	κατωκισεν
G6055	κλιναριων
G6058	κρυφαιω
G6059	εκυκλευσαν
G6060	μετατραπητω
G6061	μυλινον
G6063	ειδεναι ειδησ ειδητε ειδοσιν ειδοτα ειδοτασ ειδοτεσ ειδοτι ειδυια ειδω ειδωμεν ειδωσ ιστε οιδαμεν οιδασ οιδασιν οιδατε οιδεν
G6064	οικετειασ
G6065	οικοδομων
G6066	ολιγοπιστιαν
G6068	ομιχλαι
G6070	παρεμβαλουσιν
G6072	περιαψαντων
G6073	πραυπαθιαν
G6074	προπατορα
G6076	προσεκλιθη
G6077	πυρρου
G6079	σιτια
G6081	συνεπεσεν
G6084	τιτιου
G6085	τρηματοσ
G6091	δυσεωσ
G6092	εξεβησαν
G6094	αυχει
G7013	εγκαυχασθαι
G9315	συνεπεθεντο
G9402	ταπεινοφρονεσ
G9994	οικουργουσ
G9995	ιεροθυτον
G9996	συνηλλασσεν
H0001	אבות אבותי אבותיהמ אבותיהמס אבותיהמפ אבותיו אבותיכ אבותיכמ אבותיכמס אבותינו אבותכמ אבותמ אבותמס אבותס אבי אביה אביהו אביהופ אביהמ אביהמפ אביהנ אביהפ אביו אביוס אביופ אביכ אביכמ אביכמפ אביכנ אביכס אבינו אביעד אביפ אבת אבתי אבתיהמ אבתיהמס אבתיהמפ אבתיו אבתיופ אבתיכ אבתיכמ אבתינו אבתינוס אבתמ
H0002	אבהתי אבהתכ אבהתנא אבוהי אבוכ אבי
H0003	אבו אבי
H0004	אנבה
H0006	אבדה אבדו אבדופ אבדות אבדימ אבדכ אבדכמ אבדמ אבדנו אבדני אבדת אבדתי אבדתמ אבידה אובד האבדת האבדתי האבדתיכ האבדתמ האביד האבידו האבידנו יאבד יאבדו יאבדומ יאבדמ יאבדפ מאבדימ מאביד נאבד נאבדה תאבד תאבדו תאבדונ תאבדמ תאבדנה
H0007	הובד הובדה יאבדו יהבדונ תהובד
H0009	אבדת
H0010	אבדו
H0014	אבו אבוא אבובני אבימ אביתי אביתמ יאבה יאבו תאבה תאבו תבא
H0018	אבוסכ
H0019	אבחת
H0022	אביאלס
H0026	אבגיל
H0029	אביהס
H0032	אביהיל
H0033	אבי עזרי עזריפ
H0034	אביוני אביוניה אביונימ אביונפ אביני אבינימ אבינכ
H0040	אבימלכפ
H0045	אבי עלבונ
H0047	אבירי אביריו אביריכ אבירימ אברימ
H0052	אבשי
H0053	אבשלומ אבשלומפ אבשלמ אבשלמס
H0055	יתאבכו
H0056	אבלה אבלו אתאבלה האבלתי התאבל התאבלי יאבל יתאבל יתאבלו מתאבל מתאבלימ מתאבלת תאבל תאבלפ תתאבלו
H0057	אבלות אבלי אבליו אבלימ
H0060	אבלכ אבלמ
H0062	אבל אבלה בית מעכה
H0063	אבל השטימ
H0064	אבל כרמימ
H0065	אבל מחולה
H0066	אבל מימ
H0067	אבל מצרימ
H0068	אבנו אבני אבניה אבניהמפ אבניו אבניכ אבנימ
H0069	אבנא
H0070	אבנימ
H0072	אבנ העזר עזר
H0073	אבנטימ אבנטכ
H0074	אבנר אבנרס
H0075	אבוס אבוסימ
H0079	האבקו יאבק
H0080	אבקמ
H0081	אבקת
H0082	יאבר
H0084	אברותיה אברתו
H0085	אברהמס
H0087	אברמס
H0092	אגדות אגדת אגדתו
H0095	אגורת
H0096	אגלי
H0098	אגמי אגמיהמ אגמימ
H0099	אגמי
H0100	אגמונ אגמונס
H0101	אגנות אגנת
H0102	אגפיה אגפיו אגפיכ
H0103	אגרה תאגר
H0104	אגרה אגרתא
H0105	אגרטלי
H0107	אגרות אגרתיהמ
H0108	אדו
H0109	אדיב
H0113	אדוניה אדוניהמ אדונימ אדונינו אדנ אדני אדניה אדניהמ אדניהמס אדניו אדניכ אדניכמ אדנימ אדנינו אדננו
H0117	אדירו אדירי אדיריהמ אדיריו אדיריכ אדירימ אדריהמ אדרימ אדרמ
H0119	אדמו יאדימו יתאדמ מאדמ מאדמימ
H0120	אדמס אדמפ
H0122	אדומ אדמה אדמימ
H0123	אדומס אדומפ
H0125	אדמדמת
H0127	אדמהס אדמהפ אדמות אדמת אדמתה אדמתו אדמתוס אדמתי אדמתכ אדמתכמ אדמתכס אדמתמ אדמתמס אדמתנו
H0130	אדומימ אדמיימ אדמית
H0132	אדמני
H0134	אדני אדניה אדניהמ אדניו אדנימ
H0136	אדונ אדוני
H0137	אדני בזק
H0138	אדניה
H0139	אדני צדק
H0142	יאדיר נאדר נאדרי
H0143	אדרס
H0146	אדרה
H0147	אדרי
H0148	אדרגזריא
H0150	אדרכנימ
H0155	אדרתו אדרתמ אדרתס
H0157	אהבה אהבהו אהבו אהבוכ אהבוכס אהבומ אהבוס אהבופ אהבי אהביה אהביו אהביכ אהבימ אהבכ אהבמ אהבת אהבתהו אהבתי אהבתיכ אהבתכ אהבתמ אהבתנו אהבתני אהוב אהובה אוהב הבו יאהב יאהבה יאהבהו יאהבכ יאהבני מאהבי מאהביה מאהביכ מאהביס נאהבימ תאהב תאהבו תאהבונ
H0158	אהבימ
H0159	אהבימ
H0160	אהבת אהבתה אהבתו אהבתי אהבתכ אהבתמ
H0166	יאהיל
H0167	יאהל יהל
H0168	אהלה אהלו אהלוס אהלי אהליהמ אהליהמס אהליו אהליוס אהליכ אהליכמ אהלימ אהלכ אהלס
H0174	אהלות אהלימ
H0175	אהרנס אהרנפ
H0177	אואלס
H0178	אבות אבת
H0180	אבל
H0181	אודימ
H0182	אדות אדותי אדותיכ אודת
H0183	אויתיכ אותה אותיה התאוה התאוו התאויתי יתאו יתאוה יתאוו יתאיו מתאוה מתאוימ תאוה תתאוה תתאיו
H0184	התאויתמ
H0185	אות אותי
H0191	אוילימ אולימ
H0192	אויל מרדכ
H0193	אולמ
H0194	אלי
H0197	אלמ אלמי
H0200	אולתו אולתופ אולתי
H0202	אונו אוני אונימ אונמ אנו
H0204	אונ
H0205	אונו אונימ אונכ אונמ אונפ אני
H0208	אונמס
H0211	אופירה אופר אפיר
H0212	אופני אופניהמ אופנימ אפנ
H0213	אצ אצימ אצתי יאיצו תאיצו
H0214	אוצרו אוצרוס אוצרות אוצרותיו אוצרותיכ אוצרת אוצרתי אוצרתיה אוצרתיו אוצרתמ אצרות אצרתי אצרתיה אצרתיהמ אצרתיו
H0215	אורי ארו האיר האירה האירו האר יאיר יאירו יאר מאיר מאירות מאירת נאור תאיר תאירו תארנה
H0216	אורהו אורו אורי אורימ אורכ אורמ אורפ
H0218	אורס
H0219	אורת ארת
H0220	אורות
H0221	אוריס ארי
H0224	אוריכ
H0225	יאתו נאות נאותה
H0226	אותת אותתיכ אותתינו אותתמ את אתות אתותיו אתת אתתי אתתיו אתתמ אתתפ
H0228	אזה מזא מזיה
H0229	אזביס
H0231	אזב
H0234	אזכרתה
H0235	אזלו אזלת תזלי
H0236	אזלו אזלנא
H0238	אזינ האזינ האזינה האזינו האזינוס האזיני האזנה האזנת יאזינ יאזינו מזינ
H0240	אזנכ
H0241	אזנו אזני אזניהמ אזניו אזניכ אזניכמ אזנימ אזנינו אזנכ אזנכמ אזנמ
H0242	אזנ שארה
H0243	אזנות תבור
H0245	אזניה
H0246	אזקימ
H0247	אאזרכ אזור אזרו התאזר התאזרו יאזרני מאזרי מאזרני נאזר תאזר תאזרני תזרני
H0248	אזרעי
H0251	אחי אחיה אחיהו אחיהמ אחיהמס אחיהמפ אחיו אחיופ אחיכ אחיכמ אחיכמפ אחימ אחימפ אחינו
H0252	אחכ
H0255	אחימ
H0256	אחב
H0258	התאחדי
H0259	אחדימ אחדס אחדפ אחת אחתס
H0262	אחותי
H0263	אחוית
H0266	אחוחיס אחחי
H0268	אחורס אחרי אחריהמ
H0269	אחותה אחותי אחותיכ אחותיכמ אחותכ אחותמ אחותמפ אחותנופ אחיותי אחיותיהמ אחיותיו אחיותכ אחתה אחתו אחתופ אחתי אחתמ אחתנו
H0270	אחוז אחוזימ אחזה אחזו אחזוני אחזות אחזי אחזני אחזת אחזתה אחזתיו אחזתמ אחזתני האחזו יאחז יאחזו יאחזוהו יאחזוכ יאחזונ יאחזוני יאחזמו מאחז מאחזימ נאחז נאחזו נאחזימ תאחז תאחזני תחז
H0272	אחזת אחזתו אחזתוס אחזתכ אחזתכמ אחזתמ
H0274	אחזיה
H0280	אחידנ
H0281	אחיה
H0285	אחטוב
H0296	אחיקמס
H0304	אחליס
H0309	אחרו יאחר יוחר מאחרי מאחרימ תאחר תאחרו
H0310	אחריה אחריהמ אחריהנ אחריו אחריוס אחריכ אחריכמ אחריכנ אחריכס אחרינו
H0311	אחרי אחריהונ
H0312	אחרות אחרימ אחרימפ אחרינ אחרת
H0314	אחרונה אחרונימ אחרנה אחרנהס אחרנהפ אחרנימ
H0319	אחריתה אחריתהס אחריתו אחריתי אחריתכ אחריתכנ אחריתמ אחריתנ אחריתנו
H0323	אחשדרפני אחשדרפנימ
H0324	אחשדרפניא
H0325	אחשורושס אחשורש
H0326	האחשתרי
H0327	אחשתרנימ
H0328	אטימ אטס
H0331	אטמות אטמימ יאטמ
H0332	תאטר
H0335	איו איכה אימ
H0337	לו
H0338	איימ
H0339	איי איימ אינ
H0340	איבתי
H0341	אויב אויבי אויביהמ אויביו אויביכ אויבימ אויבינו אויבכ אויבנו אויבס איבו איבי איביה איביהמ איביו איביכ איביכמ איבימ איבימס איבינו איבכ איבתי
H0342	איבת
H0343	אידו אידי אידכ אידכמ אידמ אידמס
H0347	איובפ
H0348	איזבלפ
H0350	אי כבוד
H0352	אילי איליו אילימ אילמ אל אלי אליהמ אליהמה אליו אלימ
H0354	אילימ
H0355	אילות אילת
H0356	אילונ אילנ
H0357	אילנה
H0358	אילונ בית חננס
H0359	אלות
H0360	אילותי
H0361	אילמיו אלמות אלמיו
H0362	אילמה
H0363	אילנא
H0364	איל פארנ
H0366	אימה
H0367	אימות אימימ אימת אימתה אימתי אימתכמ אמיכ אמימ אמתו אמתי אמתכ
H0368	אמימ
H0369	אינכ אינכמ אינמ אינמו איננה איננו איננוס איננופ אינני אינניפ אינפ
H0374	איפהס איפהפ איפת אפה
H0376	אישה אישו אישי אישימ אישכ אישס
H0377	התאששו
H0378	איש בשת
H0380	אשונ
H0383	איתוהי איתיכונ איתכ איתנא
H0385	איתמרס איתמרפ
H0386	איתנו אתנ אתנימ
H0388	אתנימ
H0392	אכזיבה
H0398	אוכיל אוכל אוכלה אוכליה אכול אכלה אכלהו אכלו אכלוה אכלומ אכלי אכליו אכליכ אכלימ אכלכ אכלכמ אכלמ אכלנהו אכלנו אכלני אכלס אכלת אכלתהו אכלתי אכלתכ אכלתמ אכלתני האכילהו האכל האכלהו האכלתי האכלתיכ האכלתימ האכלתמ יאכילהו יאכל יאכלהו יאכלו יאכלוה יאכלומ יאכלונ יאכלכ יאכלמ יאכלמו יאכלנה יאכלנו יאכלני יוכלו מאכיל מאכילמ מאכלכ נאכל נאכלה נאכלהו נאכלנו נאכלת תאכל תאכלהו תאכלו תאכלומ תאכלונ תאכלופ תאכלי תאכלכ תאכלכמ תאכלמ תאכלמס תאכלנה תאכלנו תאכלס תאכלפ
H0399	אכלה אכלו אכלי יאכל תאכל
H0400	אכלו אכלכ אכלכמ אכלמ
H0402	אכלהס
H0405	אכפי
H0406	אכריכמ אכרימ
H0410	אלי אלימ אלמ אלס אלפ
H0413	אלהמ אלהמס אלהנ אלי אליה אליהמ אליהמס אליהמפ אליהנ אליו אליוס אליופ אליכ אליכמ אליכפ אלימו אלינו אליס אליפ אלכמ
H0416	אל בית
H0421	אלי
H0422	אלות אלית האלתו יאל
H0423	אלות אלת אלתו אלתי האלתו
H0426	אלהא אלהאס אלהה אלההונ אלההמ אלההס אלהי אלהיא אלהינ אלהינס אלהכ אלהכונ אלהכמ אלהנא
H0428	אלהס אלהפ
H0429	אלהס
H0430	אלהי אלהיה אלהיהמ אלהיהמס אלהיהמפ אלהיהנ אלהיו אלהיוס אלהיכ אלהיכמ אלהיכמס אלהיכמפ אלהיכס אלהיכפ אלהימו אלהימס אלהימפ אלהינו אלהינוס אלהינופ אלהיס אלהיפ אלוהי
H0433	אלהו אלוה
H0436	אלוני אלני
H0437	אלוני אלונימ
H0439	אלונ בכותפ
H0441	אלופי אלופיהמ אלופינו אלפ אלפי אלפיהמ אלפימ
H0444	נאלח נאלחו
H0448	אליתה
H0452	אליהו אליהופ אליהס
H0453	אליהוא
H0454	אליועני
H0457	אלילי אליליה אלילימ אלילמ אלל
H0459	אלנ
H0461	אליעזרס
H0462	אליעני
H0467	אליפלטפ אלפלט
H0469	אלצפנ
H0475	אלישיבס
H0481	מאלמימ נאלמה נאלמת נאלמתי תאלמ תאלמנה
H0483	אלמימ אלמימס
H0485	אלמימ אלמתי אלמתיו אלמתיכמ
H0490	אלמנהס אלמנות אלמנותיה אלמנותיו אלמנתיו אלמנתיכ
H0491	אלמנותה אלמנותיכ
H0492	אלמוני
H0500	אלעלה
H0501	אלעשהס
H0502	אאלפכ יאלפ מלפנו תאלפ
H0503	מאליפות
H0504	אלפיכ אלפימ
H0505	אלפי אלפיו אלפיכמ אלפימ אלפס אלפפ
H0506	אלפא אלפינ
H0509	תאלצהו
H0514	אלתקה
H0516	אל תשחת
H0517	אמה אמו אמוס אמופ אמי אמכ אמכמ אמכנ אממ אמתינו אמתמ אמתמס
H0519	אמהות אמהת אמהתי אמהתיה אמהתיהמ אמהתיו אמהתיכמ אמתה אמתו אמתי אמתכ אמתכס
H0520	אמות אמת אמתימ
H0521	אמינ
H0523	אמות אמימ אמתמ
H0524	אמיא
H0526	אמנ
H0529	אמוני אמונימ אמנימ
H0530	אמונות אמונת אמונתו אמונתי אמונתכ אמונתמ אמנה אמנתו אמנתכ
H0533	אמצ
H0535	אמלה אמלל אמללה אמללו אמללוס
H0537	אמללימ
H0539	אאמינ אמניכ אמנימ אמנת אמנתו האמינ האמינו האמנ האמנתי האמנתמ יאמינ יאמינו יאמנ יאמנו מאמינ מאמינמ נאמנ נאמנה נאמנו נאמנוס נאמנות נאמני נאמנימ נאמנת תאמינ תאמינו תאמנ תאמנה תאמנו תאמנוס
H0540	הימנ מהימנ
H0541	תאמינו
H0543	אמנס אמנפ
H0547	אמנות
H0550	אמינונ אמננ
H0553	אאמצכמ אמצהו אמצו אמצפ אמצת אמצתה אמצתיכ התאמצ יאמצ יאמצהו יאמצו יתאמצו מאמצ מתאמצת תאמצ תאמצנו
H0554	אמצימ
H0558	אמציה
H0559	אומר אומרה אמור אמראלי אמרה אמרו אמרות אמרי אמרימ אמרכ אמרכמ אמרמ אמרנו אמרס אמרת אמרתי אמרתמ האמירכ האמרת יאמר יאמרו יאמרכ יתאמרו נאמר תאמר תאמרו תאמרונ תאמרי תאמריאלי תאמרנ תאמרנה תמרו
H0560	אמרו אמרינ אמרנא אמרת יאמר מאמר ממר נאמר תאמרונ
H0561	אמרו אמרי אמריה אמריו אמריכמ אמרימ
H0562	אומר
H0563	אמרינ
H0565	אמרות אמרת אמרתו אמרתי אמרתכ
H0566	אמריס
H0568	אמריה
H0571	אמתו אמתכ אמתפ
H0572	אמתחתו אמתחתי אמתחתיכמ אמתחתינו
H0574	אימתני
H0575	אנה
H0577	אנה
H0578	אנו
H0579	יאנה מתאנה תאנה
H0582	אנושס אנשי אנשיה אנשיהמ אנשיהנ אנשיו אנשיופ אנשיכ אנשימ אנשימס אנשינו
H0584	האנח יאנח יאנחו נאנח נאנחה נאנחו נאנחימ נחנת תאנח
H0585	אנחהס אנחהפ אנחתה אנחתי
H0586	אנחנה
H0587	אנחנוס אנחנופ
H0589	אניס
H0591	אניות אניותיהמ
H0592	אניהס
H0593	אניעמפ
H0595	אנכיפ
H0596	יתאוננ מתאננימ
H0599	אנפת התאנפ יאנפ יתאנפ תאנפ
H0600	אנפוהי
H0602	האנק יאנק נאנקימ
H0603	אנקת
H0605	אנוש אנושה אנושס יאנש
H0606	אנשא אנשימ
H0607	אנת
H0609	אסאס
H0612	אסוריו אסורימ
H0613	אסורינפ
H0614	אספ
H0615	אסירי אסיריו אסיריכ אסירימ אסירמ
H0616	אסר
H0618	אסמיכ
H0622	אאספ אסופ אספה אספו אספי אספכ אספכמ אספמ אספת אספתה אספתו אספתי האספ האספו האספי התאספ יאספ יאספה יאספהו יאספו יאספונ יאספכ יאספמ יאספני יספ מאספ מאספיו מאספכמ מאספס נאספ נאספה נאספו נאספימ נאספת נאספתמ תאספ תאספי תספ
H0624	אספי אספימ
H0625	אספי
H0627	אספות
H0631	אסור אסורימ אסרה אסרו אסרוכ אסרות אסרי אסרכ אסרמ אסרנהו אסרתמ האסרו יאסר יאסרהו יאסרוהו יאסרומ יאסרוני יאסרני נאסרכ סורימ תאסר תאסרהו
H0632	אסרה אסריה
H0633	אסרא
H0634	אסר חדנ
H0635	אסתרס אסתרפ
H0636	אעא
H0639	אפה אפו אפוס אפופ אפי אפיה אפיו אפיכ אפימ אפינו אפכ אפכמ אפמ אפס אפפ
H0640	אפדת יאפד
H0642	אפדת אפדתו
H0643	אפדנו
H0644	אופימ אפהמ אפו אפות אפימ אפית אפיתי יאפו תאפה תאפו תאפינה תפהו
H0645	אפוא
H0646	אפד אפודס
H0648	אפילת
H0650	אפיקי אפיקיו אפיקיכ אפיקימ אפקי אפקימ
H0652	אפלפ
H0653	אפלות אפלתכ
H0655	אפניו
H0657	אפסי אפסימ
H0658	אפס דמימ
H0661	אפפו אפפוני אפפני
H0662	אתאפק התאפק התאפקו יתאפק תתאפק
H0663	אפיק אפקה
H0665	אפרפ
H0667	אפרחיה אפרחיו אפרחימ
H0669	אפרימס
H0672	אפרת
H0673	אפרתימ
H0675	אצבנ
H0676	אצבעו אצבעות אצבעותי אצבעותיכמ אצבעכ אצבעת אצבעתי אצבעתיו אצבעתיכ
H0677	אצבענ אצבעת אצבעתא
H0678	אצילי אציליה
H0679	אצילה אצילי אצלות
H0680	אצלת אצלתי יאצל נאצל
H0681	אצלה אצלו אצלי אצלמ
H0682	אצלפ
H0686	אוצרה אוצרימ אצרו יאצר
H0691	אראלמ
H0693	אורב ארבו ארבימ ארבתי ארבתמ יארב יארבו ירב מארבימ נארבה תארב
H0696	ארבו ארבמ
H0698	ארבות
H0699	ארבות ארבת ארבתיהמ
H0701	ארביס
H0702	ארבעה ארבעהס ארבעהפ ארבעס ארבעת ארבעתמ ארבעתנ
H0703	ארבעה
H0707	ארגות ארגימ ארגימס יארגו תארגי תאריג
H0711	ארגונא
H0717	ארוה אריתי
H0723	ארות אריות
H0724	ארכה ארכת ארכתכ
H0727	ארנ
H0729	ארזימ
H0730	ארזי ארזיו ארזיכ ארזימ ארזימפ
H0732	ארחי ארחימ
H0734	ארחו ארחות ארחותי ארחותיכ ארחותמ ארחי ארחכ ארחתי ארחתיהמ ארחתיו ארחתיכ
H0735	ארחתה ארחתכ
H0736	ארחות ארחת
H0737	ארחת ארחתו
H0738	אריות אריימ
H0739	אראל
H0741	אריאל
H0742	ארדי
H0744	אריותא
H0748	אאריכ ארכו האריכ האריכו האריכי הארכת הארכתי הארכתמ יאריכ יאריכו יאריכנ יארכו יארכונ יארכנ מאריכ תאריכ תאריכו תאריכנ תארכנה
H0752	ארכה
H0753	ארכה ארכו ארכמ ארכנ
H0754	ארכה
H0755	ארכבתה
H0758	ארמס ארמפ
H0759	ארמנות ארמנותיה ארמנותיהמפ ארמנותיהס ארמנותיכ ארמנותינו ארמנתיה ארמנתיהס ארמנתיהפ ארמנתיו ארמנתינו
H0760	ארמ צובה
H0761	ארמיה ארמימ
H0762	ארמיתפ
H0763	ארמ נהרימ
H0765	ארנפ
H0769	ארננ
H0772	ארעא
H0773	ארעית
H0776	ארצה ארצהס ארצו ארצוס ארצופ ארצות ארצותס ארצותפ ארצי ארצכ ארצכמ ארצכס ארצמ ארצנו ארצס ארצפ ארצת ארצתמ
H0778	ארקא
H0779	אאר אורו ארה ארו ארור ארורה ארורימ ארותי ארותיה אררה אררי ארריכ יואר מאררימ נארימ תאר
H0781	ארשה ארשתי ארשתיכ מארשה תארש
H0783	ארתחשסתא ארתחששת
H0784	אשדת אשו אשכמ אשמ אשס אשפ אשתמ
H0787	אשוהי אשיא
H0794	אשדות
H0795	אשדודה
H0796	אשדדיות אשדודימ
H0798	אשדת
H0801	אשי
H0802	אשהס אשהפ אשת אשתו אשתי אשתכ נשי נשיהמ נשיו נשיכ נשיכמ נשימ נשימס נשינו
H0803	אשיותיה
H0804	אשורה אשורס אשורפ אשר
H0805	אשורמ
H0809	אשישות אשישי
H0811	אשכל אשכלות אשכלת אשכלתיה
H0812	אשכול
H0814	אשכרכ
H0816	אשומ אשמה אשמו אשמת האשיממ יאשמ יאשמו נאשמ נאשמו תאשמ תאשמו תאשמוס
H0817	אשמו אשמיו אשממ
H0818	אשמימ
H0819	אשמות אשמותי אשמת אשמתו אשמתינו אשמתמ אשמתמס אשמתנו
H0821	אשמרות אשמרת
H0822	אשנבי
H0825	אשפימ
H0826	אשפיא אשפינ
H0827	אשפתו
H0830	אשפות אשפתותס שפות
H0833	אשרו אשרוני יאשרוה יאשרוהו מאשרי מאשריו מאשריכ מאשרימ מאשרפ תאשר תאשרני
H0835	אשרהו אשרי אשריו אשריכ אשריכמ
H0836	אשרס
H0837	אשרי
H0838	אשרו אשרי אשריו אשרינו
H0842	אשירה אשירהמ אשיריכ אשרות אשריהמ אשריו אשרימ
H0845	אשראלי
H0847	אשתאל אשתאלפ
H0848	אשתאליס
H0851	אשתמה אשתמע אשתמעס
H0852	אתוהי אתיא אתינ
H0853	אותה אותהמ אותהנ אותו אותוס אותי אותכ אותכמ אותמ אותמס אותמפ אותנה אותנו אתה אתהמ אתהנ אתו אתוס אתופ אתי אתיס אתכ אתכה אתכמ אתכמס אתכמפ אתמ אתנ אתנה אתנו
H0854	אותו אותי אותכ אותכס אותמ אותמס אותנו אתה אתו אתוס אתופ אתי אתכ אתכמ אתכמפ אתמ אתמפ אתנו אתנוס
H0855	אתו אתיכמ אתימ
H0857	אתיו אתיוס אתיות אתנו התיו יאת יאתה יאתיו יאתיונ יאתיני יתא תאתה
H0858	אתא אתו היתי היתיה היתיו היתית מתא
H0859	אתהס אתנה
H0860	אתונות אתנו אתנות אתנכ אתנת
H0861	אתונא
H0862	אתיקיהא אתיקימ
H0863	איתי
H0868	אתננה אתנניה
H0870	אתרה אתרהס באתר בתרכ
H0873	בישתא
H0875	בארכ בארת ביר
H0876	בארה
H0877	בארות בארת
H0879	אילימ באר
H0881	בארת
H0883	באר לחי ראי ראיס
H0884	באר בארה שבע שבעפ
H0886	בארתימ
H0887	הבאיש הבאישו הבאישני הבאש הבאשתמ התבאשו יבאיש יבאש נבאש נבאשו נבאשת תבאש
H0889	באשו באשמ
H0892	בבת
H0894	בבלה בבלהס בבלהפ בבלס
H0895	בבלס בבלפ
H0896	בבליא
H0898	בגדה בגדו בגדי בגדימ בגדתה בגדתי בגדתמ בגוד בוגד בוגדימ יבגד יבגדו נבגד תבגדוס תבגוד
H0899	בגדו בגדי בגדיה בגדיהמ בגדיו בגדיכ בגדיכמ בגדימ בגדימס בגדינו בגדס בגדתיכ
H0901	בגודה
H0904	בגתנא
H0905	בדה בדהנ בדו בדופ בדי בדיה בדיו בדימ בדכ בדכמ בדכס בדמ בדנה בדס
H0906	בדימ
H0907	בדיו בדיוס בדיכ בדימ
H0908	בודאמ
H0909	בודד
H0913	בדיליכ
H0914	אבדילה אבדל הבדיל הבדילה הבדילו הבדל הבדלו הבדלת הבדלתי הבדלתמ יבדיל יבדילו יבדילמ יבדילני יבדל יבדלו מבדיל מבדלימ נבדל נבדלו תבדיל
H0918	בדוק
H0919	בדקכ בדקפ
H0921	בדרו
H0926	אבהל בהלמ בהלני הבהילני יבהל יבהלהו יבהלו יבהלוהו יבהלונ יבהלכ יבהלמו מבהלימ מבהלת נבהל נבהלה נבהלו נבהלוס נבהלנו נבהלתי תבהל תבהלמ תבהלנה
H0927	התבהלה יבהלוכ יבהלונה יבהלכ יבהלנה יבהלנני מתבהל
H0928	בהלות
H0929	בהמהס בהמות בהמת בהמתה בהמתו בהמתינו בהמתכ בהמתכמ בהמתמ בהמתנו
H0931	בהנות
H0935	אבא אבאה אבאמ אבוא אבואה אבי אביא אביאכ אביאמ אביאנה אביאנו בא באגד באה באהס באו באות באי באיה באימ באכ באכה באכמ באמ באמס באנ באנה באנו באס באפ באת באתה באתי באתמ באתנו בואה בואו בואי בואכ בואמ בואנ ביא בנו הבא הבאותיכ הבאותכ הבאותמ הבאת הבאתה הבאתו הבאתי הבאתיה הבאתיו הבאתימ הבאתמ הבאתנו הביא הביאה הביאהו הביאו הביאוכ הביאומ הביאותיהו הביאותימ הביאותמ הביאי הביאכ הביאכמ הביאמ הביאני הביאנמ הביאת הביאתי הביאתיה הביאתיו הביאתימ הביאתנו הביאתני הובא הובאו יבא יבאה יבאהו יבאו יבאומ יבאונ יבאוני יבאכ יבאמ יבאנו יבאני יבוא יבואו יבואנו יביא יביאה יביאהו יביאו יביאומ יביאונ יביאוני יביאכ יביאמ יביאנה יביאנו יביאני יובא יובאו לבא מבאי מבאימ מביא מביאיה מביאימ מביאכ מובא מובאות מובאימ נבא נבאה נבוא נבואה נביא נביאמ תבא תבאהו תבאו תבאי תבאינה תבאמו תבאנ תבאנה תבאת תבוא תבואה תבואהו תבואי תבואינה תבואכ תבואנה תבואנו תבואני תבואתה תבואתכ תביא תביאהו תביאו תביאינה תביאמ תביאנה תביאנו תביאני תביאניפ
H0936	בז בזופ יבוז יבוזו תבוז
H0943	נבוכהפ נבכו נבכימ
H0947	אבוס אבוסנו בוסימ בוססו בססו יבוס מובס מתבוססת נבוס תבוס
H0948	בצ
H0953	באר בורו בורכ בורס בר ברה ברות ברת
H0954	אבוש אבושה אבשה בושה בושו בושי בושימ בש בשו בשנו בשש בשת בשתי הביש הבישה הבישו הבישות הבשו הבשת הבשתה הובישה יבוש יבושו יבשו יתבששו מביש מבישה תבוש תבושי תבישו תבישני תבשו תבשי
H0956	בת
H0957	בזה
H0958	בזאו
H0959	בוזה בוזהו בוזי בוזימ בזוי בזויה בזי בזינו בזית בזתני הבזות יבז יבזהו יבזו נבזה נבזימ תבז תבזה
H0962	בוז בז בזו בזוז בזונו בזזו בזזומ בזזיהמ בזזיכ בזזימ בזזינוס בזזנו הבוז יבזו יבזומ נבזה נבזו תבוז תבז תבזו
H0967	יבזור
H0970	בחורי בחוריה בחוריהמ בחוריו בחוריכמ בחורימ בחריה בחריהמ בחרימ
H0971	בחוניו
H0972	בחירו בחירי בחיריו בחיריכ
H0973	בחלה
H0974	אבחנכ בחנו בחנוני בחנני בחנת בחנתימ בחנתנו יבחנ יבחנו תבחנ תבחנו תבחננו
H0977	אבחר אבחרה אבחרהו בחור בחורי בחורס בחרו בחרוס בחרי בחרת בחרתי בחרתיכ בחרתמ בחרתמפ יבחר יבחרו יבחרכ יבחרפ נבחר נבחרה תבחר
H0979	בחורותכ בחורתיכ בחריו
H0980	בחורימ
H0981	בוטה בטא יבטא
H0982	אבטח בוטח בטוח בטחה בטחו בטחות בטחימ בטחכ בטחנו בטחת בטחתי הבטחת יבטח יבטחו מבטיחי תבטח תבטחו תבטחוס תבטחי
H0988	בטלו
H0989	בטלא בטלו בטלת
H0990	בטנה בטנו בטני בטנכ בטנמ בטנמס בטננו
H0995	אבינ אבינה אתבוננ בינה בינו בינתי בנימ בנתה הבינ הבינו הבינכ הבינני הבינתמ הבנ התבוננ התבוננו התבוננת התבננת יבוננהו יבינ יבינהו יבינו יבנ יתבוננ יתבוננו יתבוננס מבינ מביני מבינימ מבינפ נבונ נבונימ נבנותי נבניו נבנימ תבינ תבינו תבינמ תבנ תתבוננו תתבננ תתבננו
H0996	בינו בינות בינותינו ביני ביניהמ ביניהמס ביניו ביניכ ביניכמ בינינו בינכ בינכמ ביננו בינתינו בינתמ
H0997	ביניהנ
H0998	בינהס בינות בינת בינתי בינתכ בינתכמ
H1000	ביצי ביציהמ ביצימ בציה
H1002	בירהפ
H1003	בירניות
H1004	ביתה ביתו ביתוס ביתופ ביתי ביתיס ביתכ ביתכמ ביתכפ ביתמ ביתמס ביתס ביתפ בתי בתיהמ בתיהנ בתיו בתיכ בתיכמ בתיכמפ בתימ בתימו בתינו
H1005	ביתא ביתה ביתי בתיכונ
H1007	אונ בית
H1008	אל אלפ בית
H1009	ארבאל בית
H1010	בית מעונ
H1011	בית בראי
H1012	בית ברה
H1013	בית גדר
H1014	בית גמול
H1015	בית דבלתימ
H1016	בית דגונ דגנ
H1017	אלי בית
H1018	בית האצל
H1019	בית גלגל
H1020	בית ישימת ישמות ישמת
H1021	בית הכרמ
H1022	בית לחמי
H1024	בית מרכבות
H1025	בית העמק
H1026	בית הערבה ערבה
H1027	בית הרמ
H1028	בית הרנ
H1029	בית שטה
H1030	בית שמשי
H1031	בית חגלה
H1032	בית חורונ חורנ חרונ חרנ
H1033	בית כר
H1034	בית לבאות
H1035	בית לחמ לחמס לחמפ
H1036	בית לעפרה
H1037	בית מלא מלוא
H1039	בית נמרה
H1040	בית עדנ
H1041	בית עזמות
H1042	בית ענות
H1043	בית ענת
H1044	בית עקד
H1046	בית פלט
H1047	בית פעור פעורפ
H1048	בית פצצ
H1049	בית צור
H1050	בית רחוב
H1051	בית רפא
H1052	בית שאנ שנ
H1053	בית שמש
H1054	בית תפוח
H1057	בכאימ
H1058	אבכה בוכה בוכיה בוכימ בכו בכות בכימ בכינה בכינו בכיתי בכיתמ בכתה יבכ יבכו יבכיונ מבכה מבכות תבכ תבכה תבכו תבכי תבכינה
H1059	בכהס
H1060	בכורו בכורי בכוריהמ בכורפ בכר בכרו בכרות בכרי בכרכ בכרת
H1061	בכורי בכוריכ
H1062	בכרהס בכרתו בכרתי בכרתכ
H1063	בכורה
H1065	בכיי
H1066	בכימפ
H1068	בכיתו
H1069	יבכר מבכירה
H1070	בכרי
H1080	יבלא
H1082	אבליגה מבליג
H1086	בלו בלות בלתה בלתו בלתי יבלה יבלו תבלה
H1087	בלות בלימ
H1090	בלההפ
H1091	בלהות
H1094	בלואי בלוי
H1098	בלילו
H1100	בליעלס
H1101	בלול בלולה בלולת בלתי יבל יתבולל נבלה
H1102	בלומ
H1103	בולס
H1104	אבלע בלעה בלעו בלעונו בלעוס בלעי בלענו בלענוהו בלעני יבלע יבלעהו יבלעמ יבלענהס יבלענו מבלעיכ מבלעימ נבלע נבלעו נבלעמ תבלע תבלעמ תבלעמו תבלענ תבלענה תבלענו תבלעני תתבלע
H1105	בלעו
H1107	בלעדיכ
H1110	בולקה מבלקה
H1115	בלתכ
H1116	במהס במות במותי במותיכ במותיכמ במותימו במותמ במתה במתי במתיו במתיכ במתיכמ במתמ
H1121	בנה בנוס בנופ בני בניה בניהמ בניהמפ בניהנ בניו בניופ בניכ בניכמ בנימ בנימיני בנימס בנימפ בנינו בניס בנכ בננו בר ברי
H1124	בנא בנהי בנו בנינ בניתה יבנונ יתבנא מבנא מבניה מתבנא תתבנא
H1125	אבינדב בנ
H1126	אוני בנ
H1127	בנ גבר
H1128	בנ דקר
H1129	אבנה אבנכ אבננה בונה בוניו בונימ בנו בנוהו בנוי בנויה בנוימ בנות בנותיכ בנותכמ בני בניכ בנימ בנינו בנית בניתי בניתיה בניתימ בניתמ בנת בנתה בנתי בנתימ בנתכמ הבנות הבנותפ הבנתו יבנ יבנה יבנהו יבנו יבנמ יבננו נבנה נבנו נבנית נבנתה תבנ תבנה תבנו תבני תבנינה
H1130	בנ הדד הדדס
H1132	בנ זוחת
H1133	בנ חור
H1134	בנ חיל
H1135	בנ חננ
H1137	בנימנ
H1138	בוני
H1139	בני ברק
H1141	בניה בניהס
H1142	בני יעקנ
H1144	בנימינפ בנימנ בנימנס בנימנפ
H1145	בנ בני ימיני
H1147	בנינא
H1148	בנינוס
H1151	בנ עמי
H1154	בסרו
H1156	אבעא בעה בעו בעינ בעינא יבעה יבעונ מבעא
H1157	בעדה בעדו בעדי בעדינו בעדכ בעדכמ בעדמ בעדנו בעדני
H1158	בעיו נבעה נבעו תבעה תבעיונ
H1159	בעותה
H1160	בער
H1161	בעותי בעותיכ
H1162	בעזס
H1163	יבעט תבעטו
H1165	בעירו בעירכמ בעירמ בעירמס בעירנו
H1166	בעולה בעלה בעלו בעלונו בעליכ בעלת בעלתי יבעל יבעלוכ תבעל
H1167	בעלה בעלי בעליה בעליהנ בעליו בעלתה
H1168	בעלימ בעלימפ בעלס
H1170	בעל ברית
H1171	בעל גד
H1172	בעלת
H1173	בעלי בעלתה
H1174	בעל המונ
H1175	בעלותס
H1176	בעל זבוב
H1177	בעל חננ
H1178	בעל חצור
H1179	בעל חרמונ
H1186	בעל מעונ
H1187	בעל פעור
H1188	בעל פרצימ
H1189	בעל צפונ צפנ
H1190	בעל שלשה
H1192	באר בעלת
H1193	בעל תמר
H1195	בענאס
H1197	בערה בערו בערות בערימ בערמ בערת בערתי בערתיה בערתמ הבערתי יבער יבערו מבעיר מבער מבערימ מבערת נבער נבערה נבערו תבעיר תבער תבערו
H1200	בערהס
H1204	בעתהו בעתתו בעתתני יבעתהו יבעתוני יבעתני מבעתכ נבעת נבעתי תבעת תבעתכ תבעתני
H1207	בצאתיו
H1210	בצירכ
H1211	בצלימ
H1212	בצלאלס
H1213	בצלית
H1214	בוצע בצעמ יבצע יבצעו יבצעני תבצעי תבצענה
H1215	בצעו בצעכ בצעמ
H1216	בצקה בצקו
H1217	בצקו
H1219	בוצר בצורה בצורות בצורת בצרות בצרימ בצרת יבצר יבצרו תבצר תבצרו
H1220	בצריכ
H1224	בצרהפ
H1226	בצרות
H1233	בקיעי בקעימ
H1234	בוקע בקעה בקעהו בקעו בקעמ בקעפ בקעת בקעתי הבקיע הבקע הבקעה התבקעו יבקע יבקעו יבקעוה יבקעופ יתבקעו מבקעה מבקעימ נבקע נבקעו נבקעוס נבקענה תבקע תבקעמ תבקענה
H1236	בקעת
H1237	בקעות בקעת
H1238	בוקק בקקומ בקקימ בקתי הבוק יבקקו נבקה תבוק
H1239	אבקר בקרתימ יבקר
H1240	בקרא בקרו יבקר יתבקר
H1241	בקרו בקרימ בקרינו בקרכ בקרכמ בקרמ בקרנו
H1242	בקרימ בקרפ
H1243	בקרת
H1245	אבקש אבקשה אבקשהו אבקשנו בקשה בקשהו בקשו בקשוני בקשוס בקשכ בקשני בקשתי בקשתיהו בקשתיו בקשתמ יבקש יבקשהו יבקשו מבקש מבקשי מבקשיה מבקשיו מבקשיכ מבקשימ נבקש נבקשה נבקשנו תבקש תבקשו תבקשונ תבקשי תבקשמ תבקשנה תבקשנו
H1246	בקשתופ בקשתי בקשתכ
H1247	בנוהי בני בניהונ ברה
H1249	ברה ברי
H1251	ברא
H1252	ברי
H1254	בורא בוראיכ בראה בראהפ בראכ בראמ בראנו בראת בראתו בראתי בראתיו בראתיוס בראתמ הבראכ הבראמ הבראמס הבריאכמ יברא יבראונ נברא נבראו נבראת
H1255	בלאדנ בראדכ
H1261	ברדימ
H1262	אברה ברו ברות הברות תברני
H1265	ברושימ ברשיו ברשימ
H1266	ברותימ
H1267	ברותי
H1269	ברזית
H1272	אברח אבריחהו ברוח ברחו ברחי ברחכ ברחת הבריחו יברח יברחו יבריח יבריחו יבריחנו מברח נברחה תברח
H1273	ברחמיס
H1276	ברימס
H1277	בראה בראימ בריאה בריאות בריאי בריאת
H1280	ברחיה בריחי בריחיה בריחיו בריחיוס בריחיכ בריחימ בריחמ
H1281	ברח בריחה בריחימ
H1283	ברעה
H1285	בריתו בריתי בריתכ בריתכמ ברתי
H1288	אברכ אברכה אברכהו אברככ אברככה אברכמ אברכמפ אברכס ברוכ ברוכה ברוכי ברוכימ ברכו ברכוני ברכי ברכימ ברככ ברכנו ברכנוכמ ברכני ברכת ברכתי ברכתיה ברכתיכ ברכתמ ברכתני התברכ התברכו יברכ יברכהו יברכו יברכוכה יברככ יברכמ יברכנהו יברכנו יברכני יתברכ יתברכו מברכ מברכיו מברכיכ מברכת מתברכ נברכ נברכה נברכו תברכ תברכו תברככ תברכנו תברכני
H1289	בריכ ברכת מברכ
H1290	ברכי ברכיה ברכיהמ ברכיו ברכימ
H1291	ברכוהי
H1293	ברכות ברכותיכמ ברכת ברכתו ברכתי ברכתכ
H1295	ברכות ברכת
H1296	ברכיהו ברכיהוס
H1299	ברוק
H1300	ברקיו ברקימ
H1305	ברור ברורה ברורימ ברותי ברמ בררות הבר הברו יתבררו נבר תתבר תתברר
H1309	בשורה
H1310	בשלה בשלו בשלמ בשלת הבשילו יבשלו מבשל מבשלימ נבשל תבשל תבשלו
H1311	בשלה
H1313	בשמי
H1314	בשמיו בשמימ
H1318	בושסכמ
H1319	אבשרה בשרו בשרת בשרתי יבשרו יתבשר מבשר מבשרות מבשרת תבשר תבשרו
H1320	בשרה בשרו בשרי בשרימ בשרכ בשרכמ בשרמ בשרנו בשרס
H1321	בשרא
H1322	בשתי בשתכ בשתכמ בשתמ בשתנו
H1323	בנות בנותי בנותיה בנותיהמ בנותיו בנותיוס בנותיכ בנותיכמ בנותינו בנותנו בנותס בנתי בנתיה בנתיהמ בנתיו בנתיכ בנתיכמ בנתינו בנתמ בתה בתו בתי בתכ בתכמ בתנו
H1324	בתימ
H1325	בתינ
H1327	בתות
H1330	בתולות בתולת בתולתי בתולתיה בתולתיו בתולתס בתלות בתלת
H1331	בתולי בתוליה בתוליהנ
H1333	בתקוכ
H1334	יבתר
H1335	בתרו בתרי בתריו
H1336	בתרס
H1337	בת רבימ
H1339	בת שבע
H1340	בת שוע
H1342	גאו יגאה
H1343	גאייונימ גאימ
H1346	גאות גאותו גאותי גאותכ
H1347	גאונו גאוניכ גאונכ גאונמ גאנו
H1350	אגאל אגאלמ גאול גאולימ גאלה גאלו גאלי גאליו גאלכ גאלכמ גאלמ גאלנו גאלני גאלת גאלתי גאלתיכ גואל יגאל יגאלהו יגאלכ יגאלמ יגאלנה יגאלנו נגאל תגאל תגאלו
H1351	אגאלתי גאלנוכ יגאלו יתגאל מגאל נגאלה נגאלו
H1352	גאלי
H1353	גאולה גאלת גאלתו גאלתי גאלתכ
H1354	גבהמ גבי גביהמ גביהנ גביכמ גבכ גבת גבתמ
H1355	גבה
H1356	גבימ
H1357	גבימ
H1358	גבא גוב
H1359	גוב
H1360	גבאיו גבאפ
H1361	גבהא גבהה גבהו גבהת הגבה הגבהתי יגבה יגבהו יגביה יגביהה יגביהו מגביה מגביהי תגבה תגבהו תגבהינה תגביה
H1363	גבהו גבהי גבהמ
H1364	גבהה גבהות גבהימ
H1366	גבולה גבולו גבולי גבוליה גבוליכ גבולכ גבולכמ גבולמ גבולמס גבולנ גבולנוס גבולס גבל גבלו גבלכ גבלכמ
H1367	גבולות גבולת גבולתיה גבלות גבלת גבלתו גבלתיה
H1368	גבורי גבוריה גבוריהמ גבוריו גבוריכ גבורימ גבורמ גבר גברי גבריהו גבריו גברימ גברימס
H1369	גבורות גבורותיו גבורת גבורתו גבורתי גבורתיו גבורתיכ גבורתכ גבורתכמ גבורתמ גברות גברתו גברתי
H1370	גבורתא
H1372	גבחתו
H1375	גביעי גביעיה גבעימ
H1379	גבלו הגבל הגבלת יגבל תגבל
H1382	גבלימ
H1385	גבנה
H1386	גבננימ
H1387	גבעס
H1389	גבעות גבעותיכ גבעת גבעתה גבעתי
H1390	גבעהפ גבעת גבעתה
H1391	גבעונה גבענה
H1393	גבעוני גבענימ
H1396	גברו גברתי גברתימ הגביר יגבר יגברו יתגבר יתגברו יתגברס נגביר
H1397	גברימ גברס
H1400	גבריא גברינ
H1401	גברי
H1404	גברתה גברתהפ גברתי גברתכ
H1406	גגה גגו גגות גגותיה גגותיהמ גגכ גגתיהמ
H1413	יגודו יתגדד יתגדדו מתגדדימ תתגדדו תתגדדי תתגודדיס
H1414	גדו
H1415	גדותיו
H1416	גדודי גדודיו גדודימ גדודפ
H1417	גדדת גדודיה
H1419	גדולה גדולהס גדולהפ גדוליה גדולימ גדולמ גדולס גדולת גדל גדלה גדלות גדלותס גדלי גדליו גדלימ גדלת הגדולימס
H1420	גדולתו גדולתכ גדלה גדלות גדלת גדלתו גדלתי
H1421	גדופי גדופימס גדפתמ
H1423	גדיי גדיימ
H1425	גדיס
H1429	גדיתיכ
H1431	אגדיל אגדל אגדלה אגדלנו גדול גדולפ גדלה גדלו גדלוהו גדלכ גדלמ גדלני גדלת גדלתו גדלתי הגדיל הגדילו הגדל הגדלת הגדלתי התגדלתי יגדיל יגדילו יגדל יגדלהו יגדלו יתגדל מגדיל מגדילימ מגדלימ תגדילו תגדל תגדלי תגדלנו
H1432	גדלי
H1433	גדלו גדלכ
H1438	אגדע גדועימ גדעו גדעתי יגדע יגדעו נגדע נגדעה נגדעו נגדעת תגדעונ
H1439	גדעונפ
H1441	גדעוניס גדעניפ
H1442	גדפו גדפת מגדפ
H1443	גדרימ גדרתי תגדרו
H1446	גדר
H1447	גדרה גדרו גדריה גדריכ
H1448	גדרות גדרת גדרתיו
H1451	גדריס
H1455	יגהה
H1457	יגהר
H1458	גוכ גוכס גומ
H1459	גוא גוה
H1460	גוי גוכ
H1463	גוגס
H1464	יגד יגודנו
H1468	גז יגז
H1469	גוזליו
H1471	גויהמ גויהמס גויי גוייכ גויכ גוימס הגוימ
H1472	גויות גוית גויתו גויתיהמ גויתיהנה גויתינו גויתמ גויתנו
H1473	גולהס גלה גלהפ
H1478	אגוע גועו גוענו גועס יגוע יגועו יגועונ
H1479	יגיפו
H1480	גופת
H1481	אגור אגורה גורו גורי גורס גר גרו גרי גרימ גרת גרתה גרתי יגור יגורו יגר יגרכ מתגורר תגור תגורו תגורי תגר
H1482	גוריה גוריהנ גריה
H1484	גורי גרותיו
H1485	בעל גור
H1486	גורלו גורלות גורלי גורלכ גורלמ גורלפ גרל גרלכ
H1488	גזי
H1490	גזבריא
H1491	גוזי
H1492	גזת
H1494	גז גזזי גזזיה גזזימ גזי יגז נגזו תגז
H1495	גזזס
H1497	גוזל גזול גזלו גזלי גזלתי יגזל יגזלו נגזלה תגזל
H1500	גזלות גזלת
H1503	גזעו גזעמ
H1504	גזרו יגזר יגזרו נגזר נגזרו נגזרנו נגזרתיס תגזר
H1505	אתגזרת גזריא גזרינ התגזרת
H1506	גזרימ
H1507	גזרה גזרפ
H1508	גזרתמס
H1510	גזרת
H1512	גחנכ
H1513	גחלי גחליה גחליו גחלימ גחלתי
H1516	גאותיכ גאיות גי
H1517	גדימ גידי גידימ
H1518	גחי גיחו יגיח מגיח תגח
H1519	מגיחנ
H1521	גחונ
H1522	גחזי
H1523	אגילה גילו גילי גלתי יגיל יגילו יגילונ יגל נגילה תגיל תגל תגלנה
H1524	גילי גילכמ
H1525	גילת
H1526	גלניס
H1528	גירא
H1530	גלי גליהמ גליו גליכ גלימ
H1532	גלבימ
H1534	גלגליו
H1535	גלגלוהי
H1537	גלגלה גלגלהפ גלגלס
H1538	גלגלתו גלגלתמ
H1539	גלדי
H1540	אגלה גולה גל גלו גלוי גלות גלותו גלי גלימ גלית גליתה גליתי גלתה הגלה הגלו הגלות הגלותי הגלותכ הגלותמ הגלית הגליתי הגליתמ הגלת הגלתה התגלות יגל יגלה יגלו יגלומ יגלמ יתגל מגלה מגלימ נגלה נגלו נגלות נגלינו נגליתי נגלת נגלתה תגל תגלה תגלי
H1541	גלה גלי הגלי מגלא
H1543	גלות גלת
H1544	גלולי גלוליה גלוליהמ גלוליהנ גלוליו גלוליופ גלוליכ גלוליכמ גלוליכנ גלולימ גלליהמ גללימ
H1545	גלומי
H1546	גלותי גלותנו גלת
H1547	גלותא
H1548	גלחה גלחו גלחפ גלחתי התגלח התגלחו יגלח יגלחו יגלחמ יגלחנו מגלחי תגלח
H1549	גלינימ
H1550	גלילי גלילימ
H1551	גלילה
H1552	גלילות
H1556	גול גל גלגלתיכ גלו גלותי גללו התגלגלו התגלל יגל מגוללה מתגלל נגלו
H1557	גללימ
H1558	גללכ גללכמ
H1561	גללו גללי
H1563	יגלמ
H1564	גלמי
H1565	גלמודה
H1566	התגלע יתגלע
H1568	גלעדה גלעדס גלעדפ
H1569	גלעדימ
H1570	גלשו
H1572	הגמיאיני יגמא
H1576	גמוליו גמולכ גמולמ גמל גמלו גמלכ גמלכמ
H1578	גמלות
H1580	גמול גמולי גמלה גמלו גמלוכ גמלימ גמלכ גמלמ גמלנו גמלת גמלתהו גמלתו גמלתי גמלתיכ גמלתני הגמל יגמל יגמלני תגמל תגמלהו תגמלו
H1581	גמלי גמליהמ גמליו גמליכ גמלימ
H1584	יגמר
H1585	גמיר
H1587	גמריה
H1588	גנו גני גנימ הגנ
H1589	גנבו גנבוכ גנבת גנבתו גנבתי גנבתמ גנוב גנובימ יגנב יגנבו יגנוב יתגנב מגנבי נגנב תגנב תגנבו תגנבס
H1590	גנבימ
H1591	גנבתו
H1593	גנות גנותיכמ גנת גנתו
H1594	גנת
H1595	גנזי
H1596	גנזי גנזיא
H1597	גנזכיו
H1598	גנונ גנותי יגנ
H1599	גנתוי
H1600	געו יגעה
H1601	געתה
H1602	געלה געלו געלת געלתימ יגעל נגעל תגעל
H1605	גוער גערת גערתי יגער תגערו
H1606	גערת גערתו גערתי גערתכ
H1607	התגעשו יגעשו יתגעש יתגעשו תגעש
H1608	געשס
H1610	גפו גפי
H1611	גפיה גפינ
H1612	גפנה גפנו גפני גפנימ גפנכ גפנמ
H1616	גירימ גרו גרימ גרכ
H1620	גרגרימ
H1621	גרגרותיכ גרגרתיכ גרגרתכ
H1623	התגרד
H1624	התגר התגרית יגרה יתגרה יתגרו תתגר תתגרה תתגרו
H1627	גרוני גרונכ גרונמ
H1629	נגרזתי
H1633	גרמו יגרמ תגרמי
H1634	גרמיו
H1635	גרמיהונ
H1637	גרנה גרנות גרני גרנכ
H1638	גרסה יגרס
H1639	אגרע גרועה גרעה יגרע נגרע נגרעה תגרע תגרעו
H1640	גרפמ
H1641	יגורמ יגר יגרהו יתגוררו מגררות מתגורר
H1642	גררה
H1643	גרשה
H1644	אגרש אגרשמ אגרשנו גרושה גרשה גרשו גרשוני גרשנו גרשת גרשתהו גרשתי גרשתיו גרשתמו יגרש יגרשהו יגרשו יגרשוה יגרשומ יגרשמ נגרש נגרשה נגרשתי תגרש תגרשונ תגרשוני
H1646	גרשתיכמ
H1647	גרשומ גרשמס
H1648	גרשומ
H1650	גשורה
H1652	מגשמימ
H1653	גשמי גשמיהמ גשמיכמ גשמימ גשמימפ
H1654	גשמו
H1655	גשמה גשמהונ
H1656	גשמה
H1657	גשנה
H1659	נגששה
H1660	גתות
H1661	גתה
H1662	גת גתה חפר
H1663	גתימ גתיס
H1664	גתימה
H1667	גת רמונ
H1669	דאבה
H1672	אדאג דאגימ דאגת ידאג
H1673	דואג
H1675	ידא ידאה
H1677	דבימ דוב
H1679	דבאכ
H1680	דובב
H1681	דבת דבתכ דבתמ
H1682	דבורימ דברימ
H1683	דברה
H1684	דבחינ
H1685	דבחינ
H1688	דבר דברה
H1689	דבלתה
H1690	דבלימ דבלת
H1692	אדביק דבקה דבקו דבקתי דבקתמ הדביקתהו הדבקהו הדבקתי ידביקו ידבק ידבקו מדבק תדבק תדבקו תדבקונ תדבקינ תדבקני
H1693	דבקינ
H1694	דבקימ
H1695	דבקה דבקימ
H1696	אדבר אדברה דברה דברו דברופ דברות דברי דברימ דבריס דברכ דברכמ דברמ דברנו דברס דברפ דברת דברתי דברתיס דברתיפ דברתמ דוברי ידבר ידברו ידברמ מדבר מדברות מדברימ מדברס מדברת נדבר נדברו נדברימ נדברנו תדבר תדברו תדברונ תדברי תדברנה
H1697	דברו דברי דבריה דבריהמ דבריו דבריכ דבריכמ דבריכפ דברימ דבריס דברכ דברנו דברס דברפ
H1698	דבריכ
H1699	דברו דברמ
H1700	דברת דברתי
H1701	דברת
H1703	דברתיכ
H1706	דבשי דבשס דבשפ
H1709	דאג דגי דגימ
H1710	דגת דגתמ
H1711	ידגו
H1712	דגונס
H1713	דגול נדגל נדגלות נדגלותס
H1714	דגלו דגליהמ דגליהמס דגליהמפ
H1715	דגני דגנכ דגנמ
H1716	דגרה
H1717	דדי דדיה דדיכ
H1718	אדדה אדדמ
H1719	דדנה דדנס
H1720	דדנימ
H1721	דדנימ רודנימס
H1722	דהבא דהבה
H1724	נדהמ
H1726	דהרות
H1727	מדיבת
H1728	דוגימ
H1730	דד דדו דדי דדיהנ דדיכ דדימ דדכ דודה דודו דודי דודימס דודכ
H1731	דודאי דודימ
H1732	דודס דודפ דויד דוידס דוידפ
H1733	דדתו דדתכ
H1734	דדו
H1735	דדוהו
H1736	דודאי דודאימ
H1738	דותה
H1739	דוהס
H1740	הדיחני ידיח ידיחו
H1742	דויפ
H1743	דכו
H1747	דמיה
H1750	תדוצ
H1753	דירי דירינ ידורנ תדור
H1755	דורו דורי דורימ דורימס דר דרות דרותינו דרפ דרת דרתיו דרתיכמ דרתיכמס דרתינו דרתמ דרתמפ
H1756	דור
H1758	אדוש דושי דושמ דישוס דש דשה דשתי הדוש ידושנו יודש נדוש תדוש תדושה
H1759	תדושנה
H1760	דוחה דחו דחויה דחות דחיתני ידחה ידחו
H1761	דחונ
H1763	דחיל דחילה דחלינ ידחלנני
H1765	דחופימ נדחפ
H1766	דחקיהמ ידחקונ
H1767	דיכ דימ
H1769	דיבונ
H1770	דיגומ
H1771	דיגימ
H1772	דיות
H1773	דיופ
H1774	די זהב
H1777	דינו דנ דנו דנני ידונ ידינ נדונ תדינ תדינני
H1778	דאינינ
H1779	דונס דיני דינכ
H1780	דינא דינה
H1782	דינינ
H1787	דישונ דישונס דשונ דשנ
H1790	דכיו
H1792	דכאו דכאת ידכא ידכאו ידכאומ ידכאני מדכא מדכאימ נדכאימ תדכא תדכאו תדכאונני
H1793	דכאי
H1794	דכית דכיתנו ידכה נדכה נדכיתי
H1795	דכא
H1796	דכימ
H1798	דכרינ
H1799	דכרונהפ דכרניא
H1800	דלימ דלימס
H1801	אדלג דולג ידלג מדלג
H1802	דליתני ידלנה תדלנה
H1803	דלות דלת
H1804	תדלח תדלחמ
H1805	דליו
H1806	דליה
H1808	דליותיו דליתיו
H1809	דלו דלונו דלותי דליו דללו ידל
H1811	דלפה ידלפ
H1814	דלקו דלקימ דלקנו דלקת הדלק ידליקמ ידלק
H1817	דלתו דלתות דלתותיהמ דלתותיו דלתי דלתיה דלתיכ דלתימ דלתכ דלתתי דלתתיו
H1818	דמה דמו דמי דמיה דמיהמ דמיו דמיכ דמימ דמימס דמכ דמכמ דממ דמס
H1819	אדמה דומה דמו דמינו דמינוס דמית דמיתי דמיתיכ דמתה ידמה נדמה נדמית תדמי תדמיונ תדמיוני
H1820	דמיתי נדמה נדמו נדמיתה נדמיתי נדמתה תדמה תדמינה
H1821	דמיה
H1823	דמותו דמותנו
H1825	דמינו
H1826	אדמ דומ דומי דוממתי דמ דמו דמי הדמנו ידמ ידמו נדמה נדמו תדמ תדמו תדמי
H1830	תדמע
H1831	דמעכ
H1832	דמעות דמעת דמעתה דמעתי דמעתכ
H1834	דומשק דרמשק
H1835	דנה דנס
H1836	דנהס דנהפ
H1841	דניאלס
H1843	דעי דעימ
H1844	דעות
H1845	דעואלפ
H1846	דעכו ידעכ נדעכו
H1847	דעתו דעתי דעתכ דעתכמ דעתמ
H1849	דופק דפקומ מתדפקימ
H1851	דקה דקות דקת
H1854	אדקמ דק הדק הדקות ידק ידקנו יודק תדק
H1855	דקו הדקו הדקת מדקה מהדק תדק תדקנה
H1856	דקרהו דקרו דקרני ידקר ידקרהו מדקרימ
H1861	דרבנ דרבנות
H1869	אדריכמ אדרכמ דורכ דרוכה דרכה דרכו דרכות דרכי דרכימ דרכת דרכתי הדריכ הדריכה הדריכהו הדריכני הדרכתיכ ידריכמ ידרכ ידרכו ידרכונ ידרכני מדריככ תדרכ תדרכו תדרכי תדרכס
H1870	דרכה דרכו דרכופ דרכי דרכיה דרכיהמ דרכיהנ דרכיו דרכיכ דרכיכמ דרכימ דרכינו דרככ דרככמ דרכמ דרכנו דרכס דרכפ
H1871	דרכמונימ דרכמנימ
H1872	דרעוהי
H1875	אדרוש אדרש אדרשה אדרשנו אדרשס דורש דרוש דרושה דרושימ דריוש דרשה דרשהו דרשו דרשוהו דרשומ דרשוני דרשוס דרשי דרשיו דרשיכ דרשנהו דרשנו דרשני דרשת דרשתי דרשתיכ ידרוש ידרש ידרשהו ידרשו ידרשוהו ידרשונ ידרשנו ידרשפ נדרוש נדרש נדרשה נדרשו נדרשתי תדרוש תדרש תדרשהו תדרשו תדרשנו תדרשני
H1876	דשאו תדשא
H1878	דשנו דשנת הדשנה ידשנ ידשנה תדשנ
H1879	דשני דשנימ
H1880	דשני
H1881	דתו דתי דתיהמ
H1882	דתא דתי דתכונ
H1883	דתאא
H1884	דתבריא
H1886	דתינה
H1890	הבהבי
H1891	יהבלו מהבלימ תהבלו
H1892	הבלו הבלי הבליהמ הבלימ הבלכ
H1894	הבנימ
H1895	הברי
H1896	הגי
H1897	אהגה הגו הגית הגיתי יהגה יהגו מהגימ נהגה תהגה תהגו
H1898	הגו
H1901	הגיגי
H1902	הגיונמ
H1903	הגינה
H1905	הגראימ הגריאימ הגרימ הגריס
H1907	הדברוהי הדברי הדבריא
H1908	הדדס
H1910	הדד רמונ
H1917	הדמינ
H1918	הדסימ
H1920	הדפה הדפו הדפתיכ יהדפ יהדפהו יהדפמ יהדפנו תהדפו
H1921	הדור הדורימ הדרת נהדרו תהדר תתהדר
H1922	הדרת מהדר
H1923	הדרה הדרי
H1926	הדרה הדרי הדרכ
H1927	הדרת
H1928	הדדעזר
H1931	הואס הואפ היא היאס היאפ
H1932	הואפ היא
H1933	הוי יהוא
H1934	הוה הוו הוית הות להוא להוה להוינ להונ תהוא תהוה
H1935	הדו הודו הודי הודכ
H1937	הודוה
H1938	הודויהו
H1942	הוות הות הותו הותי
H1946	יהכ מהכ
H1947	הוללות
H1949	אהימה תהימנה תהמ
H1951	תהינו
H1952	הונו הוניכ הונכ
H1953	הושמע
H1954	הושעפ
H1957	הזימ
H1958	היס
H1959	הידדס
H1961	אהי אהיה הויה היהס היו היוס היופ היות היותה היותו היותי היותכ היותכמ היותמ היותנו היי היינו היית הייתה הייתי הייתמ הית היתה היתו היתכ היתמ יהי יהיה יהיהס יהיהפ יהיו יהיופ יהילה נהי נהיה נהיית נהייתי נהיתה תהי תהיה תהיהס תהיו תהיונ תהיי תהיינ תהיינה תהינה
H1964	היכלו היכלות היכלי היכליכמ היכלכ
H1965	היכלא היכלה היכלי
H1970	תהכרו
H1971	הכרת
H1972	נהלאה
H1973	הלאהס
H1974	הלולימ
H1978	הליכי
H1979	הליכות הליכותיכ הליכת הליכתמ
H1980	אהלכ אוליכ אוליכה אוליכמ אולכ אילכה אלכ אלכה אתהלכ אתהלכה הוליכ הוליכו הוליכמ הולכ הולכות הולכימ הולכת הולכתי היליכי הלוכ הליכו הליככ הלכה הלכהס הלכו הלכוא הלכות הלכי הלכימ הלכנו הלכת הלכתי הלכתיה הלכתמ התהלכ התהלכו התהלככ התהלכנו התהלכת התהלכתי יהלכ יהלכו יהלכונ יוליכ יוליכהו יוליכמ יולכ יולכני ילכ ילכו ילכונ ילכוס יתהלכ יתהלכו יתהלכונ לכ לכה לכו לכי לכנ לכנה לכת לכתו לכתי לכתכ לכתמ לכתנ מהלכ מהלכימ מוליכ מוליככ מוליכמ מולכות מתהלכ מתהלכימ מתהלכת נהלכ נהלכתי נלכ נלכה תהלכ תלכ תלכו תלכונ תלכי תלכנה תלכפ תתהלכנה
H1981	מהלכ מהלכינ
H1984	אהלל אהללה אהללכ אהללנו הוללו הוללימ הלו הללה הללו הללוהו הללויה הללוכ הללי הללנו הללתיכ הללתמ התהלל התהללו יהולל יהל יהלו יהלל יהללה יהללו יהללוה יהללוהו יהללוהס יהללוכ יהללכ יתהוללו יתהלל יתהללו יתהללוס מהולל מהוללי מהלל מהללימ מתהלל מתהללימ תהל תהלו תהלל תהללכ תתהלל תתהללי תתהללפ
H1986	הולמ הלומי הלמה הלמו הלמוני יהלמונ יהלמני
H1988	הלמפ
H1991	המהמ
H1992	המ המהס המהפ המפ המפרוצימ
H1993	אהמה אהמיה הומה הומיה המו המות המיה המיות יהמה יהמו יהמיונ נהמה תהמי
H1994	המונ
H1995	המונה המונו המוניה המונימ המונכ המונמ המנה המנכמ
H1996	גוג המונ
H1998	המית
H1999	המולה
H2000	המממ הממני המתי יהמ יהממ תהממ
H2001	המנפ
H2003	המסימ
H2005	הנו הנכ הנכה הנכמ הנמ הננו הנני
H2007	הנהס
H2009	הנההוא הנו הנכ הנכמ הנמ הננו הנני
H2013	הסו הספ יהס
H2014	הפגות
H2015	אהפכ ההפכ הפוכ הפוכה הפכה הפכו הפכי הפכימ הפכמ הפכת הפכתי הפכתמ יהפכ יהפכהו יהפכו מתהפכ מתהפכת נהפוכ נהפכ נהפכה נהפכו נהפכת תהפכ תתהפכ
H2017	הפככמ
H2022	הרה הרי הריו הרימ הרכמ הרס הררמ
H2026	אהרג אהרגה אהרגהו אהרוג הורג הרגו הרגומ הרגוני הרגי הרגיה הרגיו הרגימ הרגימפ הרגכ הרגמ הרגנהו הרגנו הרגנומ הרגני הרגניס הרגת הרגתהו הרגתי הרגתיכ הרגתימ הרגתמ הרגתני הרוג הרוגיהס הרוגימ יהרג יהרגהו יהרגו יהרגומ יהרגמ יהרגנ יהרגני נהרג נהרגהו תהרג תהרגהו תהרגו תהרגמ תהרגנה תהרגנו
H2028	הרגהס
H2029	הורי הורתי הורתמ הרו הרינו הרית הריתי הרתה תהר תהרו תהרינ
H2030	הרות הרותיה הריותיו הרת הרתיהמ
H2031	הרהרינ
H2032	הרנכ
H2034	הרסתיו
H2035	הרסתיכ
H2037	הרומ
H2038	הרמונה
H2040	אהרוס אהרס הרוס הרסה הרסו הרסת הרסתי יהרוס יהרס יהרסה יהרסו יהרסונ יהרסכ יהרסמ יהרסנה מהרסיכ נהרסה נהרסו נהרסות תהרס תהרסמ תהרסנו
H2042	הררי הרריה
H2043	ארריס הרריס
H2048	הותל התלת יהתל יהתלו תהתלו
H2050	תהותתו
H2053	ווי וויהמ ווימ
H2061	זאבי זאבימ
H2063	זאתס זאתפ
H2064	זבדני
H2069	זבדיה זבדיהס
H2070	זבובי
H2073	זבלה
H2074	זבולנפ זבלונ
H2076	אזבח אזבחה זבוח זבחו זבחי זבחימ זבחנו זבחת זבחתי זבחתמ זובח יזבח יזבחהו יזבחו מזבח מזבחות מזבחימ נזבח נזבחה תזבח תזבחהו תזבחו תזבחימ תזבחנו
H2077	זבחו זבחותמס זבחי זבחיהמ זבחיכ זבחיכמ זבחימ זבחימו זבחינו זבחכמ
H2082	יזבלני
H2084	זבנינ
H2086	זדימ
H2087	זדנכ
H2088	זהס זהפ
H2091	זהבו זהבי זהבכ זהבמ זהבפ
H2092	זהמתו
H2094	הזהיר הזהירו הזהר הזהרת הזהרתה הזהרתו הזהרתמ יזהרו נזהר
H2095	זהירינ
H2100	זב זבה זבת יזבו יזוב יזובו תזוב
H2101	זבה זובה זובו זובוס
H2102	הזידו זדה זדו יזד יזיד יזידונ תזדו
H2103	הזדה
H2106	זויות
H2107	הזילוה זלימ
H2108	זולת זולתה זולתי זולתכ
H2109	מיזנימ
H2110	יתזינ
H2111	זע יזעו מזעזעיכ
H2112	זיעינ
H2114	זר זרה זרו זרות זריכ זרימ מוזר נזרו
H2115	זרו יזר תזורה
H2118	יזח
H2119	זחלי זחלתי
H2121	זידונימ
H2122	זוי זיוה זיוהי זיוי זיויכ
H2125	זינא
H2128	זיפה
H2130	זיפימ זפימ
H2131	זיקות זקימ
H2132	זיתיהמ זיתיכמ זיתימ זיתכ זתימ
H2134	זכה
H2135	אזכה הזכו זכיתי יזכה תזכה
H2138	זכורה זכורכ
H2141	הזכותי זכו
H2142	אזכור אזכיר אזכירה אזכר אזכרה אזכרכ אזכרכי אזכרנו הזכיר הזכירו הזכירני הזכרכמ הזכרתני זכור זכרה זכרו זכרי זכרנו זכרני זכרת זכרתי זכרתיכ זכרתמ זכרתני יזכור יזכיר יזכירו יזכר יזכרה יזכרו יזכרוכ יזכרוני מזכיר מזכרימ מזכרת נזכיר נזכירה נזכרימ נזכרתמ תזכור תזכירו תזכר תזכרו תזכרי תזכרנ תזכרנה תזכרנו תזכרני
H2143	זכרו זכרי זכרכ זכרמ
H2145	זכרימ זכרימס זכרימפ
H2146	זכרונכ זכרנ זכרנות זכרניכמ זכרנס
H2147	זכריס
H2148	זכריה זכריהוס
H2150	זלזלימ
H2151	זולל זוללהס זוללימ זללי נזלו
H2152	זלעפות
H2154	זמות זמת זמתי זמתכ זמתכנה
H2156	זמריהמ זמרת
H2158	זמרות זמרת
H2161	זמות זממה זממו זממתי זמתי יזמו
H2162	זממו
H2163	מזמנות מזמנימ
H2164	הזדמנתונ
H2165	זמניהמ זמנמ
H2166	זמנא זמניא זמנינ
H2167	אזמר אזמרה אזמרכ זמרה זמרו יזמרו יזמרכ נזמרה
H2168	יזמר תזמר
H2170	זמרא
H2171	זמריא
H2172	זמרהס זמרת
H2173	זמרת
H2177	זנימ
H2178	זני
H2179	זנבתמ יזנב
H2180	זנבו זנבות
H2181	הזנה הזנו הזנות הזנותה הזנית זונה זונות זנו זנות זנותכ זנימ זנית זנתה יזנ יזנו תזנ תזנה תזני תזנימ תזנינה
H2182	זנח
H2183	זנוני זנוניה זנוניכ
H2184	זנותה זנותיכ זנותיכמ זנותכ זנותמ
H2186	האזניחו הזניח הזניחמ זנחת זנחתימ זנחתנו זנחתני יזנח יזניחכ תזנח
H2187	יזנק
H2188	זעת
H2192	זעירה
H2193	נזעכו
H2194	אזעמ זעומ זעומה זעמה זעמתה יזעמוהו נזעמימ
H2195	זעמו זעמוס זעמי זעמכ
H2196	זעפו זעפימ יזעפ
H2197	זעפו
H2199	אזעק הזעיק הזעק זעקה זעקו זעקי זעקכ זעקתי זעקתמ יזעיקו יזעק יזעקו יזעקוכ נזעק נזעקו נזעקת תזעק
H2201	זעקת זעקתי זעקתמ
H2202	זפרנה
H2204	זקנה זקנת זקנתה זקנתי יזקינ יזקנ
H2205	זקינינו זקנות זקני זקניה זקניו זקניכ זקניכמ זקנימ זקנינו
H2206	זקנו זקני זקנכ זקנכמ זקנמ
H2208	זקניו
H2209	זקנת זקנתה זקנתו
H2210	זוקפ
H2211	זקיפ
H2212	יזקו מזקק מזקקימ
H2213	זרו
H2215	יזרבו
H2219	אזרה אזרמ הזרותיכמ זרו זרוה זרות זרותהס זרותמ זרית זריתי זריתיכ זריתימ זריתמ זריתנו זרמ זרתימ יזר יזרה יזרו מזרה תזרה תזרמ
H2220	זרועו זרועות זרועותיו זרועי זרועכ זרועמ זרועתי זרועתיו זרועתיכמ זרועתמ זרע זרעו זרעות זרעותיה זרעי זרעיו זרעימ זרעכ זרעמ זרעת זרעתי זרעתיו
H2221	זרועיה
H2224	זורח זרחה יזרח תזרח
H2225	זרחכ
H2226	זרחס
H2229	זרמו זרמתמ
H2231	זרמת זרמתמ
H2232	אזרעה אזרעמ זורע זרועה זרעו זרעי זרעימ זרעתי זרעתיה זרעתמ יזרע יזרעה יזרעו מזריע נזרע נזרעה נזרעתמ תזריע תזרע תזרעו תזרענו
H2233	זרעה זרעו זרעוס זרעי זרעיכמ זרעכ זרעכמ זרעמ זרעמס
H2235	זרעימ זרענימ
H2236	זרקה זרקו זרקימ זרקת זרקתי יזרק יזרקהו יזרקו תזרק
H2237	יזורר
H2243	חבי
H2244	אחבא החבא החבאו החבאתה החביאה החביאני התחבאו חבאו יחבאו יחביאמ יתחבא יתחבאו מתחבא מתחבאימ נחבא נחבאו נחבאימ נחבאס נחבאת תחבא
H2247	החבה חבי נחבה נחבתמ
H2248	חבולה
H2250	חבורהס חבורתי חברות חברתו חברתי
H2251	יחבט תחבט
H2254	אחבל חבלה חבלהו חבלימ חבלנו חבלס חבלתכ יחבל יחבלו מחבלימ תחבל
H2255	חבלה חבלוהי חבלוני תתחבל תתחבלפ
H2256	חבלו חבלי חבליה חבליהמ חבליו חבליכ
H2257	חבלא
H2258	חבלתו
H2259	חבלי חבליכ
H2263	חבוק חבקו חבקת יחבק יחבקהו תחבק תחבקנה תחבקני
H2266	אחבירה אתחבר התחברות התחברכ חבור חברה חברו חברות חברת חובר יחבר יחברהו יחברכ יתחברו
H2267	חבריכ חברימ
H2269	חברוהי
H2270	חברו חברי חבריו חבריכ חברימ חברימפ
H2271	חברימ
H2272	חברברתיו
H2273	חברתה
H2275	חברונה חברונהפ חברונפ חברנה
H2276	חברני
H2278	חברתכ
H2280	אחבש אחבשה אחבשכ חבוש חבושימ חבשה חבשו חבשימ חבשת חבשתמ יחבוש יחבש יחבשו יחבשנו מחבש תחבש
H2282	חגה חגי חגיכ חגיכמ חגימ חגכ חגנו
H2284	חגבימ
H2287	חג חגגימ חגי חגתמ חוגג יחגו יחוגו תחג תחגהו תחגו
H2288	חגוי
H2289	חגורי
H2290	חגרה חגרו חגרת חגרתו
H2296	חגור חגורה חגורימ חגרה חגרו חגרי חגרימ חגרנה חגרת יחגר יחגרה יחגרו תחגר תחגרו תחגרנה
H2298	חדה
H2299	חדה
H2300	הוחדה חדו יחד
H2302	יחד תחדהו
H2303	חדודי
H2304	חדות
H2306	חדוהי
H2308	אחדל אחדלה חדלו חדלנו חדלת חדלתי יחדל יחדלו יחדלונ נחדל תחדל
H2314	חדרת
H2315	חדרה חדרו חדרי חדריו חדריכ חדרימ חדרס
H2318	חדשו יחדש נחדש תחדש תתחדש
H2319	חדשה חדשות חדשימ חדשס
H2320	חדשה חדשו חדשי חדשיו חדשיכמ חדשימ חדשימס
H2324	אחואס החויה החוני יהחוהפ יחונה יחונני נהחוה נחוא תהחונ תהחונני
H2325	חיבתמ
H2328	חג
H2330	אחודה חדת חודה
H2331	אחוה אחוכ חות יחוה
H2333	חות חותיהמ
H2334	חות יאיר
H2336	חוחימ חחימ
H2338	יחיטו
H2342	התחולל חולי חוללת חוללתי חילו חלה חלו חלל חלנו חלתי יוחל יחול יחולל יחוללו יחיל יחילו יחילונ יחל יחלו מחללות מחללכ מתחולל תחול תחולל תחוללכמ תחיל תחילו תחילינס תחל תתחלחל
H2344	חולס
H2346	חומות חומותיה חומותיכ חומת חומתה חומתי חומתיה חומתיכ חמה חמות חמותיכ חמתיכ חמתימ
H2347	אחוס חוסה חסה חסת יחוס יחס תחוס תחס
H2351	חוצה חוצות חוצותיה חוצותיכ חוצותינו חוצותמ חוצותס חוצת חוצתיה חוצתיו חצה חצות
H2352	חורימ
H2356	חרי חריהנ חריו חרימ
H2357	יחורו
H2363	אחישה אחישנהס החישו חושה חושי חש חשימ חשתי יחוש יחיש יחישה תחש
H2366	חשמ
H2367	חושמ
H2368	חותמ חתמו חתמכ
H2370	חזינ חזית חזיתה חזיתונ מחזא
H2371	חזאל
H2372	אחז אחזה חזו חזות חזימ חזית חזיתי חזיתיכ חזיתמ יחזה יחזו יחזיונ נחזה תחז תחזה תחזו תחזינה
H2373	חזות
H2374	חוזה חזימ
H2376	חזוא חזוה חזוי
H2379	חזותה
H2380	חזותכמ
H2384	חזינו חזינות
H2385	חזיזימ
H2388	אחזק אחזקנו החזיק החזיקה החזיקו החזיקי החזיקכ החזיקתהו החזיקתנו החזק החזקת החזקתי החזקתיכ החזקתני התחזק התחזקו התחזקתי התחזקתמ חזקה חזקהו חזקו חזקי חזקני חזקת חזקתי חזקתמ חזקתני יחזיק יחזיקו יחזק יחזקהו יחזקו יחזקומ יחזקמ יחזקני יתחזק יתחזקו מחזיק מחזיקי מחזיקימ מחזק מחזקה מחזקימ מחזקת מתחזק מתחזקימ נחזק נתחזק נתחזקה תחזק תחזקו תחזקנה
H2389	חזקה חזקי חזקימ
H2391	חזקי
H2392	חזקנו
H2393	חזקת חזקתו
H2396	חזקיה חזקיהוס יחזקיהו
H2397	חחי חחימ
H2398	אחטא אחטנה החטיא החטיאו החטיאמ חוטא חטאה חטאו חטאי חטאימ חטאנו חטאפ חטאת חטאתו חטאתי חטאתמ חטו חטוא חטיא יחטא יחטאהו יחטאו יחטאפ יחטיאו יתחטא יתחטאו מחטא מחטיאי נחטא תחטא תחטאו תחטאני תחטיא תתחטאו תתחטאוס
H2399	חטאו חטאי חטאיוס חטאיכמ חטאימ חטאינו חטאמ חטאס
H2400	חטאה חטאי חטאיה חטאימ
H2403	חטאות חטאותי חטאותיכ חטאותיכמ חטאותינו חטאותמ חטאותמס חטאתו חטאתוס חטאתי חטאתיהמ חטאתיהס חטאתיו חטאתיכ חטאתיכמ חטאתיכפ חטאתינו חטאתכ חטאתכמ חטאתמ חטאתמס חטאתנו חטת
H2404	חטבי חטבימ יחטבו מחטבות
H2406	חטי חטימ חטינ
H2407	חטושס
H2408	חטאכ
H2413	אחטמ
H2414	חטופ חטפתמ יחטפ
H2416	חיו חיות חיי חייה חייהמ חייו חייופ חייכ חייכי חייכמ חיימס חיינ חיינו חייס חיכ חיפ חית חיתו חיתי חיתכ חיתמ
H2417	חיא חיי חייא חיינ
H2418	חיי מחא
H2420	חידות חידת חידתי חידתכ חידתמ
H2421	אחיה החיה החיו החיות החייתי החיני החית החיתו החיתמ החיתנו חי חיהס חיו חיופ חיות חיותמ חיותמפ חיי חייהו חיית חייתמ חייתני חיני חיס חיתה חיתו חיתנו חיתני יחי יחיה יחיהו יחיו יחינו מחיה נחיה תחי תחיה תחיהס תחיו תחיונ תחיונס תחיי תחיינ תחיינה תחייני תחינו תחיני
H2422	חיות
H2423	חיוה חיונ חיות חיותא
H2424	חיותס
H2425	חי
H2426	חיל חילכ
H2428	חילה חילהמ חילו חילי חילימ חילכאימ חילכס חילמ חילס חילפ
H2429	חילה חילס
H2431	חלאמה
H2432	חילז
H2435	חיצונה חיצנה חצונה חצנה
H2436	חיקה חיקו חיקי חיקכ חיקמ חיקמס חק חקי
H2438	חירומ
H2441	חכה חכו חכי חככ חכמ
H2442	חוכי חכו חכי חכינו חכיתי חכתה יחכה מחכה מחכימ תחכה
H2445	חכימי חכימיא חכימינ
H2449	אחכמה חכמה חכמו חכמת חכמתי יחכמ יחכמו יחכמנו מחכימת מחכמ מחכמימ נתחכמה תחכמ תחכמני תתחכמ
H2450	חכמה חכמות חכמי חכמיה חכמיו חכמיכ חכמימ חכמת
H2451	חכמהס חכמות חכמת חכמתה חכמתו חכמתוס חכמתי חכמתכ חכמתכמ חכמתמ
H2452	חכמת חכמתא
H2456	יחלא
H2457	חלאתה
H2459	חלבה חלבהנ חלבו חלבי חלבימ חלבמ חלבמו
H2461	חלבי חלבכ חלבפ
H2465	חלדי
H2470	החלו החלי החליתי התחל התחלות חולה חולת חל חלו חלות חלותי חלותמ חלינו חלית חליתי חלתו יחל יחלו יתחל מחלה נחלה נחלו נחלות נחליתי
H2471	חלות חלת
H2472	חלומי חלומתמ חלמ חלמו חלמות חלמי חלמתיו חלמתיכמ חלמתינו
H2473	חלנ
H2474	חלונות חלוני חלוניו חלונימ חלונינו חלנות
H2480	יחלטו
H2481	חלאימ
H2483	חליו חליימ חלימ חלינו
H2484	חליתה
H2485	חלילימ חללימ
H2486	חללה
H2487	חליפות חליפתי חלפות חלפת
H2488	חליצותמ חלצתו
H2490	אחל אחלל אחללכ הוחל החל החלה החלו החלות החלמ החלתי חללה חללו חללוהו חללוהפ חללימ חללמ חללת חללתי חללתמ יחל יחלו יחלל יחללהו יחללו יחללנו מחולל מחוללת מחל מחלל מחללי מחלליה מחלליכ מחללימ מחללת נחל נחלו נחלת תחל תחלו תחלינה תחלל תחללה תחללו תחללנה תחללנו
H2491	חללה חללי חלליה חלליהמ חלליו חלליכ חלליכמ חללימ חללינו חללפ
H2492	חולמ חלמימ חלמנו חלמת חלמתי יחלמ יחלמו יחלמונ מחלמימ נחלמה תחלימני
H2493	חלמא חלמי חלמינ חלמכ
H2497	חלונ חלנפ
H2498	החליפו החלפ חלפה חלפו חלפת יחליפ יחליפו יחליפנו יחלפ יחלפו נחליפ תחליפ תחליפמ תחלפ תחלפהו
H2499	יחלפונ
H2502	אחלצה אחלצהו אחלצכ החלצו חלוצ חלוצי חלוצימ חלצה חלצו חלצי חלצני חלצת יחליצ יחלצ יחלצו יחלצונ יחלצמ יחלצני נחלצ תחלצ תחלצו
H2504	חלציו חלציכ חלצימ
H2505	אחלק אחלקה אחלקמ החליק החליקה התחלקו חולק חלקו חלקמ חלקתה חלקתמ יחליקונ יחלק יחלקו יחלקומ יחלקוס יחלקמ מחליק תחלק תחלקו תחלקמ
H2506	חלקו חלקי חלקיהמס חלקימ חלקכ חלקמ חלקמס
H2508	חלקה
H2511	חלקי
H2512	חלקי
H2513	חלקות חלקת חלקתי חלקתמ
H2514	חלקות
H2515	חלקת
H2518	חלקיה
H2521	הצרימ חלקת
H2522	חולש יחלש
H2524	חמיה חמיכ
H2525	חמימ
H2528	חמה
H2529	חמאת
H2530	אחמדמ חמדו חמדות חמדתי חמדתמ חמודו חמודיהמ חמודת יחמד נחמד נחמדהו נחמדימ תחמד
H2532	חמדות חמדת חמדתי חמדתכ חמדתמ חמודות
H2534	חמא חמות חמת חמתו חמתוס חמתי חמתכ חמתמ
H2535	חמתו
H2538	חמולס
H2542	חמוקי
H2543	חמוריהמ חמוריכמ חמורימ חמורינו חמורס חמר חמרו חמריהמ חמרימ חמרינו חמרכ
H2545	חמותה חמותכ חמתה
H2549	חמישיס חמישיפ חמישית חמישת חמישתו חמשי חמשית חמשיתו חמשתו חמשתיו
H2550	אחמול אחמל חמלה חמלת חמלתי חמלתמ חמלתס יחמול יחמולס יחמל יחמלו תחמל תחמלו
H2551	חמלת חמלתו
H2552	חמ חמו חמותי יחמ יחמו יתחממ נחמימ תחמ תחממ
H2553	חמניכמ חמנימ
H2554	חמסו יחמס נחמסו תחמסו
H2555	חמסו חמסי חמסימ חמסס
H2556	חומצ חמוצ חמצתו יחמצ יתחמצ מחמצת
H2559	תתחמקינ
H2560	חמרמרו יחמרו תחמרה
H2562	חמרא
H2563	חמרימ חמרמ
H2565	חמרתימ
H2568	חמשה חמשהס חמשס חמשת
H2572	חמשיהמ חמשיו חמשיכ חמשימס חמשימפ
H2574	חמתה
H2576	דאר חמת
H2577	חמתיס
H2578	חמת צובה
H2579	חמת רבה
H2580	חנו
H2583	חונימ חונמ חנו חנות חנימ חניתי חנכ חנת חנתכמ חנתנו יחנ יחנו יחנונ נחנה תחנה תחנו
H2585	חנכ
H2588	חניות
H2590	חנטה יחנטו
H2591	חנטינ
H2593	חניכיו
H2594	חנינהס
H2595	חניתו חניתותיהמ חניתימ חניתכ חניתתיהמ
H2596	חנכו יחנכו יחנכנו
H2597	חנכת
H2598	חנכת
H2603	אחנ אתחננ התחננ התחננו התחננתה התחננתי חוננ חנונ חנונו חנות חננה חננו חננוס חנני חננכמ חננני חנתי יחנ יחנכ יחנכס יחננ יחננו יחננוס יתחננ מחוננ תחנ תחנמ תתחננ
H2604	מחנ מתחננ
H2606	חננאלס
H2610	חנופ חנפה חנפו יחניפ תחניפו תחניפי תחנפ
H2611	חנפי חנפימ
H2614	יחנק מחנק
H2616	יחסדכ תתחסד
H2617	חסדו חסדי חסדיו חסדיכ חסדימ חסדכ חסדכמ חסדכפ חסדמ
H2620	אחסה חוסה חוסי חוסימ חסו חסות חסי חסיה חסיו חסימ חסיתי יחסה יחסו יחסיונ תחסה
H2623	חסידי חסידיה חסידיו חסידיכ חסידימ חסידכ
H2627	חסיר
H2628	יחסלנו
H2629	חסמת תחסמ
H2630	יחסנ
H2631	החסנו יחסנונ
H2632	חסנא חסני
H2635	חספא
H2636	מחספס
H2637	אחסר החסיר חסור חסרו חסרנו חסרת יחסיר יחסר יחסרו יחסרונ מחסר תחסר תחסרהו תחסרפ
H2644	יחפאו
H2645	חפו חפוי חפוס יחפ יחפהו נחפה
H2646	חפתה חפתו
H2648	חפזה חפזי חפזמ יחפוז יחפזונ נחפז נחפזו תחפזו
H2650	חפמ
H2651	חפני חפניו חפניכ חפניכמ חפנימ
H2654	אחפצ חפצה חפצנו חפצת חפצתי חפצתמ יחפצ יחפצו יחפצונ תחפצ תחפצס
H2655	חפצה חפצי חפצימ
H2656	חפצה חפצו חפצי חפציהמ חפציכ חפצימ חפצכ חפצמ
H2657	בה חפצי
H2658	אחפר חפרו חפרוה חפרת חפרתה חפרתי יחפר יחפרהו יחפרו
H2659	החפיר חפרה חפרו יחפיר יחפרו מחפיר תחפירי תחפרו
H2660	חפרס
H2664	אחפש התחפש חפשו חפשתי יחפש יחפשו יתחפש מחפש נחפשה נחפשו תחפשנה
H2666	חפשה
H2670	חפשימ
H2671	חצו חצי חציו חציכ חצימ חצמ חצס חצציכ
H2672	חצבה חצבי חצבימ חצבת חצבתי חצבתמ חצוב חצובימ יחצב יחצבונ מחצבת תחצב
H2673	חצו חצית יחצ יחצה יחצו יחצוהו יחצונ יחצמ תחצ
H2674	חצר
H2675	חדתה חצור
H2676	חצת
H2677	חציה חציו חצימ חצינו
H2683	חצנו
H2684	חצני
H2685	מהחצפה מחצפה
H2686	חצצו מחצצימ
H2688	חצצונ חצצנ תמר
H2689	חצוצרת חצצרות חצצרותס חצצרת
H2690	מחצרימ
H2691	חצרה חצרו חצרות חצרותי חצרותיו חצרי חצריה חצריהמ חצריהנ חצריהנס חצריהנפ חצריכ חצרימ חצרת חצרתיהמ חצרתיו
H2692	אדר חצר
H2693	גדה חצר
H2694	התיכונ חצר
H2695	חצרי
H2696	חצרנ
H2697	חצרני
H2698	חצרותפ חצרת
H2701	חצר סוסה
H2702	חצר סוסימ
H2703	חצר עינונ
H2704	חצר עיננ
H2705	חצר שועל
H2706	חוקי חקו חקי חקיו חקיכ חקימ חקכ חקכמ חקמ
H2707	מחקה תתחקה
H2708	חקות חקותי חקת חקתי חקתיהמ חקתיו חקתיכ חקתמ
H2710	חוקו חוקקי חקה חקות חקקי חקקימ חקתיכ יחקו יחקקו מחקק מחקקי מחקקימ מחקקנו
H2711	חקקי
H2712	חוקקה
H2713	אחקר אחקרהו חוקר חקור חקרה חקרו חקרנוה חקרני חקרת חקרתני יחקר יחקרו יחקרנו נחקר נחקרה תחקרונ
H2714	חקרי
H2715	חורימ חרי חריה חרימ
H2717	אחרב אחריב החרב החרבה החרבתי החריב החריבו חרבו חרבי יחרב יחרבו מחרבות מחרביכ מחרבת מחריב נחרבו נחרבות נחרבת תחרב תחרבנה
H2718	החרבת
H2719	חרבו חרבות חרבותיו חרבותמ חרבי חרבכ חרבכמ חרבמ חרבס חרבפ חרבתיהמ
H2720	חרבה חרבות
H2722	חורב חרבה חרבפ
H2723	חרבות חרבותיה חרבותיהמ חרבתיה חרבתיו חרבתיכ
H2725	חרבני
H2726	חרבונה
H2727	יחרגו
H2729	החרדתי החריד חרדה חרדו חרדת יחרד יחרדו מחריד מחרידס
H2730	חרדימ
H2731	חרדות חרדת
H2733	חרדיס
H2734	החרה חרות יחר יחרה נחרו נחרימ תתחר
H2735	הגדגד חר
H2736	חרהיה
H2737	חרוזימ
H2738	חרלימ
H2740	חרונו חרוני חרוניכ חרנכ
H2741	חרופי
H2742	חרוצימ חרצות חרצימ
H2748	חרטמי חרטמימ חרטממ
H2749	חרטמיא חרטמינ
H2752	חרימ
H2753	חורי
H2754	חרטימ חריטימ
H2757	חריצי חרצי
H2758	חרישו
H2759	חרישית
H2760	יחרכ
H2761	התחרכ
H2763	החרימ החרימו החרימוה החרימופ החריממ החרמ החרמנוס החרמתה החרמתי החרמתימ החרמתמ יחרימה יחרימו יחריממ יחרמ נחרמ תחרימ תחרימו תחריממ
H2764	חרמו חרמי חרמימ חרמס
H2767	חרמהפ
H2771	חרנה חרנס
H2773	חורנימ חרונימ
H2775	חרסה
H2777	חרסית
H2778	חורפיכ חרפו חרפוכ חרפוני חרפי חרפמ חרפת חרפתי חרפתמ יחרפ יחרפוניפ יחרפני מחרפ נחרפת תחרפ
H2779	חרפי
H2781	חרפהס חרפות חרפת חרפתו חרפתי חרפתכ חרפתמ חרפתנו חרפתנוס
H2782	חרוצ חרוצימ חרצת יחרצ נחרצה נחרצת תחרצ
H2783	חרצה
H2784	חרצבות
H2786	יחרק יחרקו
H2787	חרה חרו חרחר יחר יחרו נחר נחרו
H2788	חררימ
H2789	חרשי חרשיה
H2790	אחריש החריש החרישו החרישי החרש החרשתי חורש חרושה חרשו חרשות חרשי חרשימ חרשתמ יחרוש יחריש יחרישו יחרש יחרשו יתחרשו מחריש מחרישפ מחרשימ תחריש תחרישונ תחרישונפ תחרישי תחרש תחרשנה
H2791	חרשימ
H2793	חרשה חרשהס חרשימ
H2795	חרשימ
H2796	חרשי
H2801	חרות
H2802	חרתס
H2803	אחשבה חושב חשבה חשבו חשבי חשבימ חשבנהו חשבת חשבתה חשבתי חשבתמ יחשב יחשבה יחשבו יחשבונ יחשבני יתחשב מחשב נחשב נחשבה נחשבו נחשבנו נחשבתי תחשב תחשבהו תחשבו תחשבונ תחשבני
H2804	חשיבינ
H2810	חשבנות
H2811	חשביה
H2814	אחשה החשו החשיתי חשות יחשו מחשה מחשימ תחשה
H2816	חשוכא
H2817	חשפא
H2818	חשחינ חשחנ
H2819	חשחות
H2820	אחשכ חושכ חשכו חשכת חשכתי יחשכ תחשוכ תחשכ תחשכי
H2821	החשיכ החשכתי חשכה חשכו יחשיכ יחשכ יחשכו מחשיכ תחשכ תחשכנה
H2822	חשכי
H2823	חשכימפ
H2824	חשכת
H2825	חשיכה חשכימ
H2826	נחשלימ
H2830	חשמלה
H2831	חשמנימ
H2834	חשופה חשופי חשפה חשפי חשפתי יחשפ
H2835	חשפי
H2836	חשקה חשקת מחשקימ
H2837	חשקי
H2838	חשוקיהמ חשקיהמ
H2839	חשקיהמ
H2840	חשריהמ
H2841	חשרת
H2843	חשתיס
H2844	חתימ חתכמ
H2845	חתס
H2846	חתות יחתה יחתכ
H2847	חתת
H2849	חתחתימ
H2850	חתימ חתית
H2851	חתיתי חתיתמ
H2852	נחתכ
H2853	החתל חתלת
H2854	חתלתו
H2856	אחתמ החתימ חותמ חתומ חתומימ חתמו חתמימ יחתומ יחתמ נחתומ נחתמ תחתמ
H2857	חתמה
H2859	התחתנ התחתנו התחתנתמ חתנו חתנכ חתנתו יתחתנ תתחתנ
H2860	חתנו חתניו
H2861	חתנתו
H2862	יחתפ
H2864	אחתר חתרתי יחתרו
H2865	אחתה אחתכ החתת החתתי חת חתה חתו חתתה חתתני יחיתנ יחת יחתו יחתני נחת תחת תחתו תחתס
H2870	טבאלס
H2871	טבולימ
H2873	טבוח טבחה טבחו טבחת טבחתי
H2874	טבחה
H2876	טבחימ טבחימפ
H2877	טבחיא
H2878	טבחתי
H2879	טבחות
H2881	טבלת טבלתמ יטבל יטבלו נטבלו תטבלני
H2883	אטבעה הטבעו טבעו טבעתי יטבע תטבע
H2885	טבעות טבעתו טבעתיהמ טבעתיו טבעתמ
H2886	טברמנ
H2889	טהורה טהורימ טהורס טהורפ טהר טהרה טהרות טהרימ
H2891	אטהר הטהרו הטהרנו טהרה טהרהפ טהרו טהרי טהרמ טהרנו טהרני טהרס טהרת טהרתי טהרתיכ טהרתימ טהרתמ יטהר יטהרו מטהר מטהרה מטהרימ תטהר תטהרו תטהרי תטהרמ
H2892	טהרה טהרו
H2893	טהרת טהרתו טהרתופ
H2894	טאטאתיה
H2895	הטיבות הטיבת טבו
H2896	טבה טבות טבימ טבת טבתמ טובהפ טובות טובותס טובי טובימ טובימס טובמ טובפ טובת טובתי טובתיו טובתכ טובתמ
H2898	טובה טובו טובי טובכ טובמ
H2899	אדוניה טוב
H2900	טביה טוביה
H2901	טוו
H2902	הטוח הטח טח טחו טחי טחימ טחתמ טחתמס
H2903	טוטפת טטפת
H2904	אטילכ הוטלו הטיל הטילני הטלתי יוטל יטל יטלהו יטלו מטלטלכ
H2905	טורי טורימ טרימ
H2906	טורא
H2907	יטוש
H2909	מטחוי
H2912	טוחנ טחונ טחנו טחנות טחני יטחנ תטחנ תטחנו
H2914	טחרי טחריהמ טחריכמ טחרימ
H2916	טיטס
H2917	טינא
H2918	טירות טירותיהמ טירותמ טירת טירתמ
H2919	טלכ טלמ טלפ
H2921	טלאות טלאימ טלאת טלוא מטלאות
H2922	טלאימ
H2926	יטללנו
H2927	תטלל
H2929	טלמנ
H2930	אטמא הטמאה טמאו טמאוה טמאופ טמאכמ טמאמ טמאת טמאתמ יטמא יטמאהו יטמאו יטמאנו יטמאפ מטמאה נטמא נטמאה נטמאו נטמאימ נטמאת נטמאתי נטמאתמ נטמתמ תטמא תטמאו
H2931	טמאה טמאהפ טמאימ טמאת
H2932	טמאותיכמ טמאת טמאתה טמאתו טמאתכ טמאתמ
H2933	נטמינו
H2934	אטמנהו הטמנ טמונ טמונה טמוני טמונימ טמנהו טמנו טמנמ טמנתי טמנתיו טמנתמ יטמנ יטמנהו יטמנו תטמנמ
H2935	טנאכ
H2936	אטנפמ
H2937	הטעו
H2938	אטעמ טעמה טעמו טעמתי יטעמ יטעמו
H2939	יטעמונ יטעמונה
H2940	טעמו טעמכ
H2941	טעמא
H2942	טעמא
H2943	טענו
H2944	מטעני
H2945	טפכמ טפמ טפנו
H2946	טפחה טפחתי
H2947	טפחות
H2950	טפלו טפלי תטפל
H2951	טפסריכ
H2953	טפרוהי טפריה
H2956	טורד
H2957	טרדינ טריד
H2959	יטריח
H2960	טרחכמ
H2961	טריה
H2963	אטרפ הטריפני טרופ טרפי יטרפ
H2964	טרפו טרפכ
H2965	טרפי
H2968	יאבתי
H2969	יאתה
H2970	יאזניה יזניהו
H2973	נאלו נואלו נואלנו
H2974	הואיל הואילו הואל הואלנו הואלת הואלתי יואל
H2975	אר יאור יארה יארי יאריהמ יאריו יאריכ יארימ יארס יארפ
H2976	נאש נואש
H2977	יאושיהו יאשיה יאשיהופ
H2980	תיבב
H2981	יבולה יבולמ יבלה
H2983	יבוסיס יבוסיפ יבסי יבסיס
H2986	אובילמ אובל יבלוה יבלני יובילו יובל יובלו יובלונ תובל תובלונ תובלנה
H2987	היבל היבלה
H2988	יבלי
H2990	יבלת
H2992	יבמה יבמי
H2993	יבמה יבמי
H2994	יבמתו יבמתכ
H3001	אוביש איבש הביש הבישו הבשתי הוביש הובשת הובשתי יבוש יבשה יבשהו יבשו יבשת ייבש תיבש תיבשפ
H3002	יבשה יבשות יבשימ יבשס
H3003	יביש יבישה יבשה
H3004	יבשהפ
H3007	יבשתא
H3009	יגבימ
H3010	יגבימ
H3013	הוגה מוגיכ נוגות נוגי תוגיונ
H3014	הגה
H3015	יגונמ
H3018	יגיעה יגיעו יגיעי יגיעכ יגיעכמ יגיעמ
H3019	יגיעי
H3021	איגע הוגענו הוגעתיכ הוגעתמ הוגעתני יגעה יגעו יגענו יגעת יגעתי ייגע ייגעו תיגע תיגענו
H3023	יגעימ
H3024	יגעת
H3025	יגרת יגרתי
H3026	שהדותא
H3027	ידה ידו ידוס ידות ידותמ ידי ידיה ידיהו ידיהמ ידיהמס ידיהנ ידיהנס ידיו ידיכ ידיכמ ידיכמס ידימ ידימס ידינו ידכ ידכה ידכמ ידכנ ידכס ידכפ ידמ ידמס ידנו ידנוס ידת ידתיה ידתיו
H3028	ידא ידה ידהמס ידי ידינ ידכ
H3029	מהודא מודא
H3032	ידו
H3034	אהודנו אודה אודכ אודנו אתודה הדו הדות הודו הודות הודינו הודת התודה התודו התודתו ידו ידות יהודה יהודכ יודה יודו יודוכ יודכ יתודו מודה מודימ מתודה מתודימ נודה תודכ
H3035	ידי
H3038	ידיתונ ידתונ
H3039	ידידו ידידות ידידי ידידיכ ידידת
H3045	אדע אדעה אדעכ אודיע אודיעה אודיעכ אודיעמ אודע אתודע דע דעה דעהו דעו דעי דעת דעתה דעתו דעתי הדיע הדיעני הודיע הודיעו הודיעכ הודיעמ הודיענו הודיעני הודע הודעי הודעכ הודענו הודעני הודעת הודעתה הודעתי הודעתיכ הודעתמ הודעתני התודע ידוע ידיעו ידעה ידעהו ידעו ידעוכ ידעומ ידעונ ידעוני ידעוס ידעי ידעיו ידעיכ ידעימ ידעמ ידענו ידענוכ ידענומ ידעת ידעתה ידעתו ידעתי ידעתיה ידעתיו ידעתיכ ידעתימ ידעתינ ידעתמ ידעתמס ידעתנ ידעתני יודיע יודיענו יודע יודעו יודעי יודעיכ יודעימ יודעמ יודענו יודעס יודעתי יידע מודיעימ מודיעכ מודיעמ מודעת מידעי מידעיו נדע נדעה נדעהס נדעו נדעמ נדענו נודיעה נודע נודעה נודעתי תדע תדעהו תדעו תדעוה תדעונ תדעי תדעינ תדעפ תודיע תודיעני תודע תודעי
H3046	אהודענה אנדע דע הודע הודעה הודעותכ הודעכ הודענא הודעתנא הודעתני ידיע ידעי ידעינ ידעת יהודע יהודעונ יהודענני ינדעונ מהודעינ תהודעונ תהודעונני תהודענני תנדע
H3049	ידעוני ידענימ
H3051	הב הבה הבו הבי
H3052	הב יהבו יהבינ יהבת יהיב יהיבו יהיבת יתיהב יתיהבונ מתיהב מתיהבא מתיהבינ תתיהב
H3053	יהבכ
H3054	מתיהדימ
H3062	יהודאינ יהודיא
H3063	יהודהס יהודהפ
H3064	יהודימ
H3068	יהוהס יהוהפ יהוהצבאות
H3069	יהוהס יהוהפ
H3076	יוחננ
H3077	יהוידעפ
H3078	יהויכנ
H3079	יהויקמ
H3083	יהונתנס
H3091	יהושע יהושעפ
H3096	יהצ
H3097	יאב יואבפ
H3101	יאש
H3104	יבל יבלימ יובלימ
H3109	יחא
H3117	יומו יומופ יומימ יומכ יוממ יומס יומפ ימות ימי ימיה ימיהמ ימיהמפ ימיו ימיוס ימיכ ימיכמ ימיכס ימימ ימימבאימ ימימה ימימהס ימימס ימימפ ימינ ימינו ימיפ יממ
H3118	יומא יומי יומיא יומיה יומיהונ יומינ יומת
H3123	יוני יונימ יונתי
H3125	יונימ
H3127	יונקותיה ינקותיו ינקתו
H3128	אלמ יונת רחקימ
H3130	יוספס
H3135	יועשס
H3141	ירמ
H3142	חסד יושב
H3148	יתר
H3157	יזרעאלה יזרעאלס
H3158	יזרעאלית יזרעאלת יזרעלית
H3161	תחד
H3162	יחדוס יחדיו
H3169	יחזקיהו
H3173	יחידה יחידימ יחידכ יחידתי
H3176	אוחיל אוחילה אוחילס אחילה איחל איחלה הוחילי הוחלתי יוחל יחלו יחלנו יחלתי יחלתני ייחילופ ייחל ייחלונ מיחל מיחלימ נוחלה תוחל
H3179	יחמו יחמנה יחמתני
H3182	יחפס
H3187	התיחש התיחשו התיחשמ מתיחשימ
H3188	התיחש
H3190	איטיב איטיבה הטבנו הטבתי הטיב היטב היטבכ היטבס היטבת היטיב היטיבה היטיבו היטיבי יטיבכ ייטב ייטבו ייטיב ייטיבו מטב מטיב מיטבי מיטיב מיטיבי מיטיבימ תיטב תיטבי תיטיב תיטיבו
H3191	ייטב
H3194	יוטה
H3196	יינה יינו ייני יינכ יינמ יינס
H3198	אוכיח אוכיחכ הוכח הוכיח הכחת הכחתיו הכיח יוכח יוכחנו יוכחס יוכיח יוכיחו יוכיחני יכיחכ יתוכח מוכיח מוכיחימ נוכח נוכחה נכחת תוכח תוכחכ תוכיח תוכיחו תוכיחני
H3201	אוכל יוכל יוכלו יוכלונ יכול יכלה יכלו יכלת יכלתי יכלתיו נוכל נוכלה תוכל תוכלו תוכלי תוכלפ
H3202	יוכל יכלינ יכלת תיכול תכול
H3203	יכליה
H3204	יכניה יכניהו
H3205	אולד אוליד אלד הולד הולדה הולדו הולדת הוליד הולידה הולידו הלדת הליד יולד יולדה יולדו יולדתה יולדתו יולדתכ יולדתכמ יוליד ילדה ילדו ילדונ ילדות ילדיו ילדכ ילדכנ ילדנו ילדת ילדתו ילדתי ילדתיהו ילדתיכ ילדתכ ילדתמ ילדתנו ילדתני ילוד ילודימ יתילדו לדה לדת לדתה לדתי לדתנה לת מולדימ מוליד מילדת נולד נולדו נולדימ תולד תוליד תלד תלדו תלדי תלדנ תלדנה
H3206	ילדי ילדיה ילדיהמ ילדיהנ ילדיו ילדימ
H3207	ילדות
H3208	ילדותיכ ילדתיכ
H3209	ילדימ ילודימ
H3211	ילדי ילידי
H3213	איליל אילילה הילילו הילילי הילל היללו יהילילו ייליל יילילו תילילו
H3215	יללת יללתה
H3220	ימה ימהס ימימ ימס ימפ
H3221	ימא
H3225	ימינה ימינו ימיני ימיניס ימינכ ימינמ ימנית
H3229	ימלא
H3231	אימנה הימני המינ מימינימ
H3233	ימנית
H3235	הימיר תתימרו
H3238	הונה הונו הונתמ יונה יונו מוניכ נינמ תונה תונו תוננוס תנו
H3242	יניקותיו
H3243	אינק היניק היניקה היניקו הינקהו יונק יינק יינקו ינקהו ינקי ינקימ ינקת ינקתמ מיניקות מיניקתיכ מינקת מינקתו מנקתה תינק תינקו תינקי תניקהו
H3245	הוסד הוסדה הוסדמ ייסדנה יסדה יסדו יסדי יסדת יסדתו יסדתיכ יסדתמ יסוד מוסד מיסד מיסדימ נוסדו תוסדס
H3247	יסדו יסדיה יסודמ יסודתיה יסודתיהס
H3248	יסודתו
H3251	ייסכ
H3254	אוסיפ אוסיפפ אוספ אסיפ אספ אספה הוסיפ הוספת הוספתי הסיפ הספתי יאספ יוסיפ יוסיפו יוספ יוספו יוספונ יסיפ יסיפו יספה יספו יספימ יספנו יספת יספתי מוסיפימ נוספ נוספה נוספות ספו תאספונ תוסיפ תוסיפו תוסיפי תוספ תוספי תסיפ תסיפו תספ תספו תספונ
H3255	הוספת
H3256	אוסר איסר איסרמ אסרמ הוסרו הוסרי יוסר ייסר יסרה יסרו יסרוני יסרכ יסרני יסרת יסרתו יסרתי יסרתיכ יסרתני מיסרכ נוסרו תוסרו תיסרכ תיסרנו תיסרני
H3257	יעיו יעימ
H3259	אועד יועדו יועדני יועידני ייעדנה יעדה יעדהס יעדוס יעידני מועדימ מעדות נועד נועדה נועדו נועדימ נועדתי נעדימ נעדתי
H3267	נועז
H3270	יעזיר
H3271	יעטני
H3272	אתיעטו יעטהי יעטוהי
H3276	אעיל הועיל יועיל יועילו יועילוכ יועלו יעילו מועיל נועיל
H3277	יעלי יעלימ
H3279	יעלה
H3280	יעלת
H3283	יענימ
H3286	ייעפ ייעפו ייעפופ יעפו יעפוס מעפ
H3287	יעפימ
H3289	איעצה איעצכ יועצ יועצו יועציו יועצימ יועצכ יועצתו יעוצה יעצה יעצהו יעצו יעצי יעציו יעציכ יעצימ יעצני יעצת יעצתי יתיעצו נועצ נועצה נועצו נועצימ
H3290	יעקבס יעקוב ישראלס
H3293	יערה יערו יערות יערי יערימ יערס יערפ
H3295	יערת
H3296	ארגימ יערי
H3299	יעשי
H3302	ייפ ייפהו יפו יפיפית יפית תיפי תתיפי
H3303	יפות יפת יפתי
H3304	יפה פיה
H3305	יפוא
H3306	תתיפח
H3308	יפיה יפיו יפיכ
H3312	יפנהס
H3313	הופיע הופיעה הופעת תופע תפע
H3314	יפעתכ
H3315	יפתס
H3317	אל יפתח
H3318	אוצא אוציא אוציאה אוציאמ אצא אצאה אציא הוצא הוצאה הוצאהו הוצאי הוצאכ הוצאת הוצאתו הוצאתי הוצאתיה הוצאתיכ הוצאתימ הוצאתמ הוצאתנו הוצאתני הוציא הוציאה הוציאהו הוציאו הוציאוה הוציאי הוציאכ הוציאמ הוציאנו הוציאני היצא הצאת הצאתי הצאתני יוצא יוצאה יוצאו יוצאות יוצאי יוצאימ יוצאכ יוצאנו יוצאני יוצאס יוצאת יוציא יוציאהו יוציאו יוציאומ יוציאמ יוציאנו יוציאני יוצת יצאה יצאהו יצאו יצאופ יצאות יצאי יצאימ יצאכ יצאנו יצאני יצאת יצאתי יצאתמ יצוא יציאו מוצא מוצאות מוצאי מוצאימ מוצאת מוציא מוציאו מוציאי מוציאימ מוציאכ מוציאמ נוציא נצא צא צאה צאו צאי צאינה צאת צאתו צאתי צאתכ צאתכמ צאתכס צאתמ צאתנו תוצא תוציא תוציאו תוציאנו תוציאני תצא תצאו תצאי תצאנ תצאנה תצאפ תציא
H3319	שיציא
H3320	אתיצבה התיצב התיצבה התיצבו יתיצב יתיצבו תתיצב תתצב
H3321	יצבא
H3322	אציגה הצג הצגני הצגתיה הצגתיו הציגו הציגני יצגו יצגמ יציגו מציג תציג
H3323	יצהרכ
H3326	יצועי
H3327	יצחקס
H3329	יציאי
H3330	יציבא
H3331	אציעה יציע
H3332	אצק הוצק יוצק יצוק יצוקימ יצקו יצקימ יצקמ יצקת מוצק מוצקת מצק צק צקת תצק
H3333	יצקות יצקתו
H3334	יצרו תצר תצרי
H3335	אצרכ יוצר יוצרו יוצרימ יוצרס ייצר יצרה יצרהו יצרו יצרי יצרכ יצרנו יצרת יצרתי יצרתיה יצרתיו יצרתיכ יצרתמ נוצר
H3336	יצרו יצרנו
H3338	יצרי
H3341	הצית הציתו הציתוה הצתי יציתו יצתו יצתוס מצית נצתה נצתו תציתו תצת תצתנה
H3342	יקבי יקביכ יקבימ יקבכ
H3344	יקדת יקוד תוקד תוקדס תיקד
H3345	יקדתא
H3346	יקדת
H3349	יקהת
H3350	יקד
H3353	יקושימ יקושפ
H3355	יקטנס
H3358	יקירא יקירה
H3361	יקמעמס
H3363	הוקע הוקענומ יקיעמ מוקעימ תקע
H3364	איקצ ייקצ יקצו
H3365	אוקיר הקר ייקר יקרה יקרו יקרת יקרתי תיקר
H3366	יקרה יקרו
H3367	יקרא יקרה
H3368	יקרה יקרות יקרותיכ יקרימ יקרת
H3369	יוקשימ יקשו יקשתי נוקשו נוקשת תוקש
H3372	אירא איראנו יירא ייראו ייראוכ ייראני יראה יראו יראוהו יראוכ יראונ יראוני יראוס יראכ יראמ יראנו יראני יראת יראתו יראתי יראתמ מיראימ נורא נוראה נוראות נוראת נוראתיכ נירא נראות רא תורא תירא תיראו תיראומ תיראונ תיראוס תיראי תיראמ תיראנ תיראס
H3373	יראי יראיו יראיכ יראימ יראת
H3374	יראת יראתו יראתי יראתכ יראתמ
H3378	ירבעלפ
H3379	ירבעמפ
H3381	אורדכ אוריד אורידכ אורידמ ארד ארדה הורד הורדהו הורדו הורדי הורדנו הורדת הורדתי הורדתיכ הורדתימ הורדתמ הורדתנו הוריד הורידו הורידי הורידמו יורד יורדו יורדוכ יורדות יורדי יורדימ יורדמ יורדני יורידו ירדה ירדהו ירדהס ירדו ירדות ירדי ירדימ ירדנו ירדת ירדתי ירידו ירידומ מוריד נרד נרדה רד רדה רדו רדי רדת רדתהפ רדתו רדתי תורד תורדמ תורדני תרד תרדנה
H3383	ירדנה ירדנס ירדנפ
H3384	אורה אורכ הורהו הורוני הוריתי הוריתיכ הורני הורת הורתמ הורתני הרני הרתיכ יור יורא יורה יורהו יורו יורוכ יורימ יורנו יירה ירהו ירו ירוא ירות ירימ יריתי ירמ ירנו ירני מורה מורימ מרה נירמ תורכ תורמ תרכ
H3389	ירושלימ ירושלימה ירושלמה ירושלמס ירושלמפ
H3391	ירחי ירחימ
H3393	ירחינ
H3394	ירחכ
H3399	ירטני
H3401	יריבי יריבכ
H3404	יריה
H3405	ירחו ירחוס יריחה יריחוס יריחופ
H3407	יריעות יריעותי יריעותיהמ יריעת יריעתי ירעת
H3409	ירכה ירכו ירכי ירכיכ ירכימ ירככ
H3410	ירכתה
H3411	ירכתו ירכתי ירכתימ
H3414	ירמיה ירמיהוס ירמיהס
H3415	ירעה
H3417	ירקה
H3422	ירקרקת
H3423	אוריש אורישמ אורש אורשנו אירשנה הוריש הורישו הורישוס הורישמ הורש הורשת הורשתימ הורשתמ הורשתנו הריש יוריש יורישכ יורש יורשימ יורשנה יורשנו יירש יירשו יירשוה יירשומ יירשכ יירשמ ירשהס ירשו ירשוה ירשוהפ ירשוכ ירשיו ירשימ ירשמ ירשנו ירשנוה ירשת ירשתה ירשתמ מוריש מורישמ נירש נירשה רש רשו רשת רשתה רשתהס רשתהפ רשתו רשתוס רשתכ תוריש תורישו תורישמו תורישני תורש תירש תירשו תירשונ תירשוס תירשנו
H3425	ירשת ירשתו ירשתכ ירשתכמ
H3426	ישכ ישכמ ישנו
H3427	אושיבכ אשב אשבה הושב הושבתי הושבתיכ הושבתימ הושבתמ הושיב הושיבו הושיבי הושיבני השבתימ השיב השיבו יושב יושבי יושביה יושביו יושבימ יושבס יושבת יושיבו יושיבני ישבה ישבו ישבומ ישבות ישבי ישביה ישביהמ ישביהנ ישביו ישבימ ישבנו ישבפ ישבת ישבתה ישבתי ישבתמ ישוב ישיבמ מושיב מושיבי נושבהפ נושבו נושבות נושבת נשב נשבו שב שבה שבו שבי שבת שבתה שבתו שבתי שבתכ שבתכמ שבתמ שבתנו תושב תושיבני תשב תשבו תשבי תשבס תשיבו
H3429	בשבת ישב
H3430	בנב ישבי
H3432	ישובי
H3433	ישבי לחמ
H3442	ישועפ
H3444	ישועות ישועת ישועתה ישועתו ישועתי ישועתכ ישועתנו ישעות ישעתה ישעתו ישעתי ישעתכ
H3445	ישחכ
H3447	יושט יושיט
H3448	אישי ישיפ
H3449	ישיה
H3452	ישימנ ישימנפ ישמונ ישמנ
H3453	ישישימ
H3455	יישמ
H3456	תישמנה תשמ
H3458	ישמעאלס
H3459	ישמעאלימ ישמעלי
H3460	ישמעיה
H3462	אישנ אישנה יישנ ישונ ישנו ישנתי נושנ נושנת נושנתמ תישנ תישנהו
H3463	ישנה ישני ישנימ
H3465	ישנה ישנימ
H3467	אושיע אושיעה אושיעכ אושיעמ אושע אושעה הושיע הושיעה הושיעו הושיעכ הושיעמ הושיענו הושיעני הושע הושעה הושעו הושעני הושעת הושעתי הושעתיכ הושעתימ הושעתמ הושעתנו השע יהושיע יושיע יושיעו יושיעוכ יושיעומ יושיעכ יושיעמ יושיענו יושיענוס יושיעני יושע יושעכ יושענ יושעס ישעכמ ישענו מושיע מושיעו מושיעימ מושיעכ מושיעכס מושיעמ מושעימ מושעכ משיע משעי נושע נושעה נושענו נושעתמ תושיע תושיעונ תושיענו תושיעני תושע תושעונ תושעי תשעני
H3468	ישעו ישעי ישעכ ישענו
H3474	אישר הישר יישר יישרו יישרמ ישרה ישרו ישרנה ישרתי מישר מישרימ תישר
H3476	ישרו
H3477	ישרה ישרות ישרי ישרימ
H3478	ישראלס ישראלפ
H3481	ישראלית
H3483	ישרת
H3485	יששכרס
H3487	יתהונ
H3488	הותב יתבינ
H3489	יתדת יתדתיה יתדתיו יתדתיכ יתדתמ
H3490	יתומיו יתומימ יתמיו יתמיכ יתמימ יתמימפ
H3492	יתר
H3493	יתירא יתירה
H3498	אותיר אותר הותיר הותירכ הותר הותרה הותרכ הותרס הותרתי יותיר יותר יותרו נותר נותרה נותרו נותרות נותרימ נותרימס נותרימפ נותרמ נותרפ נותרת נותרתי נותרתמ נתר נתרו תותירו תותר תתר
H3499	יתרו יתרי יתרימ יתרמ
H3502	יתרת
H3505	יתריס
H3510	הכאבתיו יכאב יכאיב כאבימ כואב מכאב תכאבו
H3511	כאבי
H3512	הכאות נכאה
H3513	אכבד אכבדה אכבדהו אכבדכ אכביד הכבד הכבדי הכבדת הכבדתי הכבדתימ הכביד הכבידו התכבד התכבדי יכבד יכבדו יכבדוכ יכבדנני כבדה כבדו כבדוהו כבדוני כבדכ כבדנוכ כבדני כבדתו כבדתני מכבד מכבדו מכבדי מכבדיה מכביד מתכבד נכבד נכבדות נכבדי נכבדיה נכבדיהמ נכבדימ נכבדת נכבדתי תכבד תכבדו תכבדי תכבדכ תכבדני
H3515	כבדי כבדימ
H3516	כבדו כבדי
H3518	יכבה יכבו יכבנה כבו כבות כבותכ מכבה מכבהס תכבה תכבהס תכבהפ
H3519	כבד כבדו כבדי כבדכ כבדמ כבודהס כבודו כבודי כבודכ כבודכמ כבודמ כבודפ
H3524	כבירימ כבירס
H3525	כבלי
H3526	הכבס יכבס יכבסו כבסו כבסי כבסני כבסתמ כובס מכבסימ תכבס תכבסי תכבסני
H3527	יכברפ
H3530	כברת
H3532	כבשי כבשימ כבשמ
H3533	יכבש יכבשומ כבוש כבשה כבשו כבשימ נכבשה נכבשות תכבשו
H3535	כבשת
H3537	כדה כדימ כדכ
H3538	כדבה
H3543	יכהה כהתה תכה תכההס תכהינ
H3544	כהות
H3546	כהלינ
H3547	יכהנ יכהנו כהנו
H3548	כהני כהניה כהניהמ כהניו כהניכ כהנימ כהנימס כהנימפ כהנינו כהנס כהנפ
H3549	כהנא כהנה כהנוהי כהניא
H3550	כהנות כהנת כהנתכמ כהנתמ
H3551	כוינ
H3553	כובעימ
H3554	תכוה תכוינה
H3556	כוכבי כוכבימ ככבי ככביהמ
H3557	אכלכל אכלכלמ הכיל יכיל יכילנו יכילס יכילפ יכלו יכלכל יכלכלהו יכלכלוכ יכלכלכ יכלכלמ כל כלכל כלכלו כלכלכ כלכלמ כלכלס כלכלתי כלכלתמ מכלכל
H3559	אכינ אכינה הוכנ הכונ הכינ הכינה הכינו הכינות הכינותי הכינותיפ הכיננו הכינני הכינתה הכינתי הכנ הכנו הכנתי יכונ יכוננ יכוננה יכוננו יכוננוני יכינ יכינו יכנ יכנו יכננו יכננכ יתכוננ כוננ כוננה כוננהו כוננו כוננת כוננתה כננתי מוכנ מוכנימ מכינ נכונה נכונו נכנו נכנימ תכונ תכוננ תכונני תכינ תכינה תכנ
H3561	כונימ
H3562	כנניהו
H3563	כוסה כוסי כוסמ כסו כסות
H3565	בור עשנ
H3566	כרש
H3569	כושימ כשיימ כשימ כשית
H3573	כושנ רשעתימ
H3574	כושרות
H3575	כות
H3576	אכזב יכזב יכזבו יכזיבני כזבכמ נכזבה נכזבתפ תכזב תכזבי
H3577	כזביהמ כזבימ כזבס
H3581	כוח כחה כחו כחי כחכ כחכה כחכמ כחמ
H3582	אכחד הכחדתיו הכחיד יכחד יכחידנה כחדו כחדתי נכחד נכחדו נכחדות נכחדת נכחידמ תכחד תכחדו תכחדי
H3583	כחלת
H3584	יכחש יכחשו יתכחשו כחשו כחשתי תכחש תכחשו תכחשונ
H3585	כחשי כחשיהמ
H3586	כחשימ
H3589	כידו
H3590	כידודי
H3591	כידנ
H3595	כיור כיורימ כירות כירת
H3596	כלי
H3597	כילפת
H3599	כיסכ
H3600	כירימ
H3603	ככרות ככרי ככרימ
H3604	ככרינ
H3605	כולמ כלא כלאשר כלה כלהמ כלהנהס כלהפ כלו כלכ כלכמ כלמ כלמס כלמפ כלנה כלנו כלפ
H3606	כלא כלאס כלהונ כלהינ
H3607	אכלא יכלא יכלאו יכלה כלאה כלאו כלאמ כלאתי כלו כלוא כלתני תכלא תכלאי
H3608	כלאו כלאימ
H3611	כלבי כלביכ כלבימ
H3613	אפרתה כלב
H3615	אכל אכלה אכלכ אכלמ יכל יכלה יכלהו יכלו יכליונס כלא כלו כלומ כלוני כלוס כלות כלותי כלותכ כלותמ כלינו כלית כליתי כליתיכ כליתימ כליתמ כלמפ כלנו כלת כלתה כלתו כלתכ כלתמ מכלה מכלות תכל תכלה תכלינה תכלנה
H3616	כלות
H3618	כלותיכמ כלתה כלתו כלתיה כלתכ
H3623	כלולתיכ
H3626	חזה כל
H3627	כליה כליהמ כליהפ כליו כליוס כליכ כליכמ כלימ כלינו
H3628	כלוא
H3629	כליות כליותי כליותיהמ כלית כליתי
H3632	כלילת
H3634	כללו
H3635	ישתכללונ שכלילו שכללה שכללהס שכללו
H3637	הכלימ הכלמ הכלמו הכלמנו הכלמנומ יכלימ יכלמו מכלימ מכלמ נכלמ נכלמו נכלמות נכלמימ נכלמת נכלמתי תכלימוה תכלימוני תכלימנו תכלמ תכלמו תכלמי
H3639	כלמות כלמת כלמתי כלמתכ כלמתמ כלמתנו
H3641	כלנו
H3643	כמהנ
H3644	כמהו כמהמ כמוה כמוהמ כמוכ כמוכמ כמונו כמוני כמוניס כמכה כמנו כמני
H3648	נכמרו
H3649	כמריו כמרימ
H3650	כמרירי
H3651	כנימ כנס כנפ
H3653	כנו כני כנכ
H3654	כנימ כנמ
H3655	אכנה אכנכ יכנהפ
H3658	כנוריכ כנרות כנרותינו כנרי
H3663	כנניה
H3664	התכנס יכנס כנוס כנסתי כנסתימ
H3665	אכניע הכניע הכניעהו הכנע הכנעו הכנעתי יכניעמ יכנע יכנעו נכנע נכנעו תכניע תכנע
H3666	כנעתכ
H3667	כנעניה כנענס כנענפ
H3669	כנענימ כנענית
H3670	יכנפ
H3671	כנפו כנפות כנפי כנפיה כנפיהמ כנפיהנ כנפיו כנפיכ כנפימ כנפכ
H3672	כנרות
H3673	מכנש מתכנשינ
H3674	כנותיו
H3675	כנותה כנותהונ
H3677	כסה
H3678	כסאו כסאות כסאותמ כסאי כסאכ כסה
H3679	כסדאה
H3680	אכסה אכסכ אכסנו הכסותפ יכס יכסה יכסהו יכסו יכסימו יכסכ יכסמו יכסנה יכסנו יתכס יתכסו כסהו כסו כסוי כסוכ כסונו כסות כסינו כסית כסיתו כסיתי כסיתיכ כסמו כסת כסתה כסתו כסתי כסתני מכסה מכסות מכסימ מכסימפ מתכסה מתכסימ נכסתה תכס תכסה תכסהו תכסי תכסימ תכסכ תכסנו תכסני תתכס
H3682	כסותה כסותו כסותכ כסותמס
H3683	כסוחה כסוחימ
H3684	כסילימ
H3685	כסיליהמ
H3688	יכסלו
H3689	כסלו כסלי כסלימ כסלכ כסלמ
H3690	כסלתכ
H3691	כסליו
H3694	כסולת
H3696	כסלת תבר
H3697	יכסמו כסומ
H3698	כסמימ
H3699	תכסו
H3700	יכסופ נכספ נכספה נכספתה תכספ
H3701	כספו כספי כספיהמ כספכ כספכמ כספמ כספנו כספס
H3702	כספא
H3704	כסתות כסתותיכנה
H3706	כענתפ כעתס
H3707	אכעיסמ אכעס הכעיס הכעיסו הכעיסני הכעסוני הכעסני הכעסת הכעסתי יכעיסהו יכעיסו יכעיסוהו יכעס יכעסו כעוס כעסוני כעסתה מכעיסימ מכעסימ תכעיסו תכעסנה
H3708	כעסו כעסי כעסימ כעסכ כעשי כעשכ
H3709	כפה כפו כפות כפי כפיה כפיהמ כפיו כפיכ כפיכמ כפיכפ כפימ כפימו כפימס כפינו כפכ כפכה כפת כפתיו
H3710	כפימ
H3711	יכפה
H3712	כפתו
H3713	כפורי כפר כפרי
H3715	כפיריכ כפריה כפרימ
H3717	כפול כפלת תכפל
H3718	כפלימ
H3719	כפנה
H3721	אכפ כפ כפופימ
H3722	אכפר אכפרה יכפר יכפרו יכפרנה יתכפר כפרה כפרי כפרכ כפרת כפרתהו כפרתמ נכפר תכפר תכפרמ
H3723	כפרימ
H3724	כפרו כפרימ כפרכ
H3726	עמנה
H3728	הכפישני
H3729	כפתה כפתו מכפתינ מכפתינפ
H3730	כפתר כפתריה כפתריהמ
H3732	כפתרימ כפתרימס
H3733	כרימ
H3734	כרימ כרינ
H3735	אתכרית
H3736	מכרבל
H3737	כרבלתהונ
H3738	יכרה יכרו כרו כרוה כרית כריתי
H3739	אכרה יכרה יכרו תכרו
H3741	כרת
H3742	כרבימ כרבימפ כרובימ כרובימס
H3744	כרוזא
H3745	הכרזו
H3748	כריתת כריתתיה
H3749	כרכבו
H3751	כרכמש
H3753	כרכרות
H3754	כרמו כרמי כרמיה כרמיהמ כרמיכמ כרמימ כרמינו כרמכ כרמס
H3755	כרמיכמ כרמימ
H3759	כרמלו
H3760	כרמלה כרמלפ
H3761	כרמלית
H3763	כרנס
H3764	כרסונ כרסיה
H3765	יכרסמנה
H3766	אכרעה הכריע הכריעהו הכרע הכרעתני יכרע יכרעו יכרעונ כרעו כרעות כרעימ נכרעה תכריע תכרע תכרעו תכרענה
H3767	כרעיו כרעימ
H3769	מכרכר
H3770	כרשו
H3772	אכרות אכרית אכרת אכרתה הכרית הכריתה הכריתו הכריתכ הכרת הכרתי הכרתיו הכרתיכ יכרית יכרת יכרתהו יכרתו יכרתונ יכרתופ יכרתס כרות כרתה כרתו כרתות כרתי כרתימ כרתנו נכרית נכריתנה נכרת נכרתה נכרתו נכרתנו תכרית תכריתו תכריתכ תכרת תכרתו תכרתונ תכרתפ
H3773	כרתות כרתת
H3774	כרתימ
H3775	כשבימ
H3778	כשדימה כשדימפ
H3779	כשדאהפ כשדאי כשדאינ
H3780	כשית
H3782	הכשיל הכשילו הכשלמ הכשלתמ יכשילו יכשילוהו יכשילכ יכשל יכשלו יכשלומ יכשלופ כושל כשול כשלה כשלו כשלות כשלנו כשלת מכשלימ נכשל נכשלו נכשלימ תכשל תכשלי
H3784	מכשפ מכשפה מכשפימ
H3785	כשפיה כשפיכ כשפימ
H3786	כשפיכמ
H3787	הכשר יכשר
H3789	אכתב אכתבנה ו יכתב יכתבו יכתבוה יכתבונ יכתבמ יכתבמפ כתבה כתבו כתבימ כתבמ כתבת כתבתי כתבתמ כתוב כתובה כתובות כתובימ כתובפ מכתבימ נכתב תכתב תכתבו
H3790	כתבה כתבו כתבנ כתיב נכתב
H3791	כתבה כתבמ
H3792	כתבא כתבה
H3794	כתיימ כתימ
H3796	כתלנו
H3797	כתליא
H3799	נכתמ
H3801	כתנות כתנתו כתנתי כתנתכ כתנתמ
H3802	כתיפיו כתפות כתפי כתפיה כתפיו כתפמ כתפת
H3803	יכתרו כתרו כתרוני מכתיר
H3805	כותרת כתרות
H3806	תכתוש
H3807	אכת יכת יכתו יכתומ כתו כתות כתותי כתתו
H3808	לה לוא
H3809	לה
H3810	דבר לא לו
H3811	הלאות הלאני הלאת הלאתיכ ילאו ילאוכ נלאה נלאו נלאית נלאיתי תלא תלאה תלאו
H3814	להטיהמ
H3816	לאומ לאומי לאומימ לאמימ
H3818	לא עמי
H3819	לא רחמה
H3820	לבה לבהנ לבהפ לבו לבוס לבי לביס לביפ לבכ לבכמ לבכס לבמ לבמס לבנ לבנו לבס לבפ לבתמ
H3821	לבי
H3823	ילבב לבבתיני לבבתני תלבב
H3824	לבבה לבבהנ לבבו לבבות לבבי לבבכ לבבכמ לבבכס לבבמ לבבנו
H3825	לבבה לבבכ
H3826	לבות לבותמ לבתכ
H3827	לבת
H3828	לבונה לבונהפ לבנתה
H3830	לבושה לבושו לבושי לבושכ לבושכנ לבושמ לבש לבשו לבשיהמס
H3831	לבושה לבשיהונ
H3832	ילבט
H3833	לבאמ לבאתיו
H3834	לבבות
H3835	אלבינ הלבינו ילבינו יתלבנו נלבנה
H3836	לבנה לבנות לבנימ לבנת
H3838	לבנה
H3841	לבנהפ
H3843	לבניכמ לבנימ לבנת
H3844	לבנונה לבנונס לבנונפ
H3847	אלביש אלבישכ אלבשנה הלביש הלבישה הלבישו הלבישני הלבש הלבשת הלבשתיו הלבשתמ ילבש ילבשהו ילבשו ילבשומ ילבשמ ילבשמפ ילבשני לבוש לבשה לבשו לבשי לבשימ לבשמ לבשת לבשתי מלבשימ מלבשכמ נלבש תלביש תלבישני תלבש תלבשו תלבשי תלבשנ
H3848	הלבישו ילבש תלבש
H3851	להבי להבימ
H3852	להבות להבת
H3856	מתלהלה תלה
H3857	להטה להטימ תלהט תלהטהו
H3859	מתלהמימ
H3862	להקת
H3863	לוא
H3864	לבימ לובימ
H3866	לודימ
H3867	הלוית ילוה ילוו ילוכ ילונו לוינו מלוה נלוה נלוו נלוימ תלוה תלונו
H3868	ילזו יליזו נלוז נלוזימ
H3870	לוזה
H3871	לוחת לחות לחת לחתימ
H3874	ילט לוטה
H3878	לויס
H3879	לויא
H3880	לוית
H3881	לוימ לוימס לוימפ לוינו
H3883	לולימ
H3884	לולי
H3885	אלינ הלינתמ ילונו ילינ ילינו ילנ ילנו יתלוננ יתלננ לינ לינו ליני לנ לנה לנו לנימ מלינימ מלינמ נלינ נלינה תלינ תלינו תליני תלנ
H3886	לעו
H3887	הליצני יליצ לצ לצימ לצצימ לצת מליצ מליצי מליציכ תתלוצצו
H3888	לושי לשות תלש
H3890	לותכ
H3892	לחימ
H3893	לחה
H3894	לחומו לחממ
H3895	לחיה לחיהמ לחיו לחיי לחייכ לחיימ
H3897	ילחכו לחכה
H3898	אלחמ הלחמ הלחמו ילחמ ילחמו ילחמוני לחומ לחמו לחמי לחמימ נלחמ נלחמה נלחמו נלחמימ נלחמנו נלחמת נלחמתי נלחמתמ תלחמ תלחמו תלחמונ
H3899	לחמה לחמו לחמי לחמכ לחמכמ לחממ לחמנו לחמס
H3904	לחנתה לחנתכ
H3905	ילחצו ילחצומ ילחצני לחצו לחציהמ לחציו לחציכמ לחצימ לחצתמ תלחצ תלחצנו
H3906	לחצנו
H3907	יתלחשו מלחשימ מתלחשימ
H3908	לחשימ
H3909	לטיהמ
H3912	לטושימ
H3913	ילטוש לטוש מלטש
H3914	ליות
H3915	ליל לילהס לילהפ לילות לילותס
H3916	ליליא
H3920	אלכד ילכד ילכדה ילכדהו ילכדו ילכדוה ילכדונ ילכדנה ילכדנו ילכוד יתלכדו לכדה לכדו לכדוה לכדנו לכדני לכדתי לכוד נלכד נלכדה נלכדו נלכדוס נלכדופ נלכדת תלכד תלכדו תלכדי
H3923	לכישה לכישפ
H3924	ללאת
H3925	אלמד אלמדה אלמדכמ אלמדמ ילמד ילמדה ילמדהו ילמדו ילמדונ למדה למדו למדומ למדי למדמ למדנה למדני למדת למדתי למדתמ למדתני למודי מלמד מלמדה מלמדי מלמדכ תלמד תלמדו תלמדמ תלמדנו תלמדני
H3928	למדי למודי למודימ
H3930	לעכ
H3931	מלעבימ
H3932	אלעג ילעג ילעגו לעגה מלעגימ נלעג תלעג תלעיג
H3933	לעגמ
H3934	לעגי
H3936	לעדנס
H3938	הלעיטני
H3939	לענהס
H3940	לפדימ לפידי לפידימ לפידמ
H3943	ילפת ילפתו
H3947	אלקח אקח אקחה אקחהו אקחכ אקחמ הלקח הלקחו יקח יקחה יקחהו יקחהופ יקחו יקחומ יקחכ יקחמ יקחנה יקחנו יקחני יקחפ לקוח לקחה לקחו לקחומ לקחי לקחימ לקחמ לקחנו לקחני לקחס לקחת לקחתי לקחתיו לקחתיכ לקחתימ לקחתמ לקחתנו מתלקחת נלקח נלקחהפ נקח נקחה קח קחה קחהו קחו קחי קחמ קחנה קחנו קחת קחתה קחתהס קחתו קחתי קחתכ תלקח תקח תקחה תקחהו תקחו תקחי תקחכ תקחמ תקחנה תקחנו תקחני
H3948	לקחה לקחי לקחפ
H3950	אלקטה ילקט ילקטו ילקטונ יתלקטו לקטה לקטו לקטת מלקט מלקטימ תלקט תלקטהו תלקטו
H3952	ילק ילקו לקקו מלקקימ
H3953	ילקשו
H3955	לשדי
H3956	לשונה לשונו לשוני לשונכ לשונכמ לשונמ לשוננו לשנ לשנו לשנות לשננו לשנתמ
H3957	לשכות לשכת לשכתה
H3960	מלשני תלשנ
H3961	לשניא
H3965	מאבסיה
H3966	מאדו מאדכ מאדס מאדפ
H3967	מאהס מאות מאותס מאותפ מאת מאתימ מאתימס מאתימפ
H3969	מאתינ
H3970	מאויי
H3971	מאומפ מומו מוממ
H3974	מאורי מאורת מאר מארת
H3975	מאורת
H3976	מאזני מאזנימ
H3978	מאכלה מאכלו מאכלכ מאכלכמ
H3979	מאכלות
H3981	מאמצי
H3984	מאני מאניא
H3985	ימאנ ימאנו מאינ מאנה מאנו מאנת מאנתמ תמאנ תמאנו
H3987	מאנימ
H3988	אמאס אמאסאכ ימאס ימאסו ימאסונ ימאסכ ימאסמ מאוס מאסו מאסכמ מאסמ מאסת מאסתה מאסתי מאסתיהו מאסתיו מאסתיכ מאסתימ מאסתמ מאסתנו מואס נמאס תמאס תמאסו
H3992	ממאיר ממארת
H3994	מארות מארת
H3995	מבדלות
H3996	מבאו מבואו מבואי
H3997	מבואת
H3998	מבוכתמ
H3999	מבולפ
H4002	מבועי
H4005	מבחריו
H4007	מבטה מבטמ מבטנו
H4009	מבטחה מבטחו מבטחי מבטחיכ מבטחימ מבטחכ מבטחמ
H4010	מבליגיתי
H4013	מבצרות מבצרי מבצריה מבצריהמ מבצריו מבצריכ מבצרימ מבצרפ
H4015	מברחיו
H4016	מבשיו
H4021	מגבעת
H4022	מגדיו מגדימ
H4023	מגדונ
H4026	מגדלות מגדלותיכ מגדליה מגדלימ מגדלתיכ
H4027	אל מגדל
H4028	גד מגדל
H4029	מגדל עדר
H4030	מגדנות מגדנת
H4032	מגורי
H4033	מגורי מגוריהמ מגוריו מגורמ מגריהמ מגריכ
H4034	מגורותי מגורת
H4035	מגורתמ
H4036	מגור סביבפ
H4037	מגזרת
H4039	מגלת
H4041	מגמת
H4042	אמגנכ תמגנכ
H4043	מגנות מגני מגניה מגניו מגנימ מגנמ מגננו מגנפ
H4044	מגנת
H4046	מגפהס מגפהפ מגפת מגפתי
H4048	מגורי מגרתה
H4049	ימגר
H4050	מגרות
H4052	מגרעות
H4053	מגרפתיהמ
H4054	מגרשה מגרשות מגרשי מגרשיה מגרשיהמ מגרשיהנ מגרשיהנס מגרשיהס מגרשיהפ
H4055	מדה מדו מדיו מדיכ מדינ
H4056	מדבחה
H4057	מדברה מדברהס מדבריכ מדברס מדברפ
H4058	אמדד ימד ימדד ימדדמ ימדו יתמדד מד מדדו מדתי מדתמ תמוד
H4060	מדות מדותיה מדותיו מדת
H4061	מדה מדת
H4063	מדויהמ
H4064	מדוי
H4065	מדוחימס
H4069	מדע
H4070	מדורה מדרהונ מדרכ
H4071	מדרתה
H4073	מדחפת
H4074	מדיפ
H4075	מדי
H4079	מדיני מדינימ
H4080	מדינס
H4082	מדינות
H4083	מדינת מדינתא מדינתה מדננ
H4084	מדינימ מדינית
H4090	מדנימ
H4092	מדנימ
H4093	מדעכ
H4094	מדקרות
H4095	מדרגות
H4098	מדשתי
H4100	מבראשונה מדי מההמ מהזה מהלכמ מתלאה
H4102	התמהמה התמהמהו התמהמהמ התמהמהנו התמהמהתי יתמהמה מתמהמה
H4103	מהומת
H4106	מהר
H4107	מהול
H4109	מהלכימ מהלככ
H4110	מהללו
H4113	מהמרות
H4114	מהפכת
H4116	ימהר ימהרו מהרה מהרו מהרי מהרס מהרת מהרתמ מהרתנ ממהר ממהרות נמהר נמהרה נמהרי נמהרימ תמהר תמהרו תמהרנה
H4117	ימהרנה
H4122	בז חש מהר שלל
H4124	מואבס
H4125	מאבי מאביה מאביות מאבימ מואביה מואביות מואבימ מואבית
H4126	מובאיו מובאכ
H4127	התמגגו נמגו נמגימ נמוג תמגגנה תמגגני תמוג תמוגנו תתמוגג תתמוגגנה
H4128	ימדד
H4129	מדע
H4130	מדעתנו
H4131	אמוט התמוטטה ימוט ימוטו ימוטס ימיטו מט מטה מטו מטימ נמוטו תמוט תמוטנה
H4132	מטהו
H4133	מוטת מטות מטת
H4134	ימוכ מכ
H4135	אמילמ המול המל המלו ימול ימולל ימל ימלו יתמללו מל מלו מלימ מלתה מלתמ נמול נמלו נמלימ נמלתמ
H4136	מואל מלי
H4138	מולדותיכ מולדתה מולדתו מולדתוס מולדתי מולדתיס מולדתכ מולדתמ מולדתנו מלדתיכ
H4139	מולתפ
H4144	מוסדי מסדי
H4145	מוסדות
H4146	מוסדות מסדות
H4147	מוסרות מוסרותיהמ מוסרותיכ מוסרותימו מוסרי מוסריכמ מוסרתיכ מסרות
H4148	מוסרי מוסרכ
H4150	מועדה מועדו מועדות מועדי מועדיה מועדיכמ מועדימ מועדכ מועדמ מועדנו מועדס מועדפ מעד מעדו מעדי מעדיכמ מעדימ
H4151	מועדיו
H4156	מועצותיהמ מועצת מעצות מעצותיהמ מעצותמ מעצתיהמ
H4158	מפעת
H4159	מופתי מופתיו מופתימ מופתכמ מפתיו מפתימ
H4161	מוצאו מוצאי מוצאיהמ מוצאיהנ מוצאיו מוצאכ מצא מצאי
H4163	מוצאות מוצאתיו
H4165	מצק
H4166	מוצקות מצקתו
H4167	ימיקו
H4168	מוקדי קד
H4170	מוקשי מוקשימ מוקשפ מקשות מקשי מקשימ
H4171	אמיר המיר המר ימיר ימירו ימירנו ימר נמרס
H4172	מוראו מוראי מוראימ מוראכמ מרא
H4173	מורגימ מרגימ
H4175	מורי מוריכ
H4176	מרה
H4179	מוריה
H4180	מורשי מורשיהמ
H4181	מורשהס
H4182	גת מורשת
H4183	מרשתי
H4184	אמשכ המשני ימישונ
H4185	אמיש ימוש ימושו ימיש ימשו מש משו משתי תמוש תמישו תמש
H4186	מושבו מושבוס מושבותיהמ מושבותיכמ מושבותמ מושבי מושבכ מושבמ מושבתיהמ מושבתיכמ מושבתיכמפ מושבתמ משבותמ משבתיכמ משבתיכמס משבתמ
H4187	משי
H4189	משכות
H4190	מושעות
H4191	אמות אמותה אמית אמיתכ אמת אמתתהו הומת המית המיתו המיתופ המיתיו המיתכ המיתמ המיתנו המיתני המיתתהו המת המתה המתהו המתו המתי המתיה המתמ המתנ המתני יומת יומתו יומתוס יומתס יומתפ ימות ימותו ימותונ ימותופ ימותס ימית ימיתהו ימיתהוס ימיתו ימיתוה ימיתמ ימיתנו ימת ימתהו ימתו ימתונ ימתמ ימתס ימתפ ימתתהו מומת מומתימ מותה מותו מותי מותנו מותס מותת מותתני ממותת ממית ממיתימ ממתימ מת מתה מתו מתוס מתופ מתי מתיכ מתימ מתכ מתנ מתנו מתס מתפ מתתי מתתני נמות נמיתכ נמיתמ נמתהו תומת תמות תמותו תמותונ תמותופ תמותי תמותנה תמותס תמותת תמית תמיתהו תמיתוה תמיתנו תמיתני תמת תמתו תמתונ תמתנו
H4194	מותה מותהפ מותו מותופ מותי מותמ מותס מותפ מתו מתיו מתמ
H4196	מזבחה מזבחו מזבחופ מזבחות מזבחותיהמ מזבחותיכ מזבחותיכמ מזבחותמ מזבחי מזבחכ מזבחס מזבחת מזבחתיהמ מזבחתיו מזבחתיכ מזבחתמ
H4198	מזי
H4199	מזהס
H4200	מזוינו
H4201	מזוזות מזוזת מזוזתי מזוזתמ
H4205	מזרו
H4207	מזלגות מזלגת מזלגתיו
H4209	מזמות מזמותיו מזמתה מזמתו
H4211	מזמרות מזמרתיכמ
H4212	מזמרות
H4215	מזרימ
H4217	מזרחה מזרחהס מזרחהפ מזרחס
H4219	מזרקות מזרקותס מזרקי מזרקימ מזרקת מזרקתיו
H4220	מחימ
H4222	ימחאו מחאכ
H4223	ימחא יתמחא מחת
H4224	מחבאימ
H4225	מחברתו
H4226	מחברות
H4229	אמחה אמחנו ימח ימחה ימחו מחות מחית מחיתי מחני מחתה ממחימ נמחו תמח תמחה תמחי
H4232	מחייאל
H4234	מחלנו
H4238	מחזיאות
H4241	מחית מחיתכ
H4242	מחירה מחיריהמ
H4245	מחלהו
H4246	מחלות מחלת
H4247	מחלות
H4251	מחלוימ
H4252	מחלפימ
H4253	מחלפות
H4254	מחלצות
H4255	מחלקתהונ
H4256	מחלקות מחלקותיהמ מחלקותיכמ מחלקותמ מחלקותס מחלקתו מחלקתמ מחלקתמפ
H4261	מחמדי מחמדיה מחמדיהמ מחמדימ מחמדינו
H4262	מחמדיה
H4264	מחנהו מחנהס מחנהפ מחנות מחניהמ מחניכ מחניכמ מחנימ מחנכ מחנת
H4265	דנ מחנה
H4266	מחנימה מחנימפ
H4268	מחסהו מחסי מחסנו
H4270	מחסורכ מחסרו מחסריכ מחסרכ
H4272	אמחצמ ימחצ מחצה מחצת מחצתי תמחצ
H4275	מחצת
H4276	מחציתה מחציתו מחציתמ מחצת
H4277	מחקה
H4278	מחקרי
H4281	מחרשת מחרשתו
H4283	מחרתמ
H4284	מחשבות מחשבותי מחשבותיהמ מחשבותיו מחשבותיכמ מחשבותינו מחשבותמ מחשבת מחשבתו מחשבתי מחשבתיהמ מחשבתיו מחשבתיכ מחשבתיכמ מחשבתמ
H4285	מחשכי מחשכימ
H4288	מחתת
H4289	מחתות מחתת מחתתו מחתתיה מחתתיו
H4291	ימטא מטה מטו מטת
H4294	מטהו מטהוס מטות מטותמ מטיו מטכ מטת מטתמ
H4296	מטהפ מטות מטת מטתו מטתי מטתכ
H4298	מטות
H4301	מטמונימ מטמני מטמנימ
H4302	מטעה מטעי
H4303	מטעמותיו מטעמימ מטעמתיו
H4304	מטפחות
H4305	אמטיר המטיר המטרתי ימטר ממטיר תמטיר תמטר
H4306	מטרות מטרפ
H4307	מטרא מטרהס
H4313	ירקונ מי
H4314	זהב מי
H4317	מיכאלס
H4318	מיכהס
H4321	מכיהו
H4325	מימ מימה מימי מימיה מימיהמ מימיו מימיכ מימינו מימירגליהמ מימס מימפ
H4326	מימינ
H4327	מינה מינהו מינהמ מינו
H4334	מישר
H4337	מרשה
H4339	מישרימ
H4340	מיתרי מיתריהמ מיתריו מיתריכ
H4341	מכאבו מכאבות מכאבי מכאביו מכאבימ מכאבינו מכאבכ מכאובה מכאובי מכאובימ
H4347	מכות מכותה מכותיה מכותיכ מכותמ מכימ מכת מכתה מכתו מכתי מכתכ
H4348	מכות
H4349	מכונו מכוני מכוניה
H4350	מכונתיו מכנה מכנות
H4351	מכורתמ מכרותיכ מכרתיכ
H4355	המכו ימכ ימכו
H4356	מכלאת מכלאתיכ
H4357	מכלות
H4360	מכללימ
H4362	מכמני
H4363	מכמשס
H4364	מכמריו
H4365	מכמרתו
H4369	מכנתהס
H4370	מכנסי
H4371	מכסמ
H4372	מכסהו
H4373	מכסת
H4374	מכסיכ מכסכ
H4376	המכרו התמכר התמכרכ התמכרתמ ימכר ימכרו ימכרמ יתמכרו מוכר מכור מכרה מכרו מכרומ מכרי מכריהנ מכרימ מכרמ מכרנו מכרת מכרתי מכרתמ נמכר נמכרו נמכרימ נמכרנו נמכרתמ תמכר תמכרו תמכרנה
H4377	מכרה מכרמ
H4378	מכרו מכריכמ
H4380	מכרתיהמ
H4383	מכשל מכשלימ
H4384	מכשלות
H4386	מכתתו
H4390	אמלא אמלאה אמלאהו אמלאפ ימלא ימלאו ימלאומ ימלאונ ימלה יתמלאונ מלאה מלאו מלאוה מלאוכ מלאות מלאימ מלאמ מלאנו מלאת מלאתי מלאתיו מלאתיכ מלאתמ מלאתניס מלו מלואת מלתי ממלא ממלאימ נמלא תמלא תמלאי תמלאמו תמלאנה
H4391	התמלי מלת
H4392	מלאה מלאות מלאימ מלאת מלאתי
H4393	מלאה מלאו מלו מלוא מלואה מלואו
H4394	מלאיכמ מלאימ מלואימ
H4395	מלאתכ
H4396	מלאת מלאתמ מלואתמ
H4397	מלאכו מלאכי מלאכיו מלאכיכ מלאכימ מלאככהס
H4398	מלאכה
H4399	מלאכהס מלאכהפ מלאכות מלאכותיכ מלאכת מלאכתו מלאכתוס מלאכתכ
H4403	מלבושי מלבושיהמ מלבושכ מלבשיהמ
H4405	מלי מליהמ מליכ מלימ מלינ מלתו מלתי מלתיס
H4406	מלי מליא מלינ מלת מלתא
H4410	מלכה
H4414	המלח המלחת ממלח נמלחו תמלח
H4415	מלחנא
H4417	מלחס מלחפ
H4418	מלחימ
H4419	מלחיהמ מלחיכ מלחימ
H4421	מלחמהס מלחמהפ מלחמות מלחמת מלחמתה מלחמתו מלחמתי מלחמתיו מלחמתכ מלחמתמ מלחמתנו
H4422	אמלט אמלטה אמלטכ אמלטס אתמלטה המלט המלטי המליט המליטה ימלט ימלטהו ימלטו ימלטס יתמלטו מלטה מלטו מלטוני מלטי מלטנו ממלט ממלטימ נמלט נמלטה נמלטו נמלטנו נמלטתי תמלט
H4425	מלילת
H4427	אמלוכ אמליכ אמלכ המליכ המליכו המלכ המלכת המלכתי המלכתיכ המלכתני ימלוכ ימליכה ימליכהו ימליכו ימלכ ימלכהו ימלכו מלכה מלכו מלכופ מלכי מלכת ממליכ נמליכ תמלוכ תמליכו תמלכ
H4428	מלכה מלכו מלכי מלכיה מלכיהמ מלכיכמ מלכימ מלכימס מלכינ מלכינו מלככ מלככמ מלככמס מלכמ מלכנו מלכס מלכפ
H4430	מלכא מלכאפ מלכה מלכיא מלכימ מלכינ מלכינס
H4431	מלכי
H4433	מלכתא
H4434	מלכדתו
H4436	מלכות מלכת
H4437	מלכות מלכותא מלכותה מלכותי מלכותכ
H4438	מלכותה מלכותו מלכותי מלכותכ מלכותמ מלכיות מלכתו
H4441	מלכיה
H4442	מלכי צדק
H4444	מלכי שוע
H4448	ימלל מללו תמלל
H4449	ימלל ממלל ממללה
H4452	נמלצו
H4455	מלקוחי
H4457	מלקחיה
H4459	מלתעות
H4461	ממדיה
H4463	ממותי
H4465	ממכרו ממכריו
H4467	ממלכות ממלכת ממלכתו ממלכתי ממלכתכ
H4472	ממררימ
H4474	ממשלימ
H4475	ממשלות ממשלותיו ממשלת ממשלתו ממשלתכ
H4478	מנכ
H4480	מכמ ממכ ממכס ממנה ממנהס ממנהפ ממנו ממנוס ממנופ ממני מנהו מנהמ מני
H4481	מנה מנהונ מנהינ מנהנ מני מנכ
H4482	מני מנימ
H4483	מני מנית
H4485	מנגינתמס
H4486	מנדעא מנדעי
H4487	המנות ימנ ימנה ימנו מונה ממנימ מנ מנו מנות מניתי נמנה תמנה
H4488	מנימ
H4489	מנימ
H4490	מנות מנותה מנת
H4492	מנהרות
H4496	מנוחיכי מנוחת מנוחתי מנוחתכ מנחה מנחות מנחתו
H4498	מנוסי
H4499	מנסת
H4501	מנורת מנרה מנרהפ מנרות מנרת
H4502	מנזריכ
H4503	מנחהס מנחת מנחתה מנחתו מנחתי מנחתיכמ מנחתכ מנחתמ
H4504	מנחתהונ
H4506	מנחות מנחתי
H4509	מנימנ
H4512	מנלמ
H4513	אמנע ימנע ימנעו ימנענה ימנעני מנעו מנעי מנעכ מנעני מנעת מנעתי נמנע תמנע
H4514	מנעוליו מנעליו
H4515	מנעליכ
H4516	מנעמיהמ
H4517	מנענעימ
H4518	מנקיות מנקית מנקיתיו
H4519	מנשהס
H4521	מנאות מניות
H4522	מסימ מסס
H4524	מסבו מסבות מסבי
H4526	מסגרות מסגרותיהמ מסגרותמ מסגרתו מסגרתיה מסגרתיהמ
H4528	מסדרונה
H4529	אמסה המסיו ימסמ תמס
H4531	מסות מסת
H4537	מסכה מסכתי
H4540	מסכתכ
H4541	מסכות מסכת מסכתמ
H4546	מסלות מסלותמ מסלת מסלתו מסלתי
H4548	מסמרות מסמרימ
H4549	המס המסו ימס ימסו נמס נמסו
H4550	מסעי מסעיהמ מסעיו
H4553	מספדי
H4555	מספחות מספחתיכמ
H4557	מספרי מספרכמ מספרמ מספרס
H4560	ימסרו
H4561	מסרמ
H4565	מסתריו מסתרימ
H4566	מעבדיהמ
H4567	מעבדוהי
H4569	מעברות מעברת
H4570	מעגלה מעגלותיכ מעגלותמ מעגלי מעגליכ מעגלתיה מעגלתיו
H4571	אמעד המעד מועדי מועדת מעדו תמעד
H4574	מעדני מעדנימ
H4575	מעדנת
H4577	מעוהי
H4578	מעי מעיהמ מעיו מעיכ
H4579	מעתיו
H4581	מעוזו מעוזי מעוזמ מעזו מעזי מעזימ מעזכ מעזכמ מעזכנס מעזניה
H4583	מעונה מעונו מעונכ
H4585	מעונות מעונותינו מעונתו מעונתיה מעונתמ מענות מענתו מענתיו
H4589	מעוריהמ
H4590	מעזיה
H4591	המעטתימ המעיטה ימעט ימעטו ימעיט ממעיט מעטו תמעטו תמעטני תמעיט תמעיטו תמעיטי
H4592	מעטימ מעטס
H4593	מעטה
H4595	מעטפות
H4598	מעילו מעילי מעיליהמ מעילימ מעילכ מעלו
H4599	מעינו מעינות מעיני מעינימ מעינת מעינתיכ
H4600	מעוכ מעוכה מעכו
H4601	מעכהס מעכת
H4602	מעכתיס
H4603	ימעל ימעלו מעול מעלה מעלו מעלמ מעלנו מעלת מעלתמ תמעל תמעלו
H4604	מעלו מעלמ מעלמס מעלס
H4605	מעלה מעלהס מעלהפ
H4606	מעלי
H4608	מעליו
H4609	מעלות מעלותיו מעלותפ מעלת מעלתהו
H4610	מעלה
H4611	מעללי מעלליהמ מעלליהמס מעלליהמפ מעלליו מעלליוס מעלליכ מעלליכמ מעללימ מעללינו
H4612	מעמדכ מעמדמ
H4615	מעמקי
H4616	למענ למעני למענכ למענכמ
H4617	מענהו
H4618	מעניתמ
H4625	מעקשימ
H4626	מערכ
H4627	מערביכ מערבכ
H4628	מערבה מערבס
H4629	מער
H4631	מערות מערת
H4633	מערכי
H4634	מערכות מערכת
H4635	מערכות
H4636	מערמיהמ
H4639	מעשהו מעשי מעשיה מעשיהמ מעשיו מעשיכ מעשיכמ מעשימ מעשינו מעשכ מעשנו
H4641	מעשיה
H4642	מעשקות
H4643	מעשרו מעשרות מעשרתיכמ
H4648	בשת מפבשת מפי
H4651	מפלי
H4652	מפלאות
H4653	מפלגות
H4656	מפלצתה
H4657	מפלשי
H4658	מפלתו מפלתכ מפלתכס מפלתמ
H4659	מפעלות מפעליו
H4660	מפצו
H4664	מפרציו
H4665	מפרקתו
H4666	מפרשי מפרשכ
H4671	מצ
H4672	אמצא אמצאהו אמצאכ המצא המצאו המציאו המציתכ ימצא ימצאה ימצאהו ימצאו ימצאוהו ימצאונ ימצאונה ימצאוס ימצאכ ימצאכה ימצאמ ימצאנו ימצאנני מוצא מוצאיהמ מוצאת ממציא מצאה מצאהו מצאו מצאוכ מצאוני מצאוס מצאות מצאי מצאיהמ מצאימ מצאכמ מצאנ מצאנהו מצאנו מצאנוה מצאני מצאת מצאתה מצאתי מצאתיה מצאתיהו מצאתיו מצאתימ מצאתיס מצאתמ מצאתנו מצאתני מצוא מצתי נמצא נמצאה נמצאו נמצאות נמצאיכ נמצאימ נמצאת נמצאתי תמצא תמצאהו תמצאו תמצאונ תמצאי תמצאינה תמצאכ תמצאמ תמצאנ תמצאנו
H4673	מצבכ
H4676	מצבות מצבותיכ מצבותמ מצבת מצבתיהמ מצבתמ
H4677	מצביהפ
H4678	מצבתהפ
H4679	מצדות
H4680	ימצ ימצה ימצו מצית נמצה
H4682	מצות מצותפ מצת
H4684	מצהלות מצהלותיכ
H4685	מצדות מצדתה מצודו מצודימ
H4686	מצדה מצדת מצדתי מצודהס מצודהפ מצודות מצודתי
H4687	מצוות מצות מצותו מצותי מצותיו מצותיכ מצותיס מצותכ
H4688	מצולות מצולת מצלות
H4690	מצקי
H4691	מצוקותי מצוקותיהמ מצוקתיהמ מצקותיהמ
H4692	מצורכ מצורס
H4694	מצרה מצרות מצרת
H4695	מצתכ
H4696	מצחו מצחות מצחכ מצחמ
H4697	מצחת
H4698	מצלות
H4703	מצעדי מצעדיו
H4709	מצפהס מצפהפ מצפתה
H4710	מצפניו
H4711	תמצו
H4712	מצרי מצרימס
H4713	מצרימ מצרית
H4714	מצרימה מצרימהס מצרימהפ מצרימס מצרימפ
H4717	מקבות
H4720	מקדשה מקדשו מקדשי מקדשיהמ מקדשיכ מקדשיכמ מקדשימ מקדשכ מקדשמ מקדשנו
H4721	מקהלות מקהלימ
H4723	קוא
H4725	מקומה מקומו מקומופ מקומות מקומי מקומכ מקומכמ מקוממ מקומנו מקומס מקומת מקומתיכמ מקומתמ מקמ מקמה מקמו מקמוס מקמות מקמתמ
H4726	מקורה מקורו מקורכ מקר מקרה
H4728	מקחות
H4730	מקטרתו
H4731	מקלו מקלות מקלי מקלכמ
H4733	מקלטו
H4734	מקלעות
H4735	מקנהו מקנהמ מקנהס מקני מקניהמ מקניכ מקניכמ מקנכ מקנכמ מקננו
H4736	מקנת מקנתו
H4740	מקצוע מקצועי מקצעות מקצעותיו מקצעס מקצעת
H4741	מקצעות
H4742	מקצעת
H4743	המק ימקו נמקו נמקימ נמקתמ תמק תמקנה
H4744	מקראה מקראי מקראס
H4751	מרה מרי מרימ מרס מרת
H4753	מור מורי
H4754	מראה תמריא
H4756	מרי
H4757	בלאדנ מרדכ
H4758	מראהו מראהפ מראי מראיהמ מראיהנ מראיו מראיכ מראינו
H4759	מראות מראת
H4760	מראתו
H4761	מראשותיכמ
H4762	מראשה
H4763	מראשתיו
H4765	מרבדימ
H4768	מרביתמ
H4772	מרגלותיו מרגלתיו
H4775	ימרד ימרדו מורדימ מרדו מרדי מרדימ מרדכמ מרדנו מרדת מרוד תמרדו
H4778	מרדס
H4779	מרדא מרדתא
H4784	המרו המרותמ ימרה ימרו ימרוהו מורה ממרימ מרו מרות מרימ מרינו מרית מריתי מריתמ מרתה תמר תמרו
H4785	מרתה
H4786	מרת
H4787	מרת
H4788	מרודי מרודיה מרודימ
H4791	מרומי מרומיו מרומימ מרמי מרמימ
H4794	מרוצת מרוצתמ מרצת
H4795	מרוקיהנ
H4799	ימרחו
H4800	מרחבי
H4801	מרחקי מרחקימ
H4803	אמרטה אמרטמ ימרט מורט ממרט מרוטה מרטה מרטימ
H4804	מריטו
H4805	מריכ מרימ
H4806	מריאי מריאיכמ מריאימ
H4807	בעל מריב
H4808	מריבת
H4809	מריבות מריבת
H4810	בעל מרי
H4813	מרימס
H4817	מרכבו
H4818	מרכבות מרכבותיו מרכבת מרכבתו מרכבתיהמ מרכבתיו מרכבתיכ
H4819	מרכלתכ
H4820	מרמהס מרמות
H4822	מרמת
H4824	מרנתיס
H4828	מרעהו מרעימ מרעכ
H4829	מרעהו מרעיכמ
H4830	מרעיתו מרעיתי מרעיתכ מרעיתמ
H4832	מרפאפ מרפה
H4834	ימריצכ נמרצ נמרצו נמרצת
H4838	מרוק מרקו
H4840	מרקחימ
H4843	אמרר המר ימר ימררהו ימררו יתמרמר מר מרה תמר
H4844	מרורימ מררימ
H4845	מררתי
H4846	מרורת מררות מררת מררתו
H4847	מרריס
H4853	משאו משאות משאכמ משאמ
H4857	משאבימ
H4859	משאות משאת
H4862	משאלותיכ משאלת
H4863	משארותיכ משארתכ משארתמ
H4864	משאותיכמ
H4865	משבצת משבצתס
H4867	משברי משבריכ
H4868	משבתהס
H4869	משגבו משגבי
H4871	ימשני משיתהו
H4872	משהס משהפ
H4873	משהפ
H4875	משאה
H4876	משאות משואות
H4878	משבה משבותיכ משובותיהמ משובת משובתי משובתיכמ משובתינו משובתמ
H4879	משוגתי
H4880	משוטיכ
H4881	משוכתו משכת
H4885	משושה משושי
H4886	המשח ימשח ימשחהו ימשחו ימשחכ ימשחמ משוח משחהו משחו משחימ משחכ משחנו משחת משחתו משחתיו משחתיכ נמשח תמשח
H4888	משחת משחתמ
H4892	משחתו
H4893	משחתמ
H4896	משטרו
H4898	משיזבאלס
H4899	משיחו משיחופ משיחי משיחיכ משיחכ
H4900	אמשכמ ימשוכ ימשכ ימשכו ממשכ ממשכה משוכ משכה משכו משכי משכימ משכני משכת משכתי משכתיכ תמשכ תמשכני
H4902	משכס
H4903	משכבה משכבי משכבכ
H4904	משכבה משכבו משכבותמ משכבי משכבכ משכבכמ משכבמ
H4906	משכיות משכיתו משכיתמ
H4907	משכנה
H4908	משכנופ משכנות משכנותיו משכנותיכ משכנותינוס משכני משכניהמ משכנס משכנתיה משכנתיו משכנתיכ משכנתמ
H4909	משכרתי משכרתכ
H4910	אמשל המשילמ המשל ימשול ימשל ימשלו ימשלוס מושל מושלימ משול משלה משלו משלי משליו משלימ משלת תמשול תמשילהו תמשל
H4911	אתמשל ימשל ימשלו ממשל משלימ נמשל נמשלת נמשלתי תמשלוני
H4912	משלו משלי משלימ
H4915	משלו
H4918	משלמפ
H4920	משלמיה
H4923	משמות
H4924	משמני משמניהמ משמניו משמנימ שמני
H4928	משמעתוס משמעתכ משמעתמ
H4929	משמרו משמריו משמרכמ
H4930	משמרות
H4931	משמרות משמרותיהמ משמרותמ משמרתו משמרתי משמרתכ משמרתמ משמרתמפ
H4932	משנהו משנהפ משנימ
H4933	משסות
H4938	משענתו משענתי משענתכ משענתמ
H4940	משפחות משפחותיה משפחותיהמ משפחותיהמס משפחותמ משפחת משפחתו משפחתי משפחתיהמ משפחתיו משפחתיכמ משפחתמ משפחתמס משפחתמפ
H4941	משפטה משפטו משפטוס משפטי משפטיהמ משפטיהנ משפטיו משפטיכ משפטימ משפטכ משפטמ משפטנ משפטס משפטפ
H4945	משקהו משקיו משקימ
H4948	משקלה משקלו משקלמ
H4952	משרת
H4953	משרוקיתא משרקיתא
H4955	משרפות
H4956	מימ משרפות משרפת
H4959	ימש ימשהו ימשני ימשש ימששו ממשש מששת
H4960	משתיהמ משתיו משתיכמ
H4961	משתיא
H4962	מתי מתיו מתיכ מתימ מתמ
H4964	מתגי
H4965	אמה מתג
H4966	מתוקה מתוקימ מתוקפ
H4969	ימתחמ
H4971	מתכנתה מתכנתו
H4973	מתלעתיו
H4975	מתני מתניה מתניהמ מתניו מתניוס מתניכ מתניכמ מתנימס מתנינו מתניס
H4976	מתנמ
H4978	מתננ מתנתכ
H4979	מתנות מתנותיכמ מתנותמ מתנת מתנתיכמ
H4981	מתניס
H4983	מתניה מתניהוס
H4985	ימתקו מתקו נמתיק תמתיק
H4987	מתקי
H4993	מתתיה
H4997	נאדות נאדכ נאוד
H4998	נאוה נאוו
H4999	נאות
H5000	נאוהס נוה
H5001	ינאמו
H5002	נאומ
H5003	ינאפ ינאפו מנאפ מנאפימ מנאפת נאופ נאפה נאפו נאפות נאפת תנאפ תנאפנה תנאפס
H5004	נאופימ נאפיכ
H5005	נאפופיה
H5006	ינאצ ינאצונ ינאצני מנאצ מנאצי מנאציכ נאצו נאצוני נאצת תנאצ
H5007	נאצות נאצותיכ
H5008	ינאקו
H5009	נאקות נאקת נאקתמ
H5010	נארתה
H5011	נבה
H5012	הנבא הנבאו הנבאי הנבאתו הנבאתי התנבות התנבית ינבא ינבאו יתנבא יתנבאו מתנבא מתנבאות מתנבאימ נבאו נבאי נבאימ נבאת נבאתי נבית תנבא תנבאו
H5013	התנבי
H5014	נבוב
H5016	נבואת
H5017	נבואת
H5018	אדנ נבוזר
H5019	נבוכדנאצר נבכדנאצר נבכדנאצרס נבכדנצר
H5020	נבכדנצר
H5023	נבזביתכ
H5027	אביט אביטה הבט הבטת הבטתמ הביט הביטה הביטו הביטי הביטמ יבט יביט יביטו מביט תבט תביט
H5029	נבייא
H5030	נבאי נבאיו נבאימ נביאי נביאיה נביאיהמ נביאיו נביאיוס נביאיכ נביאיכמ נביאימ נביאכ נביאכמ נביאמ נביאמפ נביאנו נביאס נביאפ
H5032	נבית
H5033	נבכי
H5034	יבול יבולונ יבלו ינבל מנבל נבלה נבלת נבלתיכ תבל תנבל
H5035	נבלי נבליהמ נבליכ נבלימ
H5036	נבלות נבלימ
H5038	נבלת נבלתה נבלתו נבלתי נבלתכ נבלתמ
H5040	נבלתה
H5042	אביעה יביע יביעו יביעונ תבענה
H5045	נגבה נגבהפ נגבס
H5046	אגד אגיד אגידה אגידנו הגד הגדת הגדתה הגדתי הגדתמ הגיד הגידה הגידו הגידי יגד יגדה יגדו יגדכ יגיד יגידה יגידו מגדת מגיד מגידי נגיד נגידה נגידנו תגד תגיד תגידו תגידי
H5048	נגדה נגדו נגדי נגדכ נגדכמ נגדמ
H5050	יגה יגיה
H5051	נגהמ
H5053	נגהא
H5054	נגהות
H5055	יגח ינגח יתנגח מנגח ננגח תנגח תנגחו
H5057	נגד נגידי נגידימ
H5058	נגינות נגינותי נגינת נגינתי נגינתמ נגנותי
H5059	מנגנ נגנימ ננגנ
H5060	גע געת הגיע הגיעו הגיענו הגעת הגעתיהו הגעתמ יגיע יגיעו יגיענה יגע יגעו ינגע ינגעו מגיע מגיעי מגעת נגוע נגעה נגעו נגעימ נגעכ נגענוכ נגעת נוגע תגיע תגע תגעו תגעוס
H5061	נגעו נגעי נגעימ נגעכ
H5062	אגופ אגפ הנגפ יגפ יגפהו יגפנו ינגפ ינגפו יתנגפו נגופ נגפו נגפימ נגפנו נגפתמ תגופ תגפ תנגפו
H5064	הגרמ הגרתי יגירהו יגר מגרימ נגרה נגרות נגרימ תגר
H5065	יגש נגשי נגשיהמס נגשיו נגשיכ נגשימ נוגש תגש תנגשו
H5066	גש גשה גשו גשי גשת גשתו גשתמ הגישה הגישו הגשה הגשו הגשתמ התנגשו יגישו יגש יגשו יגשס מגיש מגישי מגישימ מגש מגשימ נגשה נגשו נגשימ נגשתמ תגיש תגישו תגישונ תגש תגשו תגשונ תגשנ
H5068	התנדב התנדבו התנדבמ התנדבס התנדבתי ידבנו יתנדבו מתנדב מתנדבימ נדבה
H5069	התנדבו התנדבות מתנדב מתנדבינ
H5071	נדבות נדבותיכמ נדבותמ נדבת נדבתיכ נדבתיכמ
H5073	נדבכינ
H5074	ידד ידדונ ידוד ינדהו יתנדדו מנד נדדה נדדו נדדימ נודד נודדת תדד
H5075	נדת
H5076	נדדימ
H5077	מנדיכמ מנדימ
H5079	נדת נדתה
H5080	אדיחמ הדחתי הדחתיו הדחתיכ הדחתימ הדחתמ הדיח הדיחו הדיחי הדיחכ הדיחמ הדיחמו ידח ידיחו מדח מנדח נדחה נדחו נדחי נדחימ נדחכ נדחכמ נדחת נדחתמ תדחומ תדיחנו
H5081	נדיבה נדיבות נדיבי נדיבימ נדיבמו
H5082	נדבתי
H5083	נדניכ
H5084	נדנה
H5086	הנדפ ידפנו תדפנו תנדפ
H5087	ידר ידרו נדרה נדרו נדרנו נדרת נדרתי תדור תדר תדרו
H5088	נדרה נדרו נדרי נדריה נדריהמ נדריכ נדריכמ נדריכמפ נדרימ נדרינו
H5090	אנהגכ ינהג ינהגהו ינהגו ינהגכ ינהגמ ינהגנו מנהגות נהגו נהגימ נהגת נהוגימ תנהג
H5091	ינהו
H5094	נהורא
H5095	אתנהלה ינהלומ ינהלמ ינהלני ינהלס מנהל נהלת תנהלני
H5097	נהללימ
H5098	ינהמ נהמת נהמתמ
H5100	נהמת
H5101	ינהק ינהקו
H5102	ינהרו נהרו נהרת
H5103	נהרא נהרה
H5104	נהרות נהרותיה נהרותיכ נהרותמ נהרי נהרימ נהרס נהרפרת נהרת נהרתיה נהרתיכ נהרתמ
H5106	הניא יני יניא יניאו תניאונ
H5107	ינוב ינובב ינובונ
H5108	ניבו
H5109	ניבי
H5110	הניד התנודדה ינדו ינוד יניד מתנודד נד נדו נודי תנד תנדו תנדני תנוד תתנודד
H5111	תנד
H5112	נדי
H5115	אנוהו ינוה
H5116	נוהו נוהמ נוהנ נוכ נות
H5117	אנוח אניחנו הונח הנח הנחו הנחותי הנחת הנחתו הנחתי הנחתיו הנחתמ הניח הניחה הניחו הניחוכ הניחי הניחמ הניחתי ינוח ינוחו ינח ינחהו ינחומ יניח יניחהו יניחו יניחומ יניחכ יניחמ יניחני מנח מניח נחה נחו נחנו נחתי תנוח תנח תנחנוס תניחנו תניחני
H5118	נוחכ
H5120	תנוט
H5121	ניות
H5122	נולי
H5123	ינומ נמו
H5125	ינונ
H5126	נונס
H5127	אנוסה הניס ינוס ינוסו ינוסונ יניסו ינס ינסו ינסוס נוסמ ננוס ננוסה נס נסה נסו נסימ נסכ נסמ נסנו נססה נסתה נסתי נסתמ תנוס תנוסו תנוסונ תנס תנסו
H5128	אניעה אניעכ הניעה הניעמו הנעותי ינוע ינועו יניע יניעו יניעונ ינע ינעו ינעמ נע נעו נעות תנוע תניעני
H5130	הונפ הניפ הניפו הניפותי הניפכמ הנפה הנפת יניפהו יניפנו ינפ ינפפ מניפ מניפו נפתי תניפ
H5132	הנצו נצו
H5133	נצה נצתה
H5135	נורא
H5136	אנושה
H5137	הזה הזית יז יזה מזה
H5139	נזיריה נזירכ נזריה נזרימ
H5140	הזיל יזל יזלו נוזלימ נזלו נזליהמ נזלימ תזל
H5141	נזמה נזמי נזמימ
H5142	הנזקת מהנזקת תהנזק
H5144	הזיר הזירו הזרתמ הנזר יזיר ינזר ינזרו
H5145	נזרו נזרופ נזרכ
H5148	אנחהו אנחנה הנחיתמ הנחני הנחתמ ינחוני ינחמ ינחנו ינחני נחית נחכ נחמ נחני נחתמ תנחה תנחמ תנחני
H5150	נחומי נחמימ
H5154	נחשה
H5155	נחילות
H5156	נחיריו
H5157	הנחיל הנחילו הנחל הנחלתי הנחלתמ התנחל התנחלומ התנחלתמ ינחיל ינחילכ ינחל ינחלו ינחלוה ינחלומ ינחלמ ינחלנה מנחיל נחלו נחלת נחלתי נחלתמ נחלתנו ננחל תנחיל תנחילנה תנחל תתנחלו
H5158	נחלה נחלי נחליה נחלימ
H5159	נחלהס נחלהפ נחלות נחלת נחלתו נחלתופ נחלתי נחלתיס נחלתכ נחלתכמ נחלתמ נחלתמפ נחלתנ נחלתנו
H5162	אנחמ אנחמכ אנחמכמ אתנחמ הנחמ הנחמתי התנחמ ינחמ ינחמו ינחמונ ינחמנו ינחמני יתנחמ מנחמ מנחמי מנחמימ מנחמכמ מתנחמ נחמה נחמו נחמכ נחמני נחמתי נחמתימ נחמתמ נחמתני תנחמו תנחמוני תנחמנו תנחמני
H5165	נחמתי
H5169	נחוצס
H5170	נחרו נחרת
H5172	ינחש ינחשו מנחש נחשתי תנחשו
H5173	נחשימ
H5174	נחשא
H5175	נחשימ
H5178	נחשתה נחשתי נחשתימ נחשתכ נחשתמ נחשתס נחשתפ
H5181	הנחת יחת יחתו נחתה נחתו נחתס תחת תנחת
H5182	אחת הנחת מהחתינ תחת
H5185	נחתימ
H5186	אט אטה הט הטה הטהו הטו הטות הטי הטיתי הטיתמ הטת הטתה הטתו יט יטה יטהו יטו יטכ יטנו ינטה ינטו מטה מטי מטימ נוטה נוטיהמ נטו נטוי נטויה נטויהס נטויהפ נטויות נטות נטותו נטיו נטית נטיתי נטת נטתה נטתי תט תטה תטהו
H5187	נטילי
H5188	נטיפות נטפות
H5189	נטישות נטישותיה נטישתיכ
H5190	יטול ינטלמ נוטל
H5191	נטילת נטלת
H5193	טעת יטע יטעהו יטעו נוטע נטוע נטועימ נטועפ נטעה נטעו נטעימ נטעת נטעתי נטעתיהו נטעתיו נטעתיכ נטעתימ נטעתמ תטע תטעה תטעו תטעי תטעמ תטעמו
H5194	נטעי נטעכ
H5195	נטעימ
H5197	אטפ הטיפו הטפ יטיפונ יטפו מטיפ נטפו נטפות תטיפ תטפ תטפו תטפנה
H5198	נטפי
H5200	נטופתי נטופתיס נטפתיס
H5201	אטור יטור ינטר נוטר נטרה נטרימ נטרתי תטר
H5202	נטרתפ
H5203	יטוש יטש יטשהו יטשנו ינטשו נטוש נטושה נטשה נטשו נטשימ נטשנו נטשת נטשתה נטשתי נטשתיכ נטשתני תטש תטשני
H5204	ניהמ
H5207	ניחוח ניחוחיהמ ניחחי ניחחכמ
H5208	ניחוחינ ניחחינ
H5209	ניני
H5214	נירו
H5216	נירי נרה נרו נרות נרי נרת נרתיה נרתיהמ
H5217	נכאו
H5218	נכאה נכאימ
H5220	נכדי
H5221	אכ אכה אכהו אככה אכנו הוכה הכ הכה הכהו הכו הכומ הכוני הכות הכותו הכותי הכותכ הכותמ הכיני הכית הכיתה הכיתו הכיתי הכיתיו הכיתיכ הכיתכ הכיתמ הכיתנו הכיתני הככ הכמ הכני הכתה הכתו הכתי הכתיו הכתכ הכתמ יכ יכה יכהו יכו יכוה יכוכ יכומ יככה יכמ יכנו מכה מכהו מכי מכימ מככ נכ נכהו נכו נכמ נכנו נכתה תכ תכה תכו תכנו
H5222	נכימ
H5224	נכה נכהס
H5227	נכחו
H5228	נכחו נכחימ
H5229	נכחות
H5230	התנכל יתנכלו נוכל נכלו
H5231	נכליהמ
H5232	נכסי נכסינ
H5233	נכסימ
H5234	אכיר אכירה הכיר הכירהו הכירו הכירני הכר הכרהו יכיר יכירה יכירומ יכירנו יכר יכרהו יכרמ ינכר ינכרו יתנכר מכיר מכירימ מכירכ מתנכרה נכרו תכיר תכירו תנכרו
H5235	נכרו
H5237	נכריה נכריהפ נכריות נכרימ
H5238	נכתו
H5239	נלתכ
H5243	ימל ימלו
H5244	נמלימ
H5246	נמרימ
H5248	נמרוד
H5251	נסי
H5253	הסג יסג מסיג מסיגי נסוג תסג תסיג
H5254	אנסה אנסכה אנסנו ינסו ינסמ מנסה נס נסהו נסוני נסות נסותו נסיתו נסיתי נסיתמ נסני נסתה נסתו נסתכ נסתמ תנסו תנסונ
H5255	יסח יסחו יסחכ נסחתמ
H5256	יתנסח
H5257	נסיכי נסיכמ נסיכמו נסכיהמ
H5258	אסיכ הסיכ הסכ הסכו ינסכ יסיכו יסכ יסכו נסכתי תסכו
H5259	נסוכה
H5260	נסכה
H5261	נסכיהונ
H5262	נסכה נסכהמ נסכהס נסכהפ נסכו נסכוס נסכי נסכיהמ נסכיהמס נסכיהמפ נסכיהפ נסכיכמ נסכימ נסכימפ
H5264	התנוסס מתנוססות
H5265	יסע יסעו יסעוס יסעמ מסיע נסוע נסעה נסעו נסעימ נסעמ סעו תסיע תסיעי תסעו
H5266	אסק
H5267	הסקו
H5271	נעורי נעוריה נעוריהמ נעוריהנ נעוריו נעוריוס נעוריכ נעוריכי נעוריכס נעורינו נעורכ נערי נעריה נעריו נעריוס נעריכ נערתיהמ
H5273	נעימימ נעיממ נעמות נעמימ
H5274	אנעלכ ינעלומ נעול נעלות
H5275	נעלו נעלות נעלי נעליו נעליכ נעליכמ נעלימ נעלינו נעלכ נעלס
H5276	ינעמ נעמה נעמו נעמת
H5282	נעמנימ
H5285	נעצוצימ
H5286	נערו
H5287	אנער התנערי ינער ינערו ננערתי נעור נערתי
H5288	נערה נערו נערי נעריה נעריהמ נעריו נעריכ נערימ נערינו נערכ
H5291	נער נערות נערותיה נערותיו נערותיכ נערתי נערתיה
H5292	נערתה
H5299	נפות נפת
H5301	הפחתי הפחתמ יפח נפוח נפחה נפחתי פחי פחת
H5303	נפילימ
H5304	נפוסימ
H5307	אפיל אפל אפלה אתנפל הפיל הפילה הפילהו הפילו הפילכמ הפלה הפלנו הפלתי הפלתיו הפלתימ הפלתמ התנפל התנפלתי יפול יפולס יפיל יפילו יפילונ יפילמ יפל יפלו יפלופ יפלמ מפיל מפילימ מתנפל נופל נפול נפילה נפלה נפלו נפלימ נפלל נפלמ נפלפ נפלת נפלתה נפלתי נפלתמ תפול תפיל תפילו תפילס תפל תפלו תפלנה תפלס
H5308	יפל נפלה נפלו נפלינ תפלונ
H5310	ינפצו מנפצות נפוצ נפצה נפצו נפצות נפצתי נפצתימ תנפצמ
H5312	הנפק הנפקו נפקה נפקינ נפקת פקו
H5313	נפקתא
H5314	ינפש ינפשס
H5315	נפשה נפשו נפשוס נפשות נפשותיכמ נפשותינו נפשותמ נפשי נפשימ נפשיס נפשכ נפשכמ נפשכס נפשכפ נפשמ נפשמס נפשמפ נפשנו נפשפ נפשת נפשתיכמ נפשתיכמפ נפשתינו נפשתכמ נפשתמ
H5319	נפתולי
H5322	נצה
H5324	הצב הצבת הציב הציבו הציבי יצב יצבו יציב יציבני מצב מציב נצבה נצבו נצבות נצבימ נצבת תציבני
H5326	נצבתא
H5327	הצו הצותו הצתמ ינצו נצימ תצינה
H5328	נצתו
H5329	מנצח מנצחימ נצחת
H5330	מתנצח
H5331	נצחי נצחימ
H5332	נצחמ נצחמס
H5333	נצבי נצבימ נציבימ
H5337	אנצלה אציל אצילכ אצל הנצל הציל הצילה הצילו הצילכ הצילכפ הצילמ הצילנו הצילני הצל הצלכ הצלנו הצלני הצלת הצלתי הצלתיכ הצלתימ הצלתמ הצלתס ינצל ינצלו יציל יצילה יצילהו יצילו יצילוה יצילכ יצילמ יצילנה יצילנו יצילני יצל יצלהו יצלמ יצלני יתנצלו מציל מצל נצלנו נצלתמ תנצל תנצלי תציל תצילמ תצילנו תצילני תצל
H5338	הצלה הצלותה מצל
H5339	נצנימ
H5340	נצצימ
H5341	אצר אצרה אצרכ אצרנה ינצרהו ינצרו יצר יצרו יצרוני יצרנהו נוצר נוצרימ נצור נצורה נצורי נצורימ נצרה נצרו נצרות נצרי נצרימ נצרת נצרתי נצרתמ תנצרכה תנצרני תצר תצרכ תצרנה תצרנו תצרני
H5344	ינקב יקב יקבנו נקבה נקבו נקבי נקבת נקובפ תקוב
H5345	נקביכ
H5346	נקב
H5348	נקדות נקדימ
H5349	נקדימ
H5350	נקדימ
H5351	נקדות
H5352	אנקכס אנקכפ הנקה הנקי ינקה נקהפ נקית נקיתי נקני נקתה תנקה תנקהו תנקו תנקני
H5354	נקטה
H5355	נקיימ נקימ נקיס
H5356	נקינ
H5357	נקיקי
H5358	אנקמה הנקמ הנקמו ינקמ ינקמו יקומ יקמ מתנקמ נקמו נקמני נקמת נקמתי תקמ תתנקמ
H5360	נקמות נקמת נקמתי נקמתכ נקמתמ נקמתנו
H5361	נקעה
H5362	הקיפ הקיפה הקיפו הקיפוה הקיפוני הקפ הקפתמ ינקפו יקיפו יקפ יקפו מקיפימ מקפימ נקפו תקפו
H5365	ינקרו יקרוה נקור נקרתמ תנקר
H5366	נקרות נקרת
H5367	ינקש ינקשו מתנקש נוקש תנקש
H5368	נקשנ
H5369	נרפ
H5371	אצר נרגל שר
H5373	נרדי נרדימ
H5374	נריה
H5375	אנשא אשא אשאנו הנשא הנשאו הנשאמ השיאו התנשא ינשא ינשאהו ינשאו ינשאוהו ינשאמ ינשוא ישא ישאה ישאהו ישאו ישאומ ישאונכ ישאכ ישאמ ישאנה ישאנו ישאני יתנשא מנשאימ משאות מתנשא נושא נושאי נסה נשאה נשאו נשאומ נשאות נשאי נשאימ נשאכ נשאמ נשאת נשאתה נשאתי נשאתימ נשאתמ נשאתני נשו נשוא נשוי שא שאהו שאו שאוני שאי שאת שאתו שאתי שוא תנשא תנשאו תנשאנה תשא תשאהו תשאו תשאונ תשאופ תשאי תשאינה תשאמ תשאמס תשאנה תשאני תשנה תתנשא תתנשאו
H5376	מתנשאה שא
H5377	השא השאת השיא השיאוכ השיאכ השיאני ישא ישאכ ישיא ישיאו ישימות נשאו תשאו
H5380	ישב נשבה
H5381	אשגנו אשיג אשיגמ השג השגנו השגתמ השיג השיגה השיגו השיגוה השיגוכ השיגוני השיגכ ישג ישגו ישגמ ישיג ישיגו ישיגונ ישיגמ משגת משיג משיגהו תשיג תשיגהו תשיגומ תשיגמ תשיגנו
H5382	השה ישה נשיתי נשני תנשני
H5383	ישה נושה נושי נשו נשימ נשיתי תשה
H5385	נשאתיכמ
H5386	נשיכ
H5387	נשאימ נשאמ נשיאהמ נשיאי נשיאיה נשיאיהמ נשיאימ נשיאמ
H5389	נשיהונ
H5390	נשיקות
H5391	ינשכו ישכ ישכנו נשוכ נשכו נשכיכ נשכימ נשכמ תשיכ
H5393	נשכות נשכתוס
H5394	ינשל ישל של
H5395	אשמ
H5396	נשמתכ
H5397	נשמות נשמת נשמתו נשמתי
H5398	נשפת
H5399	נשפו
H5400	השיקו ישיק נשקה
H5401	אשקה אשקכ ינשק ישק ישקהו ישקו ישקונ ישקני משיקות נושקי נשקה נשקו נשקי שקה תשק
H5403	נשרינ
H5404	נשרי נשרימ נשרפ
H5405	נשתה נשתו
H5407	נשתונא
H5408	אנתחה ינתח ינתחה ינתחהו תנתח
H5409	נתחיה נתחיו נתחימ
H5410	נתבות נתיבות נתיבותי נתיבותיה נתיבותיהמ נתיבתי נתיבתיו נתיבתמ
H5411	נתינימפ
H5412	נתיניא
H5413	הנתיכ התיכו התכתי יתיכו יתכו נתכה נתכת נתכתמ תתיכני תתכ תתכו
H5414	אתנ אתנה אתנהו אתנכ אתנמ אתננה אתננו אתנס הנתנ ינתנ ינתנו יתנ יתנה יתנהו יתנו יתנוהו יתנומ יתנכ יתנמ יתננה יתננו יתנני נותנ נתונ נתונימ נתונמ נתנה נתנו נתנוכ נתנות נתני נתנימ נתנכ נתנמ נתננו נתנני נתת נתתה נתתי נתתיה נתתיהו נתתיו נתתיופ נתתיכ נתתימ נתתמ נתתני תנ תנה תנהו תנו תני תנמ תננה תנתנ תנתנס תת תתה תתו תתי תתכ תתמ תתנ תתנה תתנהו תתנו תתנומ תתני תתנימ תתנמ תתננה תתננו תתנני תתנס
H5415	ינתנ ינתנונ יתננה מנתנ תנתנ
H5418	נתניה
H5419	מלכ נתנ
H5420	נתסו
H5421	נתעו
H5422	אתצ ינתצ ינתצו יתצ יתצהו יתצו יתצכ יתצני נתוצ נתצו נתצימ נתצתמ תתצו תתצונ
H5423	אנתק אתקנכ הנתקו התיקנו התקמ ינתק ינתקו ינתקמ ננתקה נתוק נתקו נתקנהו נתקתי תנתקו תנתקי
H5425	התר יתירהו יתר מתיר
H5426	אתרו
H5428	אתוש ינתש ינתשו יתשמ נתוש נתשי נתשמ נתשת נתשתי נתשתימ תנתש תתש
H5429	סאימ סאתימ
H5432	סאסאה
H5433	נסבאה סבאי סבואימ
H5435	סבאכ סבאמ
H5437	אסבבה אסובבה הסב הסבו הסבותי הסבי הסבת יוסב יסב יסבבנהו יסבבני יסבו יסבוהו יסבנו יסבני יסוב יסובבה יסובבו יסובבנו יסובני מוסבות מוסבת מסב מסבת נסב נסבה נסבו סב סבבהו סבבו סבבומ סבבונו סבבוני סבבימ סבבני סבו סבוני סבותי סבי סביב סבני סבתי סבתמ סובב סובבימ תסב תסבו תסבינה תסוב תסובב תסובבכ תסובבני
H5439	סביבות סביבותי סביבותיה סביבותיהמ סביבותיו סביבותיכ סביבותיכמ סביבותינו סביבותמ סביבי סביביהס סביביו סביביוס סביביכ סביבס סביבפ סביבת סביבתי סביבתיה סביבתיהמ סביבתיו סביבתיוס סביבתיכמ סביבתינו סביבתמ
H5440	יסבכו סבכימ
H5441	סבכו
H5442	סבכי
H5443	סבכא
H5445	אסבל יסבל יסבלהו יסתבל מסבלימ סבלמ סבלנו
H5446	מסובלינ
H5448	סבלו
H5449	סבלימ
H5450	סבלות סבלת סבלתיכמ סבלתמ
H5452	יסבר
H5454	סבתא
H5456	אסגוד ו יסגד יסגדו
H5457	יסגד יסגדונ נסגדס סגדינ סגדינס תסגדונ
H5459	סגלת סגלתו
H5460	סגניא סגנינ
H5461	סגניה סגנימ
H5462	הסגיר הסגירו הסגירמ הסגר הסגרתי הסגרתני יסגיר יסגירוס יסגירני יסגר יסגרו יסגרכ יסגרנו יסגרני מסגרת נסגר נסגרה סגור סגרו סגרני סגרת תסגיר תסגר תסגרני
H5466	סדינימ
H5467	סדמה
H5468	סדרימ
H5472	יסגו נסגו נסגימ נסוג נסוגימ נסוגתי סג
H5473	סוגה
H5475	סדמ סודו סודי
H5479	סטי
H5480	אסככ יסכ יסכומ סכת סכתי תסוכ תסוכי
H5481	סומפניה סופניה
H5483	סוסי סוסיהמ סוסיו סוסיכ סוסיכמ סוסימ סיס ססימ
H5484	ססתי
H5486	אסיפמ אספ יסופ יספו ספו
H5487	ספת תסיפ
H5488	סופפ
H5490	ספו
H5491	סופא
H5492	סופות סופתה סופתכ
H5493	אסור אסיר אסירה אסרה הוסר הסיר הסירה הסירו הסירותי הסירי הסירכ הסירכמ הסירת הסר הסרו הסרתי יוסר יסור יסורו יסיר יסירהו יסירו יסירנה יסר יסרה יסרהו יסרו יסרמ מוסר מוסרימ מסיר נסור נסורה סורה סורו סורר סר סרה סרו סרי סרת סרתי סרתמ שורי תסור תסורו תסיר תסר תסרו
H5494	סורי
H5496	הסיתוכ הסיתכ הסתה יסית יסיתהו יסיתכ יסיתמ יסת מסית תסיתהו תסיתני
H5497	סותו
H5498	יסחבומ סחבנו סחוב
H5499	סחבות
H5500	סחיתי
H5502	נסחפ
H5503	יסחרו סוחר סחרו סחרוה סחרחר סחרי סחריה סחריכ סחרימ סחרתכ תסחרו
H5504	סחרה
H5506	סחרת
H5509	סגימ סיגיכ סיגימ
H5511	סיחנ
H5514	סיניפ
H5517	סיעהא
H5518	סירות סירימ סירס סירת סירתיו סירתיכמ סרות
H5520	סכה סכו
H5521	סכות סכת סכתו
H5523	סכותס סכת סכתה
H5524	בנות סכות
H5526	הסכ יסכ יסכהו יסכו יסכסכ מסיכ סוככ סכותה סככימ סכסכתי סכת סכתה שכתי תסכ תסככני תסכני
H5528	הסכלת הסכלתי ישכל נסכלת נסכלתי
H5530	סכלימ
H5532	הסכנ הסכנתה הסכנתי יסכונ יסכנ סכנת
H5533	יסכנ מסכנ
H5534	יסכר יסכרו סכרתי
H5535	הסכת
H5536	סלי סלימ
H5537	מסלאימ
H5539	אסלדה
H5541	סלית תסלה תסלהפ
H5542	סלהפ
H5543	סלא
H5544	סלונימ
H5545	אסלח יסלח נסלח סלוח סלחה סלחת סלחתי סלחתס
H5547	סלחות סליחות
H5549	יסלו מסתולל סלו סלוה סלולה סללה סלסלה
H5550	סוללה סללות
H5552	סלסלות
H5553	סלעו סלעי סלעימ סלעס
H5555	המחלקות סלע
H5557	יסלפ מסלפ תסלפ
H5559	הנסקה הסק סלקו סלקנ סלקת
H5560	סלתה
H5561	סמימ
H5562	נבו סמגר
H5564	יסמכ יסמכו יסמכני נסמכו נסמכתי סומכ סמוכ סמוכימ סמכה סמכו סמכוני סמכי סמכני סמכת סמכתהו סמכתיו סמכתני תסמכני
H5567	נסמנ
H5568	תסמר
H5576	סנחרב
H5577	סנסניו
H5582	יסעד יסעדכ יסעדנו יסעדני סעדה סעדו סעדני תסעדני
H5583	מסעדינ
H5585	סעפי סעפיה
H5586	מסעפ
H5587	סעפימ שעפי
H5588	סעפימ
H5589	סעפתיו
H5590	אסערמ יסער יסערו סערה
H5591	סערות סערכ סערת
H5592	ספות ספי ספימ ספמ
H5594	אספדה יספדו ספדה ספדו ספדימ ספדנה ספוד תספד תספדו
H5595	אספה נספה ספו ספות ספותה ספתה תספה תספהס תספו תספופ
H5596	הסתפח יספחו מספח נספחו ספחני
H5599	ספיחיה
H5601	ספירימ
H5603	יספנ ספונ ספונימ
H5605	הסתופפ
H5606	יספוק יספק ישפיקו ישפק ספקו ספקמ ספקתי
H5607	ספק שפקו
H5608	אספר אספרה אספרמ אספרנה יספור יספר יספרה יספרו יספרומ יספרוס יספרמ מספר מספרימ נספר נספרה סופר סופרימ סופרפ ספרה ספרו ספרימ ספרמ ספרת ספרתה ספרתי ספרתמ תספור תספר תספרו
H5609	ספריא ספרינ
H5611	ספרה
H5612	ספרי ספרימ ספרכ ספרס ספרפ ספרתכ
H5613	ספרא ספרי
H5615	ספרות
H5616	ספרוימ
H5618	סופרת
H5619	יסקל יסקלהו יסקלו יסקלנו יסקלס סקול סקלהו סקלו סקלוה סקלני סקלתו סקלתמ
H5620	סרה
H5621	סרבימ
H5622	סרבליהונ
H5628	נסרחה סרוח סרוחי סרוחימפ סרחימ סרחת תסרח
H5630	סרינו סרינת
H5631	סריסי סריסיה סריסיו סריסימ סריסימס סרסימ
H5632	סרכי סרכיא סרכינ
H5633	סרני סרניכמ סרנימ
H5634	סרעפתיו
H5635	מסרפו
H5637	סורר סוררימ סוררת סררה סררימ סררת
H5640	הסתמ יסתמו יסתמומ סתומ סתמומ סתמימ תסתמו
H5641	אסתיר אסתירה אסתר הסתיר הסתירו הסתירני הסתר הסתרת הסתרתי יסתיר יסתר יסתרו יסתרמ יסתרני מסתיר מסתרת מסתתר נסתר נסתרה נסתרו נסתרות נסתרימ נסתרנוס נסתרת נסתרתי סתרי תסתיר תסתירהו תסתירמ תסתירני תסתר תסתרו תסתתרס
H5642	מסתרתא סתרה
H5643	סתרו סתרי סתרימ
H5645	עבות עבי עביו עבימ
H5646	עבימ
H5647	אעבד אעבדכ העבדתיכ העבדתני העביד יעבד יעבדהו יעבדו יעבדוהו יעבדוכ יעבדומ יעבדומס יעבדוני יעבדמ יעבדנו יעבדני מעבדימ נעבד נעבדה נעבדכ נעבדמ נעבדנו נעבדתמ עבדה עבדהו עבדו עבדוהו עבדוכ עבדומ עבדוס עבדי עבדיו עבדימ עבדכ עבדמ עבדמס עבדנו עבדס עבדפ עבדת עבדתי עבדתיכ עבדתמ עבדתני עבוד תעבד תעבדו תעבדומ תעבדונ תעבדמ
H5648	יתעבד יתעבדפ מעבד מתעבד מתעבדא עבדה עבדו עבדינ עבדת תעבדונ תתעבדונ
H5649	עבדוהי עבדכ
H5650	עבדו עבדופ עבדי עבדיהמ עבדיהס עבדיהפ עבדיו עבדיופ עבדיכ עבדיכמ עבדימ עבדיס עבדכ עבדכמ עבדכס עבדכפ עבדמ
H5652	עבדיהמ
H5654	אדומ אדמ עבד
H5656	עבדת עבדתו עבדתי עבדתכמ עבדתמ עבדתנו עבודה עבודת עבודתי עבודתמ
H5659	עבדתמ עבדתנו
H5662	עבדיה
H5663	מלכ עבד
H5664	נגו עבד
H5665	נגו נגוא עבד
H5666	עבית
H5667	עבטו
H5668	עבורה עבורי עבורכ עבורמ עבר
H5670	העבט העבטת יעבטונ תעבט תעביטנו
H5672	עביו
H5673	עבידת עבידתא
H5674	אעבור אעביר אעבר אעברה העביר העבירו העבירוני העבירני העבר העברו העברנו העברת העברתי העברתמ התעבר התעברת יעבור יעביר יעבירהו יעבירו יעבירוני יעבירמ יעבירני יעבר יעברהו יעברו יעברומ יעברונ יעברמ יעברנהו יעברנו יעברני יתעבר מעביר מעברימ מתעבר מתעברו נעבר נעברה עבור עביר עברה עברו עברי עברימ עברימס עברכ עברכמ עברמ עברנו עברס עברת עברתי עברתמ עובר עוברי תעבור תעבורי תעביר תעבירו תעבר תעברו תעברנה תעברנו
H5676	עברו עברי עבריהמ עבריו
H5678	עברות עברת עברתו עברתי עברתיס עברתכ עברתמ
H5680	עבריה עבריות עבריימ עברימ עברית
H5685	עבשו
H5686	יעבתוה
H5687	עבת עבתה
H5688	עבות עבותימ עבתו עבתות עבתימ עבתימו עבתת
H5689	עגבה עגבימ תעגב תעגבה
H5690	עגבימ
H5691	עגבתה
H5692	עגות עגת
H5694	עגילימ
H5695	עגלי עגלימ עגלכ
H5696	עגול עגלות
H5697	עגלות עגלתי
H5699	עגלות עגלת עגלתו
H5700	עגלונה עגלנה
H5701	עגמה
H5702	תעגנה
H5703	עדי עדפ
H5704	עדי עדיה עדיו עדיכ עדיכמ
H5707	עדי עדיהמ עדיכ עדימ עדפ
H5708	עדימ
H5709	העדיו יהעדונ יעדה מהעדה עדת תעדא
H5710	אעדכ מעדה עדית תעד תעדה תעדי
H5712	עדהפ עדת עדתו עדתי עדתכ עדתמ עדתמס
H5713	עדותיו עדת עדתי עדתיו עדתיכ
H5714	עדא
H5715	עדותיו עדותיכ עדת
H5716	עדיה עדיו עדיימ עדיכ עדימ
H5717	עדיאלס
H5718	עדיה
H5719	עדינה
H5724	עדליס
H5727	יתעדנו
H5728	עדנה
H5730	עדני עדניכ עדנימ
H5732	עדנא עדניא עדנינ
H5734	עדנח
H5736	העדיפ עדפימ עדפת
H5737	יעדר יעדרו יעדרונ נעדר נעדרה נעדרס נעדרת עדרי
H5739	עדרו עדרי עדריהמ עדרימ
H5742	עדשימ
H5743	יעיב
H5744	עבד
H5746	תעגנה
H5747	עג
H5748	עגבי
H5749	אעד אעיד אעידה אעידכ הועד העד העדתה העדתי העיד העידו העידת העידתי יעד יעדהו יעודד יעידו מעודד מעיד נתעודד עודני תעד תעיד תעידני
H5750	עד עדכ עדנו עדפ עודה עודי עודינו עודכ עודמ עודנה עודנו עודני עודס עודפ
H5752	עודד
H5753	העוה העוו העוינו העויתי העותו נעוה נעויתי נעות עוהס עוינו עותה
H5755	עוא
H5756	העז העזו העיזו
H5758	עויתכ
H5759	עויליהמ עוילימ
H5763	עלות
H5764	עולה
H5765	יעול מעול
H5766	עולו עולפ עולת עולתה עלתה
H5768	עולליה עולליהמ עולליכ עוללימ עלל עללי עלליה עלליהמ עלליכ עללימ
H5769	עולמו עולמי עולמימ עולמס עולמפ עלמ עלמימ עלמס עלמפ
H5770	עוינ
H5771	עוונ עוונותיו עונה עונהפ עונו עונופ עונות עונותיהמ עונותיכמ עוני עוניכ עונינו עונכ עונכי עונכמ עונמ עונמפ עוננו עונת עונתי עונתיהמ עונתיו עונתיכ עונתיכמ עונתיכס עונתינו עונתמ
H5772	ענתה
H5774	אעופה יעופ יעופפ יעפ יעפו יתעופפ מעופפ נעפה עופפי עפה עפו עפות תעופ תעופינה תעיפ
H5777	עופרת
H5778	עיפי
H5779	עצו
H5781	מעיק תעיק
H5782	אעירה העיר העירה העירו העירותי העירתהו התעוררי התעררתי יעור יעורו יעורנו יעיר יעירני יעערו יער יערו יתערר מעיר מעירמ מתעורר נעור עורה עורי עורר עוררה עוררתי עוררתיכ עיר ער ערר תעורר תעוררו תעירו תעררו
H5783	תעור
H5785	עורו עורי עורמ עורנו עורת ערה ערו ערת ערתמ
H5786	יעור
H5787	עורות עורימ
H5789	עושו
H5791	התעותו יעות מעות עותו עותוני עותני
H5792	עותתי
H5794	עזה עזות עזי עזימ
H5795	עזיכ עזימ
H5796	עזינ
H5797	עוז עוזנו עזה עזו עזי עזכ עזכמ עזמו
H5800	אעזב אעזבה אעזבכ אעזבמ יעזב יעזבהו יעזבו יעזבכ יעזבכפ יעזבנה יעזבנו יעזבני יעזוב נעזב נעזבה נעזבהס נעזבות עוזב עזבה עזבו עזבוה עזבוכ עזבוני עזבות עזבי עזביו עזביכ עזבימ עזבכ עזבכמ עזבמ עזבנהו עזבנו עזבני עזבת עזבתי עזבתיכ עזבתימ עזבתמ עזבתנ עזבתני עזוב עזובה עזובת תעזב תעזבה תעזבהו תעזבו תעזבי תעזבמ תעזבנו תעזבני
H5801	עזבוניכ
H5804	עזהס עזתה עיה
H5807	עזוזו
H5809	עזר
H5810	העז העזה יעוז יעז עוזה עזוז תעז
H5816	עזיאלס
H5818	עזיה עזיהוס
H5819	עזיזאס
H5823	יעזקהו
H5824	עזקת עזקתה
H5826	העזר יעזר יעזרה יעזרהו יעזרו יעזרוהו יעזרוני יעזרכ יעזרכמ יעזרמ יעזרני מעזרימ נעזרתי עוזר עזור עזורס עזרו עזרי עזריה עזריו עזרכ עזרמ עזרנו עזרני עזרת עזרתיכ עזרתיכס עזרתמ עזרתני
H5828	עזרו עזרי עזרכ עזרמ עזרנו
H5833	עזרת עזרתה עזרתי עזרתכ עזרתנו
H5837	עזריאלס
H5841	עזתימ
H5844	העטית יעט יעטה יעטו עטו עטיה עטכ תעטה תעטו
H5845	עטיניו
H5846	עטישתיו
H5847	עטלפימ
H5848	העטיפ התעטפ התעטפמ יעטופ יעטפ יעטפו עטופימ עטפימ תתעטפ
H5849	מעטירה מעטרכי עטרה עטרימ עטרת תעטרהו תעטרנו
H5850	עטרות עטרת
H5852	עטרת
H5853	אדר עטרות
H5854	בית יואב עטרות
H5855	עטרת שופנ
H5856	עיימ עיינ
H5857	עיה עית
H5860	יעט תעט
H5862	עיטמס
H5863	עברימ עיי
H5869	עינה עינו עינוס עינות עיני עיניה עיניהו עיניהמ עיניהמס עיניהמפ עיניהנ עיניו עיניוס עיניופ עיניכ עיניכמ עיניכמס עיניכס עינימ עינינו עיניס עינכ עינכמ עינכס עינמ עינמו עיננו עינת עני
H5870	עיני עינינ
H5872	גדי גדיס עינ
H5873	גנימ עינ
H5874	דאר דור דר עינ
H5875	הקורא עינ
H5876	חדה עינ
H5877	חצור עינ
H5878	חרד עינ
H5879	עינימ
H5880	משפט עינ
H5881	עיננפ
H5882	עגלימ עינ
H5883	עינ רגל
H5884	עינ רמונ
H5885	עינ שמש
H5887	עינ תפוח
H5888	יעפ עיפה
H5889	עיפה עיפימ
H5890	עיפתה
H5892	לעיר עירה עירו עירופ עירי עירימ עיריס עירכ עירמ ערי עריה עריהמ עריהמס עריו עריכ עריכמ ערימ ערימס ערינו
H5894	עירינ
H5895	עירו עירימ עירמ
H5898	מלח עיר
H5899	עיר תמרימ
H5903	עירממ ערומ ערמ
H5905	עיר שמש
H5906	עש
H5909	עכברי עכבריכמ
H5913	תעכסנה
H5914	עכסימ
H5915	עכסהס
H5916	יעכרכ נעכר נעכרת עוכר עכרי עכרתי עכרתמ עכרתנו
H5918	עכרנפ
H5921	עלהמ עלהנ עלי עליה עליהמ עליהמס עליהמפ עליהנ עליהס עליו עליוס עליופ עליכ עליכי עליכמ עליכמס עליכמפ עליכנ עליכס עליכפ עלימו עלינו עלינוס עלכמ עלכנ
H5922	עלה עלהי עלוהי עלי עליהונ עליהונס עליהמ עלינא עלינאס עלכ
H5923	עלו עלכ עלכמ עלמ עלנו
H5926	עלגימ
H5927	אעל אעלה אעלכ העל העלה העלהו העלו העלוכ העלות העלותי העלותמ העלי העלית העליתהו העליתי העליתיכ העליתימ העליתמ העליתנו העלכ העלנו העלת העלתה העלתו העלתי העלתיכ העלתכ העלתמ יעל יעלה יעלהו יעלו יעלוהו יעלמ יעלנה יעלני יתעל מעלה מעלי מעלימ מעלכ מעלמ מעלת נעל נעלה נעלית עולה עולימ עלהפ עלו עלות עלותה עלותו עלותמ עלי עלימ עלינו עלית עליתי עליתמ עלת עלתה עלתו עלתי עלתכ תעל תעלה תעלהו תעלו תעלי תעלינה תעלנה תעלנו תעלני
H5928	עלונ
H5929	עלהו עלי
H5930	עולה עולהס עולהפ עולות עולותיכמ עולת עולתו עולתיהמ עולתיכ עולתיכמ עולתכ עלהס עלהפ עלות עלותיו עלותיכמ עלותינו עלת עלתו עלתיכ עלתיכמ עלתכ עלתמ
H5931	עלא
H5934	עלומיו עלומיכ
H5937	אעלוזה אעלז אעלזה יעלז יעלזו עלוז עלזו עלזי תעלזו תעלזי תעלזנה
H5942	עליות עלית
H5943	עלאה עליא
H5944	עליות עליותיו עלית עליתו עליתיו
H5945	עליונה עליונת
H5946	עליונינ
H5947	עליזה עליזי עליזימ
H5949	עלילותיו עלילותיכ עלילותיכמ עלילותמ עלילת עלילתיו עלילתיכ עללות
H5951	עליצתמ
H5952	עליתה
H5953	התעולל התעלל התעללו התעללת התעללתי יעוללו יעללהו יתעללו מעולל עולל עוללה עוללת עללתי תעולל
H5954	הנעל הנעלה העל העלה העלו העלני על עלינ עלת
H5955	עוללות עוללת עללת
H5956	אעלימ העלימ העלימו העלמ התעלמס התעלמת יעלימו יתעלמ מעלימ נעלמ נעלמה נעלמימ עלמנו תעלימ תעלמ תתעלמ
H5957	עלמא עלמיא עלמינ
H5958	עלמס
H5959	עלמות
H5963	דבלתימה עלמנ
H5965	יעלס נעלסה נתעלסה
H5966	יעלעו
H5967	עלעינ
H5968	יתעלפ מעלפת עלפו תתעלפ תתעלפנה
H5970	אעלצה יעלצ יעלצו תעלצ
H5971	עמה עמו עמוס עמופ עמי עמיה עמיהפ עמיו עמיוס עמיכ עמימ עמימס עמינדיב עמיס עמיפ עמכ עממ עממי עממיכ עממימ עמנו עמס עמפ
H5972	עמא עמה עממיא
H5973	עמדי עמה עמהמ עמו עמוס עמופ עמי עמיפ עמכ עמכה עמכמ עמכמס עמכס עמכפ עממ עמנו
H5974	עמה עמהונ עמי עמכ
H5975	אעמד אעמדה אעמדמ אעמיד אעמידה העמד העמדה העמדנו העמדת העמדתה העמדתי העמדתיהו העמדתיכ העמיד העמידה העמידו יעמד יעמדהו יעמדו יעמדנה יעמדני יעמוד יעמיד יעמידה יעמידו יעמידמ יעמידני מעמד מעמיד נעמד נעמדה נעמיד עומד עומדת עמדה עמדו עמדות עמדי עמדימ עמדימס עמדכ עמדמ עמדנו עמדת עמדתי עמדתמ עמוד תעמד תעמדו תעמדונ תעמדופ תעמדנה תעמדני תעמוד
H5976	העמדת
H5977	עמדו עמדי עמדכ עמדמ
H5979	עמדתו
H5980	עמות עמת עמתו עמתמ
H5982	עמד עמדי עמדיה עמדיהמ עמדיו עמדימ עמודו עמודי עמודיה עמודיהמ עמודיו עמודימ
H5983	עמונס עמונפ
H5984	עמונימ עמונית עמני עמניות עמנימ עמניס עמנית
H5989	עמיהודפ
H5992	עמינדבפ
H5994	עמיקתא
H5996	עמישדיפ
H5997	עמיתו עמיתי עמיתכ
H5998	יעמל עמלה עמלו עמלת עמלתי
H5999	עמלו עמלי עמלכ עמלמ עמלנו
H6001	עמלימ
H6002	עמלקס
H6003	עמלקיפ
H6004	יועמ עממהו עממוכ
H6005	אל אלס עמנו
H6006	העמיס יעמס עמוסות עמסיה עמסימ עמשימ
H6009	העמיק העמיקו העמק מעמיקימ עמקו
H6010	עמקיכ עמקימ עמקכ עמקמ עמקפ
H6012	עמקי
H6013	עמקה עמקות עמקימ
H6014	התעמר מעמר תתעמר
H6016	עמרימ
H6017	עמרהס
H6018	עמריפ
H6025	ענבי ענבימ ענבמו
H6026	התענג התענגו התענגתמ יתענג מענגה תתענג תתענגו
H6028	ענגה
H6029	אענדנו ענדמ
H6030	אענ אענה אענהו אענכ אענמ אעננו יענ יענה יענהו יענו יענוכה יענכ יענמ יעננהפ יעננו יענני מענה נענה נעניתי עונה עונכ ענהו ענו ענות ענימ ענית עניתי עניתיכ עניתמ עניתני ענכ ענמ עננו ענני ענתה תענ תענה תענהו תענו תענינה תענכ תעננו תענני
H6031	אענה אענכ התענה התענות התעני התענית יענה יענהפ יענו יענונו יענכ יענמ יעננו יענני יתענו מענה מעניכ נענה נעניתי ענו ענות ענותו ענותכ ענינו ענית עניתהס עניתי עניתמ עניתנו עניתני ענת ענתו ענתכ תענה תענו תענונ תענמ תעננו תענני
H6032	ענו ענינ ענת
H6033	ענינ
H6035	ענוי ענוימ עניו עניי
H6037	ענותכ
H6038	ענתכ
H6040	עוני עניה עניו עניי עניכ ענימ ענינו
H6041	עניה עניו עניי ענייכ עניימ עניכ
H6045	ענינו
H6049	מעוננ מעוננימ מעננימ עוננ עננה ענני ענניכמ עננימ תעוננו
H6050	ענני
H6051	עננו עננימ עננכ עננפ
H6056	ענפוהי
H6057	ענפיה ענפכמ
H6058	ענפה
H6059	העניק ענקתמו תעניק
H6060	ענקות ענקימ
H6061	ענוק
H6062	ענקימ
H6064	יענש נענשו ענוש ענושימ ענשו
H6068	ענתת
H6069	ענתותיס
H6072	עסותמ
H6073	עפאימ
H6074	עפיה
H6075	יעפלו עפלה
H6079	עפעפי עפעפיה עפעפיו עפעפיכ עפעפינו
H6082	עפרימ
H6083	עפרה עפרו עפרות עפרכ עפרמ עפרס עפרפ עפרת
H6084	עפרת עפרתה
H6085	עפרינ עפרנ
H6086	עצה עצו עצי עציה עציו עציכ עצימ עצינו עצכ עצס עצפ
H6087	העצבה יעצב יעצבו יעציבוהו יתעצב יתעצבו נעצב עצבו עצבוני עצבי עצובת תעצבו
H6088	עציב
H6089	עצביכ עצבימ
H6090	עצבי עצבכ
H6091	עצבי עצביה עצביהמ עצביהס עצבימ
H6092	עצביכמ
H6093	עצבונכ
H6094	עצבותמ עצבתי
H6098	יעצי עצות עצת עצתו עצתי עצתיכ עצתיפ עצתכ עצתמ
H6099	עצומיו עצומימ עצמימ
H6100	גבר גברס עציונ עצינ
H6101	תעצלו
H6103	עצלתימ
H6105	יעצמ יעצמהו יעצמו עצמו עצמת
H6106	עצמו עצמות עצמותי עצמותיהמ עצמותיו עצמותיכ עצמותיכמ עצמותינו עצמותמ עצמי עצמיה עצמיו עצמימ עצמינו עצמכ עצמכמ עצממ עצמתי עצמתיהמ עצמתיו עצמתיכ
H6108	עצמי
H6109	עצמת
H6110	עצמותיכמ
H6111	עצמונה עצמנה
H6112	עצני
H6113	אעצר העצר יעצר יעצרהו יעצרכה נעצר נעצרה נעצרהפ עצור עצרה עצרו עצרני עצרתי תעצר תעצרני
H6116	עצרת עצרתיכמ
H6117	יעקב יעקבמ יעקבני עקוב
H6119	עקבו עקבות עקבותיכ עקבי עקביכ עקבס
H6121	עקבה
H6123	יעקד
H6124	עקדימ
H6125	עקת
H6127	מעקל
H6128	עקלקלות עקלקלותמ
H6131	יעקר עקור עקרו תעקר תעקרס
H6132	אתעקרה
H6135	עקרה עקרת
H6137	עקרבימ עקרבימס
H6139	עקרנימ
H6140	יעקשו יעקשני מעקש נעקש עקשו
H6141	עקשי עקשימ
H6145	עריכ ערכ
H6146	ערכ
H6148	אערבנו התערב התערבו יתערב יתערבו ערבי ערבימ ערבני ערבת תתערב
H6149	יערב יערבו ערבה ערבו ערבת תערב
H6150	הערב ערבה
H6151	מערב מתערב מתערבינ
H6153	ערבימ ערבפ
H6155	ערבי ערבימ
H6158	עורב ערבי ערבימ
H6159	עורב
H6160	ערבהס ערבות ערבת ערבתה
H6161	ערבתמ
H6163	ערביאימ ערבימ
H6164	ערבתיס
H6165	תערג תערוג
H6167	ערדיא
H6168	הערה יערה יערהס יערו מתערה ערו ערות תער תתעריס
H6169	ערות
H6170	ערגות ערגת ערוגות ערוגת
H6172	ערות ערותה ערותהס ערותו ערותכ ערותנ ערותנס
H6173	ערות
H6174	ערומימ ערמ ערמה
H6175	ערומימ
H6176	ערער
H6177	ערוער ערעור
H6182	עריסתינו ערסותיכמ ערסתיכמ ערסתכמ
H6183	עריפיהפ
H6184	עריצי עריצימ ערצימפ
H6185	ערירימ
H6186	אערכ אערכה העריכ העריכו יעריכ יעריכנו יערכ יערכה יערכו יערכוני יערכנה יערכנו נערכ ערוכ ערוכה ערכה ערכו ערכות ערכי ערכימ ערכת ערכתי תערכ תערכו
H6187	ערכה ערכו ערכי ערככ
H6188	הערל ערלתמ
H6189	ערלה ערלי ערלימ
H6190	ערלות ערלת ערלתו ערלתיהמ ערלתכמ ערלתמ
H6191	יערימו יערמ ערומ ערממ
H6192	נערמו
H6194	ערמות ערמותס ערמימ ערמת
H6196	ערמנימ
H6200	ערעריס
H6201	יערפ יערפו
H6202	יערפ ערופה ערפו ערפתו
H6203	ערפו ערפי ערפכ ערפכמ ערפמ
H6206	אערוצ יעריצו מערצכמ נערצ תערוצ תערוצי תעריצו תערצ תערצו תערצונ
H6207	ערקי ערקימ
H6209	ערה ערער עררו תתערער
H6210	ערשו ערשותמ ערשי ערשנו
H6211	עשבא
H6212	עשבות עשבמ
H6213	אעש אעשה אעשהס אעשכ אעשנה אעשנהס העשות העשותו יעש יעשה יעשהו יעשהפ יעשו יעשוה יעשונ יעשוני יעשוס יעשופ יעשמ יעשנה נעש נעשה נעשהס נעשו נעשות נעשימ נעשנה נעשתה עושה עושי עשהו עשהס עשהפ עשו עשוהו עשוי עשויה עשוימ עשוית עשוני עשוס עשופ עשות עשותה עשותי עשותכ עשותכמ עשותמ עשותמפ עשותס עשותפ עשי עשיה עשיהמ עשיו עשיכ עשימ עשינו עשית עשיתה עשיתי עשיתיהו עשיתיו עשיתיס עשיתיפ עשיתמ עשיתמס עשיתנ עשיתני עשכ עשמ עשנו עשני עשת עשתה עשתו עשתוס עשתופ עשתי עשתכמ עשתמ עשתני תעש תעשה תעשהס תעשהפ תעשו תעשונ תעשונפ תעשוס תעשופ תעשי תעשינ תעשינה תעשנו
H6214	אל עשה
H6217	עשקימ
H6218	עשר
H6223	עשירי עשיריה עשירימ
H6224	עשיריס עשירית עשירת עשרי עשריה עשרית
H6225	יעשנ יעשנו עשנת
H6226	עשנימ
H6227	עשנה עשנו
H6229	התעשקו
H6231	יעשק יעשקני מעשקה עושק עשוק עשוקימ עשקו עשקות עשקי עשקיהמ עשקמ עשקתי עשקתנו תעשק תעשקו
H6235	עשרה עשרס עשרת
H6236	עשרה
H6237	אעשרנו יעשר מעשרימ תעשר
H6238	אעשר העשיר העשרת העשרתי יעשיר יעשירו יעשר יעשרנו מעשיר מתעשר עשרתי תעשיר תעשרנה
H6239	עשרו עשרמ
H6240	עשרה עשרהס עשרס עשרפ
H6241	עשרנ עשרנימ
H6242	עשרימס עשרימפ
H6244	עששה עששו
H6245	יתעשת עשתו
H6246	עשית
H6250	עשתנתיו
H6251	עשתרת
H6252	עשתרת
H6255	עשתרת קרנימ
H6256	עתה עתו עתות עתיכ עתימ עתכ עתמ עתתי
H6257	התעתדו עתדה
H6258	עתהס עתהפ
H6259	עתודותיהמ
H6260	עתדימ עתודי עתודימ
H6263	עתידינ
H6264	עתדימ עתדת עתידימ
H6266	עתיקפ
H6267	עתיקי עתיקימ
H6270	עתליס
H6271	עתליה
H6272	נעתמ
H6275	העתיקו יעתק מעתיק עתקה עתקו
H6278	עתה קצינ
H6279	אעתיר העתירו העתר העתרתי יעתר נעתור נעתר תעתיר
H6280	העתרתמ נעתרות
H6282	עתרי
H6284	אפאיהמ
H6285	פאת פאתי
H6286	אפאר אתפאר התפאר יפאר יתפאר יתפארפ פארכ פארכס תפאר
H6287	פארי פארימ פארכ פארכמ
H6288	פארות פארתיו
H6290	פארנס פארנפ
H6291	פגיה
H6292	פגולס פגלימ
H6293	אפגע הפגיע הפגעו הפגעתי יפגיעס יפגע יפגעו יפגעונ יפגענו מפגיע נפגע פגעו פגעת תפגע תפגעונ תפגעי
H6296	פגרו
H6297	פגרי פגריהמ פגריכמ פגרימ
H6298	אפגשמ יפגשהו יפגשו יפגשומ יפגשכ נפגשו פגוש פגשו פגשתי תפגש
H6299	אפדה אפדמ הפדה יפדה יפדו יפדכ נפדתה פדויו פדויי פדות פדית פדיתה פדיתיכ פדיתימ פדכ פדמ פדנו פדני פדתיכ פודה תפדה תפדוני
H6301	פדה פדהצורפ צור
H6302	פדויי
H6304	פדת
H6305	פדיה פדיהוס
H6306	פדינ
H6307	פדנה
H6308	פדעהו
H6309	פדרו
H6310	פי פיה פיהו פיהמ פיהמס פיהנ פיהס פיו פיות פיכ פיכמ פיכס פימ פימו פינו
H6311	פא פו
H6312	פוה
H6313	יפג נפוגותי תפוג
H6315	אפיח הפיחי יפוח יפח יפיח יפיחו
H6319	פוטי פרע
H6323	אפונה
H6327	אפיצ אפיצמ הפיצ הפיצהו הפיצותי הפיצותימ הפיצותמ הפיצי הפיצכ הפיצמ הפיצני הפצ הפצותי הפצותיכ הפצותימ הפצתי הפצתמ יפוצו יפיצ יפיצמ יפצ יפצו יפצפצני יפצצ יתפצצו מפצימ נפוצ נפוצהס נפוצימ נפוצתמ נפצו נפצותמ נפצימ נפצת נפצתמ פוצי פצו תפוצינ תפוצינה תפיצ תפיצמ
H6328	יפיק פקו
H6329	יפיק יפק מפיקימ תפק
H6331	אפיר הפיר
H6332	פורימ פרימ
H6335	נפשו פשו פשתמ תפושו
H6338	מופז
H6339	יפזו מפזז
H6340	יפזר מפזר נפזרו פזורה פזרו פזרת תפזרי
H6341	פחי פחימ
H6342	אפחד הפחיד יפחד יפחדו מפחד פחדו פחדת פחדתי תפחד תפחדו
H6343	פחדו פחדימ פחדכ פחדכמ פחדמ
H6344	פחדיו
H6345	פחדתי
H6346	פחוות פחות פחותיה פחמ פחת פחתכ
H6347	פחותא פחת
H6348	פחזימ
H6350	פחזותמ
H6351	הפח
H6354	פחתימ
H6355	מואב פחת
H6357	פטדת
H6361	פטשיהונ
H6362	יפטירו יפטר פוטר פטורי פטורימ פטרי
H6363	פטרת
H6364	בסת פי
H6365	פידו
H6366	פיות
H6367	החירת חירת פי
H6370	פילגש פילגשהו פילגשו פילגשי פילגשיו פילגשימ פלגשי פלגשיהמ פלגשיכ פלגשימ
H6372	פנחס
H6374	פיפיות
H6375	פק
H6379	מפכימ
H6380	הצביימ פכרת
H6381	הפלא הפליא יפלא מפלא נפלאו נפלאות נפלאותיו נפלאותיכ נפלאימ נפלאת נפלאתה נפלאתי נפלאתיו נפלאתיכ תתפלא
H6382	פלאות פלאימ פלאכ
H6383	פלאיס פליאה
H6385	נפלגה
H6386	פליגה
H6388	פלגי פלגיו פלגימ
H6390	פלגות
H6391	פלגות
H6392	פלגתהונ
H6393	פלדות
H6395	הפלה הפליתי יפלה נפלינו נפליתי
H6397	פלוניס פלניס
H6398	יפלח תפלחנה
H6399	יפלחונ פלחי פלחינ
H6403	אפלטה אפלטהו יפלטהו יפלטמ יפליט מפלטי פלטה פלטו פלטני תפלט תפלטמו תפלטני תפליט
H6410	פלטיה
H6412	פלטימ פלטימס פליטי פליטיהמ פליטיו פליטיכמ פליטימ פליטמ
H6413	פלטה פליטהפ פליטת
H6414	פלילימ פללימ
H6418	פלכוס
H6419	אתפלל אתפללה התפלל התפללו התפללת התפללתי התפללתמ יפלל יתפלל יתפללו מתפלל מתפללימ נתפלל פללו פללת פללתי תתפלל
H6424	יפלס מפלס תפלס תפלסונ
H6426	יתפלצונ
H6428	התפלשו התפלשי יתפלשו
H6430	פלשתיימ פלשתימ פלשתימס
H6433	פמה
H6434	פנימ
H6437	אפנ אפנה הפנה הפנו הפנתה הפנתו יפנ יפנה יפנו מפנה נפנ פונה פנו פנות פנותמ פנימ פנינו פנית פניתי תפנ תפנה תפנו
H6438	פנות פנותמ פנת פנתה פנתיו
H6439	פניאל
H6440	פני פניה פניהמ פניהמס פניהמפ פניו פניכ פניכמ פניכפ פנימ פנימו פנינו פנינוס פניס פניפ פננו
H6442	פנימיות פנימימ פנימית
H6445	מפנק
H6446	פסימ
H6447	פסא
H6448	פסגו
H6449	פסגהפ
H6450	דמימ פס
H6451	פסת
H6452	יפסח יפסחו פסחימ פסחתי
H6453	פסחימ
H6455	פסחימ
H6456	פסילי פסיליה פסיליהמ פסיליכ פסילימ פסליהמ פסלימ
H6458	אפסל יפסל יפסלו פסלו
H6459	פסלו פסלי פסלמ
H6460	פסנתרינ
H6461	פסו
H6463	אפעה
H6464	פעי
H6466	אפעל יפעל יפעלהו פעלו פעלי פעלמ פעלת פעלתי תפעל תפעלונ
H6467	פעלה פעלו פעלי פעלימ פעלכ פעלכמ פעלמ
H6468	פעלות פעלת פעלתו פעלתי פעלתכ פעלתכמס פעלתמ
H6470	נפעמתי פעמו תפעמ תתפעמ
H6471	פעמי פעמיו פעמיכ פעמימ פעמתיו
H6472	פעמני פעמנימ
H6473	פערה פערו פערתי
H6475	יפצה פוצה פצו פציתה פציתי פצני פצתה
H6476	יפצחו פצחו פצחי
H6478	יפצל
H6479	פצלות
H6480	פצמתה
H6481	פצוע פצעוני
H6482	פצעי פצעימ
H6483	הפצצ
H6484	הפצר יפצר יפצרו
H6485	אפקד אפקוד אפקיד הפקד הפקדו הפקדתו הפקדתי הפקדתיכ הפקיד הפקידו התפקדו יפקד יפקדהו יפקדו יפקדמ יפקדני יפקוד יפקיד יפקידמ יתפקד יתפקדו מפקד מפקדימ נפקד נפקדת פוקד פקדו פקדוכ פקדי פקדיהמ פקדיו פקדיכמ פקדימ פקדנו פקדני פקדת פקדתי פקדתיו פקדתיכ פקדתימ פקדתמ פקודי פקודיהמ תפקד תפקדו תפקדי תפקדמ תפקדנו
H6486	פקדות פקדת פקדתו פקדתכ פקדתמ פקדתמס
H6490	פקדיו פקדיכ פקודי פקודיו פקודיכ
H6491	אפקח יפקח נפקחו פקוח פקחות פקחת תפקחנה
H6493	פקחימ
H6495	פקח קוח
H6496	פקדימ פקידו פקידימ
H6499	פריה פרימ
H6500	יפריא
H6501	פראימ פרה
H6503	פרבר פרורימ
H6504	הפרד הפריד הפרידו התפרדו יפרד יפרדו יפריד יתפרדו מפרד מפריד נפרד נפרדו נפרדימ פרדות
H6505	פרדו פרדיהמ פרדימ
H6506	פרדת
H6507	פרדות
H6508	פרדסימ
H6509	הפריתי הפרני הפרתי יפר יפרה יפרו יפרכ מפרכ פרו פריה פרינו פריתמ פרת תפרה
H6510	פרות פרת פרתו
H6512	פרות
H6514	פרידא
H6518	פרזיו
H6519	פרזות
H6520	פרזנו
H6521	פרזימ
H6523	פרזלא
H6524	הפרחתי יפרח יפרחו יפריח יפריחו פרוח פרחה פרחות פרחת תפרח תפרחנה תפריחי
H6525	פרחה פרחיה פרחמ
H6527	פרטימ
H6529	פריה פריהמ פריהנ פריו פריי פריכ פריכמ פרימ פרימו פרינ
H6530	פריצי פריצימ פרצימ
H6531	פרכס
H6533	יפרמ פרמימ תפרמו
H6536	הפריסה הפריסו יפריס יפרסו מפריס מפריסי מפרסת
H6537	פריסת פרסינ
H6540	פרספ
H6541	פרסות פרסיהנ פרסת פרסתיכ
H6542	פרסיפ
H6543	פרסאהפ
H6544	אפרע הפריע יפרע פורע פרוע פרעה פרעהו תפריעו תפרעו
H6546	פרעות
H6547	פרעהס פרעהפ
H6551	פרעשס
H6553	פרעתני
H6555	יפרצ יפרצו יפרצופ יפרצני מפרצת מתפרצימ נפרצה נפרצס פרוצ פרוצה פרצו פרצימ פרצת פרצתנו תפרצ תפרצי
H6556	פרצות פרציהנ פרצימ
H6560	עזא עזה פרצ
H6561	התפרקו יפרקנו יפרקס יתפרקו מפרק פרקו פרקת
H6565	אפר הפיר הפר הפרה הפרו הפרכמ הפרמ הפרס הפרתה התפוררה יפר יפרו יפרנו יפרפרני מפר פור פוררת תפר תפרו
H6566	אפרוש אפרש אפרשה יפרש יפרשהו יפרשו נפרש פורש פרושה פרשה פרשו פרשות פרשי פרשימ פרשכמ פרשת פרשתי תפרש
H6567	יפרש מפרש נפרשות
H6568	מפרש
H6569	פרשה פרשו פרשמ
H6571	פרשיו פרשיוס פרשיופ פרשימ פרשימפ
H6575	פרשת
H6578	פרתה
H6581	יפשה פשתה תפשה
H6582	יפשחני
H6584	אפשיטנה הפשט הפשיט הפשיטו הפשיטוכ יפשט יפשטו יפשיטהו יפשיטו יתפשט מפשיטימ פשטה פשטו פשטימ פשטנו פשטס פשטת פשטתי פשטתמ תפשטונ תפשיט
H6585	אפשעה
H6586	יפשע יפשעו נפשע פושעימ פשעו פשעימ פשענו פשעת פשעתמ תפשע
H6588	פשעה פשעו פשעי פשעיה פשעיהמ פשעיו פשעיכ פשעיכמ פשעימ פשעינו פשעכמ פשעמ פשענו
H6589	תפשקי
H6590	מפשר
H6591	פשרא פשרה פשרהפ פשרינ
H6593	פשתי פשתימ
H6595	פתו פתותי פתי פתימ פתכ
H6596	פתהנ פתות
H6597	פתאומ
H6598	בג בגו פת פתבגמ
H6600	פתגמא
H6601	אפת אפתנו יפת יפתה יפתוהו יפתוכ מפתיה נפתה פותה פתי פתית פתיתי פתיתני פתתכ תפתה
H6603	פתוחי פתוחיה פתוחימ פתחה
H6604	פתורה
H6605	אפתח אפתחה הפתח התפתחי יפתח יפתחהו יפתחו יפתחומ מפתח מפתחת נפתח נפתחה נפתחו פותח פתוח פתוחה פתוחות פתחה פתחו פתחות פתחי פתחת פתחתי פתחתיכ תפתח תפתחנה
H6606	פתיחו פתיחנ
H6607	פתחה פתחו פתחי פתחיה פתחיהמ פתחיהנ פתחימ פתחינו
H6609	פתחות
H6612	פתאימ פתיימ פתימ
H6613	פתיה
H6616	פתילימ פתילכ פתילמ
H6617	נפתל נפתלימ נפתלתי תתפל תתפתל
H6620	פתנימ
H6622	יפתר פותר
H6623	פתרנו פתרנימ
H6626	פתות
H6627	צא צאת צאתכ
H6629	צאוננו צאנו צאני צאנינו צאנכ צאנכמ צאנמ צאננו צאנס
H6631	צאצאי צאצאיה צאצאיהמ צאצאיו צאצאיכ צאצאימ
H6632	צבימ
H6633	יצבאו מצבא צבאו צבאות צבאימ צבאת צביה
H6634	יצבא יצבה מצביה צבית
H6635	צבאה צבאו צבאות צבאותיכמ צבאותינו צבאותס צבאותפ צבאי צבאיו צבאכ צבאמ צבאס צבאפ צבאתי צבאתינו צבאתמ צבאתמפ
H6636	צבאימ צבוימ צבימ
H6638	צבות צבתה
H6642	יצבט
H6643	צבאות צבאימ צבימ
H6647	יצטבע מצבעינ
H6648	צבעימ
H6651	יצבר יצברו תצבר
H6652	צברימ
H6654	צדה צדו צדי צדיה צדיו צדיכמ צדימ צדכ
H6657	צדדה
H6658	נצדו
H6659	צדוקס צדק
H6662	צדיקימ צדיקימס צדיקמ צדיקס צדקימ
H6663	אצדיק אצדק הצדיק הצדיקו הצדקתיו יצדיק יצדק יצדקו מצדיק מצדיקי נצדק נצטדק צדקה צדקו צדקכ צדקת צדקתי צדקתכ תצדק תצדקי תצדקנה
H6664	צדקה צדקו צדקי צדקכ צדקנוס
H6666	צדקהס צדקות צדקת צדקתו צדקתוס צדקתי צדקתיו צדקתינו צדקתכ צדקתמ
H6667	צדקיה צדקיהופ
H6668	מצהב
H6670	הצהיל יצהלו צהלה צהלו צהלי תצהלו
H6671	יצהירו
H6672	צהרימ
H6674	צאימ צואימ
H6675	צאת צאתו צואתמ
H6676	צוארה צוארכ
H6677	צוארה צוארו צוארי צואריהמ צואריו צואריכמ צוארכ צוארנו צוארתיכמ צורמ צורניכ
H6678	צבהס צובה
H6679	הצטידנו יצוד יצודו יצודנו מצדדות צד צדו צדומ צדוני צודד צודה תצוד תצודדנה תצודני תצודפ
H6680	אצו אצוה אצוכ אצונו יצו יצוה יצוהו יצוו יצוכ יצומ יצונו מצוה מצוכ צו צוהו צוו צוות צוית צויתה צויתי צויתיה צויתיו צויתיכ צויתיכס צויתימ צויתכ צויתמ צויתנו צויתני צויתניס צוכ צומ צונו צונוס צוני צות צותה צותו תצוה תצוהו תצומ תצונו תצוני
H6681	יצוחו
H6682	צוחת צוחתכ
H6684	אצומ יצומ יצומו יצמ יצמו נצומה צומו צמ צמנו צמת צמתי צמתמ צמתני תצומו
H6685	צמות צמכמ
H6686	צוערפ
H6687	הציפ יצפ צפו
H6688	צופימ
H6689	צופי
H6691	צפר
H6692	יציצ יציצו יצצ מציצ צצ
H6693	הציקה הציקותי הציקתהו הציקתני יציק יציקו מציק מציקימ
H6694	יצוק צקונ
H6696	יצר יצרו נצור צורי צרימ צרת צרתי צרתני תצור תצר תצרמ
H6697	צורות צורי צורמ צורנו צר צרימ
H6699	צורת צורתו צורתיו
H6701	צורי צורישדיפ שדי
H6702	אציתנה
H6703	צחות
H6705	צחו
H6706	צחיחימ
H6709	צחנתו
H6710	צחצחות
H6711	יצחק מצחק צחקה צחקפ צחקת צחקתי תצחק
H6715	צחרות
H6716	ציימ צימ
H6717	צבא
H6718	צידה צידו צידי צידמ
H6719	צידימ
H6720	צדה
H6721	צידנ צידנס
H6722	צדני צדנימ צדנינ צדנית צידונימ צידנימ
H6723	ציות
H6725	צינימ
H6726	ציונה ציונס
H6727	צחא
H6728	ציימ
H6731	צצימ
H6733	ציצת
H6735	צירה צירי צירימ צריה צריכ
H6736	צירימ
H6737	יצטירו
H6738	צלה צלו צלי צלכ צלמ
H6739	מצלא מצלינ
H6740	אצלה יצלה צלות
H6743	הצלח הצלחת הצליח הצליחה הצליחו הצליחפ יצלח יצליח יצליחו יצליחופ מצליח מצליחס צלחה צלחו תצלח תצלחי תצליח תצליחו תצליחופ תצליחי
H6744	הצלח מצלח מצלחינ
H6745	צלחות
H6749	צללו
H6750	צללו תצלינה תצלנה
H6751	מצל צללו
H6752	צללו צללי צללימ
H6754	צלמו צלמי צלמיו צלמיכמ צלממ צלמנו
H6755	צלמא
H6760	צלעה
H6761	צלעו צלעי
H6763	צלעו צלעות צלעימ צלעת צלעתיו
H6767	צלצלי
H6770	יצמא יצמאו צמאה צמאו צמאתי צמת תצמאו
H6771	צמאה צמאימ
H6772	צמאי צמאמ
H6775	יצמד יצמדו מצמדת נצמדימ תצמיד
H6776	צמדו צמדי צמדימ
H6777	צמתכ
H6778	צמוקימ צמקימ
H6779	אצמיח הצמיח הצמיחה יצמח יצמחו יצמיח מצמיח צומח צמחו צמחות תצמח תצמחנה תצמיח
H6780	צמחה
H6781	צמדימ צמידימ
H6783	צמתת
H6784	צמקימ
H6785	צמרי
H6788	צמרתו צמרתמ
H6789	אצמית אצמיתמ הצמיתמ הצמתה יצמיתמ מצמיתי נצמתו נצמתי צמתו צמתותני צמתתני תצמית
H6790	צנה צנפ
H6791	צנימ
H6792	צנאכמ
H6793	צנות צנת
H6794	צנוריכ
H6795	תצנח
H6796	צנינמ צננימ
H6797	צניפות
H6798	צנמות
H6800	הצנע צנועימ
H6801	יצנפ יצנפכ צנופ
H6805	יצעד יצעדו צעדה צעדו צעדכ תצעד תצעדהו
H6806	צעדו צעדי צעדיה צעדיו צעדימ צעדינו צעדכ
H6807	צעדות
H6808	צעהו צעימ
H6809	צעיפה
H6810	צעירה צעירו צעירי צעיריה צעיריהמ צעירימ צערה
H6811	צעירה
H6812	צערתו
H6813	יצענ
H6817	אצעק אצעקה יצעק יצעקו מצעק נצעק צעקה צעקו צעקי צעקימ צעקנה צעקת צעקתי תצעק תצעקו
H6818	צעקהס צעקת צעקתה צעקתו צעקתמ
H6819	יצערו צערימ
H6820	צוער צערה
H6822	אצפה יצפ מצפה מצפיכ צופה צופיה צפוי צפות צפי צפיו צפיכ צפימ צפינו תצפינה
H6823	יצפ יצפהו יצפו יצפמ מצפה מצפימ צפית תצפה תצפנו
H6824	צפתכ
H6828	צפונה צפונהס צפונס צפנ צפנה
H6832	צפיעי
H6833	צפר צפרימ
H6834	צפר
H6836	צפיתנו
H6841	צפירי
H6842	צפירי
H6843	צפירת צפרה
H6845	הצפינו יצפונו יצפנ יצפנו יצפנני נצפנ נצפנה נצפנו צפונ צפונה צפוני צפוניו צפוניכ צפונכ צפניה צפנת צפנתי תצפנ תצפנהו תצפנו תצפנמ תצפנני
H6846	צפניה
H6847	פענח צפנת
H6848	צפעני צפענימ
H6849	צפעות
H6850	אצפצפ מצפצפ מצפצפימ תצפצפ
H6852	יצפר
H6853	צפרי צפריא צפרינ
H6854	צפרדעימ
H6856	צפרניה
H6860	ציקלג
H6861	צקלנו
H6862	צרה צרי צריה צריהמ צריו צריכ צריכס צרימ צרימו צרינו צרס
H6865	צור
H6866	נצרבו
H6868	צרדתה
H6869	צרהפ צרות צרותיו צרותמ צרת צרתה צרתו צרתי צרתיכמ צרתכמ צרתמ צרתנו
H6870	צרויהס צרויהפ צריה צריהס
H6872	צרורפ צררות
H6873	יצריח
H6876	צרימ
H6877	צרחימ
H6878	צרככ
H6879	מצורע מצרע מצרעימ מצרעת צרוע
H6882	צרעי צרעתיס
H6883	צרעתו צרעתס
H6884	אצרפ אצרפנו יצרפו מצרפ צורפ צורפימס צורפמ צרופ צרופה צרפה צרפימ צרפתהו צרפתיכ צרפתימ צרפתנו צרפתני
H6886	צרפתה
H6887	הצר הצרותי הצרתי יצר מצרה מצרהס מצררימ צור צוררי צורריו צורריכ צר צרה צרור צרורה צררו צררוני צררות צררי צרריכ צררימ צררת
H6888	צררתה
H6890	צרת שחר
H6891	צרתנה
H6892	קאו קיאו
H6895	אקב אקוב יקבהו קב קבה קבנו קבתו תקבנו
H6897	קבתה
H6899	קבוציכ
H6900	קבורה קבורת קברת קברתה קברתו קברתמ
H6901	יקבלו יקבלמ מקבילת נקבל קבלו
H6902	יקבלונ תקבלונ
H6903	קבלכ
H6904	קבלו
H6906	יקבע קבעיהמ קבעימ קבענוכ
H6908	אקבצ אקבצה אקבצכ אקבצמ הקבצ הקבצו התקבצו יקבצ יקבצו יקבצכ יקבצמ יקבצנו יתקבצו מקבצ מקבציו מקבצמ מקבצת נקבצו נקבציו נקבצימ קבוצימ קבצה קבצו קבצי קבצכ קבצמ קבצנ קבצנו קבצתי קבצתימ תקבצ תקבצו תקבצמ
H6910	קבצת
H6912	אקבר אקברה יקבר יקברהו יקברו מקבר מקברימ קבור קברה קברהו קברו קברוה קברומ קברימ קברתו קברתי קברתמ קברתני קובר תקבר תקברו תקברמ תקברנו תקברני
H6913	קברו קברות קברותיה קברותיכמ קברי קבריהמ קברימ קברינו קברכ קברתה קברתיה קברתיו קברתיכ
H6914	התאוה קברות קברת
H6915	אקד יקד יקדו תקד
H6917	קדומימ
H6918	קדושו קדושימ קדושכמ קדש קדשי קדשיו קדשימ
H6919	קדחה קדחי קדחתמ
H6921	קדימה קדמה
H6922	קדישי קדישינ
H6923	אקדמ אקדמנו הקדימני יקדמו יקדמונו יקדמוני יקדמנה יקדמני נקדמה קדמה קדמו קדמוני קדמני קדמתי תקדימ תקדמכ תקדמנו
H6924	קדמה קדמי
H6925	קדמה קדמוהי קדמי קדמיה קדמיהונ קדמכ
H6926	קדמת
H6927	קדמותיכמ קדמת קדמתה קדמתכנ קדמתנ
H6928	קדמת
H6930	קדמונה
H6931	קדמוני קדמונימ קדמניות קדמנימ
H6932	קדמת
H6933	קדמיא קדמיתא
H6936	קדקדו קדקדכ
H6937	אקדירמ אקדר הקדרתי התקדרו קדרו קדרימ קדרתי
H6942	אקדש הקדיש הקדישו הקדישני הקדש הקדשי הקדשמ הקדשנו הקדשתי הקדשתיכ התקדש התקדשו התקדשתי התקדשתמ יקדיש יקדישו יקדש יקדשהו יקדשהוס יקדשו יקדשמ יקדשס יקדשפ יתקדשו מקדיש מקדש מקדשופ מקדשי מקדשימ מקדשכמ מקדשמ מקדשמפ מתקדשימ מתקדשת נקדש נקדשתי קדשו קדשוהו קדשמ קדשת קדשתו קדשתי קדשתיכ קדשתמ תקדיש תקדישו תקדש
H6943	קדשה
H6944	קדשו קדשוס קדשי קדשיהמ קדשיו קדשיכ קדשיכמ קדשימ קדשיס קדשכ קדשנו קדשס קודש
H6945	קדשימ
H6946	קדשה
H6947	ברנע קדש
H6948	קדשות
H6949	תקהינה
H6950	הקהיל הקהילו הקהל הקהלת יקהיל יקהל יקהלו נקהלו נקהלימ תקהל
H6951	קהלה קהלכ קהלכמ קהלמ
H6952	קהלת
H6953	קוהלת
H6956	קהתימ
H6957	קומ
H6958	הקאתו יקא יקאנו קאה תקא תקיא תקיאנה
H6960	אקוה יקו יקוה יקוו נקוה נקוו קוו קוי קויו קויכ קוינהו קוינו קוינוכ קויס קויתי קויתיכ קויתמ קותה
H6962	אקוט אתקוטט אתקוטטה נקטו נקטתמ
H6963	קולה קולו קולי קוליפ קולכ קולכמ קולמ קולנ קולנו קולת קלה קלו קלות קלי קלכ קלכמ קלמ קלנו קלת
H6965	אקומ אקומה אקוממ אקימ אקימה אקמ הוקמ הקימ הקימו הקימותי הקימני הקימתו הקימתי הקמ הקמותי הקמנו הקמת הקמתו הקמתי יקומ יקומו יקומונ יקומונס יקוממ יקוממו יקומפ יקימ יקימה יקימו יקימונ יקימכ יקימנה יקימנו יקימני יקמ יקמו יקמנו מקימ מקימה מקימי מתקוממה מתקוממי מתקוממימ נקומ נקומה קאמ קומה קומו קומי קומימ קומכ קומס קימ קימו קימני קמ קמה קמו קמיהמ קמיו קמיכ קמימ קמינו קמנה קמנו קמת קמתי קמתמ תקומ תקומו תקוממ תקימ תקימו תקימנה תקמ תקמו
H6966	אקימה הקימ הקימה הקימו הקימת הקמותה הקמת יהקימ יקומ יקומונ יקימ יקמונ מהקימ קאמ קאמיא קומי קימה קימינ קמ קמו תקומ תקימ
H6967	קומת קומתה קומתו קומתוס קומתכ קומתמ קמה קמתו
H6968	קוממיותפ
H6969	יקוננ יקננ מקוננות קוננו קוננוה תקוננה
H6971	קופימ קפימ
H6972	קצ
H6973	אקצ יקצ יקצו נקיצנה קצ קצה קצתי תקצ
H6974	אקיצ הקיצ הקיצה הקיצו הקיצות הקיצותי הקיצתי יקיצו מקיצ
H6975	קוצי קוצימ קצימ
H6976	הקוצס
H6977	קוצותי קוצותיו
H6978	קו
H6979	הקיר הקרה מקרקר קרקר קרתי
H6980	קורי קוריהמ
H6981	קרא
H6982	קרות קרתי
H6983	יקשונ
H6987	קטבכ
H6989	קטורהס
H6990	יקוט
H6991	יקטל יקטלני תקטל
H6992	התקטלהפ מתקטלינ קטיל קטילת קטלה
H6994	הקטינ קטנתי תקטנ
H6995	קטני
H6996	קטנה קטנהס קטנות קטני קטנימ קטנמ קטנס
H6997	הקטנ
H6998	אקטפ יקטפ קטפימ קטפת
H6999	הקטיר הקטירו הקטירמ הקטירפ הקטר הקטרת יקטיר יקטירונ יקטירנה יקטר יקטרו יקטרונ מקטיר מקטירות מקטירימ מקטרות מקטרימ מקטרימס מקטרת קטרו קטרתמ תקטיר תקטירו תקטר
H7000	קטרות
H7001	קטרי קטרינ
H7004	קטרתי קטרתפ
H7006	קיו
H7008	קיטר
H7009	קימנו
H7011	קימה
H7012	קימתמ
H7013	קינו
H7015	קינהפ קינות קינותיהמ קנימ
H7017	קינימ
H7019	קיצכ
H7020	קיצונה קיצנה
H7023	קירות קירותיה קירותיו קירותס קירת קירתיו קר
H7024	קירה
H7025	חרש חרשת קיר
H7026	קירס
H7030	קתרוס
H7031	קלה קלימ
H7033	נקלה קלוי קלמ
H7034	מקלה נקלה
H7036	קלונכ קלונפ
H7038	קלוט
H7039	קליא
H7043	אקל אקללמ הקל הקלו הקלתני התקלקלו יקל יקלו יקלל יקללו יקללכ יקללמ מקלל מקללוניס מקלליו מקללימ מקללכ נקל נקלה נקלתי קלו קלותפ קללו קללכ קללני קללת קלקל קלתי תקל תקלל
H7045	קללות קללת קללתו קללתכ
H7046	יתקלס יתקלסו
H7049	יקלע יקלענה קולע
H7050	קלעו קלעי קלעימ
H7051	קלעימ
H7054	קמות קמת
H7056	קמונפ
H7059	קמטו תקמטני
H7060	קמלו
H7062	קמצו קמצימ
H7063	קמשנימ
H7064	קנה קנו קני קנימ קנכ
H7065	אקניאמ יקנא יקנאהו יקנאו יקניאוהו מקנא מקנה קנאו קנאוני קנאתו קנאתי תקנא
H7066	תקנא
H7067	קנאפ
H7068	קנאת קנאתו קנאתי קנאתכ קנאתמ
H7069	אקנה הקנני יקנ יקנה יקנהו יקנו נקנה קונה קנהו קנהס קנו קנות קנותכ קניהנ קנינו קנית קניתה קניתי קנכ קנני קנתה תקנה תקנו
H7070	קני קנימ קנתמ
H7073	קנזפ
H7075	קנינו קנינכ קנינמ
H7076	קנמנ
H7077	יקננו מקננת קננה קננו תקננ
H7078	קנצי
H7080	יקסמו קוסמ קוסמימ קסמי קסמיכמ קסמימ תקסמנה
H7081	קסמימ
H7082	יקוסס
H7084	קעילהס קעלה
H7086	קערת קערתיו
H7087	קפאו קפאימ תקפיאני
H7088	קפדתי
H7090	קפוד
H7092	יקפצו יקפצונ מקפצ קפצה תקפצ
H7093	קצו קצי קצינו קצינוס קצכ קצס
H7094	יקצב קצובות
H7095	קצבי
H7096	הקצו הקצות מקצה קצות
H7097	קצהו קציהמ
H7098	קצות קצותיו קצותמ
H7099	קצוי
H7101	קציני קציניכ
H7102	קציעות
H7105	קצירה קצירו קצירי קצירכ קצירכמ
H7106	יקצע מהקצעות
H7107	אקצופ אקצפ הקציפ הקצפת הקצפתמ התקצפ יקציפו יקצפ יקצפו מקצפימ קצפת קצפתי תקצפ תקצפפ
H7110	קצפו קצפי קצפכ
H7112	יקצצ יקצצו מקצצימ קצוצי קצתה
H7113	קצצו
H7114	הקצרת יקצור יקצורו יקצר יקצרהו יקצרו יקצרונ קוצר קוצרימ קצור קצרה קצרו קצרות קצרימ קצרכ קצרכמ קצרתמ תקצור תקצר תקצרו תקצרנה
H7116	קצרי
H7117	קצות קצתמ
H7119	קרימ
H7121	אקרא אקראה אקראכ יקרא יקראה יקראהו יקראו יקראמ יקראני יקראנני מקראי נקרא נקראה נקראו נקראימ נקראתי קורא קראה קראהו קראו קראות קראי קראיהפ קראיו קראיכ קראימ קראכ קראמ קראנ קראנה קראנו קראני קראת קראתי קראתיו קראתיכ קראתמ קרוא קרואי קרואימ תקרא תקראו תקראי תקראמ תקראנ תקראנה
H7122	יקרא יקראנו נקרא קראהו קראני קראת קראתה קראתו קראתי קראתיכ קראתכ קראתכמ קראתמ קראתנו תקרא תקראנה
H7123	אקרא יקרה יקרונ יתקרי מקרא קרי
H7126	אקרב אקרבנו הקרב הקרבמ הקרבת הקרבתיו הקרבתמ הקריב הקריבה הקריבהו הקריבו הקריבכמ הקריבמ יקרב יקרבו יקריב יקריבו יקריבנו מקריב מקריבי מקריבמ נקרב נקרבה נקרבתמ קרבה קרבו קרבכמ קרבת קרבתי קרבתמ קרוב תקרב תקרבו תקרבונ תקרבנה תקריב תקריבו תקריבי
H7127	הקרבו הקרבוהי מהקרבינ מקרבה קרבו קרבת קריבו תקרב
H7128	קרבות
H7130	קרבה קרבו קרבופ קרבי קרבכ קרבכמ קרבכס קרבכפ קרבמ קרבמפ קרבנה קרבנו
H7131	קרבימ
H7132	קרבת
H7133	קרבנה קרבנו קרבני קרבניהמ קרבנכ קרבנכמ קרבנמ
H7134	קרדמו קרדמות קרדמימ
H7135	קרתו
H7136	אקרה הקרה הקריתמ יקר יקרה יקרכ יקרני מקרה נקרה נקריתי קרהו קרוהו קרות קרכ קרת תקרינה
H7138	קרבה קרבו קרבות קרבי קרבימ קרוב קרובה קרובי קרובימ
H7139	הקריחו יקרח יקרחו מקרח קרחי
H7140	קרחו
H7141	קרחס
H7144	קרחתכ
H7145	קרחימ
H7146	קרחתו
H7148	קראי קריאי
H7149	קריא קריתא
H7151	קריהס קרית
H7153	ארבע הארבע קרית
H7154	בעל קרית
H7155	חצות קרית
H7156	קריתימה
H7157	יערימ ערימ קרית
H7158	סנה ספר קרית
H7159	יקרמ קרמתי
H7160	מקרנ
H7161	קרנו קרנות קרני קרניו קרניכמ קרנכ קרנכמ קרננו קרנת קרנתיו
H7162	קרנא קרניא קרנינ
H7163	הפוכ קרנ
H7164	קרסו
H7165	קרסי קרסיו קרסימ
H7166	קרסלי
H7167	אקרע אקרענה יקרע יקרעה יקרעו יקרעמ נקרע קרוע קרועי קרעה קרעו קרעי קרעימ קרעת קרעתי תקרע תקרעי
H7168	קרעימ
H7169	יקרצו קרצתי
H7170	קרצוהי קרציהונ
H7173	קרקעה
H7175	קרשי קרשיו קרשימ קרשכ
H7180	קשאימ
H7181	הקשב הקשבת הקשבתי הקשיב הקשיבה הקשיבו הקשיבי יקשב מקשיב מקשיבימ נקשיב נקשיבה תקשבנה תקשיב
H7183	קשבות קשבת
H7184	קשות קשותיו
H7185	אקשה הקשה הקשו הקשית הקשתה יקש יקשה יקשו מקשה נקשה קשתה תקש תקשו
H7186	קשהס קשהפ קשות קשי קשימ קשת
H7188	הקשיח תקשיח
H7193	קשקשימ קשקשתיכ
H7194	התקשרו יקשר יקשרו יתקשר מקשרות מתקשרימ נקשרה קשורה קשרימ קשרמ קשרתי קשרתמ תקשר תקשרי תקשרימ תקשרנו
H7195	קשרו קשרס
H7196	קשריה
H7197	התקוששו מקשש מקששת קושו קששו
H7198	קשתו קשתות קשתותמ קשתי קשתיפ קשתכ קשתמ קשתתיהמ קשתתיו
H7200	ארא אראה אראהו אראכ אראמ אראנו הראה הראות הראותו הראותכה הראותמ הראיני הראית הראיתה הראיתי הראיתיכ הראיתימ הראיתמ הראיתני הראכ הראמ הראנו הראני הראניפ הראת הראתו הראתכ ירא יראה יראהו יראו יראוה יראומ יראונ יראוני יראוס יראמ יראנה יראנו יראני יתראו מראה נראה נראהו נראו נראתה נתראה ראהו ראהס ראו ראוה ראוכ ראוני ראות ראותה ראותו ראותי ראותכ ראותכמ ראותמ ראי ראיה ראיהמ ראיו ראיות ראיכ ראימ ראינה ראינו ראינוס ראית ראיתה ראיתי ראיתיה ראיתיו ראיתיכ ראיתיס ראיתמ ראיתנ ראיתני ראכ ראמ ראנו ראני ראת ראתה ראתו ראתי ראתכ ראתכמ ראתמ רואה תרא תראה תראהו תראו תראוני תראי תראינה תראנו תראני תתראו
H7203	ראימ
H7204	הראה
H7210	ראיפ
H7213	ראמה
H7214	ראימ ראמימ רימ רמימ
H7215	ראמת
H7216	ראמת
H7217	ראשה ראשהונ ראשי ראשיהמס ראשינ ראשכ
H7218	ראשה ראשו ראשוס ראשי ראשיה ראשיהמ ראשיהנ ראשיו ראשיכמ ראשימ ראשינו ראשכ ראשכמ ראשמ ראשמפ ראשנ ראשנו ראשס
H7219	רוש
H7221	ראשתיכמ
H7223	ראישונ ראשונה ראשונהס ראשונימ ראשונפ ראשנ ראשנה ראשנות ראשנימ ריאשנה רישונ
H7224	ראשנית
H7225	ראשיתה ראשיתו ראשיתכ ראשיתמ ראשתו רשית
H7226	מראשתי
H7227	רבה רבהס רבות רבי רבימ רבימס רבימפ רבפ רבת רבתי
H7228	רביו רבימ
H7229	רבא רבתא
H7230	רבי רוב
H7231	מרבבות רב רבה רבו רבכמ
H7232	רב רבו
H7233	רבבות רבבת רבבתיו רבבתיוס
H7234	רבדתי
H7235	ארבה ארבהוס הרב הרבה הרבו הרבות הרבי הרבינו הרבית הרביתי הרביתכ הרביתמ הרבכ הרבת הרבתה הרבתימ ירב ירבה ירבו ירבונ ירבינ ירבכ מרבה מרבימ רבו רבות רבית רביתי רביתמ רבמ רבתה תרב תרבה תרבו תרבונ תרבי תרבינה תרבני
H7236	רבי רבית רבת
H7237	רבת רבתה
H7238	רבותא רבותכ
H7239	רבאות רבוא רבות רבתימ
H7240	רבבנ
H7241	רבבימ
H7242	רבד
H7243	רביעימ רביעיפ רביעית רביעת רבעי רבעימ רבעית
H7244	רביעאה רביעיתא
H7246	מרבכת
H7247	רבלתה
H7248	מג רב
H7249	סריס רב
H7250	רבעה תרביע
H7251	מרבע מרבעות מרבעת רבוע רבעה רבעימ
H7252	רבעי
H7253	רבעיה רבעיהמ רבעיהנ רבעיו
H7256	רבעימ
H7257	ארביצמ ירביצני ירבצ ירבצו ירבצונ מרביצ מרבצימ רבצה רבצו רבצימ רבצת תרביצ תרבצ תרבצנה
H7258	רבצה רבצו רבצמ
H7259	רבקהס
H7260	רברבינ רברבנ רברבתא
H7261	רברבנוהי רברבני רברבנכ
H7262	רב שקה שקהס
H7263	רגבי רגבימ
H7264	ארגז ארגיז הרגזתני הרגיז התרגזכ ירגז ירגזו ירגזונ מרגיז מרגיזי רגזה רגזו תרגז תרגזו תרגזי תרגזנה
H7265	הרגזו
H7267	רגזכ רגזפ
H7270	ירגל ירגלו מרגלימ רגלה רגלו
H7271	רגלה רגלוהי רגליא רגליה רגלינ
H7272	רגלה רגלו רגלי רגליה רגליהמ רגליו רגליופ רגליכ רגליכמ רגלימ רגלינו רגלכ רגלכמ רגלמ רגלנו רגלס
H7273	רגלימ
H7275	ירגמהו ירגמו רגומ רגמהו רגמו
H7277	רגמתמ
H7278	מלכ רגמ
H7279	ירגנו נרגנ רוגנימ תרגנו
H7280	ארגיע ארגיעה ארגעה הרגיע הרגיעה הרגיעו הרגעי תרגיע
H7281	רגעימ
H7282	רגעי
H7283	רגשו
H7284	הרגשו
H7285	רגשת
H7286	ירד רד רודד
H7287	ירד ירדהו ירדו ירדנה ירדנו רדו רדות רדימ רדיתמ רדמ תרדה
H7289	רדידי רדידימ
H7290	ירדמ נרדמ נרדמתי
H7291	ארדופ ארדפ ארדפה הרדיפהו ירדפ ירדפהו ירדפו ירדפומ ירדפוני ירדפכ ירדפמ מרדפ נרדפ נרדפה נרדפנו רדפה רדפהו רדפו רדפוכ רדפומ רדפוני רדפי רדפיה רדפיהמ רדפיכמ רדפימ רדפינו רדפכ רדפמ רדפתי רדפתמ רודפ רודפס תרדפ תרדפמ תרדפנו תרדפני
H7292	הרהיבני ירהבו תרהבני
H7295	רהבימ
H7296	רהבמ
H7297	תרהו
H7298	רהטימ
H7299	רוה
H7300	אריד רד רדנו תריד
H7301	אריוכ הרוה הרויתי הרויתני הרוני ירוינ ירוכ מרוה נרוה רויתי רותה
H7304	ירוח מרוחימ
H7306	אריח הריח הריחו ירח יריח יריחונ יריחנ
H7307	רוחה רוחו רוחופ רוחות רוחי רוחכ רוחכמ רוחמ רוחפ רוחת רחות
H7308	רוחא רוחה רוחי
H7309	רוחתי
H7311	ארומ ארוממ ארוממכ ארימ ארממנהו הורמ הרימ הרימה הרימו הרימות הרימותה הרימותי הרימי הרימכמ הרימתי הרימתיכ הרמ הרמת הרמתמ יורמ ירומ ירומו ירוממ ירוממכ ירוממני ירימ ירימה ירימו ירמ ירמונ ירממוהו יתרוממ מרוממ מרוממי מרימ מרימי מרימיו נרוממה ראמות רומה רוממ רוממו רוממתי רמ רמה רמו רמות רמי רמימ רממתהו רמס תרומ תרוממ תרוממכ תרוממנה תרוממני תרימ תרימו תרמ תרממ
H7312	רמ
H7313	התרוממת מרוממ מרימ רמ
H7314	רומה
H7318	רוממות
H7320	עזר רוממתי רממתי
H7321	אתרועע הריע הריעו הריעי הריעתמ הרעו הרעתמ התרעעי יריע יריעו ירע ירעו ירעע יתרועעו מריעימ נריע נריעה תריעו תריעי
H7322	ירופפו
H7323	ארוצ ארוצה אריצמ אריצנו ארצ ארצה הרצ ירוצ ירוצו ירוצונ ירוצצו יריצהו יריצו ירצ ירצו ירצונ נרוצה רצ רצו רצימ רצינ רצתה רצתי תרוצ תריצ תרצ
H7324	אריק אריקמ הורק הריק הריקו הריקתי הרק יריק יריקו ירק מריקימ תורק
H7325	רר
H7326	מתרושש ראש ראשימ רש רשו רשימ
H7328	רזא רזה רזיא רזינ
H7329	ירזה
H7335	ירזמונ
H7336	רוזנימ רזנימ
H7337	הרחב הרחבי הרחבת הרחבתי הרחיב הרחיבה הרחיבו הרחיבי ירחיב ירחיבו מרחיב נרחב רחבה תרחיב תרחיבו
H7338	רחבי
H7339	רחב רחבה רחבות רחבתיה רחבתיהס רחבתינו רחובותיה
H7340	רחב
H7341	רחבה רחבו רחבנ
H7342	רחבה רחבהס רחבי רחבת
H7344	רחבת
H7345	רחביה
H7346	רחבעמפ
H7347	רחימ
H7348	רחמ
H7350	רחוק רחוקה רחוקות רחוקימ רחוקפ רחקה רחקות רחקימ רחקת
H7351	רהיטנו
H7352	רחיקינ
H7353	רחליכ רחלימ
H7355	ארחמ ארחמכ ארחמנו ירחמ ירחמהו ירחמו ירחממ ירחמנו ירחמס מרחמ מרחמכ מרחממ רחמה רחמומ רחמכ רחמכמ רחמתי רחמתיכ רחמתימ רחמתימס תרחמ
H7356	רחמי רחמיה רחמיו רחמיכ רחמתימ
H7358	רחמה
H7360	רחמה
H7362	רחמניות
H7363	ירחפ מרחפת רחפו
H7364	ארחצ ארחצכ התרחצתי ירחצ ירחצו רחצה רחצו רחצות רחצת רחצתי
H7365	התרחצו
H7366	רחצי
H7368	ארחיק הרחיק הרחיקהו הרחיקו הרחיקמ הרחק הרחקת הרחקתימ ירחיקנה ירחק ירחקו רחקה רחקו רחקי רחקת תרחיק תרחיקו תרחק
H7369	רחקיכ
H7372	ירטבו
H7376	ירטשו רטשה תרטש תרטשנה
H7378	אריב אריבה ירב יריב יריבו יריבונ יריבנ מריבי מריביו רב רבו רבת רוב ריבה ריבו ריבות תריב תריבהו תריבו תריבונ תריבנה תריבני
H7379	רב רבות רבמ ריבו ריבוס ריבי ריביס ריבכ ריבכמ ריבמ ריבפ ריבת
H7381	ריחו ריחנו
H7383	ריפות רפות
H7386	ריקה ריקימ רק רקה רקות רקימ
H7388	רירו
H7389	ראש ראשכ רישו רישכ רישמ
H7390	רכה רכות רכימ
H7392	ארכב ארכיב הרכב הרכבת הרכבתיכ הרכבתמ הרכיבהו ירכב ירכבהו ירכבו ירכבמ ירכיבהו ירכיבו נרכב רכבו רכבי רכביה רכביהמ רכבימ רכבת תרכב תרכבנה תרכיבני
H7393	רכבה רכבו רכבי
H7394	רכבס
H7395	רכבו
H7397	רכבימ רכהס
H7398	רכובו
H7399	רכושו רכושכ רכושמ רכושנו רכש רכשו רכשמ
H7401	הרכ ירכ רכ רכו רככה
H7402	רוכל רכלי רכליכ רכלימ רכלימפ רכלת רכלתכ
H7404	רכלתכ
H7405	ירכסו
H7406	רכסימ
H7407	רכסי
H7408	רכשו
H7411	רומי רמוני רמותני רמיתמ רמיתני רמני
H7412	יתרמא מרמא רמו רמיו רמינא תתרמונ
H7413	רמתיכ רמתכ
H7414	ראמת רמתה רמתהס
H7416	רמוני רמונימ רמנ רמני רמנימ
H7417	רמנ
H7418	רמותס רמת
H7419	רמותכ
H7420	רמחיהמ רמחימ
H7421	רמימ
H7424	רמכימ
H7426	הרמו ירומו ירמו רומו רוממה
H7427	רוממתכ
H7428	פרצ רמנ
H7429	ארמסמ ירמס ירמסהו ירמסו ירמסנה רמסי תרמס תרמסו תרמסמ תרמסנה
H7430	רומש רמשת תרמש
H7434	מצפה רמת
H7436	צופימ רמתימ
H7437	לחי רמת
H7438	רני
H7439	תרנה
H7440	רנתי רנתמ
H7442	ארננ הרנינו ירונ ירנו ירננ ירננו מתרוננ נרננה רנ רנו רני רננו תרנ תרנה תרנינ תרננ תרננה
H7445	רננות רננת
H7447	רסיסי רסיסימ
H7448	רסנו
H7450	רס
H7451	רעהס רעהפ רעות רעותיהמ רעותיכמ רעי רעימ רעס רעפ רעת רעתה רעתו רעתופ רעתי רעתיפ רעתכ רעתכי רעתכמ רעתמ רעתמס
H7452	רעו
H7453	ריעכמ רעה רעהו רעהוס רעהופ רעו רעי רעיה רעיהמ רעיו רעיכ רעימ רעכ רעכס רעכפ
H7454	רעי רעיכ
H7455	רעס רעפ
H7456	ארעב ירעב ירעבו ירעבכ ירעיב נרעב רעבו תרעב תרעבו
H7457	רעבה רעבימ
H7458	רעבמ רעבס
H7460	מרעיד מרעידימ תרעד
H7462	ארעה ארענה הרעימ ירעה ירעו ירעוכ ירעונ ירעמ ירענה רועה רועי רועימ רעהפ רעו רעומ רעוס רעות רעי רעיהמ רעיכ רעימ רעימס רעיתימ רעמ רעתו תרעה תרעו תרעינה תתרע
H7464	רעותי רעותיה
H7468	רעותה
H7470	רעות
H7474	רעיתי
H7476	רעיוני רעיונכ רעינהי
H7477	הרעלו
H7479	רעלות
H7481	הרעימ הרעמה ירעמ רעמו תרעמ
H7482	רעמכ
H7484	רעמא
H7488	רעננה רעננימ
H7489	ארע הרע הרעו הרעות הרעותי הרעת הרעתה הרעתי הרעתמ התרעע התרעעה ירוע ירע ירעו מרע מרעימ מרעימס נרע רע רעה רעו תרע תרעו תרעופ תרעמ
H7490	מרעע תרע
H7491	הרעיפו ירעפו ירעפונ
H7492	ירעצו תרעצ
H7493	הרעשתה הרעשתי ירעש ירעשו מרעיש נרעשה רעשה רעשו רעשימ תרעישנו תרעש תרעשנה
H7495	ארפא ארפאהו ארפאכ ארפה הרפא הרפה התרפא ירפא ירפאו ירפאמ ירפאנו ירפאס ירפו נרפא נרפו נרפתה רפאה רפאי רפאימ רפאכס רפאמ רפאני רפאתי רפאתיו רפאתימ רפאתמ רפה רפוא רפינו תרפא תרפאו תרפאני תרפינה
H7497	רפא רפהפ
H7498	רפה
H7499	רפאות
H7502	ירפד רפדוני רפדתי
H7503	ארפה ארפכ ארפנו הרפ הרפה הרפו התרפית ירפ ירפה ירפו ירפכ מרפא מרפימ מתרפה מתרפימ נרפימ רפו רפתה תרפ תרפינה תרפני
H7504	רפות
H7507	רפידתו
H7508	רפידמ
H7511	התרפס מתרפס
H7512	רפסה
H7513	רפסדות
H7514	מתרפקת
H7515	נרפש תרפס תרפשונ
H7517	רפתימ
H7518	רצי
H7519	רצוא
H7520	תרצדונ
H7521	ארצה ארצמ הרצת ירצה ירצהו ירצו ירצכ יתרצה נרצה רוצה רצאתי רצו רצוי רצות רצותי רצית רציתמ רצמ רצתה רצתו תרצ תרצה תרצני
H7522	רצונו רצוני רצונכ רצונמ רצנו רצנכ רצנכמ רצנמ
H7523	ארצח ירצח ירצחו מרצח מרצחימ נרצחה רוצח רצחו רצחת תרצחו תרצחס
H7528	רצופ
H7529	רצפימ
H7531	רצפת
H7533	ירוצ ירצצ ירצצו יתרצצו נרצ רצוצ רצוצימ רצותי רצותנו רצצות רצצת תרוצ תרצ
H7534	רקות
H7536	רקי
H7537	ירקב
H7540	ירקדו ירקדונ ירקידמ מרקד מרקדה רקדו רקוד תרקדו
H7541	רקתו רקתכ
H7543	הרקח ירקח מרקחימ רוקח רקחי רקחפ
H7546	רקחימ
H7547	רקחיכ
H7548	רקחות
H7550	רקיקי
H7551	רקמתי
H7553	רקמות רקמתימ רקמתכ רקמתמ
H7554	ארקעמ ירקעו ירקעומ ירקענו מרקע רקעכ תרקיע
H7555	רקעי
H7556	ירק
H7559	רשומ
H7560	רשימ רשמת תרשמ
H7561	ארשע הרשיע הרשיעו הרשענו ירשיע ירשיעו ירשיעכ ירשיענ ירשיענו ירשיעני ירשע מרשיע מרשיעי רשענו רשעתי תרשיע תרשיעי תרשיעני תרשע
H7562	רשעו רשעכ רשענו
H7563	רשעה רשעי רשעימ רשעימס
H7564	רשעת רשעתו
H7565	רשפי רשפיה רשפימ
H7567	ירשש רששנו
H7568	רשתו רשתי רשתמ
H7569	רתוקות
H7570	ירתיח רתחו
H7571	רתחיה
H7574	רתמימ
H7576	ירתק רתקו
H7577	רתקות
H7579	אשאב ישאבו ישאבונ שאבי שאבת שאבתמ תשאב
H7580	ישאג ישאגו שאגו שאגימ שאגתי שואג
H7581	שאגת שאגתו שאגתי
H7582	השאות השות ישאונ שאו תשאה
H7583	משתאה
H7585	שאולה שאל שאלה שאלס
H7586	שאולס שאולפ
H7588	שאונה
H7589	שאטכ
H7590	שאטות שאטימ
H7592	אשאל אשאלה אשאלכ אשאלמ השאלתהו ישאל ישאלאיש ישאלהו ישאלו ישאלומ ישאלונ ישאלוני ישאלכ נשאל נשאלה נשאלתי שאול שאלה שאלו שאלונו שאלוני שאלי שאלימ שאלכ שאלת שאלתי שאלתיהו שאלתיו שאלתמ תשאל תשאלכ תשאלני
H7593	ישאלנכונ שאלנא
H7595	שאלתא
H7596	שאלתי שאלתכ שאלתמ שלתכ
H7599	שאננ שאננו
H7600	שאננות שאננימ שאננכ
H7602	אשאפ אשאפה ישאפ שאפה שאפו שאפי שאפימ שאפני שואפ תשאפ
H7604	אשאיר השאיר השאירו השארנו השארתי ישאיר ישאירו ישאר ישארו נאשאר נשאר נשארה נשארו נשארוס נשארות נשארימ נשארנו נשארת נשארתי נשארתמ תשאיר תשאר תשארנה
H7606	שארא
H7607	שארה שארו שארי שארכ שארמ
H7610	ישוב שאר
H7611	שאריתו שאריתכ שאריתמ שרית
H7613	שאתו שתו
H7615	שבאימ
H7617	ישב ישבו ישבמ נשבה נשבו שבו שבוימ שבומ שבות שביהמ שביות שבימ שבית שביתמ שבמ שוביהמ שובינו תשבכ
H7619	שבאל שובאל
H7620	שבע שבעות שבעימ שבעת שבעתיכמ
H7621	שבועת שבועתו שבעה שבעות שבעת שבעתי שבעתכ
H7622	שבות שבותיכמ שבותכ שבותכמ שבותמ שביתהנ שביתיכ שביתמ שביתנו
H7623	השתבח ישבח ישבחונכ ישבחנה משביח שבחוהו שבחי שבחתי תשבחמ
H7624	משבח שבחו שבחת
H7625	שבטי
H7626	שבטו שבטי שבטיה שבטיהמ שבטיהמס שבטיו שבטיכ שבטיכמ שבטימ שבטכ
H7628	שביה שביו שביכ שביכמ שבימ שביס
H7631	שביבא שביבינ
H7635	שבילי שבילכ
H7636	שביסימ
H7637	שביעיפ שביעית שביעת שבעי שבעית שבעת
H7639	שבכות שבכימ
H7641	שבלי שבלימ
H7643	שבמה
H7644	שבנה
H7645	שבניה
H7646	אשביע אשביעהו אשביעכ אשבע אשבעה השביע השביעני השבעת השבעתי ישביעכ ישביעמ ישבע ישבעו ישבעונ ישבעכ ישבעני משביע נשבע נשבעה שבוע שבעה שבעו שבענו שבעת שבעתי שבעתמ תשביע תשבע תשבעו תשבעוס תשבענה תשבענו
H7648	שבעה שבעכ
H7649	שבעה שבעימ
H7650	אשביעכ אשביעמ אשבע השביע השביעו השביעכ השביעני השבע השבעה השבעו השבעתי השבעתיכ השבעתנו ישבע ישבעו ישבעני משביעכ משבעכ נשבע נשבעו נשבעות נשבעימ נשבענו נשבעת נשבעתי נשבעתמ שבעי תשביעו תשבע תשבעו
H7651	שבעה שבעהס שבעהפ שבעת שבעתמ
H7653	שבעת
H7654	שבעתכ
H7655	שבעת
H7657	שבעימס שבעימפ
H7660	משבצימ שבצת
H7662	משבק שבקו תשתבק
H7663	ישברו ישברונ שברו שברתי תשברנה
H7664	שברו שברי
H7665	אשבור אשביר אשבר אשברה אשברמ השבר השברתי ישבור ישבר ישברהו ישברו ישברוהו משבר נשבר נשברה נשברו נשברי נשברימ נשברת נשברתי שבור שבורי שברה שברו שברי שברכ שברמס שברת שברתי שברתמ תשבר תשברו תשברונ תשברנה
H7666	ישבר משביר נשביר נשבירה נשברה שברו שברימ תשברו תשברני
H7667	שבור שברה שברו שברי שבריה שברימ שברכ
H7668	שברו שברמ
H7672	משתבשינ
H7673	אשביתה השבית השביתו השבת השבתי השבתיכ השבתימ השבתמ השבתנו ישבות ישבית ישבת ישבתו משבית נשבת נשבתו שבית שבתה שבתו תשבית תשביתו תשבת תשבתו
H7674	שבתו
H7675	שבתו שבתמ שבתפ
H7676	שבתה שבתו שבתות שבתותי שבתותיה שבתכמפ שבתס שבתפ שבתת שבתתי שבתתיה שבתתיכמ
H7679	משגיא תשגיא
H7680	ישגא
H7682	אשגבהו ישגב ישגבכ ישגיב נשגב נשגבה שגבה שגבו תשגבני
H7683	שגגת
H7684	שגגהס שגגתו שגגתמ
H7685	השגו ישגה
H7686	אשגה ישגהפ ישגו משגה שגו שגות שגימ שגיתי שוגימ תשגה תשגו תשגני
H7688	השגיח ישגיחו משגיח
H7690	שגיאנ
H7691	שגיאות
H7692	שגינות
H7695	שגלתה שגלתכ
H7696	השתגע משגע משגעימ משתגע
H7699	שדי שדיה שדיהנ שדיכ שדימ
H7700	שדימ
H7702	ישדד
H7703	יושד ישדד ישדדמ ישדמ משדד נשדנו שדדה שדדו שדדימ שדדנו שדוד שדודה שדוני שודד שודדי שודדימ תושד תשדד
H7704	שדהו שדהס שדהפ שדות שדותיהמ שדותיכמ שדיכ שדינו שדיס שדכ שדת שדתיה שדתיהמ שדתינו שדתמ
H7705	שדות
H7707	שדיאורפ
H7709	שדמות שדמת
H7710	שדופת שדפות
H7712	משתדר
H7713	שדרות שדרת
H7716	שהפ שיהו שיו
H7717	שהדי
H7720	שהרנימ
H7722	שאה שאיהמ שאת
H7723	שואס שואפ שיו
H7725	אשב אשוב אשובה אשיב אשיבה אשיבכ אשיבנה אשיבנו הושב הושבותימ השב השבהו השבו השבומ השבני השבת השבתו השבתי השבתיכ השבתימ השבתמ השיב השיבה השיבהו השיבו השיבומ השיבות השיבותי השיבותימ השיבותמ השיבכ השיבמ השיבנו השיבני השיבתיכ השיבתימ השיבתמ יושב ישב ישבה ישבהו ישבו ישבומ ישבונ ישבני ישוב ישובב ישובו ישובונ ישובוס ישיב ישיבה ישיבהו ישיבו ישיבוני ישיבמ ישיבנה ישיבנהס ישיבנהפ ישיבנו ישיבני ישיבפ מושב מושבימ משבב משובבת משיב משיבי משיבימ משיבת נשב נשבה נשוב נשובה נשיב שב שבבתי שבבתיכ שבה שבו שבי שביה שבימ שבנה שבנו שבת שבתי שבתמ שובב שובבה שובבי שובבתיכ שובבתכ שובה שובו שובי שובכ שובכמ שובנו שובני תשב תשבו תשבונ תשבי תשבינה תשבנ תשבנה תשבני תשוב תשובב תשובו תשובונ תשובי תשובנ תשיב תשיבו תשיבמ תשיבנו תשיבני
H7726	שובבומ שובבימ
H7728	שובבה
H7734	נשוג
H7735	תשגשגי
H7736	ישוד
H7737	אשוה ישוה ישוו משוה נשתוה שויתי תשוה תשוו
H7739	ישתוה שויו
H7743	שחה תשוח
H7747	שחי
H7750	שטי
H7751	התשוטטנה ישוטטו ישטו ישטטו משוטטימ משטטות שוטטו שט שטו שטימ
H7752	שוטימ
H7753	שכ שכת
H7754	שוכת
H7757	שולי שוליה שוליו שוליכ
H7760	אשימ אשימה אשימכ אשיממ אשימנה אשימנו אשמ אשמה השימי השמתיהו יושמ ישומ ישימ ישימה ישימהו ישימו ישימכ ישיממ ישימני ישמ ישמה ישמהו ישמו ישמכ ישממ ישמני משימ נשימ נשימה שומו שומי שימ שימה שימו שימני שמ שמה שמהו שמו שמוכ שמי שמימ שמכ שמנו שמני שמת שמתהו שמתו שמתי שמתיה שמתיו שמתיכ שמתימ שמתמ שמתני תשימ תשימו תשימונ תשימי תשימנו תשימני תשמ תשמונ תשממ
H7761	יתשמ יתשמונ מתשמ שימ שימו שמ שמה שמו שמת
H7762	שומימ
H7763	שומר
H7767	שנמית
H7768	אשוע אשועה ישועו משוע שועו שועי שועתי תשוע
H7769	שועכ
H7773	שועי
H7775	שועת שועתי שועתמ
H7776	שועלימ שעלימ
H7778	שוער שוערימ שערי שערימ
H7779	ישופכ ישופני תשופנו
H7782	שופר שופרות שופרס שופרתיהמ שפרות
H7783	השיקו תשקקה
H7784	שוקימ
H7785	שוקי שוקיו שקימ
H7786	השירו ישר
H7787	ישר
H7788	שרותיכ תשורי תשרי
H7789	אשור אשורנו ישור ישורנה ישורנו ישר תשורנו תשורני
H7790	שורי
H7791	שורתמ
H7792	שוריא שוריה
H7793	שורה
H7794	שורו שורימ שורכ שרכ
H7797	אשיש ישיש ישישו יששומ נשיש שישו שישי שש ששו ששתי תשיש
H7799	שושנה שושנימ שושנימס שושנת ששנימ
H7804	ישיזב ישיזבנכ ישיזבנכונ משיזב שיזבותה שיזבותכ שיזבותנא שיזיב
H7805	שזפתו שזפתני
H7806	משזר
H7808	שחו
H7809	שחדו תשחדי
H7810	שחדפ
H7811	אשחה שחות
H7812	אשתחוה השתחוה השתחוו השתחוי השתחוית השתחויתי השתחויתמ השתחות ישחנה ישתחו ישתחוה ישתחוו ישתחוופ ישתחוס משתחוה משתחוימ משתחויתמ נשתחוה שחי תשתחו תשתחוה תשתחוו תשתחוינ
H7814	שחוק
H7816	שחותו
H7817	השח ישח ישחו שח שחו שחוח שחותי שחחו שחתי תשח תשתוחח תשתוחחי
H7818	אשחט
H7819	ישחט ישחטהו ישחטו ישחטוהו ישחטומ ישחטמ שוחט שחוט שחוטה שחטו שחטי שחטמ שחטת שחטתמ תשחט תשחטו תשחטי
H7821	שחיטת
H7823	שחיס
H7825	שחיתותמ
H7830	שחצס
H7832	אשחק ישחק ישחקו משחיקימ משחק משחקות משחקימ משחקת שחוק שחקו שחקתי תשחק
H7833	אשחקמ שחקו שחקת
H7834	שחקימ
H7836	אשחרכ ישחרנני משחרי שחרו שחרתני תשחר
H7837	שחרה
H7838	שחורה שחרות שחרימ
H7840	שחרחרת
H7843	אשחית אשחיתכ אשחיתמ השחית השחיתה השחיתו השחיתכ השחיתמ השחיתמס השחיתס השחת השחתו השחתי השחתמ ישחית ישחיתו ישחיתכ ישחת ישחתו משחית משחיתימ משחיתמ משחת משחתימ נשחיתה נשחת נשחתה נשחתות שחתה שחתו שחתכ שחתכמ שחתמ תשחית תשחיתהו תשחיתמ תשחת תשחתונ תשחתי
H7844	שחיתה
H7845	שחתמ
H7846	סטימ שטימ
H7847	ישט שטית תשטה
H7848	שטימ
H7849	ישטחו שטוח שטחומ שטחתי תשטח
H7852	ישטמ ישטמהו ישטמוני ישטמנו ישטמני תשטמני
H7853	ישטנוני שוטני שטנו שטני
H7857	אשטפ ישטופ ישטפ ישטפו ישטפוה ישטפוכ שוטפ שטפונו שטפימ שטפתני תשטפ תשטפני
H7860	שוטר שטרי שטריהמ שטריו שטריכמ שטרימ
H7861	שרטי
H7863	שיאו
H7866	שיאנ
H7867	שב שבתי
H7868	שבי שביא
H7869	שיבוס
H7870	שיבת
H7871	שיבתו
H7872	שיבת שיבתו שיבתי שיבתכ
H7874	שדת
H7876	תשי
H7878	אשוחח אשיח אשיחה ישוחח ישיח ישיחו שיחו תשיחכ
H7879	שחי שיחו שיחי
H7880	שיחימ שיחמ
H7881	שיחתי
H7882	שיחות
H7883	שחור שחר
H7884	לבנת שיחור
H7886	שילו
H7887	שילו שלה שלהפ
H7888	שילוני שלוני
H7891	אשיר אשירה יושר ישורר ישיר ישירו משורר משוררימ משררות משררימ נשיר נשירה שירו שר שרות שרימ שררו תשר
H7892	שירו שירות שירי שיריכ שיריכמ שירימ שירת שריכ שרימ
H7896	אשית אשיתהו אשיתכ אשתנו יושת ישית ישיתהו ישיתו ישיתוהו ישת שיתה שיתו שיתי שיתמו שת שתה שתו שתי שתמ שתני תשית תשיתהו תשיתו תשיתי תשיתמו תשת תשתהו
H7898	שיתו
H7899	שכימ
H7900	שכו
H7901	אשכב אשכבה השכב השכבה השכבתימ השכיבה ישכב ישכבהו ישכבו ישכבונ ישכבנה ישכבס ישכיב ישכיבהו משכב נשכבה שוכב שכבה שכבו שכבי שכבימ שכבכ שכבת שכבתי שכבתמ תשכב תשכבהו תשכבונ תשכבונפ תשכבנה תשכיבהו
H7902	שכבת
H7903	שכבתו שכבתכ
H7904	משכימ
H7905	שכות
H7909	שכולה שכלה שכלות
H7910	שכור שכורי שכורימ שכרה שכרי
H7911	אשכח אשכחה אשכחכ השכיח ישכח ישכחהו ישכחהופ ישכחו ישתכחו נשכח נשכחה נשכחו נשכחימ נשכחת נשכחתי שכחה שכחו שכחוכ שכחוני שכחי שכחנו שכחנוכ שכחני שכחת שכחתי שכחתמ שכחתני תשכח תשכחו תשכחי תשכחנה תשכחנו תשכחני תשכחס תשכחפ
H7912	השכחה השכחו השכחנה השכחת השתכח השתכחת נהשכח תהשכח
H7913	שכחי שכחימ
H7914	שכיות
H7916	שכירכ שכריה
H7918	השכתי ישכו שכ שככהפ
H7919	אשכילה אשכילכ השכיל השכילו השכילכ השכילמ השכל השכלתי ישכיל ישכילו משכיל משכילי משכילימ משכלימ משכלת תשכיל תשכילו תשכל
H7920	משתכל
H7921	אשכל משכיל משכלה שכלה שכלו שכלכ שכלמס שכלתה שכלתי שכלתימ שכלתמ תשכל תשכלי
H7922	שכלו
H7923	שכליכ
H7925	אשכימ השכימ השכימו השכמ השכמתמ ישכימו ישכמ ישכמו משכימ משכימי נשכימה תשכימ
H7926	שכמה שכמו שכמי שכמכ שכממ
H7927	שכמה
H7931	אשכונ אשכנ אשכנה השכנתי ישכונ ישכונו ישכינו ישכנ ישכנו שכונ שכוני שכנה שכנו שכני שכניהמ שכנימ שכנס שכנת שכנתי תשכונ תשכנ תשכנה
H7932	ישכננ
H7934	שכנו שכנות שכני שכניה שכניו שכניכ שכנינו שכנתה
H7935	שכניה שכניהס
H7936	ישכר ישכרו ישכרני משתכר נשכרו סכרימ שכור שכרו שכרימ שכרתיכ
H7937	אשכיר אשכרמ השכירהו השכרתי השכרתימ ישכר ישכרהו ישכרו ישכרונ משכרת שכרה שכרו שכרת תשכרי תשתכרינ
H7939	שכרה שכרו שכרוס שכרי שכרכ
H7942	שכרונה
H7947	משלבת
H7949	תשלג
H7950	שלגס
H7951	ישליו שלו שלותי
H7952	תשלה תשלו
H7953	ישל
H7957	שלהבתיה
H7958	שלוימ
H7959	שלוי
H7961	שלוה שלוי שליו
H7962	שלות שלותיכ
H7963	שלותכ
H7964	שלוחיה שלחימ
H7965	שלומה שלומי שלומימ שלומימס שלומכ שלומנו שלומס שלומפ שלמ שלמיו שלמכ שלממ
H7966	שלומימ שלמ
H7967	שלמ
H7969	שלוש שלושה שלשה שלשהס שלשת שלשתכמ שלשתמ
H7970	שלושימ שלושימס שלשימס שלשימפ
H7971	אשלח אשלחה אשלחהו אשלחכ אשלחמ אשלחנו השלחתי השליח ישלח ישלחה ישלחהו ישלחהוס ישלחו ישלחוה ישלחומ ישלחכ ישלחמ ישלחנו ישלחני משלח משלחי משלחימ משלחכ משליח נשלוח נשלחה נשלחכ נשלחנו שולח שלוח שלוחה שלחה שלחהו שלחו שלחוכ שלחוני שלחי שלחיו שלחיכפ שלחימ שלחכ שלחמ שלחנו שלחני שלחניס שלחת שלחתה שלחתו שלחתי שלחתיה שלחתיו שלחתיכ שלחתימ שלחתמ שלחתנו שלחתני תשלח תשלחהו תשלחו תשלחומ תשלחוני תשלחי תשלחמ תשלחנה תשלחנו תשלחני
H7972	ישלח שלחו שלחנא שלחתונ שליח
H7973	שלחו שלחיכ
H7976	שלחותיה
H7979	שלחנה שלחנו שלחנות שלחני שלחנכ שלחנמ שלחנפ
H7980	השליטו ישלט ישלטו ישליטנו שלוט שלטו תשלט
H7981	השלטה השלטכ ישלטס שלטו תשלט תשלטפ
H7982	שלטי שלטיהמ שלטימ
H7984	שלטני
H7985	שלטנא שלטנה שלטנהונ שלטניא שלטנכ
H7988	שליתה
H7989	שליטימ
H7990	שלטנ שליטא שליטינ
H7991	שלישו שלישיו שלישימ שלש שלשו שלשי שלשיו שלשימ שלשמ
H7992	שלישיה שלישיפ שלישית שלישת שלישתה שלשי שלשיה שלשימ שלשית שלשת שלשתיכ
H7993	אשליכ אשליכה אשלכ אשלכהו אשלכמ השליכ השליכה השליכהו השליכו השליכי השליכמ השלכ השלכה השלכהו השלכו השלכת השלכתו השלכתי השלכתיכ השלכתנה ישליכ ישליכהו ישליכו ישליכומ ישלכ ישלכהו ישלכו ישלכמ משליכ משליכי משלכ משלכימ משלכת נשליכה נשלכהו תשליכ תשליכהו תשליכי תשליכני תשלכ תשלכונ תשלכי
H7997	אשתוללו ישלוכ משתולל של שלות שללו שלליה שלליהמ שללימ תשלו
H7998	שללה שללו שללכ שללכמ שללמ
H7999	אשלמ אשלמה השלימה השלימו השלמה ישלימ ישלימו ישלמ ישלמו ישלמוני ישלמכ ישלמנה ישלמס ישלמפ משלמ משלמי משלמימ נשלמה שולמי שלמו שלמי שלמתי שלמתמ תשלימ תשלימני תשלמ
H8000	השלמ השלמה
H8001	שלמא שלמכונ
H8002	שלמי שלמיהמ שלמיו שלמיכ שלמיכמ שלמימ שלמימפ שלמינו
H8003	שלמה שלמות שלמימ
H8008	שלמות שלמותי שלמותינו שלמת שלמתו שלמתיהמ שלמתיכ שלמתיכמ
H8010	שלמהס שלמהפ
H8011	שלמת
H8018	שלמיה
H8019	שלומית
H8021	שלמנימ
H8025	ישלפ ישלפה שלופה שלפה שלפי
H8027	ישלשו משלש משלשות משלשת שלשו שלשת
H8029	שלשימ
H8032	שלשומ שלשומס
H8033	שמה שמהס שמס שמפ
H8034	שמה שמו שמוס שמופ שמות שמותמ שמותנ שמותס שמי שמכ שמכה שמכמ שממ שמנו שמפ שמת שמתמ
H8036	שמה שמהת שמהתהמ
H8040	שמאול שמאולה שמאולכ שמאולמ שמאולס שמאולפ שמאלה שמאלו שמאלכ שמאלמ
H8041	אשמאילה השמיל השמילי משמאלימ תשמאילו
H8042	שמאלית
H8045	אשמיד אשמידכ אשמידמ השמד השמדו השמדכ השמדמ השמדתי השמדתיו השמיד השמידו השמידומ השמידכ השמידמ השמידנו ישמד ישמיד ישמידו ישמידומ ישמידמ נשמד נשמדה נשמדו נשמדנו נשמדתי נשמידה תשמדונ תשמיד תשמידו תשמידמ
H8046	השמדה
H8047	שמהפ שמות
H8050	שמואלס שמואלפ
H8052	שמעה שמעות שמעת שמעתנו
H8055	אשמח אשמחה השמחת ו ישמח ישמחו ישמחנה משמח משמחי נשמחה שמוח שמחה שמחהו שמחו שמחוכ שמחי שמחמ שמחנו שמחת שמחתי שמחתימ שמחתמ שמחתני תשמח תשמחו תשמחי תשמחנה
H8056	שמחה שמחי שמחימ
H8057	שמחהס שמחהפ שמחות שמחת שמחתו שמחתי שמחתכ שמחתכמ
H8058	ישמטוה נשמטו שמוט שמטו שמטוה שמטתה תשמט תשמטנה
H8064	שמי שמיו שמיכ שמיכמ שמימה שמימס שמימפ
H8065	שמיא
H8066	שמינת
H8068	שמירו
H8069	שמירפ
H8071	שמלת שמלתו שמלתיו שמלתיכ שמלתיכמ שמלתכ שמלתמ שמלתנו
H8074	אשממ אשתוממ השמה השמו השמופ השמות השמותי השממ השמתי ישימ ישמ ישמו ישממ ישתוממ משוממ משמימ משממ נשימ נשמה נשמו נשמות שוממה שוממימ שוממינ שמה שמו שמות שממה שממו שממות שממפ שממתיכ שממתינו תשוממ
H8075	אשתוממ
H8076	שממה שממות
H8077	שממות
H8080	השמנ ישמינו ישמנ שמנו שמנת
H8081	שמנה שמני שמניכ שמנימ שמנס
H8082	שמנה
H8083	שמונה שמונת שמנהס שמנהפ שמנת
H8084	שמונימ שמונימס
H8085	אשמיע אשמיעכ אשמיעמ אשמע אשמעה אשמעמ השמיע השמיעו השמיעוה השמיעיני השמיעכ השמיענו השמיעני השמע השמעת השמעתי השמעתיכ ישמיע ישמיעו ישמיענו ישמע ישמעו ישמעונ ישמעכ ישמענו ישמעני ישמעס משמיע משמיעימ משמעימ נשמע נשמעה נשמעו נשמעימ נשמענה נשמעס נשמעת שומע שמוע שמעה שמעו שמעוני שמעוס שמעי שמעימ שמעכ שמעכמ שמעמ שמענ שמענה שמענו שמענוה שמעני שמעת שמעתו שמעתי שמעתיו שמעתיכ שמעתיס שמעתמ תשמיעו תשמיעני תשמע תשמעו תשמעוה תשמעונ תשמעוס תשמענה
H8086	ישמע ישתמעונ שמעינ שמעת תשמעונ
H8088	שמעה שמעי שמעכ שמעמ
H8089	שמעו
H8096	שמעיס
H8098	שמעיה
H8099	שמעוני
H8104	אשמר אשמרה אשמרנה אשתמר אשתמרה השמר השמרו השמרי ו ישמר ישמרהו ישמרו ישמרכ ישמרכס ישמרנו ישמרני ישתמר משמרימ נשמר נשמרו נשמרת נשמרתמ שומר שמור שמרה שמרו שמרי שמרימ שמרכ שמרמ שמרנו שמרני שמרת שמרתי שמרתיכ שמרתמ שמרתני תשמור תשמורמ תשמר תשמרו תשמרונ תשמרכ תשמרמ תשמרני
H8105	שמריה שמריהמ שמריו שמרימ
H8107	שמרימ
H8109	שמרות
H8110	שמרנ
H8111	שמרונה שמרונהפ שמרונס שמרונפ
H8112	מראונ שמרונ
H8114	שמריה שמריהס
H8118	שמרנימ
H8120	ישמשונה
H8121	שמשה שמשכ שמשס שמשתיכ
H8122	שמשא
H8127	שנופ שני שניהמ שניו שניוס שניכ שנימ שנימו
H8128	שנה שנינ
H8130	אשנא ישנא ישנאה ישנאו ישנאכ משנאי משנאיו משנאיכ משנאינו שונא שנאה שנאהו שנאו שנאוני שנאותיכ שנאי שנאיהמ שנאיו שנאיכ שנאיכמ שנאינו שנאכ שנאת שנאתה שנאתי שנאתיה שנאתיהו שנאתיו שנאתימ שנאתמ שנאתני שנואה תשנא
H8131	שנאכ
H8132	ישנא
H8133	אשתני השניה יהשנא ישנא ישנונ ישתנא ישתנו ישתנונ מהשנא משניה שנו שנוהי שניה שניו שנינ תשנא
H8135	שנאת שנאתו שנאתיכ שנאתמ
H8138	אשנה השנות השתנית ישנה ישנו משנה שונה שונימ שנו שנות שנותו שניתי תשנו
H8139	שנתה
H8140	שנינ שנת
H8141	שנהס שנהפ שנות שנותי שנותיו שנותיכ שנותינו שנותמ שני שניהמ שניו שנימ שנימפ שנינו שנת שנתה שנתו שנתיכ שנתימ
H8142	שנא שנות שנת שנתו שנתי שנתכ שנתמ
H8144	שנימ
H8145	שנימ שניס שניפ שנית
H8146	שניאה
H8147	שני שניהמ שניהמפ שניכמ שנימס שנימפ שנינו שתי שתיהמ שתיהנ שתימ שתימס
H8150	אשתוננ שנונ שנונימ שנותי שננו שננתמ
H8151	ישנס
H8154	ישסה שוסינו שושתי שסהוס שסו שסוי שסי שסיהמ שסימ
H8155	ישסו נשסו שאסיכ שסהו
H8156	ישסע ישסעהו שסועה שסעת
H8158	ישספ
H8159	אשעה השע ישע ישעה ישעו נשתעה שעו תשעה תשעינה תשתע
H8160	שעתא שעתה
H8161	שעטת
H8163	שעירי שעירימ שעירמ שערת
H8164	שעירמ
H8165	שעירה שעירפ
H8166	שעירת
H8167	שעירתה
H8168	שעלו שעלי שעלימ
H8169	שעלבינ
H8170	שעלבניס
H8172	אשענ השענ השענו השענכ השענמ ישענ ישענו נשענ נשענו נשענת תשענ תשענו
H8173	אשתעשע השע השתעשעו ישעשעו שעו שעשע שעשעתי תשעשעו
H8175	ישערהו ישערו ישערנו ישתער נשערה שערו שערומ
H8177	שערה
H8179	שערה שערהס שערי שעריה שעריהמ שעריו שעריכ שעריכמ שעריכס שערימ שערפ
H8180	שערימ
H8181	שערה שערו שערכ
H8182	שערימ
H8184	שעורימ שערימ
H8185	שערות שערת שערתו
H8186	שערוריה שעררת
H8191	שעשועיו שעשעי
H8192	נשפה שפו
H8193	שפת שפתה שפתו שפתות שפתותיהמ שפתותיו שפתותיכ שפתותיכמ שפתי שפתיה שפתיהמ שפתיו שפתיופ שפתיכ שפתימ שפתימו שפתימפ שפתינו שפתמ שפתתיכ
H8196	שפוטימ
H8198	שפחות שפחותיכמ שפחותס שפחת שפחתה שפחתו שפחתי שפחתיו שפחתיכ שפחתכ
H8199	אשפוט אשפט אשפטה אשפטכ אשפטמ השפט השפטו ישפוט ישפוטו ישפט ישפטו ישפטוהו ישפטני משפטי נשפט נשפטה נשפטתי שופט שפוט שפטה שפטו שפטוכ שפטומ שפטונו שפטי שפטיה שפטיהמ שפטיו שפטיכ שפטיכמ שפטימ שפטינו שפטכ שפטנו שפטני שפטת שפטתי שפטתיכ שפטתימ שפטתמ תשפוט תשפט תשפטו
H8200	שפטינ
H8201	שפטי שפטימ
H8203	שפטיה
H8205	שפיימ שפימ
H8206	שפמ
H8210	אשפוכ אשפכ אשפכה השפכ השתפכ ישפכ ישפכו ישפכמ נשפכ נשפכתי שופכ שפוכ שפוכה שפכו שפכות שפכי שפכימ שפככ שפכת שפכתהו שפכתי תשפכ תשפכו תשפכי תשפכנו תשתפכ תשתפכנה
H8213	אשפיל השפיל השפילהו השפילו השפילכ השפלתי ישפיל ישפילה ישפילנה ישפל ישפלו משפיל משפילי שפלת תשפיל תשפילי תשפילנו תשפל תשפלנה
H8214	השפלהפ השפלת יהשפל משפיל
H8216	שפלנו
H8217	שפלה שפלימ שפלת
H8219	שפלתה
H8221	שפמה
H8222	שפמו
H8225	שפמיס
H8226	שפוני
H8227	שפנימ שפנפ
H8229	שפעת
H8231	שפרה
H8232	ישפר
H8233	שפרס
H8237	שפרירו
H8238	שפרפרא
H8239	תשפת תשפתני
H8242	שקו שקי שקיהמ שקימ
H8243	שקוהי
H8244	נשקד
H8245	אשקד ישקד ישקוד שקדו שקדי שקדתי
H8246	משקדימ
H8247	שקדימ
H8248	אשקה אשקכ אשקנה השקה השקהו השקו השקות השקינו השקיני השקית השקיתה השקיתי השקיתימ השקיתנו השקתה השקתו השקתימ ישק ישקה ישקהו ישקו ישקומ ישקוני ישקנו ישקני משקה נשקה נשקנו תשק תשקה תשקהו תשקו תשקינ תשקמ תשקמו
H8249	שקוי
H8250	שקויי
H8251	שקוצי שקוציה שקוציהמ שקוציכ שקוצימ שקצ שקציו שקצימ
H8252	אשקוט אשקטה השקט השקיט ישקט ישקיט שקטה שקטימ שקטת שקטתי תשקט תשקטי
H8254	אשקול אשקל אשקלה ישקל ישקלו ישקלני נשקל שקול תשקול תשקלו
H8255	שקלי שקלימ שקלס
H8256	שקמותמ שקמימ
H8257	אשקיע נשקעה שקעה תשקיע תשקע
H8258	שקערורת
H8259	השקיפ השקיפה ישקיפ ישקיפו ישקפ ישקפו נשקפ נשקפה נשקפתי תשקפ
H8261	שקפימ
H8262	תשקצו תשקצנו
H8264	ישקו ישתקשקונ שוקק שוקקה שקקה
H8265	משקרות
H8266	אשקר ישקר ישקרו שקרנו תשקר תשקרו
H8267	שקריהמ שקרימ שקרס
H8268	שקתות
H8269	שרי שריה שריהמ שריהס שריו שריכ שריכמ שרימ שרינו שרכמפ
H8270	שרכ
H8271	משרא משתרינ שריו שרינ
H8272	אצר שר שראצרבניו
H8275	שרבט שרביטס
H8276	ישרגו ישתרגו
H8277	שרדו
H8280	שרית
H8281	ישרהו שריתיכ
H8282	שרות שרותיה שרותיהמ שרתי
H8284	שרותיה
H8285	שירות
H8291	שרוקיה
H8292	שריקות שרקות
H8295	ישרטו שרוט
H8299	שרגימ שריגיה שריגמ
H8300	שרידי שרידיו שרידימ
H8302	שרינ שרינות שרינימ
H8304	שריה
H8305	שריקות
H8306	שרירי
H8307	שררות
H8308	משרכת
H8310	סכימ שר
H8311	השתרע שרוע
H8312	שרעפי
H8313	אשרפ ישרפ ישרפה ישרפו ישרפוה ישרפמ ישרפפ נשרפ נשרפה שרופ שרופה שרופות שרפה שרפו שרפוה שרפות שרפימ שרפמ שרפנו שרפת שרפתי שרפתמ תשרפ תשרפו תשרפונ תשרפנה תשרפנו תשרפס תשרפפ
H8314	שרפימ
H8316	שרפת
H8317	ישרצ ישרצו שרצו שרצת
H8319	אשרקה ישרק שרקו
H8320	שרקימ
H8323	השתרר ישרו תשתרר
H8324	שוררי שררי
H8326	שררכ
H8327	ישרש ישרשו משריש שרשו שרשכ תשרש
H8328	שרשו שרשי שרשיה שרשיו שרשכ שרשמ
H8330	שרשוהי
H8331	שרשת
H8333	שרשרות שרשרת
H8334	ישרת ישרתהו ישרתהופ ישרתו ישרתוכ ישרתונכ ישרתני משרת משרתו משרתי משרתיו משרתימ משרתמ שרתו שרתמ שרתני תשרתהו
H8336	ששס ששפ
H8337	ששה ששהס ששת
H8338	ששאתיכ
H8341	ששיתמ
H8342	ששנ
H8345	ששיפ ששית
H8346	ששימס
H8354	אשת אשתה ישת ישתה ישתהו ישתו ישתוס ישתיונ נשתה שותי שותימ שתו שתות שתותה שתותו שתותמ שתותס שתי שתיו שתימ שתינו שתית שתיתי שתיתמ שתת תשת תשתה תשתו תשתי תשתינהס
H8355	אשתיו ישתונ שתינ
H8356	שתות שתתיה
H8357	שתותיהמ
H8362	אשתלנו שתול שתולה שתולימ שתלתי
H8363	שתלי
H8366	משתינ
H8367	ישתק ישתקו
H8368	ישתרו
H8370	בוזני שתר
H8371	שתו
H8372	תאות תאי תאיו תאימ
H8373	תאבתי
H8374	מתאב
H8376	תתאו
H8377	תוא
H8378	תאות תאותי תאותמ
H8379	תאות
H8380	תאומי תאומימ תאמי תאמימ תואממ תוממ
H8381	תאלתכ
H8382	מתאימות
H8384	תאני תאניכמ תאנימ תאנתה תאנתו תאנתי תאנתכ תאנתמ
H8385	תאנתה
H8387	שלה תאנת
H8388	יתארהו מתאר
H8389	תארו תארמ
H8392	תבת
H8393	תבואות תבואת תבואתה תבואתו תבואתי תבואתיכמ תבואתכ תבואתנו
H8394	תבונות תבונמ תבונתו תבונתי תבונתיכמ תבונתכ
H8395	תבוסת
H8396	תבורס
H8399	תבליתמ
H8403	תבניתו תבניתמ תבניתפ
H8406	תבירה
H8407	פלאסר פלנאסר פלנסר פלסר תגלת תלגת
H8408	תגמולוהי
H8409	תגרת
H8415	תהומות תהמות תהמת
H8416	תהלות תהלת תהלתו תהלתי תהלתיכ תהלתכ
H8418	תהלכת
H8419	תהפכות תהפכת
H8420	תוי
H8421	התבותכ התיב התיבונא יהתיבונ יתוב יתיבונ
H8422	תבל
H8423	קינ תובל
H8424	תוגת
H8425	תוגרמה
H8426	תודות תודת
H8427	התוית יתיו
H8428	התוו
H8431	תוחלתי תחלתו
H8432	תוכה תוכהנה תוכהס תוכהפ תוכו תוכי תוככ תוככי תוככמ תוכמ תוכמס תוכמפ תוכנו תככמ תכמ
H8433	תוכחות תוכחתו תוכחתי תכחות
H8435	תולדת תולדתמ תלדות תלדותמ תלדת תלדתיו תלדתמ
H8437	תוללינו
H8438	תולעהפ תולעימ תולעת תולעתמ תלעת
H8441	תועבות תועבותיה תועבותיהמ תועבותיהנ תועבותיכ תועבותיכמ תועבותמ תועבת תועבתיה תועבתיהמ תועבתיכ תועבתיכמ תועבתיכס תועבתמ תעבה תעבות תעבתיו
H8443	תועפות תועפת
H8444	תוצאות תוצאותמ תוצאת תוצאתיו תצאות תצאתיו
H8446	יתור יתירו יתר יתרו תרו תרימ תרתי תרתמ תתרו
H8447	תורי תר תרימ
H8449	תור תורכ תרימ
H8450	תורינ
H8451	תורהפ תורות תורת תורתו תורתי תורתיו תורתכ תרתו
H8452	תורת
H8453	תושבימ תושבכ תשבי
H8454	תושיהס תשיה
H8456	התז
H8457	תזנותה תזנותיה תזנותיכ תזנותיכס תזנותכ תזנותמ תזנתיכ תזנתכ
H8458	תחבולתיו תחבלות
H8460	תחתוהי
H8462	תחלת
H8463	תחלאיה תחלאיכי תחלואי
H8466	תחנתי
H8467	תחנת תחנתו תחנתי תחנתיהמ תחנתכ תחנתכמ תחנתמ תחנתנו
H8469	תחנונותי תחנוני תחנוניו תחנוניכ תחנונימ תחנונינו
H8471	תחפנחסס
H8472	תחפנס
H8474	מתחרה תתחרה
H8476	תחשימ
H8478	תחתי תחתיה תחתיהמ תחתיהנ תחתיו תחתיוס תחתיופ תחתיכ תחתיכמ תחתינו תחתמ תחתנה תחתני
H8481	תחתונה תחתונות תחתנה תחתנות
H8482	תחתיה תחתיות תחתיותפ תחתימ תחתית תחתיתפ
H8483	חדשי תחתימ
H8484	תיכונה תיכנ תיכנה תיכנות תכנות
H8485	תמא
H8486	תימנה תמנ
H8489	תמני
H8490	תימרות
H8491	תיציס
H8492	תירושי תירושכ תירושמ תירש תירשכ
H8494	תירסס
H8495	תישימ
H8496	תוכ תככימ
H8497	תכו
H8498	תכונתו
H8499	תכונתו
H8500	תוכיימפ
H8505	יתכנ יתכנו מתכנ נתכנו תכנתי
H8510	תלה תלמ
H8511	תלאומ תלאימ תלואימ
H8512	אביב תל
H8514	תלאבות
H8515	תלשר
H8518	יתלו יתלמ נתלו תלהו תלו תלוי תלוימ תלות תלינו תלית
H8519	תלונת תלונתמ תלנות תלנתיכמ
H8521	חרשא תל
H8522	תליכ
H8523	תליתאה
H8525	תלמי תלמיה
H8527	תלמידפ
H8528	מלח תל
H8529	מתלעימ
H8531	תלתא
H8532	תלתא תלתה תלתהונ
H8535	תמימ תמתי
H8537	תמו תמי תממ
H8538	תמת תמתו תמתי תמתכ
H8539	התמהו יתמהו תמהו תתמה
H8540	תמהוהי תמהיא תמהינ
H8542	תמוזס
H8543	תמל
H8544	תמונת תמונתכ תמנת
H8545	תמורתה תמורתו
H8548	תמידס תמידפ
H8549	תמימה תמימי תמימימ תמיממ תמימת
H8550	תומימ תמיכ
H8551	אתמכ יתמכ יתמכו תומיכ תומכ תמכה תמכו תמכיה תמכת תמכתיכ תתמכ
H8552	איתמ התמ התמו התמכ התמתי יתמ יתמו תמ תמו תמי תממפ תמנו תתמ תתממ
H8553	תמנתה
H8555	תמנעס
H8556	חרס סרח תמנת
H8558	תמרימ
H8559	תמדו
H8561	תמרות תמריו תמרימ תמרת
H8562	תמרוקי תמרוקיה תמרוקיהנ
H8563	תמרורימ
H8564	תמרורימ
H8565	תנימ
H8566	התנו יתנו
H8567	יתנו תנות
H8569	תנואות תנואתי
H8570	תנובהס תנובת תנובתי
H8572	תנומות
H8573	תנופת
H8574	תנוריכ תנורימ תנורימס
H8575	תנחומיכ תנחומימ תנחומתיכמ תנחמות תנחמיה
H8577	התנינ תנות תנימ תנימס תנינימ תנינמ
H8578	תנינה
H8581	אתעבה התעבת התעיבו יתעב יתעבו מתעב מתעבימ נתעב תעבוני תתעב תתעבי תתעבנו
H8582	התעה התעו התעומ התעות התעיתמ יתע יתעו יתעומ יתעמ מתעה מתעימ נתעה תועה תעו תעות תעי תעינו תעיתי תתע תתעמ תתענו
H8585	תעלת תעלתיה
H8586	תעלליהמ
H8587	תעלמות
H8588	תענגיה תענוגיכ תענוגימ תענוגת
H8589	תעניתי
H8591	מתעתע מתעתעימ
H8592	תעצמות
H8593	תערה תערכ
H8594	תערבות
H8596	תפיכ תפימ
H8597	תפארת תפארתו תפארתי תפארתיס תפארתכ תפארתכמ תפארתמ תפארתנו
H8598	תפוחי תפוחימ
H8600	תפוצותיכמ
H8601	תפיני
H8605	תפלות תפלת תפלתו תפלתי תפלתכ תפלתמ
H8606	תפלצתכ
H8608	מתפפת תופפות
H8609	יתפרו מתפרות תפור תפרתי
H8610	אתפש התפשפ יתפש יתפשה יתפשו יתפשומ יתפשמ נתפש נתפשה נתפשו נתפשמ נתפשת תפוש תפשה תפשהו תפשו תפשוהו תפשומ תפשי תפשכמ תפשמ תפשתי תפשתמ תתפש תתפשהו תתפשופ
H8615	תקות תקותה תקותי תקותכ תקותמ תקותנו
H8616	תקהת
H8618	תקוממיכ
H8620	תקועה
H8621	תקועימ תקועיס תקועית תקעימ תקעית
H8622	תקופת תקופתו תקפות
H8624	תקיפא תקיפה תקיפינ
H8625	תקילתה
H8627	התקנת
H8628	יתקע יתקעה יתקעהו יתקעו יתקעמ תוקע תקוע תקועה תקעו תקעי תקעימ תקעת תקעתי תקעתיו תקעתמ תתקע תתקעו
H8630	יתקפו תתקפהו
H8631	תקפה תקפת
H8632	תקפא
H8633	תקפו
H8637	תרגלתי
H8638	מתרגמ
H8639	תרדמת
H8641	תרומות תרומותיכמ תרומת תרומתי תרומתיכמ תרומתינו תרומתכמ תרומתמ תרמת
H8643	תרועת
H8644	תרופהס
H8648	תרי תרתינ
H8649	תרמיתמ תרמת
H8650	תרנמ
H8652	תרעיא
H8656	תרצתה
H8659	תרשישה
H8663	תשאות
H8666	תשבת תשבתו תשובת תשובתיכמ
H8668	תשועהס תשועת תשועתי תשועתכ תשעה
H8669	תשוקתו תשוקתוס תשוקתכ
H8671	תשיעית תשיעת תשעי תשעית
H8672	תשעה תשעהפ תשעת
H9005	לו
H9007	של
H9030	י יס יפ
H9031	כה כס כפ
H9032	כס כפ
H9033	ה וס ופ
H9034	הס הפ
H9035	נא נוס
H9036	כונ כמס כמפ
H9037	כנה
H9038	הומ הונ הונפ המה המהס המס המפ מ מו מס מפ
H9039	הנה הנס
