# book	chapter	verse	weight	tier (1 familiar, 2 the rest)  (Verse Scroll Discover pool, see tools/verse_scroll/make_assets.py)
Isaiah	41	10	65.45	1
1 Peter	2	9	57.11	1
Isaiah	9	6	56.95	1
Romans	8	31	54.48	1
2 Corinthians	12	9	53.39	1
Isaiah	61	1	50.37	1
Titus	2	14	49.26	1
John	1	14	47.77	1
Psalms	27	1	47.73	1
Isaiah	57	15	47.59	1
Matthew	28	20	47.59	1
Revelation	11	15	47.09	1
Galatians	5	22	47.04	1
Revelation	5	9	46.58	1
Philippians	4	13	46.35	1
Romans	8	28	45.65	1
Joshua	1	9	45.46	1
Jeremiah	23	5	44.75	1
Isaiah	55	6	44.13	1
Micah	7	18	43.98	1
Revelation	1	5	43.84	1
Isaiah	43	1	43.74	1
Ephesians	6	10	43.69	1
Isaiah	12	2	43.69	1
1 Peter	5	10	43.55	1
Ezekiel	36	25	43.50	1
Zechariah	9	9	43.50	1
2 Corinthians	5	21	43.45	1
James	2	5	43.35	1
Revelation	21	8	43.16	1
1 John	5	20	42.77	1
1 Peter	5	5	42.67	1
Titus	3	3	42.32	1
Zechariah	13	9	42.22	1
Matthew	12	34	41.58	1
Matthew	28	18	41.38	1
Acts	26	18	41.23	1
Hebrews	12	2	41.18	1
John	14	6	41.03	1
1 Corinthians	6	9	40.97	1
1 Peter	3	18	40.92	1
1 Peter	2	5	40.57	1
Matthew	25	34	40.57	1
Acts	7	51	40.42	1
Daniel	9	24	40.37	1
Psalms	84	11	40.37	1
2 Peter	2	1	40.06	1
1 Peter	1	22	39.96	1
1 Chronicles	28	9	39.91	1
John	15	7	39.85	1
Isaiah	42	1	39.80	1
1 Corinthians	1	30	39.75	1
Hebrews	1	3	39.75	1
Hebrews	13	20	39.70	1
2 Corinthians	4	4	39.65	1
Isaiah	46	10	39.54	1
Daniel	2	44	39.39	1
James	1	12	39.39	1
Jeremiah	31	33	39.23	1
Zechariah	12	10	39.03	1
Philippians	4	6	38.97	1
Psalms	50	15	38.76	1
Psalms	46	1	38.71	1
1 Corinthians	4	5	38.61	1
1 Peter	2	24	38.61	1
2 Corinthians	4	6	38.55	1
Psalms	2	6	38.50	1
Hebrews	13	5	38.45	1
Isaiah	55	8	38.45	1
Genesis	17	7	38.40	1
Isaiah	49	6	38.34	1
Ephesians	1	6	38.03	1
Joel	2	28	38.03	1
John	15	16	38.03	1
Exodus	19	5	37.92	1
Romans	3	19	37.92	1
Ephesians	3	16	37.87	1
Ephesians	5	2	37.81	1
Matthew	6	33	37.65	1
Matthew	7	7	37.55	1
Revelation	12	9	37.55	1
Revelation	20	11	37.55	1
Mark	7	21	37.49	1
2 Corinthians	5	17	37.39	1
1 Corinthians	15	58	37.28	1
James	1	5	37.22	1
1 Timothy	3	16	37.01	1
Matthew	23	13	36.95	1
John	3	16	36.90	1
John	7	37	36.90	1
Malachi	3	5	36.79	1
Isaiah	9	7	36.74	1
Numbers	23	19	36.63	1
Hebrews	6	10	36.57	1
John	11	25	36.57	1
Matthew	25	41	36.57	1
Isaiah	60	1	36.52	1
1 Timothy	6	17	36.41	1
Hebrews	7	25	36.41	1
Revelation	2	10	36.41	1
1 John	1	7	36.30	1
Luke	6	45	36.30	1
Genesis	49	10	36.25	1
Galatians	5	6	36.19	1
Zechariah	13	7	36.14	1
Ephesians	1	4	36.08	1
Matthew	6	13	36.08	1
Micah	5	2	36.03	1
1 John	4	9	35.97	1
1 Peter	1	3	35.97	1
Ephesians	2	4	35.92	1
Romans	2	5	35.92	1
Matthew	24	35	35.86	1
Isaiah	40	29	35.75	1
Malachi	3	1	35.64	1
1 Peter	1	7	35.59	1
Jeremiah	25	9	35.47	1
2 Thessalonians	2	13	35.36	1
Isaiah	53	10	35.36	1
James	1	17	35.31	1
Revelation	7	14	35.31	1
1 John	5	14	35.25	1
Hebrews	4	12	35.25	1
John	1	29	35.25	1
Revelation	15	3	35.25	1
1 Peter	5	8	35.20	1
Revelation	19	20	35.14	1
Romans	12	1	35.14	1
Matthew	11	25	35.08	1
Colossians	3	16	35.03	1
John	10	28	35.03	1
Romans	5	20	35.03	1
Isaiah	7	14	34.97	1
Psalms	110	1	34.97	1
2 Corinthians	1	12	34.92	1
Psalms	22	27	34.92	1
Luke	4	18	34.80	1
Jude	1	24	34.63	1
Revelation	3	19	34.58	1
Revelation	19	1	34.52	1
Romans	2	7	34.52	1
Hebrews	5	7	34.41	1
John	16	33	34.41	1
Revelation	2	23	34.41	1
Colossians	1	11	34.29	1
Isaiah	40	11	34.29	1
Isaiah	51	12	34.29	1
James	3	17	34.29	1
Matthew	17	5	34.29	1
Revelation	7	9	34.29	1
Romans	11	33	34.29	1
2 Timothy	1	9	34.24	1
John	6	27	34.18	1
Malachi	1	11	34.18	1
Titus	3	5	34.18	1
Jeremiah	17	9	34.12	1
John	3	36	34.12	1
Acts	10	38	34.07	1
Hebrews	13	15	34.07	1
Hebrews	6	18	34.07	1
2 Corinthians	6	16	34.01	1
Acts	20	28	34.01	1
Genesis	3	15	34.01	1
John	4	14	34.01	1
Isaiah	11	11	33.95	1
Isaiah	61	10	33.95	1
John	1	18	33.90	1
Matthew	25	31	33.90	1
John	10	27	33.84	1
John	14	21	33.84	1
Titus	2	11	33.84	1
2 Timothy	2	19	33.78	1
James	2	13	33.72	1
Ephesians	1	3	33.67	1
2 Timothy	4	17	33.61	1
Ephesians	4	22	33.61	1
Revelation	18	20	33.55	1
Proverbs	21	30	33.49	1
Revelation	1	17	33.43	1
2 Thessalonians	2	16	33.38	1
Genesis	15	18	33.38	1
Isaiah	44	3	33.38	1
Isaiah	61	3	33.38	1
Acts	2	38	33.32	1
Genesis	15	1	33.32	1
John	14	27	33.32	1
Deuteronomy	31	6	33.26	1
Isaiah	55	3	33.26	1
Romans	5	8	33.26	1
Isaiah	60	19	33.14	1
Luke	24	47	33.14	1
Isaiah	1	15	33.09	1
Psalms	2	1	33.09	1
James	4	8	33.03	1
Isaiah	2	2	32.97	1
1 Thessalonians	4	1	32.91	1
John	8	44	32.91	1
Matthew	28	19	32.85	1
Romans	1	28	32.85	1
2 Thessalonians	2	9	32.79	1
Colossians	3	5	32.74	1
Ephesians	3	8	32.74	1
Hebrews	4	13	32.74	1
Mark	16	15	32.74	1
Revelation	22	15	32.74	1
Revelation	22	17	32.74	1
2 Peter	2	3	32.68	1
John	17	3	32.62	1
Psalms	46	11	32.62	1
Romans	12	2	32.62	1
Exodus	20	5	32.56	1
2 Corinthians	7	1	32.50	1
2 Thessalonians	1	8	32.50	1
Jeremiah	31	18	32.50	1
Revelation	19	11	32.50	1
1 Peter	1	18	32.44	1
Ephesians	2	10	32.44	1
Malachi	4	1	32.44	1
Romans	2	4	32.44	1
Isaiah	66	2	32.38	1
John	21	15	32.38	1
Psalms	46	7	32.38	1
Revelation	17	14	32.38	1
Ecclesiastes	9	10	32.32	1
Malachi	4	2	32.26	1
Matthew	10	28	32.26	1
Psalms	19	7	32.26	1
Acts	14	22	32.21	1
John	8	12	32.21	1
Luke	21	34	32.21	1
Matthew	1	23	32.21	1
Matthew	16	27	32.15	1
Revelation	21	3	32.15	1
1 Peter	1	2	32.09	1
Ephesians	1	11	32.09	1
Galatians	5	13	32.09	1
Jeremiah	9	23	32.03	1
Galatians	3	28	31.97	1
Hebrews	12	25	31.97	1
Jeremiah	5	31	31.97	1
Psalms	40	5	31.97	1
Daniel	4	37	31.91	1
Isaiah	26	3	31.91	1
Revelation	13	8	31.91	1
Galatians	3	13	31.85	1
Jeremiah	17	7	31.85	1
2 Peter	3	10	31.79	1
Colossians	1	23	31.79	1
Hebrews	2	14	31.79	1
Hosea	3	5	31.79	1
Isaiah	11	1	31.79	1
Luke	24	44	31.79	1
Matthew	20	28	31.79	1
1 John	2	15	31.73	1
Micah	3	11	31.73	1
Hebrews	12	15	31.67	1
Isaiah	63	9	31.67	1
James	4	6	31.61	1
Psalms	72	17	31.61	1
Titus	1	2	31.61	1
Matthew	15	19	31.55	1
Proverbs	3	9	31.55	1
Revelation	3	21	31.55	1
1 Samuel	2	30	31.49	1
Deuteronomy	32	15	31.49	1
Exodus	34	6	31.49	1
Ezekiel	33	31	31.49	1
2 Peter	2	18	31.43	1
Acts	20	24	31.43	1
John	1	17	31.43	1
Psalms	118	6	31.43	1
Psalms	37	3	31.43	1
Isaiah	49	23	31.37	1
Luke	18	1	31.37	1
Romans	8	15	31.37	1
Colossians	3	17	31.31	1
Galatians	2	20	31.31	1
James	5	1	31.31	1
1 Corinthians	2	9	31.25	1
1 John	1	8	31.25	1
Ephesians	2	20	31.25	1
Genesis	17	1	31.25	1
John	1	1	31.25	1
John	5	24	31.25	1
Matthew	10	16	31.25	1
1 Timothy	1	13	31.19	1
2 Corinthians	11	13	31.19	1
Isaiah	55	7	31.19	1
Revelation	1	7	31.19	1
2 Peter	3	18	31.13	1
Acts	3	19	31.13	1
Hebrews	7	26	31.13	1
1 Thessalonians	5	3	31.01	1
Galatians	4	4	31.01	1
Jeremiah	17	10	31.01	1
1 Peter	3	22	30.94	1
Genesis	12	2	30.94	1
1 John	3	1	30.88	1
1 John	5	11	30.88	1
1 Timothy	6	9	30.88	1
Ezekiel	34	23	30.88	1
Isaiah	10	5	30.88	1
Isaiah	51	9	30.88	1
Matthew	3	17	30.88	1
Hebrews	9	14	30.82	1
Isaiah	3	10	30.82	1
Matthew	13	11	30.82	1
Galatians	6	9	30.76	1
Romans	5	1	30.76	1
2 Timothy	3	15	30.70	1
Matthew	11	27	30.70	1
Psalms	37	5	30.70	1
Psalms	62	8	30.70	1
2 Corinthians	4	17	30.64	1
Isaiah	41	14	30.64	1
John	3	19	30.64	1
Luke	2	10	30.64	1
Romans	16	25	30.64	1
Romans	5	3	30.64	1
Deuteronomy	12	5	30.58	1
1 Peter	1	5	30.52	1
1 Peter	4	2	30.52	1
Jeremiah	10	10	30.52	1
Proverbs	4	18	30.52	1
Daniel	4	35	30.45	1
Jeremiah	32	17	30.45	1
Titus	2	13	30.45	1
1 John	3	2	30.39	1
Ephesians	1	7	30.39	1
John	17	21	30.39	1
Joshua	1	5	30.39	1
Revelation	22	1	30.39	1
1 John	1	1	30.33	1
Colossians	3	12	30.33	1
Deuteronomy	28	15	30.33	1
Philippians	2	9	30.33	1
Philippians	3	3	30.33	1
Philippians	3	8	30.33	1
Proverbs	15	8	30.33	1
Revelation	2	7	30.33	1
Romans	8	3	30.33	1
1 Thessalonians	5	23	30.27	1
2 Corinthians	5	10	30.27	1
Romans	16	18	30.27	1
Acts	1	8	30.21	1
Daniel	4	30	30.21	1
Hebrews	11	7	30.21	1
Isaiah	55	1	30.15	1
Isaiah	63	1	30.15	1
Ephesians	1	17	30.08	1
Luke	19	41	30.08	1
Revelation	20	12	30.08	1
Romans	8	2	30.08	1
Romans	8	32	30.08	1
1 John	2	1	30.02	1
2 Timothy	2	25	30.02	1
Deuteronomy	32	30	30.02	1
Ezekiel	11	19	30.02	1
Hebrews	2	3	30.02	1
Isaiah	2	11	30.02	1
Jeremiah	32	39	30.02	1
Revelation	1	18	30.02	1
2 Corinthians	8	9	29.96	1
Daniel	9	26	29.96	1
Ephesians	6	18	29.96	1
Hebrews	12	1	29.96	1
Psalms	91	15	29.90	1
Hebrews	1	14	29.84	1
Hebrews	10	19	29.84	1
Jeremiah	29	12	29.84	1
Psalms	139	23	29.84	1
Psalms	27	14	29.84	1
Romans	1	21	29.84	1
1 John	4	1	29.77	1
1 Peter	1	8	29.77	1
Psalms	86	15	29.77	1
1 Thessalonians	2	15	29.71	1
2 Chronicles	36	16	29.71	1
Psalms	33	11	29.71	1
Deuteronomy	8	2	29.65	1
Hebrews	1	2	29.65	1
Isaiah	45	24	29.65	1
Jeremiah	15	1	29.65	1
2 Thessalonians	1	7	29.59	1
Hebrews	13	21	29.59	1
Hebrews	4	15	29.59	1
Matthew	25	40	29.59	1
Proverbs	28	13	29.59	1
Revelation	3	7	29.59	1
Titus	3	4	29.59	1
2 Corinthians	5	14	29.52	1
Acts	13	46	29.52	1
Daniel	7	13	29.52	1
Deuteronomy	32	4	29.52	1
Isaiah	1	16	29.52	1
Isaiah	12	1	29.52	1
Isaiah	28	16	29.52	1
Hosea	6	1	29.46	1
Luke	1	6	29.46	1
Micah	2	1	29.46	1
Psalms	91	1	29.46	1
Romans	14	17	29.46	1
1 John	2	27	29.40	1
1 Timothy	4	1	29.40	1
Colossians	1	10	29.40	1
Deuteronomy	4	9	29.40	1
James	1	19	29.40	1
John	17	24	29.40	1
Philippians	2	13	29.40	1
Proverbs	3	5	29.40	1
Revelation	21	6	29.40	1
Hebrews	8	10	29.33	1
Romans	8	29	29.33	1
1 Samuel	16	7	29.27	1
2 Corinthians	10	4	29.27	1
Isaiah	1	18	29.27	1
John	6	40	29.27	1
Isaiah	12	6	29.21	1
Matthew	24	24	29.21	1
Revelation	15	4	29.21	1
1 Peter	2	12	29.08	1
Ephesians	1	20	29.08	1
Hebrews	12	14	29.08	1
Isaiah	11	2	29.08	1
Matthew	11	28	29.08	1
Ezekiel	36	26	29.02	1
Isaiah	43	25	29.02	1
James	5	16	29.02	1
Matthew	11	29	29.02	1
Proverbs	16	18	29.02	1
2 Corinthians	11	23	28.95	1
Ephesians	2	2	28.95	1
Matthew	1	21	28.95	1
Matthew	6	25	28.95	1
Philippians	4	18	28.95	1
Ephesians	4	11	28.89	1
Hebrews	12	22	28.89	1
Revelation	21	23	28.89	1
Revelation	2	17	28.83	1
Hebrews	9	28	28.76	1
Acts	9	15	28.70	1
Colossians	3	11	28.70	1
Isaiah	8	9	28.70	1
Philippians	1	27	28.70	1
Daniel	4	34	28.63	1
Exodus	15	11	28.63	1
Isaiah	53	11	28.63	1
2 Peter	1	1	28.57	1
Acts	4	27	28.57	1
Galatians	3	10	28.57	1
Hebrews	10	22	28.57	1
Isaiah	31	1	28.57	1
Isaiah	37	36	28.57	1
1 Kings	17	1	28.51	1
2 Corinthians	3	18	28.51	1
2 Corinthians	6	17	28.51	1
2 Timothy	1	12	28.51	1
Acts	2	23	28.51	1
Lamentations	2	15	28.51	1
1 John	4	4	28.44	1
2 Timothy	4	7	28.44	1
Genesis	22	17	28.44	1
Isaiah	53	3	28.44	1
Matthew	10	37	28.44	1
Genesis	12	7	28.38	1
Genesis	28	13	28.38	1
Isaiah	44	6	28.38	1
Isaiah	45	21	28.38	1
Proverbs	28	26	28.38	1
Psalms	86	5	28.38	1
1 John	4	19	28.31	1
Philippians	4	4	28.31	1
Psalms	63	1	28.31	1
1 Timothy	1	15	28.25	1
Ephesians	4	17	28.25	1
James	5	7	28.25	1
John	3	3	28.25	1
Nehemiah	9	26	28.25	1
Romans	1	7	28.25	1
Deuteronomy	32	35	28.18	1
Isaiah	11	10	28.18	1
Isaiah	22	12	28.18	1
Isaiah	8	20	28.18	1
John	15	14	28.18	1
John	3	34	28.18	1
1 Peter	1	21	28.12	1
Hebrews	10	38	28.12	1
Isaiah	53	6	28.12	1
Philippians	3	9	28.12	1
1 Thessalonians	1	3	28.05	1
2 Corinthians	6	1	28.05	1
Hebrews	11	13	28.05	1
Isaiah	29	13	28.05	1
Isaiah	43	2	28.05	1
Jeremiah	32	38	28.05	1
Revelation	1	8	28.05	1
1 Corinthians	6	11	27.99	1
1 Peter	3	8	27.99	1
2 Corinthians	4	2	27.99	1
2 Peter	1	19	27.99	1
Hosea	11	8	27.99	1
John	4	10	27.99	1
Revelation	21	27	27.99	1
Romans	16	20	27.99	1
Acts	2	17	27.92	1
Ephesians	5	14	27.92	1
John	4	34	27.92	1
Revelation	5	8	27.92	1
1 Peter	1	19	27.86	1
2 Chronicles	15	2	27.86	1
Hebrews	13	4	27.86	1
Hebrews	6	4	27.86	1
Isaiah	35	8	27.79	1
Psalms	18	2	27.79	1
1 Corinthians	15	10	27.73	1
1 Peter	4	7	27.73	1
John	14	13	27.73	1
Matthew	23	37	27.73	1
Psalms	125	1	27.73	1
Psalms	80	1	27.73	1
Romans	6	23	27.73	1
1 Corinthians	2	14	27.66	1
2 Chronicles	33	12	27.66	1
Acts	11	23	27.66	1
Isaiah	41	17	27.66	1
Job	28	28	27.66	1
Philippians	2	15	27.66	1
Proverbs	13	20	27.66	1
Romans	1	16	27.66	1
1 John	3	22	27.60	1
1 Peter	1	14	27.60	1
Isaiah	66	1	27.60	1
Jeremiah	6	16	27.60	1
Deuteronomy	30	6	27.53	1
Hebrews	4	16	27.53	1
Psalms	1	1	27.53	1
Psalms	146	3	27.53	1
Romans	8	1	27.53	1
1 Peter	4	11	27.46	1
2 Corinthians	5	19	27.46	1
Galatians	6	7	27.46	1
Jeremiah	5	3	27.46	1
Psalms	51	10	27.46	1
1 Corinthians	3	18	27.40	1
1 John	3	8	27.40	1
Acts	2	33	27.40	1
Deuteronomy	7	6	27.40	1
1 Peter	4	14	27.33	1
2 Peter	2	20	27.33	1
James	4	4	27.33	1
John	15	2	27.33	1
Luke	14	26	27.33	1
Luke	21	24	27.33	1
Ephesians	5	26	27.27	1
Isaiah	6	9	27.27	1
Psalms	103	17	27.27	1
Romans	5	2	27.27	1
1 Peter	3	9	27.20	1
Isaiah	41	13	27.20	1
Isaiah	59	21	27.20	1
Isaiah	66	19	27.20	1
John	12	26	27.20	1
John	17	2	27.20	1
Matthew	11	5	27.20	1
Philippians	1	11	27.20	1
1 Chronicles	25	1	27.13	1
1 John	2	19	27.13	1
1 Peter	5	2	27.13	1
Deuteronomy	32	39	27.13	1
Ephesians	2	1	27.13	1
Jeremiah	18	18	27.13	1
Jeremiah	31	31	27.13	1
2 Chronicles	16	9	27.07	1
Acts	17	31	27.07	1
Colossians	1	15	27.07	1
Galatians	5	19	27.07	1
Jeremiah	33	11	27.07	1
Lamentations	3	25	27.07	1
Luke	11	28	27.07	1
Proverbs	2	1	27.07	1
Revelation	7	17	27.07	1
Romans	11	25	27.07	1
Romans	8	35	27.07	1
Colossians	3	3	27.00	1
Isaiah	32	15	27.00	1
Revelation	22	14	27.00	1
Romans	15	9	27.00	1
Colossians	3	1	26.93	1
Luke	12	19	26.93	1
Luke	12	20	26.93	1
Deuteronomy	28	64	26.87	1
James	1	14	26.87	1
Jeremiah	16	19	26.87	1
John	20	31	26.87	1
Revelation	19	10	26.87	1
Deuteronomy	10	12	26.80	1
Exodus	3	7	26.80	1
Exodus	3	8	26.80	1
Genesis	18	19	26.80	1
Genesis	18	25	26.80	1
Hebrews	10	26	26.80	1
John	10	30	26.80	1
Hebrews	3	14	26.73	1
Isaiah	6	3	26.73	1
Jeremiah	1	5	26.73	1
Jeremiah	31	34	26.73	1
Matthew	5	6	26.73	1
Romans	12	9	26.73	1
2 Peter	2	14	26.67	1
Daniel	12	2	26.67	1
Isaiah	1	11	26.67	1
Joshua	24	15	26.67	1
Matthew	7	2	26.67	1
Zechariah	8	20	26.67	1
1 Corinthians	6	19	26.60	1
Colossians	3	10	26.60	1
Ezekiel	37	24	26.60	1
James	3	13	26.60	1
John	15	4	26.60	1
John	16	23	26.60	1
Matthew	18	10	26.60	1
Revelation	19	16	26.60	1
2 Peter	2	9	26.53	1
Ephesians	4	1	26.53	1
Ephesians	4	29	26.53	1
Genesis	3	19	26.53	1
Isaiah	25	9	26.53	1
Jeremiah	12	1	26.53	1
1 Timothy	1	17	26.46	1
Ephesians	5	6	26.46	1
Isaiah	35	10	26.46	1
Luke	14	11	26.46	1
Philippians	1	20	26.46	1
Proverbs	1	22	26.46	1
Psalms	2	12	26.46	1
Psalms	22	1	26.46	1
Psalms	27	4	26.46	1
Psalms	34	15	26.46	1
Revelation	12	11	26.46	1
2 Thessalonians	2	10	26.40	1
Jude	1	4	26.40	1
Psalms	12	2	26.40	1
Psalms	9	16	26.40	1
Revelation	19	2	26.40	1
1 Peter	2	1	26.33	1
2 Thessalonians	1	3	26.33	1
Deuteronomy	4	29	26.33	1
Hebrews	5	9	26.33	1
1 Peter	1	13	26.26	1
1 Peter	3	21	26.26	1
Ephesians	2	12	26.26	1
Ephesians	3	20	26.26	1
John	12	35	26.26	1
Revelation	20	10	26.26	1
1 John	3	16	26.19	1
Acts	12	23	26.19	1
Ezekiel	28	2	26.19	1
Isaiah	54	5	26.19	1
John	21	17	26.19	1
Matthew	3	2	26.19	1
1 Thessalonians	2	13	26.12	1
Deuteronomy	28	25	26.12	1
Ephesians	1	12	26.12	1
Hebrews	12	24	26.12	1
Isaiah	40	31	26.12	1
Isaiah	56	10	26.12	1
Luke	2	14	26.12	1
Revelation	22	16	26.12	1
Romans	15	13	26.12	1
1 Corinthians	14	20	26.06	1
1 Corinthians	16	13	26.06	1
Acts	2	39	26.06	1
Deuteronomy	6	5	26.06	1
Ephesians	5	18	26.06	1
Isaiah	52	7	26.06	1
Micah	4	1	26.06	1
Psalms	40	1	26.06	1
Romans	15	4	26.06	1
Zechariah	4	6	26.06	1
Zechariah	7	11	26.06	1
1 Corinthians	10	31	25.99	1
1 John	3	17	25.99	1
1 Peter	2	11	25.99	1
2 Peter	1	5	25.99	1
Acts	26	20	25.99	1
Ecclesiastes	11	9	25.99	1
Hosea	1	10	25.99	1
Isaiah	49	7	25.99	1
Isaiah	54	17	25.99	1
James	1	2	25.99	1
Luke	21	15	25.99	1
Revelation	4	8	25.99	1
1 Peter	2	4	25.92	1
Ephesians	4	14	25.92	1
Ephesians	5	8	25.92	1
Genesis	26	3	25.92	1
Isaiah	6	5	25.92	1
Matthew	4	23	25.92	1
Philippians	4	8	25.92	1
Proverbs	19	17	25.92	1
Psalms	55	23	25.92	1
Isaiah	35	3	25.85	1
James	1	18	25.85	1
Jeremiah	4	14	25.85	1
Matthew	23	34	25.85	1
Matthew	5	3	25.85	1
Matthew	7	24	25.85	1
Philippians	1	9	25.85	1
Psalms	146	5	25.85	1
Psalms	55	22	25.85	1
Zephaniah	3	14	25.85	1
2 Corinthians	11	3	25.78	1
Ezekiel	18	30	25.78	1
Genesis	8	21	25.78	1
Isaiah	26	19	25.78	1
Isaiah	27	11	25.78	1
Isaiah	32	2	25.78	1
Isaiah	53	2	25.78	1
James	5	4	25.78	1
John	16	2	25.78	1
Matthew	21	22	25.78	1
Psalms	139	1	25.78	1
1 Chronicles	29	17	25.71	1
Amos	9	11	25.71	1
Hebrews	3	6	25.71	1
Isaiah	10	6	25.71	1
Isaiah	65	24	25.71	1
John	3	15	25.71	1
Revelation	20	2	25.71	1
Romans	8	9	25.71	1
Acts	17	30	25.64	1
Colossians	1	24	25.64	1
Exodus	20	2	25.64	1
Galatians	5	1	25.64	1
Isaiah	45	22	25.64	1
Isaiah	58	7	25.64	1
Micah	3	12	25.64	1
Revelation	2	14	25.64	1
Revelation	6	10	25.64	1
2 Timothy	4	2	25.57	1
Isaiah	60	21	25.57	1
John	1	12	25.57	1
Psalms	25	14	25.57	1
Psalms	25	8	25.57	1
Genesis	1	1	25.51	1
Hosea	14	1	25.51	1
Isaiah	25	8	25.51	1
Isaiah	58	1	25.51	1
James	3	2	25.51	1
Proverbs	29	1	25.51	1
1 Corinthians	1	2	25.44	1
Acts	7	52	25.44	1
Jude	1	14	25.44	1
Matthew	16	18	25.44	1
Psalms	119	11	25.44	1
Romans	10	12	25.44	1
1 Peter	1	6	25.37	1
2 Corinthians	5	1	25.37	1
2 Corinthians	6	14	25.37	1
Hebrews	12	28	25.37	1
Hosea	6	3	25.37	1
John	20	17	25.37	1
Luke	2	32	25.37	1
Psalms	32	8	25.37	1
Psalms	72	10	25.37	1
Revelation	3	9	25.37	1
2 Corinthians	4	16	25.30	1
James	1	22	25.30	1
John	10	11	25.30	1
John	14	23	25.30	1
John	14	26	25.30	1
Luke	1	32	25.30	1
Matthew	7	21	25.30	1
Revelation	20	4	25.30	1
Romans	7	22	25.30	1
2 Peter	2	4	25.23	1
Colossians	1	27	25.23	1
Ephesians	2	8	25.23	1
Hebrews	2	17	25.23	1
Isaiah	11	4	25.23	1
Job	23	13	25.23	1
Luke	18	7	25.23	1
Psalms	1	3	25.23	1
1 Peter	4	12	25.16	1
2 Corinthians	1	8	25.16	1
2 Corinthians	9	6	25.16	1
Isaiah	49	10	25.16	1
Psalms	132	13	25.16	1
Revelation	3	14	25.16	1
Revelation	3	20	25.16	1
Romans	8	17	25.16	1
1 Peter	1	11	25.09	1
Deuteronomy	31	16	25.09	1
Ephesians	4	30	25.09	1
John	5	39	25.09	1
Malachi	3	2	25.09	1
Matthew	3	12	25.09	1
Matthew	5	44	25.09	1
Philippians	2	17	25.09	1
Proverbs	1	7	25.09	1
Proverbs	19	21	25.09	1
Revelation	20	15	25.09	1
1 Peter	1	12	25.02	1
1 Samuel	16	1	25.02	1
Amos	3	7	25.02	1
Colossians	4	12	25.02	1
Isaiah	1	23	25.02	1
James	3	14	25.02	1
Nahum	1	6	25.02	1
Proverbs	13	3	25.02	1
2 Kings	15	29	24.95	1
Colossians	4	6	24.95	1
Daniel	5	23	24.95	1
Hebrews	2	1	24.95	1
Isaiah	52	1	24.95	1
Jeremiah	23	6	24.95	1
Matthew	6	24	24.95	1
Philippians	3	19	24.95	1
Psalms	45	6	24.95	1
Psalms	76	10	24.95	1
Zechariah	10	12	24.95	1
1 Timothy	6	16	24.88	1
2 Corinthians	8	12	24.88	1
2 Kings	17	6	24.88	1
2 Timothy	4	8	24.88	1
Acts	20	21	24.88	1
Genesis	32	28	24.88	1
Job	20	5	24.88	1
Psalms	12	5	24.88	1
Psalms	58	10	24.88	1
Romans	12	19	24.88	1
1 John	2	2	24.81	1
1 Timothy	6	11	24.81	1
Acts	4	12	24.81	1
Ephesians	2	18	24.81	1
Isaiah	45	17	24.81	1
John	5	22	24.81	1
Matthew	3	7	24.81	1
Micah	7	8	24.81	1
Revelation	21	2	24.81	1
1 Peter	5	4	24.74	1
1 Thessalonians	5	2	24.74	1
2 Samuel	7	12	24.74	1
Habakkuk	2	3	24.74	1
Luke	16	19	24.74	1
Matthew	5	16	24.74	1
Proverbs	18	10	24.74	1
Psalms	83	18	24.74	1
1 Corinthians	12	28	24.67	1
2 Thessalonians	2	4	24.67	1
Acts	20	27	24.67	1
Deuteronomy	29	20	24.67	1
Ephesians	1	19	24.67	1
Exodus	20	12	24.67	1
Isaiah	3	11	24.67	1
Isaiah	30	18	24.67	1
John	3	5	24.67	1
Luke	18	14	24.67	1
Matthew	10	22	24.67	1
Philippians	2	12	24.67	1
Psalms	110	3	24.67	1
Psalms	145	18	24.67	1
1 Corinthians	8	4	24.59	1
1 John	5	19	24.59	1
Acts	5	31	24.59	1
Colossians	1	9	24.59	1
Galatians	6	1	24.59	1
Hosea	14	2	24.59	1
Jeremiah	4	22	24.59	1
Malachi	1	6	24.59	1
Micah	7	3	24.59	1
Philippians	3	21	24.59	1
1 Corinthians	10	13	24.52	1
1 Corinthians	15	33	24.52	1
1 Peter	1	23	24.52	1
1 Peter	4	3	24.52	1
Acts	10	36	24.52	1
Acts	3	13	24.52	1
Deuteronomy	33	29	24.52	1
Genesis	6	5	24.52	1
Isaiah	63	10	24.52	1
John	7	17	24.52	1
Leviticus	10	3	24.52	1
Luke	19	27	24.52	1
Malachi	2	7	24.52	1
Song of Solomon	5	1	24.52	1
Zechariah	2	8	24.52	1
1 Chronicles	29	11	24.45	1
1 Peter	4	1	24.45	1
Acts	13	38	24.45	1
Acts	9	31	24.45	1
Daniel	5	18	24.45	1
Deuteronomy	29	23	24.45	1
Isaiah	52	10	24.45	1
Jeremiah	24	7	24.45	1
Job	33	27	24.45	1
Matthew	15	14	24.45	1
Matthew	7	15	24.45	1
Micah	7	14	24.45	1
Romans	3	22	24.45	1
1 Peter	2	2	24.38	1
1 Peter	3	16	24.38	1
Isaiah	1	9	24.38	1
Isaiah	44	23	24.38	1
Romans	12	17	24.38	1
2 Peter	3	7	24.31	1
2 Thessalonians	2	8	24.31	1
Amos	9	14	24.31	1
Exodus	15	26	24.31	1
Ezekiel	3	17	24.31	1
Hebrews	3	12	24.31	1
Isaiah	26	11	24.31	1
Jeremiah	24	9	24.31	1
Psalms	16	11	24.31	1
Psalms	2	8	24.31	1
Revelation	19	15	24.31	1
Romans	13	14	24.31	1
Romans	8	7	24.31	1
2 Timothy	4	3	24.24	1
Acts	2	4	24.24	1
Colossians	1	28	24.24	1
Deuteronomy	28	49	24.24	1
Ezekiel	18	31	24.24	1
Hebrews	12	5	24.24	1
Isaiah	44	22	24.24	1
Malachi	4	5	24.24	1
Matthew	4	10	24.24	1
Micah	7	5	24.24	1
Psalms	37	7	24.24	1
1 John	3	14	24.17	1
1 Samuel	14	6	24.17	1
Acts	23	12	24.17	1
Ecclesiastes	12	7	24.17	1
Ephesians	2	3	24.17	1
Jeremiah	30	18	24.17	1
John	3	35	24.17	1
Psalms	112	1	24.17	1
Revelation	21	4	24.17	1
Romans	15	16	24.17	1
Romans	15	8	24.17	1
Zechariah	1	6	24.17	1
1 Samuel	2	9	24.09	1
Daniel	7	14	24.09	1
Hosea	5	15	24.09	1
Isaiah	1	5	24.09	1
Isaiah	50	10	24.09	1
Jeremiah	2	13	24.09	1
Jeremiah	9	1	24.09	1
Leviticus	26	33	24.09	1
Matthew	26	3	24.09	1
Matthew	5	11	24.09	1
Revelation	1	4	24.09	1
Romans	15	1	24.09	1
Romans	9	23	24.09	1
Deuteronomy	4	34	24.02	1
Isaiah	30	1	24.02	1
James	1	21	24.02	1
John	13	17	24.02	1
Mark	9	43	24.02	1
Micah	5	4	24.02	1
Proverbs	3	1	24.02	1
Psalms	72	18	24.02	1
Revelation	3	10	24.02	1
Romans	6	21	24.02	1
Zechariah	11	8	24.02	1
Zechariah	13	1	24.02	1
Zephaniah	3	17	24.02	1
1 Peter	4	17	23.95	1
Colossians	1	16	23.95	1
Ezekiel	33	11	23.95	1
Isaiah	42	16	23.95	1
Isaiah	44	24	23.95	1
Isaiah	49	1	23.95	1
Isaiah	50	1	23.95	1
Jeremiah	13	17	23.95	1
Jude	1	11	23.95	1
Psalms	2	7	23.95	1
Isaiah	49	8	23.88	1
Isaiah	53	1	23.88	1
Jeremiah	2	30	23.88	1
Joshua	2	9	23.88	1
Jude	1	1	23.88	1
Luke	12	32	23.88	1
Matthew	3	11	23.88	1
Micah	3	1	23.88	1
Psalms	98	1	23.88	1
Revelation	21	7	23.88	1
1 John	5	1	23.81	1
1 Timothy	4	8	23.81	1
Ephesians	5	25	23.81	1
Ezekiel	5	12	23.81	1
Hebrews	10	35	23.81	1
Hebrews	4	14	23.81	1
Isaiah	48	17	23.81	1
Isaiah	58	11	23.81	1
Jeremiah	17	5	23.81	1
Jeremiah	50	17	23.81	1
Jeremiah	50	4	23.81	1
John	14	9	23.81	1
Luke	21	36	23.81	1
Revelation	3	17	23.81	1
1 Corinthians	15	3	23.73	1
Deuteronomy	12	11	23.73	1
Exodus	2	23	23.73	1
Jeremiah	31	12	23.73	1
Jeremiah	32	40	23.73	1
Jeremiah	9	3	23.73	1
John	13	34	23.73	1
John	6	37	23.73	1
Lamentations	3	26	23.73	1
Micah	7	2	23.73	1
Proverbs	14	32	23.73	1
Psalms	145	1	23.73	1
Romans	15	18	23.73	1
Ecclesiastes	12	13	23.66	1
Ephesians	1	18	23.66	1
Hebrews	9	12	23.66	1
Hosea	4	6	23.66	1
Isaiah	50	4	23.66	1
Isaiah	65	13	23.66	1
Jeremiah	31	9	23.66	1
Job	1	1	23.66	1
Luke	12	15	23.66	1
Luke	6	35	23.66	1
Matthew	26	64	23.66	1
Matthew	9	13	23.66	1
Psalms	145	19	23.66	1
Psalms	51	1	23.66	1
Romans	1	17	23.66	1
Romans	10	11	23.66	1
Deuteronomy	32	36	23.59	1
Galatians	5	24	23.59	1
Hebrews	3	7	23.59	1
Isaiah	53	12	23.59	1
Jeremiah	20	11	23.59	1
John	1	47	23.59	1
John	1	49	23.59	1
John	10	9	23.59	1
Joshua	1	7	23.59	1
Luke	12	4	23.59	1
Philippians	2	3	23.59	1
Revelation	1	11	23.59	1
Revelation	4	11	23.59	1
Acts	11	18	23.51	1
Deuteronomy	4	1	23.51	1
Genesis	18	14	23.51	1
Jeremiah	25	15	23.51	1
Jeremiah	33	3	23.51	1
Luke	6	22	23.51	1
Matthew	25	46	23.51	1
Psalms	128	1	23.51	1
Psalms	2	2	23.51	1
Romans	5	5	23.51	1
1 Corinthians	13	4	23.44	1
1 John	2	3	23.44	1
Amos	3	6	23.44	1
Colossians	1	18	23.44	1
Hebrews	13	16	23.44	1
Hebrews	2	9	23.44	1
Jeremiah	5	22	23.44	1
Jude	1	12	23.44	1
Matthew	16	26	23.44	1
Philippians	2	6	23.44	1
Revelation	14	10	23.44	1
Titus	1	16	23.44	1
1 Peter	2	8	23.37	1
1 Samuel	15	22	23.37	1
1 Thessalonians	5	14	23.37	1
2 Corinthians	13	11	23.37	1
Ephesians	1	9	23.37	1
Hebrews	12	3	23.37	1
John	1	4	23.37	1
Matthew	16	21	23.37	1
Matthew	5	22	23.37	1
Psalms	37	4	23.37	1
Revelation	3	12	23.37	1
1 Thessalonians	5	15	23.29	1
Daniel	7	27	23.29	1
Deuteronomy	12	32	23.29	1
Ecclesiastes	7	20	23.29	1
Hebrews	10	36	23.29	1
Hebrews	13	17	23.29	1
Malachi	3	10	23.29	1
Psalms	100	3	23.29	1
Psalms	112	9	23.29	1
Psalms	119	97	23.29	1
Psalms	40	8	23.29	1
Psalms	63	8	23.29	1
Revelation	1	9	23.29	1
Revelation	6	15	23.29	1
Romans	2	8	23.29	1
Zephaniah	3	3	23.29	1
1 John	5	10	23.22	1
1 Kings	12	28	23.22	1
1 Peter	4	13	23.22	1
1 Peter	5	7	23.22	1
2 Chronicles	33	11	23.22	1
2 Corinthians	11	2	23.22	1
2 Corinthians	4	1	23.22	1
2 Timothy	1	8	23.22	1
Acts	13	2	23.22	1
Acts	2	41	23.22	1
Deuteronomy	4	19	23.22	1
Ephesians	1	13	23.22	1
Psalms	103	1	23.22	1
Psalms	36	7	23.22	1
Psalms	41	1	23.22	1
Revelation	11	2	23.22	1
Romans	12	16	23.22	1
1 Corinthians	1	10	23.15	1
1 Corinthians	3	9	23.15	1
1 Thessalonians	1	5	23.15	1
1 Thessalonians	2	12	23.15	1
1 Thessalonians	4	8	23.15	1
2 Corinthians	5	20	23.15	1
Acts	14	15	23.15	1
Acts	22	21	23.15	1
Acts	28	23	23.15	1
Colossians	1	13	23.15	1
Colossians	2	2	23.15	1
Daniel	11	36	23.15	1
Genesis	19	24	23.15	1
Isaiah	44	9	23.15	1
Isaiah	60	14	23.15	1
Leviticus	26	36	23.15	1
Leviticus	26	40	23.15	1
Philippians	1	6	23.15	1
Psalms	127	1	23.15	1
Psalms	37	24	23.15	1
Revelation	17	6	23.15	1
Romans	11	36	23.15	1
Romans	12	15	23.15	1
Romans	5	10	23.15	1
Romans	6	22	23.15	1
2 Chronicles	20	17	23.07	1
Acts	5	41	23.07	1
Daniel	5	20	23.07	1
Deuteronomy	33	26	23.07	1
Deuteronomy	4	26	23.07	1
Genesis	2	7	23.07	1
Hebrews	1	8	23.07	1
Isaiah	41	8	23.07	1
Isaiah	45	1	23.07	1
Jeremiah	20	10	23.07	1
Jeremiah	3	1	23.07	1
Jeremiah	3	12	23.07	1
Matthew	23	35	23.07	1
Psalms	104	24	23.07	1
Psalms	115	4	23.07	1
Revelation	11	19	23.07	1
Revelation	16	6	23.07	1
Revelation	18	2	23.07	1
Zechariah	2	11	23.07	1
1 Peter	2	21	23.00	1
1 Peter	2	25	23.00	1
2 Corinthians	2	17	23.00	1
Deuteronomy	20	1	23.00	1
Ephesians	3	17	23.00	1
Galatians	3	26	23.00	1
Hebrews	9	24	23.00	1
Isaiah	40	3	23.00	1
Isaiah	42	10	23.00	1
Isaiah	50	2	23.00	1
John	5	23	23.00	1
Matthew	26	63	23.00	1
Matthew	6	9	23.00	1
Micah	6	6	23.00	1
Micah	7	7	23.00	1
Nahum	1	2	23.00	1
Psalms	17	15	23.00	1
Psalms	72	19	23.00	1
Romans	4	11	23.00	1
Colossians	1	20	22.92	1
Isaiah	51	6	22.92	1
Isaiah	63	11	22.92	1
John	14	15	22.92	1
Jude	1	7	22.92	1
Micah	6	8	22.92	1
Psalms	147	3	22.92	1
1 John	4	7	22.85	1
1 Peter	2	22	22.85	1
1 Thessalonians	1	9	22.85	1
2 Corinthians	5	16	22.85	1
Acts	2	22	22.85	1
Acts	26	22	22.85	1
Ephesians	6	19	22.85	1
Ezra	9	6	22.85	1
Hosea	14	9	22.85	1
Isaiah	42	5	22.85	1
Isaiah	51	7	22.85	1
Isaiah	55	12	22.85	1
Isaiah	57	1	22.85	1
Jeremiah	7	9	22.85	1
John	8	31	22.85	1
Philippians	2	1	22.85	1
Philippians	3	7	22.85	1
Psalms	27	13	22.85	1
Psalms	29	11	22.85	1
Psalms	93	3	22.85	1
Zechariah	6	12	22.85	1
1 Corinthians	3	16	22.78	1
1 Corinthians	5	7	22.78	1
1 John	2	20	22.78	1
1 Peter	2	6	22.78	1
2 Chronicles	36	15	22.78	1
2 Corinthians	9	8	22.78	1
Daniel	6	26	22.78	1
Ephesians	2	5	22.78	1
Nahum	1	5	22.78	1
Psalms	103	20	22.78	1
Revelation	17	1	22.78	1
Romans	10	3	22.78	1
2 Timothy	1	7	22.70	1
Acts	2	46	22.70	1
Exodus	14	21	22.70	1
Habakkuk	2	18	22.70	1
Hebrews	10	29	22.70	1
Hebrews	11	8	22.70	1
Hosea	6	6	22.70	1
Isaiah	44	18	22.70	1
Isaiah	66	3	22.70	1
Jeremiah	2	19	22.70	1
Jeremiah	23	24	22.70	1
John	15	26	22.70	1
Luke	1	68	22.70	1
Luke	1	72	22.70	1
Psalms	126	1	22.70	1
Psalms	21	8	22.70	1
Psalms	66	3	22.70	1
Psalms	72	8	22.70	1
Psalms	73	18	22.70	1
1 John	3	12	22.63	1
1 Thessalonians	3	2	22.63	1
1 Timothy	1	5	22.63	1
2 Samuel	17	23	22.63	1
Acts	4	10	22.63	1
Deuteronomy	33	27	22.63	1
Isaiah	1	2	22.63	1
Isaiah	2	3	22.63	1
Isaiah	32	1	22.63	1
Isaiah	49	9	22.63	1
Isaiah	6	11	22.63	1
Jeremiah	10	8	22.63	1
John	12	27	22.63	1
Luke	18	11	22.63	1
Mark	16	16	22.63	1
Psalms	111	10	22.63	1
Revelation	22	5	22.63	1
Revelation	3	5	22.63	1
1 Corinthians	15	25	22.55	1
1 Peter	1	20	22.55	1
1 Thessalonians	1	10	22.55	1
2 Peter	3	9	22.55	1
Acts	2	24	22.55	1
Deuteronomy	32	21	22.55	1
Ephesians	4	32	22.55	1
Hebrews	3	1	22.55	1
Jeremiah	1	19	22.55	1
John	10	14	22.55	1
John	15	18	22.55	1
John	16	22	22.55	1
John	5	21	22.55	1
John	6	63	22.55	1
Luke	13	24	22.55	1
Luke	19	10	22.55	1
Malachi	3	18	22.55	1
Matthew	16	24	22.55	1
Psalms	118	22	22.55	1
Psalms	99	4	22.55	1
Revelation	2	20	22.55	1
Romans	14	10	22.55	1
Romans	3	24	22.55	1
Romans	8	34	22.55	1
Zechariah	9	11	22.55	1
1 Peter	5	1	22.48	1
Galatians	4	9	22.48	1
Hebrews	9	15	22.48	1
Isaiah	27	1	22.48	1
Isaiah	43	5	22.48	1
Jeremiah	14	22	22.48	1
Jeremiah	15	16	22.48	1
Jeremiah	33	15	22.48	1
John	13	1	22.48	1
Jude	1	16	22.48	1
Matthew	10	40	22.48	1
Proverbs	1	24	22.48	1
Proverbs	10	22	22.48	1
Psalms	69	1	22.48	1
Revelation	13	14	22.48	1
Romans	13	11	22.48	1
Romans	13	13	22.48	1
1 John	4	14	22.40	1
2 Corinthians	3	6	22.40	1
Ecclesiastes	12	14	22.40	1
Exodus	9	16	22.40	1
James	1	27	22.40	1
Joel	2	13	22.40	1
Leviticus	26	17	22.40	1
Luke	1	35	22.40	1
Psalms	33	16	22.40	1
Psalms	4	6	22.40	1
Psalms	51	7	22.40	1
Psalms	57	1	22.40	1
Romans	12	12	22.40	1
1 Corinthians	1	18	22.32	1
1 Timothy	5	17	22.32	1
2 Chronicles	20	20	22.32	1
Acts	5	3	22.32	1
Exodus	15	20	22.32	1
Ezekiel	16	63	22.32	1
Ezekiel	22	25	22.32	1
Ezekiel	3	14	22.32	1
Ezekiel	9	4	22.32	1
Hebrews	12	12	22.32	1
Hebrews	13	8	22.32	1
Isaiah	19	1	22.32	1
Isaiah	30	30	22.32	1
Isaiah	64	6	22.32	1
Jude	1	20	22.32	1
Matthew	16	17	22.32	1
Psalms	11	6	22.32	1
Psalms	119	1	22.32	1
Revelation	1	6	22.32	1
Revelation	18	9	22.32	1
Romans	11	26	22.32	1
Romans	16	17	22.32	1
Romans	2	16	22.32	1
1 Kings	8	27	22.25	1
1 Peter	1	24	22.25	1
1 Samuel	12	3	22.25	1
2 Timothy	4	10	22.25	1
Amos	9	1	22.25	1
Ephesians	5	11	22.25	1
Ezekiel	22	27	22.25	1
Isaiah	48	1	22.25	1
Isaiah	51	17	22.25	1
Isaiah	51	3	22.25	1
Isaiah	8	7	22.25	1
John	10	16	22.25	1
John	15	10	22.25	1
John	3	29	22.25	1
John	6	38	22.25	1
Joshua	10	42	22.25	1
Luke	24	46	22.25	1
Numbers	24	17	22.25	1
Proverbs	8	13	22.25	1
Psalms	11	4	22.25	1
Psalms	116	1	22.25	1
Psalms	33	6	22.25	1
Revelation	1	10	22.25	1
Revelation	19	17	22.25	1
1 Peter	2	23	22.17	1
2 Corinthians	10	1	22.17	1
2 Corinthians	4	8	22.17	1
2 Corinthians	5	18	22.17	1
2 Peter	1	10	22.17	1
2 Timothy	1	16	22.17	1
Acts	1	16	22.17	1
Acts	2	32	22.17	1
Daniel	3	15	22.17	1
Deuteronomy	33	2	22.17	1
Ephesians	6	12	22.17	1
Galatians	3	29	22.17	1
Hebrews	12	29	22.17	1
Isaiah	54	13	22.17	1
Jeremiah	27	5	22.17	1
Luke	10	16	22.17	1
Luke	16	15	22.17	1
Luke	24	26	22.17	1
Matthew	3	9	22.17	1
Proverbs	3	6	22.17	1
Revelation	5	12	22.17	1
Zechariah	3	1	22.17	1
1 John	4	15	22.10	1
1 Peter	1	4	22.10	1
1 Samuel	30	6	22.10	1
1 Thessalonians	3	13	22.10	1
2 Peter	1	21	22.10	1
2 Peter	2	10	22.10	1
Acts	14	27	22.10	1
Exodus	15	1	22.10	1
Hebrews	10	16	22.10	1
Hosea	4	1	22.10	1
Isaiah	49	13	22.10	1
James	4	1	22.10	1
Jeremiah	15	2	22.10	1
Jeremiah	31	1	22.10	1
Matthew	19	28	22.10	1
Proverbs	16	7	22.10	1
Psalms	106	45	22.10	1
Psalms	22	14	22.10	1
Psalms	22	6	22.10	1
Psalms	98	9	22.10	1
2 Chronicles	19	2	22.02	1
2 Corinthians	12	7	22.02	1
2 Timothy	4	1	22.02	1
Deuteronomy	27	15	22.02	1
Ephesians	2	11	22.02	1
Ephesians	4	8	22.02	1
Exodus	10	3	22.02	1
Genesis	12	3	22.02	1
Habakkuk	3	17	22.02	1
Hebrews	11	6	22.02	1
Hebrews	6	17	22.02	1
Isaiah	30	10	22.02	1
Job	13	15	22.02	1
Psalms	119	111	22.02	1
Psalms	45	7	22.02	1
Titus	3	8	22.02	1
1 Corinthians	1	9	21.94	1
1 Corinthians	8	6	21.94	1
1 Kings	9	7	21.94	1
1 Peter	1	10	21.94	1
Acts	9	4	21.94	1
Deuteronomy	7	1	21.94	1
Exodus	13	14	21.94	1
Exodus	15	9	21.94	1
Ezekiel	20	13	21.94	1
Ezekiel	34	16	21.94	1
Ezra	7	27	21.94	1
James	1	1	21.94	1
Jeremiah	10	14	21.94	1
Leviticus	19	18	21.94	1
Luke	1	13	21.94	1
Matthew	25	21	21.94	1
Matthew	27	4	21.94	1
Revelation	1	16	21.94	1
Romans	11	5	21.94	1
Romans	3	25	21.94	1
1 Timothy	5	10	21.87	1
2 Corinthians	3	3	21.87	1
2 Peter	2	15	21.87	1
2 Thessalonians	1	6	21.87	1
Acts	5	29	21.87	1
Daniel	7	25	21.87	1
Deuteronomy	16	19	21.87	1
Exodus	3	6	21.87	1
Galatians	4	6	21.87	1
Isaiah	1	10	21.87	1
Isaiah	46	1	21.87	1
Jeremiah	13	16	21.87	1
Joel	3	18	21.87	1
Mark	16	19	21.87	1
Matthew	21	9	21.87	1
Micah	4	12	21.87	1
Philippians	1	23	21.87	1
Proverbs	28	1	21.87	1
Psalms	130	3	21.87	1
Psalms	20	7	21.87	1
Psalms	68	18	21.87	1
Revelation	14	13	21.87	1
Revelation	18	21	21.87	1
Revelation	22	12	21.87	1
Romans	11	1	21.87	1
Romans	12	10	21.87	1
Romans	3	20	21.87	1
Titus	2	7	21.87	1
1 Timothy	4	12	21.79	1
2 Corinthians	2	14	21.79	1
2 Timothy	3	13	21.79	1
Acts	1	13	21.79	1
Acts	18	9	21.79	1
Isaiah	15	2	21.79	1
Isaiah	50	6	21.79	1
Jeremiah	31	20	21.79	1
Jeremiah	6	13	21.79	1
John	11	47	21.79	1
Matthew	24	29	21.79	1
Matthew	5	18	21.79	1
Psalms	110	5	21.79	1
Psalms	119	120	21.79	1
Psalms	147	19	21.79	1
Psalms	42	1	21.79	1
Psalms	57	4	21.79	1
Revelation	3	18	21.79	1
Romans	8	37	21.79	1
Zephaniah	1	18	21.79	1
1 Corinthians	8	1	21.71	1
1 John	1	3	21.71	1
2 Peter	3	3	21.71	1
2 Timothy	2	12	21.71	1
2 Timothy	2	22	21.71	1
Acts	21	13	21.71	1
Acts	3	15	21.71	1
Deuteronomy	16	18	21.71	1
Ephesians	6	11	21.71	1
Hebrews	13	6	21.71	1
Hebrews	9	27	21.71	1
Isaiah	35	4	21.71	1
Isaiah	40	9	21.71	1
Isaiah	6	10	21.71	1
Jeremiah	8	10	21.71	1
Job	5	12	21.71	1
John	5	44	21.71	1
Luke	10	22	21.71	1
Numbers	12	6	21.71	1
Psalms	102	25	21.71	1
Psalms	18	1	21.71	1
Psalms	84	10	21.71	1
Psalms	96	13	21.71	1
Romans	8	13	21.71	1
1 Corinthians	4	9	21.64	1
1 Peter	1	17	21.64	1
1 Timothy	2	5	21.64	1
2 Thessalonians	3	6	21.64	1
Acts	13	27	21.64	1
Ecclesiastes	5	8	21.64	1
Genesis	22	18	21.64	1
Genesis	48	16	21.64	1
Isaiah	30	33	21.64	1
John	15	19	21.64	1
John	17	1	21.64	1
John	6	51	21.64	1
Lamentations	4	21	21.64	1
Proverbs	21	1	21.64	1
Psalms	125	5	21.64	1
Psalms	18	6	21.64	1
Psalms	72	1	21.64	1
Revelation	18	6	21.64	1
Romans	5	12	21.64	1
Romans	9	33	21.64	1
1 John	4	12	21.56	1
2 Chronicles	31	20	21.56	1
2 Corinthians	4	7	21.56	1
2 Samuel	12	9	21.56	1
Amos	5	11	21.56	1
Colossians	2	9	21.56	1
Deuteronomy	32	22	21.56	1
Ephesians	5	3	21.56	1
Ezekiel	39	25	21.56	1
Galatians	1	10	21.56	1
Hosea	13	14	21.56	1
Isaiah	24	1	21.56	1
Isaiah	35	6	21.56	1
Isaiah	57	19	21.56	1
Jeremiah	4	19	21.56	1
Jeremiah	4	2	21.56	1
Jeremiah	5	21	21.56	1
Luke	16	25	21.56	1
Matthew	16	16	21.56	1
Revelation	14	1	21.56	1
Romans	10	9	21.56	1
1 Kings	18	36	21.48	1
2 Corinthians	7	10	21.48	1
2 Timothy	2	10	21.48	1
Daniel	9	5	21.48	1
Deuteronomy	7	2	21.48	1
Ephesians	3	6	21.48	1
Galatians	6	10	21.48	1
Hebrews	13	9	21.48	1
Isaiah	40	1	21.48	1
Isaiah	65	15	21.48	1
Jeremiah	2	2	21.48	1
Jeremiah	31	8	21.48	1
Jeremiah	32	37	21.48	1
Job	15	14	21.48	1
John	12	46	21.48	1
John	7	7	21.48	1
Judges	20	1	21.48	1
Matthew	26	39	21.48	1
Psalms	1	6	21.48	1
Psalms	24	1	21.48	1
Psalms	46	10	21.48	1
Revelation	2	13	21.48	1
1 Chronicles	28	20	21.40	1
1 Corinthians	3	6	21.40	1
1 Peter	4	10	21.40	1
2 Chronicles	36	17	21.40	1
2 Corinthians	12	20	21.40	1
Acts	13	1	21.40	1
Daniel	2	47	21.40	1
Daniel	7	9	21.40	1
Isaiah	11	9	21.40	1
Isaiah	64	4	21.40	1
James	4	5	21.40	1
Judges	2	14	21.40	1
Luke	13	34	21.40	1
Mark	11	24	21.40	1
Matthew	27	1	21.40	1
Psalms	48	1	21.40	1
Psalms	78	68	21.40	1
Revelation	16	15	21.40	1
Zechariah	14	2	21.40	1
1 Corinthians	12	4	21.33	1
1 Corinthians	13	2	21.33	1
1 Corinthians	9	19	21.33	1
1 John	4	10	21.33	1
1 Kings	18	21	21.33	1
1 Peter	3	15	21.33	1
1 Thessalonians	4	9	21.33	1
1 Timothy	6	6	21.33	1
2 Timothy	4	16	21.33	1
Acts	2	37	21.33	1
Acts	4	19	21.33	1
Acts	4	32	21.33	1
Deuteronomy	10	17	21.33	1
Ezekiel	34	11	21.33	1
Ezekiel	36	24	21.33	1
Genesis	15	5	21.33	1
Hebrews	10	4	21.33	1
Isaiah	10	12	21.33	1
Isaiah	19	11	21.33	1
Isaiah	45	18	21.33	1
Isaiah	8	17	21.33	1
Jeremiah	10	23	21.33	1
Luke	1	78	21.33	1
Luke	22	31	21.33	1
Matthew	26	59	21.33	1
Matthew	5	45	21.33	1
Psalms	17	8	21.33	1
Psalms	28	7	21.33	1
Psalms	40	6	21.33	1
Revelation	18	4	21.33	1
Romans	9	27	21.33	1
Romans	9	5	21.33	1
Zechariah	8	3	21.33	1
2 Chronicles	14	11	21.25	1
2 Chronicles	32	8	21.25	1
Acts	17	11	21.25	1
Daniel	6	10	21.25	1
Daniel	9	3	21.25	1
Deuteronomy	29	19	21.25	1
Ezekiel	7	20	21.25	1
Isaiah	63	15	21.25	1
Isaiah	66	10	21.25	1
John	17	4	21.25	1
John	5	25	21.25	1
Joshua	1	6	21.25	1
Luke	18	13	21.25	1
Psalms	33	9	21.25	1
Psalms	37	32	21.25	1
Psalms	55	21	21.25	1
Psalms	62	9	21.25	1
Psalms	78	8	21.25	1
Psalms	93	1	21.25	1
Romans	16	26	21.25	1
1 Corinthians	2	6	21.17	1
1 Peter	4	8	21.17	1
2 Corinthians	12	11	21.17	1
2 Samuel	11	2	21.17	1
Acts	3	26	21.17	1
Deuteronomy	6	6	21.17	1
Ezekiel	34	25	21.17	1
Ezekiel	8	18	21.17	1
Hebrews	1	10	21.17	1
Isaiah	47	6	21.17	1
Jeremiah	23	14	21.17	1
Job	42	6	21.17	1
John	17	8	21.17	1
Luke	12	1	21.17	1
Luke	15	10	21.17	1
Malachi	1	10	21.17	1
Psalms	10	17	21.17	1
Psalms	116	3	21.17	1
Psalms	17	14	21.17	1
Psalms	71	15	21.17	1
Revelation	6	9	21.17	1
Romans	6	17	21.17	1
1 John	3	18	21.09	1
1 Kings	21	20	21.09	1
2 Thessalonians	1	10	21.09	1
2 Timothy	2	1	21.09	1
Acts	13	45	21.09	1
Acts	17	26	21.09	1
Ephesians	5	9	21.09	1
Exodus	15	2	21.09	1
Ezekiel	13	22	21.09	1
Ezekiel	37	11	21.09	1
Galatians	1	15	21.09	1
Galatians	2	4	21.09	1
Galatians	2	9	21.09	1
Isaiah	8	14	21.09	1
Jeremiah	28	15	21.09	1
Job	23	12	21.09	1
Job	34	29	21.09	1
John	16	20	21.09	1
Luke	1	31	21.09	1
Mark	16	17	21.09	1
Psalms	49	6	21.09	1
Psalms	50	3	21.09	1
Psalms	52	1	21.09	1
Revelation	3	3	21.09	1
Romans	2	6	21.09	1
1 Corinthians	16	22	21.01	1
1 John	1	9	21.01	1
1 Kings	22	19	21.01	1
Acts	24	16	21.01	1
Amos	5	21	21.01	1
Daniel	2	21	21.01	1
Daniel	6	22	21.01	1
Genesis	50	20	21.01	1
Hebrews	6	13	21.01	1
Isaiah	25	4	21.01	1
Isaiah	38	17	21.01	1
Isaiah	5	1	21.01	1
Isaiah	56	11	21.01	1
Isaiah	62	4	21.01	1
Jeremiah	7	20	21.01	1
John	14	19	21.01	1
Jonah	4	2	21.01	1
Joshua	18	1	21.01	1
Matthew	22	16	21.01	1
Matthew	6	19	21.01	1
Proverbs	29	25	21.01	1
Psalms	74	1	21.01	1
Psalms	97	2	21.01	1
Revelation	11	13	21.01	1
Romans	1	1	21.01	1
Romans	11	7	21.01	1
Romans	5	6	21.01	1
1 Corinthians	12	12	20.93	1
1 Thessalonians	2	16	20.93	1
2 John	1	9	20.93	1
2 Thessalonians	2	3	20.93	1
2 Timothy	3	8	20.93	1
2 Timothy	4	18	20.93	1
Acts	6	13	20.93	1
Ezekiel	2	6	20.93	1
Genesis	13	10	20.93	1
Isaiah	28	7	20.93	1
Isaiah	29	10	20.93	1
Isaiah	37	23	20.93	1
Isaiah	44	2	20.93	1
Isaiah	59	17	20.93	1
Job	17	9	20.93	1
John	1	16	20.93	1
John	16	13	20.93	1
Luke	15	32	20.93	1
Luke	8	15	20.93	1
Philippians	3	20	20.93	1
Psalms	147	11	20.93	1
Psalms	50	23	20.93	1
Psalms	56	11	20.93	1
Psalms	81	11	20.93	1
Revelation	18	7	20.93	1
Revelation	5	6	20.93	1
Romans	15	19	20.93	1
Romans	6	13	20.93	1
Romans	9	4	20.93	1
Titus	1	1	20.93	1
1 Corinthians	10	22	20.85	1
1 Corinthians	13	12	20.85	1
1 Kings	3	9	20.85	1
Acts	10	43	20.85	1
Colossians	2	3	20.85	1
Colossians	4	5	20.85	1
Deuteronomy	18	15	20.85	1
Ephesians	2	7	20.85	1
Ephesians	4	12	20.85	1
Exodus	19	16	20.85	1
Exodus	5	2	20.85	1
Ezekiel	36	31	20.85	1
Ezekiel	39	29	20.85	1
Isaiah	43	3	20.85	1
Isaiah	45	25	20.85	1
Isaiah	5	7	20.85	1
Isaiah	55	11	20.85	1
Isaiah	62	6	20.85	1
Isaiah	63	7	20.85	1
Jeremiah	14	17	20.85	1
Jeremiah	33	24	20.85	1
Jeremiah	44	16	20.85	1
John	17	5	20.85	1
John	20	28	20.85	1
Jude	1	25	20.85	1
Malachi	3	16	20.85	1
Matthew	24	15	20.85	1
Psalms	73	24	20.85	1
Romans	1	3	20.85	1
Romans	10	2	20.85	1
1 Samuel	17	26	20.77	1
1 Thessalonians	5	17	20.77	1
Acts	18	6	20.77	1
Esther	7	10	20.77	1
Ezekiel	29	3	20.77	1
Genesis	13	15	20.77	1
Hebrews	2	10	20.77	1
Job	34	19	20.77	1
Job	40	9	20.77	1
Numbers	16	46	20.77	1
Psalms	143	2	20.77	1
Psalms	143	8	20.77	1
Psalms	34	19	20.77	1
Psalms	34	9	20.77	1
Psalms	37	35	20.77	1
Psalms	41	9	20.77	1
Psalms	44	1	20.77	1
Revelation	13	5	20.77	1
Romans	4	25	20.77	1
Romans	5	21	20.77	1
Titus	1	7	20.77	1
Zechariah	9	17	20.77	1
1 John	5	3	20.70	1
1 Thessalonians	2	19	20.70	1
2 Samuel	13	28	20.70	1
Acts	13	26	20.70	1
Acts	24	5	20.70	1
Acts	4	31	20.70	1
Colossians	1	6	20.70	1
Daniel	12	1	20.70	1
Daniel	2	28	20.70	1
Deuteronomy	16	11	20.70	1
Exodus	4	31	20.70	1
Ezekiel	37	25	20.70	1
Galatians	3	8	20.70	1
Habakkuk	3	16	20.70	1
Hosea	1	7	20.70	1
Isaiah	26	20	20.70	1
Isaiah	60	3	20.70	1
Jeremiah	38	4	20.70	1
Jeremiah	51	34	20.70	1
Joel	3	17	20.70	1
John	1	45	20.70	1
John	20	21	20.70	1
Luke	1	76	20.70	1
Luke	12	47	20.70	1
Malachi	2	2	20.70	1
Matthew	26	28	20.70	1
Proverbs	18	12	20.70	1
Psalms	89	7	20.70	1
Psalms	91	14	20.70	1
Revelation	6	16	20.70	1
Romans	1	32	20.70	1
1 John	2	28	20.62	1
2 Corinthians	13	14	20.62	1
2 Corinthians	3	5	20.62	1
2 Peter	1	3	20.62	1
Daniel	2	37	20.62	1
Deuteronomy	8	3	20.62	1
Exodus	34	5	20.62	1
Ezekiel	20	9	20.62	1
Hebrews	11	16	20.62	1
Hebrews	3	13	20.62	1
Hebrews	6	12	20.62	1
Isaiah	27	12	20.62	1
Isaiah	40	26	20.62	1
Isaiah	53	4	20.62	1
Isaiah	66	5	20.62	1
John	3	18	20.62	1
John	9	39	20.62	1
Luke	1	15	20.62	1
Luke	16	14	20.62	1
Luke	20	20	20.62	1
Luke	24	25	20.62	1
Psalms	89	36	20.62	1
Revelation	2	11	20.62	1
Revelation	22	20	20.62	1
Revelation	5	10	20.62	1
Revelation	6	12	20.62	1
Romans	1	5	20.62	1
Romans	3	29	20.62	1
Romans	6	19	20.62	1
Romans	8	11	20.62	1
1 Corinthians	3	21	20.54	1
1 Kings	18	4	20.54	1
Colossians	2	7	20.54	1
Ephesians	4	26	20.54	1
Exodus	14	13	20.54	1
Exodus	40	34	20.54	1
Galatians	6	15	20.54	1
Hebrews	2	4	20.54	1
Hebrews	8	6	20.54	1
Isaiah	1	4	20.54	1
Isaiah	45	7	20.54	1
Jeremiah	22	17	20.54	1
Job	1	21	20.54	1
John	14	3	20.54	1
John	15	22	20.54	1
John	17	25	20.54	1
Matthew	19	26	20.54	1
Nehemiah	9	29	20.54	1
Philippians	4	19	20.54	1
Psalms	132	11	20.54	1
Psalms	22	16	20.54	1
Psalms	30	5	20.54	1
Psalms	44	3	20.54	1
Psalms	78	34	20.54	1
Revelation	17	8	20.54	1
Revelation	8	3	20.54	1
Romans	6	14	20.54	1
1 Corinthians	1	27	20.46	1
1 Corinthians	3	5	20.46	1
1 Samuel	17	36	20.46	1
2 Corinthians	12	8	20.46	1
2 Kings	20	3	20.46	1
2 Timothy	3	5	20.46	1
Daniel	9	18	20.46	1
Deuteronomy	18	10	20.46	1
Deuteronomy	31	17	20.46	1
Ecclesiastes	9	7	20.46	1
Exodus	13	21	20.46	1
Exodus	18	21	20.46	1
Ezekiel	22	12	20.46	1
Hebrews	11	36	20.46	1
Isaiah	4	2	20.46	1
Isaiah	64	8	20.46	1
James	3	6	20.46	1
Jeremiah	1	17	20.46	1
Jeremiah	10	16	20.46	1
Jeremiah	50	2	20.46	1
John	15	15	20.46	1
John	15	6	20.46	1
Luke	10	21	20.46	1
Mark	8	38	20.46	1
Psalms	103	8	20.46	1
Psalms	52	2	20.46	1
Psalms	63	5	20.46	1
Revelation	2	8	20.46	1
1 John	3	23	20.38	1
1 Kings	22	8	20.38	1
1 Thessalonians	4	6	20.38	1
1 Thessalonians	5	11	20.38	1
Acts	20	26	20.38	1
Acts	22	3	20.38	1
Deuteronomy	6	7	20.38	1
Deuteronomy	8	16	20.38	1
Ezekiel	34	2	20.38	1
Hebrews	9	10	20.38	1
Isaiah	45	19	20.38	1
Job	19	25	20.38	1
Job	9	4	20.38	1
John	13	18	20.38	1
John	14	16	20.38	1
Matthew	22	7	20.38	1
Matthew	5	12	20.38	1
Numbers	16	22	20.38	1
Numbers	25	1	20.38	1
Philippians	4	3	20.38	1
Revelation	5	11	20.38	1
Romans	13	1	20.38	1
Romans	2	28	20.38	1
Romans	7	7	20.38	1
Romans	9	20	20.38	1
1 Corinthians	3	3	20.29	1
1 John	4	20	20.29	1
1 Kings	16	31	20.29	1
2 Peter	1	4	20.29	1
Acts	9	36	20.29	1
Daniel	4	25	20.29	1
Ephesians	5	5	20.29	1
Galatians	2	16	20.29	1
Galatians	3	22	20.29	1
Isaiah	54	1	20.29	1
Leviticus	18	21	20.29	1
Leviticus	19	15	20.29	1
Luke	21	25	20.29	1
Matthew	27	39	20.29	1
Matthew	27	54	20.29	1
Matthew	3	10	20.29	1
Micah	3	8	20.29	1
Micah	4	2	20.29	1
Micah	6	16	20.29	1
Proverbs	14	31	20.29	1
Psalms	104	2	20.29	1
Psalms	112	5	20.29	1
Revelation	11	3	20.29	1
Romans	9	30	20.29	1
1 Corinthians	12	13	20.21	1
1 Corinthians	5	1	20.21	1
1 John	5	4	20.21	1
1 Peter	2	17	20.21	1
1 Timothy	1	11	20.21	1
1 Timothy	6	13	20.21	1
2 Corinthians	7	6	20.21	1
2 Kings	7	6	20.21	1
Acts	4	28	20.21	1
Daniel	4	32	20.21	1
Ezekiel	37	26	20.21	1
Galatians	1	4	20.21	1
Galatians	5	16	20.21	1
Genesis	22	12	20.21	1
Hosea	2	23	20.21	1
Isaiah	33	14	20.21	1
Isaiah	42	6	20.21	1
Isaiah	58	6	20.21	1
Isaiah	6	1	20.21	1
Jeremiah	31	3	20.21	1
Job	40	4	20.21	1
John	12	40	20.21	1
Lamentations	3	37	20.21	1
Matthew	23	5	20.21	1
Matthew	24	9	20.21	1
Matthew	5	28	20.21	1
Micah	7	20	20.21	1
Psalms	10	11	20.21	1
Psalms	137	8	20.21	1
Psalms	34	6	20.21	1
Psalms	37	28	20.21	1
Revelation	16	19	20.21	1
Revelation	2	9	20.21	1
Revelation	4	10	20.21	1
Titus	1	15	20.21	1
1 Peter	1	15	20.13	1
1 Peter	2	10	20.13	1
Colossians	4	2	20.13	1
Deuteronomy	32	26	20.13	1
Deuteronomy	4	40	20.13	1
Ephesians	4	25	20.13	1
Ephesians	4	28	20.13	1
Ezekiel	20	47	20.13	1
Ezra	1	1	20.13	2
Galatians	6	14	20.13	2
Genesis	1	26	20.13	2
Hebrews	9	26	20.13	2
Isaiah	23	1	20.13	2
Isaiah	42	7	20.13	2
Isaiah	43	21	20.13	2
Isaiah	45	23	20.13	2
Isaiah	5	6	20.13	2
Isaiah	51	11	20.13	2
Isaiah	54	4	20.13	2
Isaiah	66	18	20.13	2
Jeremiah	35	15	20.13	2
Joel	2	12	20.13	2
John	2	5	20.13	2
John	3	2	20.13	2
Matthew	5	48	20.13	2
Numbers	4	15	20.13	2
Proverbs	29	23	20.13	2
Proverbs	3	7	20.13	2
Psalms	13	1	20.13	2
Psalms	16	10	20.13	2
Psalms	32	5	20.13	2
Psalms	71	17	20.13	2
Romans	4	16	20.13	2
Romans	8	30	20.13	2
Zephaniah	3	8	20.13	2
1 Chronicles	29	20	20.05	2
1 Corinthians	10	11	20.05	2
1 Timothy	3	15	20.05	2
Acts	27	23	20.05	2
Daniel	9	7	20.05	2
Deuteronomy	10	20	20.05	2
Deuteronomy	16	16	20.05	2
Ephesians	4	15	20.05	2
Exodus	12	12	20.05	2
Exodus	12	29	20.05	2
Ezekiel	20	28	20.05	2
Ezekiel	37	21	20.05	2
Habakkuk	2	4	20.05	2
Isaiah	25	6	20.05	2
Isaiah	5	25	20.05	2
Jeremiah	44	17	20.05	2
Luke	12	33	20.05	2
Mark	3	5	20.05	2
Micah	2	11	20.05	2
Psalms	36	8	20.05	2
Psalms	89	19	20.05	2
Psalms	99	1	20.05	2
Revelation	19	6	20.05	2
Romans	12	13	20.05	2
Romans	12	3	20.05	2
Romans	9	1	20.05	2
1 Chronicles	29	10	19.97	2
1 Corinthians	3	19	19.97	2
1 Corinthians	4	10	19.97	2
2 Peter	2	5	19.97	2
Acts	13	47	19.97	2
Acts	26	9	19.97	2
Acts	8	36	19.97	2
Deuteronomy	32	29	19.97	2
Ecclesiastes	2	26	19.97	2
Exodus	15	14	19.97	2
Genesis	3	6	19.97	2
Hosea	3	4	19.97	2
Isaiah	10	16	19.97	2
Isaiah	13	1	19.97	2
Isaiah	43	19	19.97	2
Isaiah	52	11	19.97	2
Isaiah	53	7	19.97	2
Jeremiah	32	19	19.97	2
Jeremiah	7	24	19.97	2
John	13	3	19.97	2
John	15	20	19.97	2
Luke	13	25	19.97	2
Luke	19	43	19.97	2
Matthew	18	20	19.97	2
Matthew	7	22	19.97	2
Philippians	2	10	19.97	2
Proverbs	2	6	19.97	2
Psalms	107	34	19.97	2
Psalms	123	1	19.97	2
Psalms	32	3	19.97	2
Psalms	50	14	19.97	2
Psalms	71	18	19.97	2
Psalms	86	9	19.97	2
Romans	2	17	19.97	2
Romans	6	4	19.97	2
Zechariah	13	2	19.97	2
Zephaniah	1	5	19.97	2
1 Corinthians	1	8	19.89	2
1 Samuel	1	11	19.89	2
1 Samuel	12	23	19.89	2
1 Samuel	2	7	19.89	2
1 Samuel	2	8	19.89	2
2 Chronicles	36	14	19.89	2
2 Timothy	4	22	19.89	2
Acts	3	25	19.89	2
Daniel	7	10	19.89	2
Ephesians	3	10	19.89	2
Ephesians	5	20	19.89	2
Exodus	18	11	19.89	2
Hebrews	8	1	19.89	2
Isaiah	29	18	19.89	2
Isaiah	33	15	19.89	2
Isaiah	45	5	19.89	2
Jeremiah	3	19	19.89	2
Jeremiah	4	4	19.89	2
Job	27	8	19.89	2
Job	42	8	19.89	2
John	14	30	19.89	2
John	6	68	19.89	2
Leviticus	26	14	19.89	2
Luke	1	69	19.89	2
Luke	15	18	19.89	2
Luke	23	2	19.89	2
Matthew	24	30	19.89	2
Psalms	27	5	19.89	2
Psalms	72	12	19.89	2
Psalms	78	38	19.89	2
Psalms	90	2	19.89	2
Zechariah	14	20	19.89	2
1 Corinthians	4	1	19.81	2
1 Samuel	16	13	19.81	2
1 Thessalonians	2	2	19.81	2
1 Timothy	3	2	19.81	2
2 Chronicles	25	16	19.81	2
2 Corinthians	3	14	19.81	2
2 Corinthians	4	3	19.81	2
Acts	10	45	19.81	2
Colossians	2	8	19.81	2
Daniel	3	16	19.81	2
Daniel	4	27	19.81	2
Genesis	32	24	19.81	2
Hebrews	10	28	19.81	2
Hosea	14	4	19.81	2
Isaiah	14	24	19.81	2
Isaiah	35	5	19.81	2
Isaiah	44	20	19.81	2
Isaiah	46	3	19.81	2
Isaiah	64	1	19.81	2
Isaiah	8	19	19.81	2
James	2	8	19.81	2
Jeremiah	14	14	19.81	2
Jeremiah	33	9	19.81	2
Jeremiah	51	20	19.81	2
Jeremiah	52	13	19.81	2
Job	14	4	19.81	2
John	18	28	19.81	2
John	2	24	19.81	2
John	3	17	19.81	2
John	8	32	19.81	2
Jude	1	6	19.81	2
Matthew	2	16	19.81	2
Matthew	8	26	19.81	2
Proverbs	11	24	19.81	2
Psalms	33	18	19.81	2
Psalms	35	26	19.81	2
Psalms	37	34	19.81	2
Psalms	66	13	19.81	2
Romans	1	4	19.81	2
1 Corinthians	4	7	19.73	2
1 John	5	16	19.73	2
2 Chronicles	30	12	19.73	2
2 Peter	3	17	19.73	2
Acts	17	5	19.73	2
Acts	26	17	19.73	2
Colossians	1	5	19.73	2
Ephesians	4	24	19.73	2
Ephesians	4	31	19.73	2
Haggai	2	7	19.73	2
Isaiah	13	19	19.73	2
Isaiah	26	8	19.73	2
Isaiah	3	9	19.73	2
Isaiah	4	5	19.73	2
Jeremiah	1	10	19.73	2
Job	38	4	19.73	2
Jude	1	13	19.73	2
Luke	1	74	19.73	2
Luke	15	17	19.73	2
Luke	2	11	19.73	2
Luke	23	34	19.73	2
Psalms	42	4	19.73	2
1 Corinthians	13	1	19.64	2
1 Peter	3	4	19.64	2
1 Samuel	2	2	19.64	2
Acts	14	17	19.64	2
Acts	3	14	19.64	2
Acts	7	2	19.64	2
Deuteronomy	4	5	19.64	2
Ephesians	3	5	19.64	2
Isaiah	30	21	19.64	2
Isaiah	45	20	19.64	2
Isaiah	63	16	19.64	2
Jeremiah	31	4	19.64	2
Jeremiah	44	4	19.64	2
Jeremiah	9	11	19.64	2
Joel	3	16	19.64	2
Lamentations	2	11	19.64	2
Proverbs	1	23	19.64	2
Proverbs	28	9	19.64	2
Psalms	22	22	19.64	2
Psalms	33	10	19.64	2
Psalms	40	9	19.64	2
Psalms	56	4	19.64	2
Revelation	9	20	19.64	2
1 Corinthians	1	23	19.56	2
1 Corinthians	2	4	19.56	2
1 John	5	2	19.56	2
1 Kings	19	10	19.56	2
1 Kings	21	25	19.56	2
2 Timothy	2	9	19.56	2
Acts	13	36	19.56	2
Acts	14	19	19.56	2
Deuteronomy	29	18	19.56	2
Ecclesiastes	4	4	19.56	2
Ephesians	5	1	19.56	2
Galatians	3	27	19.56	2
Isaiah	40	28	19.56	2
Isaiah	49	26	19.56	2
Isaiah	5	24	19.56	2
Isaiah	60	6	19.56	2
James	1	26	19.56	2
James	2	14	19.56	2
Jeremiah	16	4	19.56	2
Jeremiah	26	6	19.56	2
Jeremiah	8	12	19.56	2
John	13	2	19.56	2
John	17	14	19.56	2
Luke	2	25	19.56	2
Matthew	22	37	19.56	2
Matthew	23	12	19.56	2
Nehemiah	5	15	19.56	2
Psalms	32	1	19.56	2
Psalms	32	7	19.56	2
Psalms	34	11	19.56	2
Revelation	19	5	19.56	2
1 John	3	5	19.48	2
1 Samuel	15	11	19.48	2
1 Samuel	15	3	19.48	2
1 Samuel	7	3	19.48	2
1 Thessalonians	2	4	19.48	2
1 Thessalonians	4	14	19.48	2
1 Thessalonians	5	6	19.48	2
2 Chronicles	32	25	19.48	2
2 Corinthians	4	5	19.48	2
2 Corinthians	6	18	19.48	2
Acts	10	34	19.48	2
Acts	15	9	19.48	2
Acts	9	16	19.48	2
Amos	8	4	19.48	2
Deuteronomy	28	1	19.48	2
Deuteronomy	33	1	19.48	2
Exodus	3	15	19.48	2
Ezekiel	20	14	19.48	2
Genesis	12	1	19.48	2
Genesis	13	16	19.48	2
Hebrews	2	11	19.48	2
Hebrews	9	13	19.48	2
Isaiah	25	1	19.48	2
Isaiah	44	8	19.48	2
Isaiah	56	7	19.48	2
Isaiah	66	15	19.48	2
Jeremiah	2	20	19.48	2
Jeremiah	23	3	19.48	2
John	12	31	19.48	2
Jude	1	3	19.48	2
Matthew	13	44	19.48	2
Micah	3	5	19.48	2
Proverbs	17	3	19.48	2
Psalms	113	7	19.48	2
Psalms	145	14	19.48	2
Romans	1	22	19.48	2
1 Corinthians	15	45	19.39	2
1 John	2	29	19.39	2
1 Thessalonians	2	9	19.39	2
1 Timothy	1	14	19.39	2
1 Timothy	4	3	19.39	2
1 Timothy	6	12	19.39	2
2 Corinthians	8	1	19.39	2
2 Samuel	15	31	19.39	2
2 Samuel	3	27	19.39	2
3 John	1	11	19.39	2
Acts	9	1	19.39	2
Daniel	2	34	19.39	2
Deuteronomy	7	9	19.39	2
Exodus	3	1	19.39	2
Ezekiel	20	21	19.39	2
Ezekiel	24	13	19.39	2
Ezekiel	24	21	19.39	2
Hebrews	10	1	19.39	2
Hebrews	12	10	19.39	2
Hebrews	13	1	19.39	2
Isaiah	12	4	19.39	2
Isaiah	2	17	19.39	2
Isaiah	33	22	19.39	2
Isaiah	45	9	19.39	2
Jeremiah	30	3	19.39	2
Jeremiah	33	6	19.39	2
Jeremiah	49	7	19.39	2
Job	21	14	19.39	2
John	5	28	19.39	2
Leviticus	26	8	19.39	2
Malachi	3	8	19.39	2
Matthew	24	31	19.39	2
Matthew	8	11	19.39	2
Psalms	10	3	19.39	2
Psalms	102	13	19.39	2
Psalms	16	5	19.39	2
Psalms	34	18	19.39	2
Psalms	39	5	19.39	2
Psalms	50	22	19.39	2
Psalms	65	5	19.39	2
Revelation	14	8	19.39	2
Romans	8	26	19.39	2
Zechariah	12	1	19.39	2
Zephaniah	2	11	19.39	2
1 Kings	14	16	19.31	2
1 Kings	17	18	19.31	2
1 Peter	3	1	19.31	2
1 Timothy	1	10	19.31	2
2 Peter	3	14	19.31	2
Acts	16	15	19.31	2
Acts	2	1	19.31	2
Ephesians	5	17	19.31	2
Esther	4	16	19.31	2
Genesis	22	16	19.31	2
Hosea	4	2	19.31	2
Isaiah	5	5	19.31	2
Isaiah	54	8	19.31	2
Jeremiah	10	11	19.31	2
Jeremiah	32	41	19.31	2
Jeremiah	51	27	19.31	2
Jeremiah	7	4	19.31	2
John	8	54	19.31	2
Leviticus	17	10	19.31	2
Luke	1	79	19.31	2
Luke	12	22	19.31	2
Luke	22	44	19.31	2
Matthew	13	41	19.31	2
Matthew	21	42	19.31	2
Matthew	24	42	19.31	2
Matthew	6	14	19.31	2
Nehemiah	8	10	19.31	2
Proverbs	10	7	19.31	2
Proverbs	13	22	19.31	2
Proverbs	15	3	19.31	2
Proverbs	21	27	19.31	2
Proverbs	30	17	19.31	2
Proverbs	5	22	19.31	2
Psalms	50	21	19.31	2
Revelation	11	7	19.31	2
Revelation	14	4	19.31	2
Revelation	16	14	19.31	2
Revelation	17	16	19.31	2
Romans	13	12	19.31	2
Romans	3	4	19.31	2
1 Corinthians	15	20	19.23	2
1 Samuel	2	1	19.23	2
1 Timothy	2	4	19.23	2
2 Corinthians	3	4	19.23	2
Acts	18	5	19.23	2
Acts	4	11	19.23	2
Amos	4	1	19.23	2
Deuteronomy	2	30	19.23	2
Ecclesiastes	9	11	19.23	2
Ezekiel	14	9	19.23	2
Ezekiel	5	11	19.23	2
Ezekiel	5	13	19.23	2
Genesis	3	17	19.23	2
Hebrews	10	12	19.23	2
Hebrews	11	9	19.23	2
Hosea	14	5	19.23	2
Isaiah	33	1	19.23	2
Isaiah	43	10	19.23	2
James	1	16	19.23	2
Jeremiah	1	6	19.23	2
Jeremiah	25	3	19.23	2
Jeremiah	30	10	19.23	2
John	14	20	19.23	2
John	20	19	19.23	2
Matthew	18	3	19.23	2
Matthew	21	23	19.23	2
Nehemiah	1	11	19.23	2
Nehemiah	9	17	19.23	2
Psalms	119	136	19.23	2
Psalms	149	4	19.23	2
Psalms	25	3	19.23	2
Psalms	44	21	19.23	2
Psalms	46	9	19.23	2
Psalms	51	5	19.23	2
Psalms	65	9	19.23	2
Psalms	95	7	19.23	2
Revelation	18	10	19.23	2
1 Corinthians	1	19	19.14	2
1 Kings	3	28	19.14	2
1 Samuel	25	36	19.14	2
1 Timothy	6	18	19.14	2
2 Corinthians	6	4	19.14	2
2 Timothy	2	24	19.14	2
Acts	8	1	19.14	2
Daniel	9	25	19.14	2
Ezra	3	11	19.14	2
Galatians	5	21	19.14	2
Habakkuk	2	14	19.14	2
Isaiah	26	21	19.14	2
Isaiah	30	26	19.14	2
Isaiah	58	14	19.14	2
Isaiah	65	17	19.14	2
James	5	15	19.14	2
Jeremiah	11	19	19.14	2
Jeremiah	2	17	19.14	2
Jeremiah	4	7	19.14	2
Job	31	16	19.14	2
John	19	28	19.14	2
Matthew	21	21	19.14	2
Matthew	9	36	19.14	2
Micah	3	9	19.14	2
Numbers	14	18	19.14	2
Proverbs	1	11	19.14	2
Psalms	17	3	19.14	2
Psalms	23	4	19.14	2
Psalms	3	3	19.14	2
Psalms	42	11	19.14	2
Psalms	77	2	19.14	2
Revelation	18	3	19.14	2
Revelation	2	26	19.14	2
Revelation	20	14	19.14	2
Revelation	3	4	19.14	2
Revelation	7	16	19.14	2
Romans	8	33	19.14	2
Zechariah	10	6	19.14	2
1 Chronicles	10	13	19.06	2
1 Corinthians	9	24	19.06	2
1 Timothy	6	3	19.06	2
2 Kings	17	13	19.06	2
Acts	16	25	19.06	2
Acts	2	42	19.06	2
Acts	3	6	19.06	2
Ezekiel	20	8	19.06	2
Genesis	48	15	19.06	2
Hebrews	12	18	19.06	2
Hebrews	7	27	19.06	2
Isaiah	37	20	19.06	2
Isaiah	46	13	19.06	2
Jeremiah	51	6	19.06	2
John	1	9	19.06	2
John	8	58	19.06	2
Leviticus	10	1	19.06	2
Luke	16	22	19.06	2
Matthew	24	13	19.06	2
Matthew	26	67	19.06	2
Philippians	2	7	19.06	2
Psalms	137	7	19.06	2
Psalms	26	4	19.06	2
Psalms	50	16	19.06	2
Psalms	52	5	19.06	2
Psalms	81	12	19.06	2
Revelation	19	19	19.06	2
Revelation	20	8	19.06	2
Revelation	21	10	19.06	2
Zephaniah	2	9	19.06	2
1 Thessalonians	4	16	18.98	2
2 John	1	7	18.98	2
2 Timothy	2	3	18.98	2
Acts	10	4	18.98	2
Acts	20	33	18.98	2
Acts	24	25	18.98	2
Acts	3	22	18.98	2
Amos	1	11	18.98	2
Deuteronomy	4	7	18.98	2
Ephesians	4	2	18.98	2
Exodus	12	15	18.98	2
Genesis	17	8	18.98	2
Genesis	49	18	18.98	2
Hosea	8	1	18.98	2
Hosea	9	7	18.98	2
Isaiah	14	1	18.98	2
Isaiah	2	20	18.98	2
Isaiah	9	4	18.98	2
James	4	14	18.98	2
Job	1	3	18.98	2
John	15	5	18.98	2
Matthew	10	21	18.98	2
Matthew	27	63	18.98	2
Matthew	8	29	18.98	2
Nehemiah	9	32	18.98	2
Proverbs	6	23	18.98	2
Psalms	122	1	18.98	2
Psalms	127	3	18.98	2
Psalms	16	8	18.98	2
Psalms	23	5	18.98	2
Psalms	24	4	18.98	2
Psalms	39	6	18.98	2
Psalms	62	12	18.98	2
Psalms	73	3	18.98	2
Revelation	14	7	18.98	2
Romans	10	18	18.98	2
Romans	8	24	18.98	2
Zechariah	5	3	18.98	2
1 Samuel	10	1	18.89	2
2 Corinthians	1	4	18.89	2
Acts	6	7	18.89	2
Amos	5	15	18.89	2
Colossians	3	15	18.89	2
Deuteronomy	13	1	18.89	2
Deuteronomy	32	13	18.89	2
Deuteronomy	5	29	18.89	2
Ecclesiastes	8	11	18.89	2
Ecclesiastes	8	12	18.89	2
Exodus	32	10	18.89	2
Ezekiel	16	8	18.89	2
Ezekiel	36	27	18.89	2
Hebrews	10	23	18.89	2
Isaiah	2	19	18.89	2
Isaiah	33	16	18.89	2
Isaiah	6	13	18.89	2
Isaiah	8	10	18.89	2
Jeremiah	4	23	18.89	2
Jeremiah	50	20	18.89	2
John	16	32	18.89	2
John	6	45	18.89	2
Lamentations	2	14	18.89	2
Luke	22	32	18.89	2
Malachi	1	14	18.89	2
Matthew	3	16	18.89	2
Proverbs	16	6	18.89	2
Proverbs	4	23	18.89	2
Psalms	10	14	18.89	2
Psalms	106	23	18.89	2
Psalms	133	1	18.89	2
Psalms	150	3	18.89	2
Psalms	19	14	18.89	2
Psalms	25	7	18.89	2
Psalms	56	3	18.89	2
Psalms	92	13	18.89	2
Psalms	94	12	18.89	2
Revelation	11	18	18.89	2
Revelation	17	12	18.89	2
Romans	1	9	18.89	2
Romans	7	4	18.89	2
Romans	9	22	18.89	2
1 Corinthians	2	7	18.81	2
1 Corinthians	9	25	18.81	2
1 Peter	3	14	18.81	2
1 Samuel	17	45	18.81	2
1 Timothy	2	8	18.81	2
1 Timothy	6	10	18.81	2
2 Chronicles	26	16	18.81	2
2 Corinthians	3	17	18.81	2
2 Corinthians	6	10	18.81	2
Acts	20	35	18.81	2
Acts	4	20	18.81	2
Daniel	3	28	18.81	2
Deuteronomy	14	2	18.81	2
Ephesians	3	7	18.81	2
Ephesians	6	13	18.81	2
Galatians	3	16	18.81	2
Genesis	28	14	18.81	2
Habakkuk	2	20	18.81	2
Hebrews	12	9	18.81	2
Hosea	8	13	18.81	2
Isaiah	14	13	18.81	2
Isaiah	28	15	18.81	2
Jeremiah	3	22	18.81	2
Joel	2	2	18.81	2
Leviticus	26	26	18.81	2
Leviticus	26	30	18.81	2
Luke	5	8	18.81	2
Matthew	21	31	18.81	2
Obadiah	1	3	18.81	2
Proverbs	12	18	18.81	2
Proverbs	22	22	18.81	2
Proverbs	3	21	18.81	2
Psalms	115	3	18.81	2
Psalms	126	5	18.81	2
Psalms	138	6	18.81	2
Psalms	30	11	18.81	2
Psalms	52	7	18.81	2
Psalms	64	3	18.81	2
Psalms	68	17	18.81	2
Psalms	98	3	18.81	2
Revelation	5	5	18.81	2
1 John	5	18	18.72	2
1 Kings	13	1	18.72	2
1 Samuel	12	22	18.72	2
1 Timothy	2	7	18.72	2
2 Timothy	4	5	18.72	2
Acts	13	50	18.72	2
Acts	19	26	18.72	2
Acts	7	9	18.72	2
Deuteronomy	12	7	18.72	2
Ephesians	5	15	18.72	2
Ephesians	5	19	18.72	2
Ezra	7	6	18.72	2
Genesis	28	15	18.72	2
Habakkuk	3	3	18.72	2
Hosea	9	9	18.72	2
Isaiah	45	14	18.72	2
Isaiah	47	12	18.72	2
Isaiah	59	4	18.72	2
James	2	6	18.72	2
Jeremiah	30	11	18.72	2
Jeremiah	33	20	18.72	2
Job	1	20	18.72	2
Joel	2	17	18.72	2
Joel	2	32	18.72	2
John	16	3	18.72	2
John	6	44	18.72	2
Luke	2	34	18.72	2
Luke	4	22	18.72	2
Matthew	11	21	18.72	2
Matthew	23	16	18.72	2
Numbers	16	40	18.72	2
Philippians	4	7	18.72	2
Psalms	119	81	18.72	2
Psalms	143	6	18.72	2
Psalms	43	4	18.72	2
Psalms	51	4	18.72	2
Psalms	82	1	18.72	2
Zechariah	1	15	18.72	2
1 Corinthians	12	26	18.64	2
1 Kings	10	1	18.64	2
1 Peter	4	9	18.64	2
1 Timothy	3	3	18.64	2
2 Peter	3	8	18.64	2
2 Timothy	3	1	18.64	2
Colossians	2	18	18.64	2
Deuteronomy	8	17	18.64	2
Ephesians	2	19	18.64	2
Ezekiel	3	18	18.64	2
Galatians	3	1	18.64	2
Genesis	26	4	18.64	2
Genesis	39	2	18.64	2
Genesis	9	5	18.64	2
Hebrews	6	11	18.64	2
Hosea	2	8	18.64	2
Isaiah	2	12	18.64	2
Isaiah	41	4	18.64	2
Isaiah	43	7	18.64	2
Jeremiah	20	9	18.64	2
Jeremiah	7	23	18.64	2
Job	25	4	18.64	2
John	18	37	18.64	2
John	6	70	18.64	2
Leviticus	20	10	18.64	2
Matthew	23	23	18.64	2
Matthew	24	45	18.64	2
Numbers	14	9	18.64	2
Philippians	2	16	18.64	2
Proverbs	23	19	18.64	2
Psalms	130	1	18.64	2
Psalms	34	7	18.64	2
Psalms	62	2	18.64	2
Psalms	85	10	18.64	2
Psalms	88	1	18.64	2
Revelation	13	10	18.64	2
Revelation	19	7	18.64	2
Revelation	22	13	18.64	2
Romans	1	8	18.64	2
Song of Solomon	1	4	18.64	2
1 Corinthians	11	23	18.55	2
1 John	3	3	18.55	2
1 John	3	7	18.55	2
1 Kings	21	10	18.55	2
1 Kings	22	6	18.55	2
1 Peter	4	19	18.55	2
2 Chronicles	28	22	18.55	2
2 Corinthians	8	16	18.55	2
2 Corinthians	8	8	18.55	2
2 Kings	25	4	18.55	2
2 Samuel	21	1	18.55	2
Acts	1	7	18.55	2
Deuteronomy	7	7	18.55	2
Ephesians	1	10	18.55	2
Ephesians	6	1	18.55	2
Genesis	1	28	18.55	2
Hebrews	10	24	18.55	2
Hebrews	10	34	18.55	2
Hebrews	11	4	18.55	2
Hebrews	9	22	18.55	2
Isaiah	28	14	18.55	2
Isaiah	55	2	18.55	2
Isaiah	58	13	18.55	2
Isaiah	63	12	18.55	2
Jeremiah	3	10	18.55	2
Jeremiah	38	6	18.55	2
Jeremiah	5	1	18.55	2
Jeremiah	7	31	18.55	2
John	16	7	18.55	2
John	17	12	18.55	2
Lamentations	3	22	18.55	2
Luke	15	22	18.55	2
Luke	19	42	18.55	2
Matthew	4	18	18.55	2
Micah	7	10	18.55	2
Nahum	1	10	18.55	2
Proverbs	1	31	18.55	2
Proverbs	16	16	18.55	2
Proverbs	8	17	18.55	2
Psalms	139	2	18.55	2
Psalms	23	1	18.55	2
Psalms	8	3	18.55	2
Zechariah	3	8	18.55	2
1 Corinthians	6	20	18.47	2
1 Samuel	15	23	18.47	2
1 Samuel	17	46	18.47	2
1 Thessalonians	2	10	18.47	2
1 Thessalonians	4	13	18.47	2
2 Corinthians	12	10	18.47	2
2 Thessalonians	3	3	18.47	2
Acts	20	23	18.47	2
Acts	5	40	18.47	2
Colossians	3	22	18.47	2
Daniel	9	12	18.47	2
Deuteronomy	12	12	18.47	2
Deuteronomy	4	6	18.47	2
Deuteronomy	5	32	18.47	2
Ezekiel	14	21	18.47	2
Ezekiel	14	3	18.47	2
Isaiah	1	3	18.47	2
Isaiah	14	32	18.47	2
Isaiah	21	2	18.47	2
Isaiah	66	24	18.47	2
James	1	10	18.47	2
Jeremiah	2	21	18.47	2
Jeremiah	2	34	18.47	2
Jeremiah	29	10	18.47	2
Jeremiah	32	27	18.47	2
Job	40	8	18.47	2
Job	5	19	18.47	2
Joel	1	13	18.47	2
John	17	11	18.47	2
John	19	11	18.47	2
John	3	13	18.47	2
John	8	59	18.47	2
Joshua	1	8	18.47	2
Joshua	7	19	18.47	2
Luke	1	50	18.47	2
Luke	18	22	18.47	2
Matthew	1	20	18.47	2
Matthew	27	24	18.47	2
Numbers	11	25	18.47	2
Proverbs	9	6	18.47	2
Psalms	126	2	18.47	2
Psalms	130	5	18.47	2
Psalms	142	4	18.47	2
Psalms	65	4	18.47	2
Psalms	7	6	18.47	2
Psalms	78	70	18.47	2
Psalms	79	1	18.47	2
Psalms	86	8	18.47	2
Psalms	90	1	18.47	2
Romans	8	23	18.47	2
Zechariah	14	9	18.47	2
Zechariah	2	5	18.47	2
1 Kings	21	19	18.38	2
1 Kings	8	47	18.38	2
1 Thessalonians	3	3	18.38	2
1 Thessalonians	4	11	18.38	2
2 Thessalonians	1	5	18.38	2
Acts	10	2	18.38	2
Acts	22	16	18.38	2
Daniel	9	27	18.38	2
Deuteronomy	16	1	18.38	2
Deuteronomy	20	4	18.38	2
Deuteronomy	6	10	18.38	2
Ephesians	3	12	18.38	2
Ezekiel	37	27	18.38	2
Galatians	6	6	18.38	2
Isaiah	10	8	18.38	2
Isaiah	25	10	18.38	2
Isaiah	5	12	18.38	2
Isaiah	52	15	18.38	2
Jeremiah	18	20	18.38	2
Jeremiah	3	8	18.38	2
Jeremiah	39	1	18.38	2
Jeremiah	51	11	18.38	2
Jeremiah	8	2	18.38	2
John	15	1	18.38	2
John	17	26	18.38	2
Luke	11	9	18.38	2
Luke	12	42	18.38	2
Luke	16	8	18.38	2
Matthew	4	24	18.38	2
Matthew	8	12	18.38	2
Micah	7	9	18.38	2
Philippians	4	1	18.38	2
Proverbs	15	33	18.38	2
Psalms	2	9	18.38	2
Psalms	69	9	18.38	2
Psalms	9	10	18.38	2
Psalms	92	1	18.38	2
Psalms	94	1	18.38	2
Romans	12	6	18.38	2
Romans	2	1	18.38	2
Romans	4	17	18.38	2
Song of Solomon	2	3	18.38	2
1 Corinthians	15	34	18.29	2
1 Peter	5	3	18.29	2
1 Thessalonians	5	18	18.29	2
1 Timothy	4	16	18.29	2
2 Chronicles	24	20	18.29	2
2 Corinthians	1	1	18.29	2
2 Kings	21	6	18.29	2
2 Thessalonians	3	16	18.29	2
Acts	13	10	18.29	2
Acts	17	18	18.29	2
Acts	20	31	18.29	2
Acts	9	40	18.29	2
Deuteronomy	30	3	18.29	2
Deuteronomy	4	27	18.29	2
Ephesians	2	14	18.29	2
Ephesians	5	27	18.29	2
Ezekiel	22	7	18.29	2
Ezekiel	6	9	18.29	2
Hosea	10	5	18.29	2
Hosea	12	1	18.29	2
Hosea	2	18	18.29	2
Isaiah	37	29	18.29	2
Isaiah	43	11	18.29	2
Isaiah	51	16	18.29	2
Isaiah	57	16	18.29	2
Jeremiah	10	6	18.29	2
Jeremiah	14	7	18.29	2
Jeremiah	17	13	18.29	2
John	11	40	18.29	2
Leviticus	19	3	18.29	2
Luke	1	37	18.29	2
Luke	19	14	18.29	2
Luke	21	22	18.29	2
Mark	13	22	18.29	2
Matthew	20	15	18.29	2
Matthew	26	56	18.29	2
Matthew	5	8	18.29	2
Micah	5	8	18.29	2
Numbers	16	35	18.29	2
Philippians	1	7	18.29	2
Proverbs	14	29	18.29	2
Psalms	143	7	18.29	2
Psalms	37	12	18.29	2
Psalms	44	2	18.29	2
Psalms	51	17	18.29	2
Psalms	74	18	18.29	2
Revelation	1	20	18.29	2
Revelation	16	9	18.29	2
Revelation	2	2	18.29	2
Revelation	21	1	18.29	2
Romans	3	5	18.29	2
Titus	1	11	18.29	2
Zephaniah	1	6	18.29	2
1 John	2	6	18.21	2
1 John	3	10	18.21	2
1 Thessalonians	5	8	18.21	2
1 Timothy	5	21	18.21	2
2 Chronicles	16	10	18.21	2
2 John	1	8	18.21	2
2 Kings	24	12	18.21	2
2 Peter	1	16	18.21	2
Acts	23	6	18.21	2
Acts	7	60	18.21	2
Colossians	1	29	18.21	2
Colossians	2	11	18.21	2
Colossians	2	15	18.21	2
Exodus	3	12	18.21	2
Ezekiel	38	16	18.21	2
Galatians	1	6	18.21	2
Hosea	13	16	18.21	2
Hosea	9	3	18.21	2
Isaiah	44	26	18.21	2
Isaiah	58	9	18.21	2
Isaiah	59	7	18.21	2
James	2	15	18.21	2
Jeremiah	10	3	18.21	2
Jeremiah	3	6	18.21	2
Jeremiah	31	35	18.21	2
Jeremiah	6	1	18.21	2
Job	23	10	18.21	2
Job	5	9	18.21	2
Job	6	4	18.21	2
John	13	31	18.21	2
Judges	5	31	18.21	2
Leviticus	16	2	18.21	2
Luke	18	9	18.21	2
Luke	24	27	18.21	2
Luke	7	39	18.21	2
Mark	1	24	18.21	2
Matthew	2	11	18.21	2
Matthew	7	13	18.21	2
Matthew	7	23	18.21	2
Numbers	11	1	18.21	2
Numbers	35	33	18.21	2
Philippians	1	10	18.21	2
Philippians	4	17	18.21	2
Proverbs	15	2	18.21	2
Proverbs	21	3	18.21	2
Proverbs	26	12	18.21	2
Proverbs	6	16	18.21	2
Psalms	104	3	18.21	2
Psalms	11	1	18.21	2
Psalms	116	16	18.21	2
Psalms	117	1	18.21	2
Psalms	138	8	18.21	2
Psalms	19	1	18.21	2
Psalms	36	5	18.21	2
Psalms	43	1	18.21	2
Psalms	46	4	18.21	2
Psalms	62	6	18.21	2
Psalms	89	13	18.21	2
Psalms	95	1	18.21	2
Romans	11	8	18.21	2
Romans	13	9	18.21	2
Romans	6	16	18.21	2
Zechariah	14	16	18.21	2
1 Corinthians	3	1	18.12	2
1 Kings	4	21	18.12	2
1 Kings	9	8	18.12	2
1 Thessalonians	4	3	18.12	2
1 Timothy	4	6	18.12	2
2 Chronicles	36	10	18.12	2
2 Thessalonians	1	9	18.12	2
2 Timothy	3	11	18.12	2
Acts	15	29	18.12	2
Acts	7	59	18.12	2
Exodus	20	7	18.12	2
Exodus	32	11	18.12	2
Ezekiel	18	27	18.12	2
Galatians	2	19	18.12	2
Habakkuk	2	9	18.12	2
Haggai	1	1	18.12	2
Hebrews	13	2	18.12	2
Hebrews	9	9	18.12	2
Hosea	14	3	18.12	2
Isaiah	27	9	18.12	2
Isaiah	29	14	18.12	2
Isaiah	9	15	18.12	2
Jeremiah	23	28	18.12	2
Jeremiah	5	28	18.12	2
Jeremiah	6	20	18.12	2
Job	2	4	18.12	2
John	16	28	18.12	2
John	17	23	18.12	2
Luke	10	19	18.12	2
Matthew	12	50	18.12	2
Matthew	27	25	18.12	2
Matthew	3	1	18.12	2
Matthew	5	10	18.12	2
Proverbs	16	9	18.12	2
Proverbs	30	5	18.12	2
Psalms	102	3	18.12	2
Psalms	116	17	18.12	2
Psalms	25	2	18.12	2
Psalms	31	19	18.12	2
Psalms	35	15	18.12	2
Psalms	36	4	18.12	2
Psalms	42	5	18.12	2
Psalms	62	5	18.12	2
Psalms	66	18	18.12	2
Revelation	18	8	18.12	2
Romans	14	14	18.12	2
Romans	3	21	18.12	2
Romans	3	9	18.12	2
Zechariah	7	5	18.12	2
1 Corinthians	3	10	18.03	2
1 Corinthians	5	6	18.03	2
1 John	3	9	18.03	2
1 Kings	21	13	18.03	2
2 Corinthians	5	11	18.03	2
2 Samuel	5	2	18.03	2
Acts	2	36	18.03	2
Acts	21	28	18.03	2
Acts	28	25	18.03	2
Colossians	2	16	18.03	2
Daniel	9	11	18.03	2
Deuteronomy	28	33	18.03	2
Deuteronomy	32	16	18.03	2
Deuteronomy	32	43	18.03	2
Ephesians	2	13	18.03	2
Exodus	23	31	18.03	2
Ezekiel	38	23	18.03	2
Genesis	49	8	18.03	2
Hosea	12	7	18.03	2
Hosea	14	8	18.03	2
Isaiah	30	15	18.03	2
Isaiah	35	2	18.03	2
Isaiah	37	35	18.03	2
Isaiah	46	9	18.03	2
Isaiah	51	22	18.03	2
Isaiah	59	19	18.03	2
Isaiah	61	6	18.03	2
Isaiah	8	18	18.03	2
Jeremiah	2	26	18.03	2
Jeremiah	2	27	18.03	2
John	15	24	18.03	2
John	2	19	18.03	2
Joshua	7	11	18.03	2
Leviticus	26	4	18.03	2
Luke	11	41	18.03	2
Luke	16	23	18.03	2
Mark	13	14	18.03	2
Matthew	13	19	18.03	2
Matthew	19	29	18.03	2
Micah	6	4	18.03	2
Nehemiah	9	13	18.03	2
Numbers	27	21	18.03	2
Proverbs	11	18	18.03	2
Psalms	138	7	18.03	2
Psalms	25	4	18.03	2
Psalms	35	1	18.03	2
Psalms	41	13	18.03	2
Psalms	45	3	18.03	2
Psalms	62	1	18.03	2
Psalms	7	9	18.03	2
Psalms	89	20	18.03	2
Psalms	9	15	18.03	2
Revelation	13	1	18.03	2
Revelation	14	6	18.03	2
Revelation	2	3	18.03	2
Revelation	22	2	18.03	2
1 John	2	18	17.94	2
1 John	2	25	17.94	2
1 Kings	21	27	17.94	2
1 Timothy	6	5	17.94	2
2 Chronicles	32	7	17.94	2
Daniel	12	11	17.94	2
Daniel	4	1	17.94	2
Daniel	9	16	17.94	2
Deuteronomy	33	9	17.94	2
Deuteronomy	6	13	17.94	2
Ecclesiastes	4	1	17.94	2
Ecclesiastes	5	4	17.94	2
Ephesians	1	5	17.94	2
Exodus	20	11	17.94	2
Exodus	20	24	17.94	2
Isaiah	10	15	17.94	2
Isaiah	10	3	17.94	2
Isaiah	60	9	17.94	2
Jeremiah	2	31	17.94	2
Jeremiah	29	8	17.94	2
Jeremiah	3	3	17.94	2
Joel	3	9	17.94	2
John	7	39	17.94	2
Luke	18	31	17.94	2
Matthew	13	14	17.94	2
Matthew	17	20	17.94	2
Matthew	3	8	17.94	2
Micah	5	7	17.94	2
Proverbs	21	13	17.94	2
Psalms	119	130	17.94	2
Psalms	37	30	17.94	2
Romans	11	28	17.94	2
1 Samuel	2	12	17.86	2
2 Corinthians	1	24	17.86	2
2 Corinthians	3	7	17.86	2
Acts	16	14	17.86	2
Acts	27	24	17.86	2
Amos	2	14	17.86	2
Amos	8	10	17.86	2
Amos	8	9	17.86	2
Daniel	12	3	17.86	2
Daniel	12	7	17.86	2
Daniel	5	1	17.86	2
Deuteronomy	31	27	17.86	2
Deuteronomy	32	41	17.86	2
Exodus	23	2	17.86	2
Ezekiel	18	4	17.86	2
Ezekiel	28	13	17.86	2
Galatians	4	26	17.86	2
Genesis	28	3	17.86	2
Hebrews	1	1	17.86	2
Hosea	4	15	17.86	2
Hosea	5	13	17.86	2
Isaiah	14	4	17.86	2
Isaiah	17	13	17.86	2
Isaiah	27	13	17.86	2
Isaiah	59	20	17.86	2
James	1	25	17.86	2
Jeremiah	33	16	17.86	2
John	1	41	17.86	2
John	16	24	17.86	2
John	3	14	17.86	2
John	8	42	17.86	2
Lamentations	1	10	17.86	2
Lamentations	4	13	17.86	2
Leviticus	19	2	17.86	2
Luke	1	51	17.86	2
Matthew	18	15	17.86	2
Matthew	8	20	17.86	2
Nahum	1	3	17.86	2
Psalms	112	4	17.86	2
Psalms	121	1	17.86	2
Psalms	130	7	17.86	2
Psalms	145	8	17.86	2
Psalms	22	15	17.86	2
Psalms	33	20	17.86	2
Psalms	49	1	17.86	2
Psalms	62	10	17.86	2
Psalms	67	1	17.86	2
Psalms	92	12	17.86	2
Revelation	16	5	17.86	2
1 Corinthians	10	20	17.77	2
1 John	2	16	17.77	2
1 Thessalonians	2	5	17.77	2
1 Thessalonians	3	12	17.77	2
2 Corinthians	13	10	17.77	2
2 Corinthians	13	5	17.77	2
2 Kings	21	16	17.77	2
2 Peter	1	12	17.77	2
2 Samuel	23	5	17.77	2
2 Timothy	2	2	17.77	2
Acts	16	17	17.77	2
Acts	19	21	17.77	2
Ephesians	3	9	17.77	2
Galatians	3	14	17.77	2
Genesis	29	32	17.77	2
Hebrews	4	1	17.77	2
Hosea	9	12	17.77	2
Isaiah	26	4	17.77	2
Isaiah	27	6	17.77	2
Isaiah	44	25	17.77	2
Isaiah	48	20	17.77	2
Isaiah	59	13	17.77	2
James	5	11	17.77	2
Jeremiah	26	18	17.77	2
Job	40	11	17.77	2
John	14	10	17.77	2
John	17	19	17.77	2
John	6	39	17.77	2
Jonah	2	2	17.77	2
Judges	6	3	17.77	2
Lamentations	1	12	17.77	2
Leviticus	26	16	17.77	2
Leviticus	26	28	17.77	2
Luke	11	53	17.77	2
Luke	7	22	17.77	2
Matthew	1	1	17.77	2
Matthew	12	40	17.77	2
Matthew	4	16	17.77	2
Matthew	9	22	17.77	2
Proverbs	8	36	17.77	2
Psalms	119	127	17.77	2
Psalms	134	1	17.77	2
Psalms	145	3	17.77	2
Psalms	26	6	17.77	2
Psalms	37	17	17.77	2
Psalms	78	55	17.77	2
Revelation	17	15	17.77	2
Romans	7	12	17.77	2
1 Chronicles	12	18	17.68	2
1 Chronicles	15	16	17.68	2
1 Thessalonians	5	21	17.68	2
1 Timothy	5	14	17.68	2
2 Kings	17	17	17.68	2
2 Samuel	23	2	17.68	2
Acts	10	22	17.68	2
Acts	13	22	17.68	2
Deuteronomy	18	18	17.68	2
Ecclesiastes	11	1	17.68	2
Exodus	3	17	17.68	2
Ezekiel	8	3	17.68	2
Ezekiel	9	9	17.68	2
Isaiah	13	6	17.68	2
Jeremiah	2	32	17.68	2
Jeremiah	2	5	17.68	2
John	10	15	17.68	2
John	10	36	17.68	2
Judges	10	16	17.68	2
Judges	10	6	17.68	2
Luke	12	31	17.68	2
Luke	8	13	17.68	2
Malachi	3	6	17.68	2
Mark	14	38	17.68	2
Matthew	25	35	17.68	2
Matthew	4	3	17.68	2
Nahum	1	7	17.68	2
Philippians	3	18	17.68	2
Proverbs	8	22	17.68	2
Psalms	103	3	17.68	2
Psalms	14	1	17.68	2
Psalms	141	2	17.68	2
Psalms	145	15	17.68	2
Psalms	60	1	17.68	2
Psalms	71	20	17.68	2
Psalms	72	11	17.68	2
Psalms	90	7	17.68	2
Revelation	3	1	17.68	2
Revelation	4	1	17.68	2
Revelation	4	4	17.68	2
Romans	13	8	17.68	2
1 Timothy	1	18	17.59	2
2 Peter	2	6	17.59	2
2 Timothy	1	3	17.59	2
Acts	7	54	17.59	2
Daniel	12	4	17.59	2
Deuteronomy	7	16	17.59	2
Deuteronomy	7	25	17.59	2
Ecclesiastes	7	26	17.59	2
Exodus	32	32	17.59	2
Exodus	6	6	17.59	2
Ezekiel	34	26	17.59	2
Ezekiel	37	1	17.59	2
Ezekiel	38	8	17.59	2
Genesis	6	2	17.59	2
Hebrews	12	23	17.59	2
Hebrews	9	7	17.59	2
Hosea	10	12	17.59	2
Isaiah	40	6	17.59	2
Isaiah	44	28	17.59	2
Isaiah	48	4	17.59	2
Isaiah	52	13	17.59	2
Isaiah	9	13	17.59	2
James	3	5	17.59	2
Jeremiah	10	12	17.59	2
Jeremiah	13	18	17.59	2
Jeremiah	18	21	17.59	2
Jeremiah	20	7	17.59	2
Jeremiah	51	25	17.59	2
John	15	23	17.59	2
John	17	6	17.59	2
John	19	12	17.59	2
Joshua	7	6	17.59	2
Jude	1	15	17.59	2
Mark	14	33	17.59	2
Matthew	13	52	17.59	2
Matthew	26	24	17.59	2
Nehemiah	1	5	17.59	2
Nehemiah	9	5	17.59	2
Proverbs	4	1	17.59	2
Psalms	104	34	17.59	2
Psalms	110	2	17.59	2
Psalms	145	17	17.59	2
Psalms	94	20	17.59	2
Revelation	12	10	17.59	2
Revelation	12	3	17.59	2
Zephaniah	2	8	17.59	2
1 Kings	11	36	17.50	2
1 Kings	18	17	17.50	2
1 Peter	2	16	17.50	2
1 Peter	2	7	17.50	2
1 Samuel	13	6	17.50	2
2 Corinthians	1	9	17.50	2
2 Kings	18	4	17.50	2
2 Kings	5	20	17.50	2
Acts	4	13	17.50	2
Acts	5	30	17.50	2
Acts	9	6	17.50	2
Deuteronomy	13	6	17.50	2
Ephesians	3	1	17.50	2
Ephesians	6	4	17.50	2
Exodus	4	10	17.50	2
Ezekiel	38	10	17.50	2
Ezekiel	9	5	17.50	2
Ezra	9	13	17.50	2
Genesis	35	11	17.50	2
Genesis	46	12	17.50	2
Genesis	50	24	17.50	2
Genesis	6	9	17.50	2
Hebrews	8	12	17.50	2
Isaiah	28	17	17.50	2
Isaiah	40	22	17.50	2
Isaiah	42	13	17.50	2
Isaiah	46	6	17.50	2
James	4	10	17.50	2
Jeremiah	14	13	17.50	2
John	14	1	17.50	2
John	5	30	17.50	2
Jude	1	5	17.50	2
Luke	19	8	17.50	2
Luke	8	10	17.50	2
Matthew	15	22	17.50	2
Matthew	25	13	17.50	2
Matthew	6	16	17.50	2
Numbers	14	22	17.50	2
Philippians	3	12	17.50	2
Proverbs	30	9	17.50	2
Proverbs	4	16	17.50	2
Psalms	119	10	17.50	2
Psalms	119	103	17.50	2
Psalms	119	176	17.50	2
Psalms	22	26	17.50	2
Psalms	26	1	17.50	2
Psalms	32	6	17.50	2
Psalms	50	2	17.50	2
Revelation	15	2	17.50	2
Revelation	2	1	17.50	2
Revelation	20	6	17.50	2
Revelation	22	3	17.50	2
Romans	14	9	17.50	2
Romans	8	25	17.50	2
1 Corinthians	11	32	17.41	2
1 Peter	2	15	17.41	2
1 Timothy	5	22	17.41	2
1 Timothy	6	20	17.41	2
2 Chronicles	19	7	17.41	2
2 Corinthians	9	7	17.41	2
2 Samuel	17	14	17.41	2
Acts	17	24	17.41	2
Acts	20	20	17.41	2
Acts	28	28	17.41	2
Acts	7	10	17.41	2
Deuteronomy	9	18	17.41	2
Ezekiel	18	24	17.41	2
Ezekiel	2	7	17.41	2
Genesis	9	6	17.41	2
Habakkuk	1	13	17.41	2
Hebrews	8	5	17.41	2
Hosea	13	15	17.41	2
Isaiah	21	3	17.41	2
Isaiah	26	16	17.41	2
Isaiah	26	9	17.41	2
Isaiah	48	21	17.41	2
Jeremiah	22	18	17.41	2
Job	1	5	17.41	2
Joel	2	23	17.41	2
Joshua	3	16	17.41	2
Judges	1	7	17.41	2
Luke	11	39	17.41	2
Luke	15	4	17.41	2
Luke	23	35	17.41	2
Luke	24	45	17.41	2
Malachi	1	2	17.41	2
Malachi	2	14	17.41	2
Matthew	10	23	17.41	2
Matthew	10	42	17.41	2
Matthew	17	2	17.41	2
Numbers	16	5	17.41	2
Philippians	2	11	17.41	2
Proverbs	15	18	17.41	2
Proverbs	17	14	17.41	2
Proverbs	25	11	17.41	2
Psalms	1	2	17.41	2
Psalms	10	4	17.41	2
Psalms	106	1	17.41	2
Psalms	141	5	17.41	2
Psalms	39	12	17.41	2
Psalms	50	8	17.41	2
Psalms	72	7	17.41	2
Psalms	76	7	17.41	2
Psalms	84	2	17.41	2
Revelation	1	1	17.41	2
Romans	1	18	17.41	2
1 Chronicles	29	14	17.33	2
2 Chronicles	13	12	17.33	2
2 Chronicles	19	3	17.33	2
2 Corinthians	1	22	17.33	2
2 Peter	2	13	17.33	2
2 Samuel	16	12	17.33	2
2 Thessalonians	3	14	17.33	2
Acts	20	30	17.33	2
Acts	9	17	17.33	2
Daniel	6	20	17.33	2
Deuteronomy	17	8	17.33	2
Deuteronomy	3	11	17.33	2
Deuteronomy	4	23	17.33	2
Deuteronomy	5	16	17.33	2
Ephesians	1	22	17.33	2
Exodus	20	8	17.33	2
Exodus	22	28	17.33	2
Ezekiel	20	39	17.33	2
Ezekiel	8	16	17.33	2
Genesis	31	42	17.33	2
Haggai	1	6	17.33	2
Hebrews	13	7	17.33	2
Isaiah	1	1	17.33	2
Isaiah	40	8	17.33	2
Isaiah	41	15	17.33	2
Isaiah	47	1	17.33	2
Isaiah	9	2	17.33	2
Jeremiah	18	7	17.33	2
Jeremiah	2	11	17.33	2
Jeremiah	29	13	17.33	2
Job	11	7	17.33	2
Joel	2	31	17.33	2
John	15	25	17.33	2
John	8	24	17.33	2
Lamentations	1	1	17.33	2
Lamentations	3	40	17.33	2
Luke	1	54	17.33	2
Mark	12	10	17.33	2
Matthew	3	15	17.33	2
Nehemiah	9	16	17.33	2
Numbers	32	1	17.33	2
Proverbs	11	4	17.33	2
Proverbs	15	1	17.33	2
Psalms	109	4	17.33	2
Psalms	36	3	17.33	2
Revelation	7	15	17.33	2
Romans	16	23	17.33	2
Romans	3	13	17.33	2
Romans	8	14	17.33	2
Romans	9	11	17.33	2
Zechariah	2	10	17.33	2
Zephaniah	3	9	17.33	2
1 John	5	6	17.24	2
1 Samuel	15	28	17.24	2
1 Samuel	16	12	17.24	2
1 Thessalonians	3	6	17.24	2
2 Chronicles	33	19	17.24	2
2 Chronicles	33	6	17.24	2
2 John	1	10	17.24	2
2 Kings	19	15	17.24	2
2 Samuel	7	14	17.24	2
2 Samuel	7	8	17.24	2
Acts	22	22	17.24	2
Acts	23	11	17.24	2
Amos	3	2	17.24	2
Colossians	1	12	17.24	2
Colossians	4	3	17.24	2
Daniel	10	14	17.24	2
Daniel	5	6	17.24	2
Ephesians	4	4	17.24	2
Exodus	19	4	17.24	2
Exodus	29	45	17.24	2
Ezekiel	13	10	17.24	2
Galatians	5	20	17.24	2
Genesis	13	13	17.24	2
Hebrews	11	27	17.24	2
Isaiah	1	19	17.24	2
Isaiah	24	23	17.24	2
Isaiah	40	18	17.24	2
Isaiah	49	24	17.24	2
Jeremiah	18	16	17.24	2
Jeremiah	51	57	17.24	2
Jeremiah	9	17	17.24	2
John	17	17	17.24	2
John	3	27	17.24	2
John	5	14	17.24	2
John	6	33	17.24	2
Joshua	10	11	17.24	2
Joshua	23	15	17.24	2
Lamentations	4	20	17.24	2
Numbers	14	11	17.24	2
Psalms	101	5	17.24	2
Psalms	107	21	17.24	2
Psalms	110	4	17.24	2
Psalms	115	1	17.24	2
Psalms	123	3	17.24	2
Psalms	21	1	17.24	2
Psalms	22	12	17.24	2
Psalms	44	13	17.24	2
Psalms	82	2	17.24	2
Revelation	11	10	17.24	2
Zechariah	4	10	17.24	2
1 Corinthians	1	24	17.15	2
1 Corinthians	10	32	17.15	2
1 Corinthians	10	33	17.15	2
Acts	14	23	17.15	2
Amos	1	3	17.15	2
Colossians	2	13	17.15	2
Daniel	4	17	17.15	2
Daniel	5	2	17.15	2
Deuteronomy	31	23	17.15	2
Deuteronomy	32	2	17.15	2
Exodus	19	18	17.15	2
Exodus	20	18	17.15	2
Ezekiel	1	26	17.15	2
Ezekiel	17	24	17.15	2
Ezekiel	36	37	17.15	2
Hebrews	10	10	17.15	2
Hebrews	6	20	17.15	2
Hosea	8	7	17.15	2
Isaiah	11	15	17.15	2
Isaiah	29	15	17.15	2
Isaiah	34	4	17.15	2
Isaiah	43	14	17.15	2
Isaiah	50	7	17.15	2
Isaiah	55	10	17.15	2
Jeremiah	14	18	17.15	2
Jeremiah	2	36	17.15	2
Jeremiah	31	32	17.15	2
Jeremiah	42	2	17.15	2
Jeremiah	50	29	17.15	2
John	12	37	17.15	2
Luke	3	22	17.15	2
Luke	6	46	17.15	2
Malachi	3	13	17.15	2
Matthew	12	33	17.15	2
Matthew	2	6	17.15	2
Matthew	21	28	17.15	2
Matthew	23	33	17.15	2
Matthew	24	21	17.15	2
Matthew	25	1	17.15	2
Matthew	27	43	17.15	2
Micah	2	2	17.15	2
Nehemiah	9	6	17.15	2
Proverbs	1	28	17.15	2
Psalms	19	12	17.15	2
Psalms	24	7	17.15	2
Psalms	25	11	17.15	2
Psalms	27	9	17.15	2
Psalms	40	17	17.15	2
Psalms	42	10	17.15	2
Psalms	78	2	17.15	2
Psalms	82	6	17.15	2
Psalms	83	4	17.15	2
Revelation	1	13	17.15	2
Revelation	19	9	17.15	2
Revelation	20	1	17.15	2
Revelation	4	5	17.15	2
Romans	15	12	17.15	2
Zephaniah	1	14	17.15	2
1 Corinthians	6	10	17.05	2
1 Samuel	14	24	17.05	2
1 Thessalonians	5	22	17.05	2
1 Timothy	6	15	17.05	2
2 Corinthians	12	15	17.05	2
2 Corinthians	4	18	17.05	2
2 Kings	25	9	17.05	2
2 Samuel	12	13	17.05	2
2 Timothy	4	6	17.05	2
Acts	1	9	17.05	2
Acts	5	28	17.05	2
Acts	8	3	17.05	2
Daniel	11	40	17.05	2
Deuteronomy	29	24	17.05	2
Deuteronomy	3	22	17.05	2
Exodus	23	27	17.05	2
Exodus	30	23	17.05	2
Galatians	2	11	17.05	2
Genesis	32	30	17.05	2
Habakkuk	3	2	17.05	2
Hosea	1	11	17.05	2
Hosea	6	2	17.05	2
Isaiah	1	7	17.05	2
Isaiah	13	10	17.05	2
Isaiah	14	12	17.05	2
Isaiah	59	1	17.05	2
Isaiah	63	17	17.05	2
Isaiah	63	3	17.05	2
Jeremiah	1	9	17.05	2
Jeremiah	9	2	17.05	2
Jeremiah	9	24	17.05	2
Job	2	10	17.05	2
Job	30	23	17.05	2
John	12	42	17.05	2
John	15	9	17.05	2
John	7	38	17.05	2
Joshua	20	7	17.05	2
Luke	10	27	17.05	2
Luke	11	13	17.05	2
Luke	16	10	17.05	2
Luke	19	37	17.05	2
Matthew	13	35	17.05	2
Matthew	26	15	17.05	2
Matthew	26	53	17.05	2
Numbers	11	4	17.05	2
Obadiah	1	10	17.05	2
Psalms	100	1	17.05	2
Psalms	115	9	17.05	2
Psalms	124	8	17.05	2
Psalms	51	2	17.05	2
Psalms	78	3	17.05	2
Revelation	2	21	17.05	2
Romans	1	20	17.05	2
Romans	13	7	17.05	2
Zechariah	1	3	17.05	2
Zephaniah	3	1	17.05	2
1 Chronicles	28	5	16.96	2
1 John	3	20	16.96	2
1 Kings	8	43	16.96	2
1 Samuel	13	13	16.96	2
1 Samuel	27	1	16.96	2
1 Timothy	4	14	16.96	2
2 Corinthians	10	5	16.96	2
2 Corinthians	11	9	16.96	2
2 Corinthians	4	10	16.96	2
2 Corinthians	5	7	16.96	2
2 Kings	17	16	16.96	2
2 Kings	24	4	16.96	2
2 Peter	3	15	16.96	2
2 Samuel	20	1	16.96	2
2 Samuel	20	9	16.96	2
2 Timothy	4	14	16.96	2
Acts	1	25	16.96	2
Acts	10	35	16.96	2
Acts	6	9	16.96	2
Amos	5	19	16.96	2
Amos	7	10	16.96	2
Colossians	1	26	16.96	2
Daniel	9	4	16.96	2
Deuteronomy	28	36	16.96	2
Deuteronomy	28	37	16.96	2
Ezekiel	18	20	16.96	2
Ezekiel	39	17	16.96	2
Galatians	6	8	16.96	2
Genesis	14	22	16.96	2
Genesis	39	21	16.96	2
Hosea	6	4	16.96	2
Isaiah	15	1	16.96	2
Isaiah	30	8	16.96	2
Isaiah	37	22	16.96	2
Isaiah	48	18	16.96	2
Isaiah	58	3	16.96	2
Jeremiah	3	17	16.96	2
Jeremiah	31	10	16.96	2
Jeremiah	50	33	16.96	2
John	13	20	16.96	2
John	19	30	16.96	2
Joshua	7	1	16.96	2
Lamentations	2	20	16.96	2
Leviticus	26	25	16.96	2
Luke	1	16	16.96	2
Luke	23	46	16.96	2
Matthew	21	33	16.96	2
Matthew	24	22	16.96	2
Matthew	5	39	16.96	2
Nehemiah	13	23	16.96	2
Proverbs	15	29	16.96	2
Proverbs	4	19	16.96	2
Psalms	106	47	16.96	2
Psalms	119	115	16.96	2
Psalms	119	128	16.96	2
Psalms	144	1	16.96	2
Psalms	37	23	16.96	2
Psalms	49	14	16.96	2
Psalms	73	19	16.96	2
Psalms	80	8	16.96	2
Psalms	89	1	16.96	2
Psalms	9	17	16.96	2
Psalms	91	11	16.96	2
Psalms	98	2	16.96	2
Revelation	16	1	16.96	2
Revelation	5	13	16.96	2
Revelation	8	7	16.96	2
Romans	11	2	16.96	2
Romans	14	19	16.96	2
Zechariah	12	3	16.96	2
1 Corinthians	10	16	16.87	2
1 Corinthians	9	5	16.87	2
1 Kings	8	29	16.87	2
1 Peter	3	20	16.87	2
1 Samuel	28	6	16.87	2
1 Timothy	2	6	16.87	2
2 Chronicles	5	13	16.87	2
2 Chronicles	7	20	16.87	2
2 Corinthians	8	2	16.87	2
2 Kings	24	13	16.87	2
2 Peter	2	19	16.87	2
Acts	20	32	16.87	2
Acts	3	21	16.87	2
Deuteronomy	15	7	16.87	2
Deuteronomy	32	46	16.87	2
Deuteronomy	32	8	16.87	2
Deuteronomy	6	1	16.87	2
Exodus	22	21	16.87	2
Exodus	31	18	16.87	2
Exodus	4	21	16.87	2
Ezekiel	8	12	16.87	2
Ezekiel	8	17	16.87	2
Galatians	6	3	16.87	2
Genesis	2	24	16.87	2
Isaiah	10	13	16.87	2
Isaiah	34	1	16.87	2
Isaiah	42	8	16.87	2
Isaiah	58	2	16.87	2
Isaiah	60	16	16.87	2
James	1	3	16.87	2
James	5	14	16.87	2
Jeremiah	14	12	16.87	2
Jeremiah	22	24	16.87	2
Jeremiah	3	18	16.87	2
Joel	2	1	16.87	2
John	12	32	16.87	2
John	8	21	16.87	2
Lamentations	1	16	16.87	2
Leviticus	4	3	16.87	2
Leviticus	9	24	16.87	2
Luke	2	30	16.87	2
Luke	21	12	16.87	2
Luke	7	16	16.87	2
Luke	9	51	16.87	2
Matthew	10	25	16.87	2
Micah	4	13	16.87	2
Nahum	1	15	16.87	2
Proverbs	13	4	16.87	2
Proverbs	4	7	16.87	2
Psalms	107	1	16.87	2
Psalms	118	8	16.87	2
Psalms	31	20	16.87	2
Psalms	37	37	16.87	2
Psalms	50	6	16.87	2
Psalms	79	9	16.87	2
Psalms	84	7	16.87	2
Psalms	91	4	16.87	2
Psalms	92	10	16.87	2
Revelation	3	11	16.87	2
Romans	12	11	16.87	2
Romans	12	18	16.87	2
Romans	8	6	16.87	2
Romans	9	3	16.87	2
Titus	3	1	16.87	2
Zechariah	1	4	16.87	2
Zechariah	14	5	16.87	2
1 John	2	23	16.78	2
1 Kings	18	40	16.78	2
1 Kings	22	22	16.78	2
1 Kings	3	12	16.78	2
1 Peter	1	1	16.78	2
1 Samuel	15	29	16.78	2
1 Samuel	2	10	16.78	2
1 Thessalonians	3	5	16.78	2
2 Chronicles	32	21	16.78	2
2 Chronicles	36	13	16.78	2
2 Peter	3	11	16.78	2
2 Samuel	23	3	16.78	2
Acts	1	11	16.78	2
Acts	11	15	16.78	2
Acts	15	1	16.78	2
Acts	16	6	16.78	2
Acts	28	4	16.78	2
Acts	4	29	16.78	2
Amos	6	3	16.78	2
Colossians	1	22	16.78	2
Daniel	10	19	16.78	2
Esther	3	8	16.78	2
Exodus	13	3	16.78	2
Exodus	14	14	16.78	2
Exodus	23	19	16.78	2
Galatians	1	16	16.78	2
Habakkuk	1	6	16.78	2
Hebrews	1	5	16.78	2
Hebrews	11	26	16.78	2
Hebrews	13	3	16.78	2
Isaiah	11	12	16.78	2
Isaiah	11	6	16.78	2
Isaiah	32	8	16.78	2
Isaiah	35	1	16.78	2
Isaiah	48	16	16.78	2
Isaiah	54	10	16.78	2
Isaiah	55	5	16.78	2
Isaiah	60	18	16.78	2
James	1	15	16.78	2
James	5	19	16.78	2
Jeremiah	22	15	16.78	2
Jeremiah	22	3	16.78	2
Jeremiah	31	15	16.78	2
Joel	2	25	16.78	2
John	19	15	16.78	2
Joshua	23	14	16.78	2
Luke	21	20	16.78	2
Matthew	26	26	16.78	2
Matthew	27	3	16.78	2
Matthew	4	17	16.78	2
Philippians	1	8	16.78	2
Philippians	3	6	16.78	2
Proverbs	11	30	16.78	2
Psalms	104	15	16.78	2
Psalms	138	3	16.78	2
Psalms	34	1	16.78	2
Psalms	66	10	16.78	2
Psalms	7	3	16.78	2
Revelation	13	11	16.78	2
Revelation	13	7	16.78	2
Revelation	17	5	16.78	2
Ruth	2	12	16.78	2
1 Chronicles	22	9	16.69	2
1 Chronicles	5	20	16.69	2
1 Corinthians	15	9	16.69	2
2 Chronicles	34	3	16.69	2
Acts	12	22	16.69	2
Acts	20	29	16.69	2
Acts	21	5	16.69	2
Acts	4	8	16.69	2
Deuteronomy	17	16	16.69	2
Deuteronomy	30	1	16.69	2
Ephesians	4	18	16.69	2
Exodus	22	29	16.69	2
Exodus	6	7	16.69	2
Ezekiel	1	28	16.69	2
Ezekiel	11	20	16.69	2
Ezekiel	17	15	16.69	2
Ezekiel	22	2	16.69	2
Hebrews	11	32	16.69	2
Isaiah	13	17	16.69	2
Isaiah	37	24	16.69	2
Isaiah	5	11	16.69	2
Isaiah	5	26	16.69	2
Isaiah	56	9	16.69	2
Isaiah	57	11	16.69	2
James	4	13	16.69	2
Jeremiah	1	7	16.69	2
Jeremiah	6	26	16.69	2
Jeremiah	9	21	16.69	2
Job	5	17	16.69	2
John	5	36	16.69	2
John	8	51	16.69	2
John	9	31	16.69	2
John	9	4	16.69	2
Luke	2	51	16.69	2
Mark	13	34	16.69	2
Matthew	12	35	16.69	2
Matthew	26	42	16.69	2
Nehemiah	9	30	16.69	2
Philippians	2	8	16.69	2
Philippians	3	13	16.69	2
Proverbs	10	1	16.69	2
Proverbs	10	19	16.69	2
Proverbs	20	1	16.69	2
Proverbs	3	16	16.69	2
Proverbs	5	21	16.69	2
Psalms	119	9	16.69	2
Psalms	136	1	16.69	2
Psalms	77	20	16.69	2
Psalms	96	11	16.69	2
Romans	10	15	16.69	2
Romans	11	20	16.69	2
Titus	1	10	16.69	2
Titus	2	3	16.69	2
Zechariah	2	13	16.69	2
1 Corinthians	10	4	16.60	2
1 Corinthians	10	9	16.60	2
1 Corinthians	15	47	16.60	2
1 Corinthians	8	3	16.60	2
1 John	1	5	16.60	2
1 Kings	11	4	16.60	2
1 Peter	2	20	16.60	2
1 Peter	3	12	16.60	2
1 Peter	5	12	16.60	2
1 Timothy	4	10	16.60	2
2 Corinthians	13	4	16.60	2
2 Kings	2	11	16.60	2
2 Kings	24	1	16.60	2
Acts	6	3	16.60	2
Acts	7	35	16.60	2
Acts	7	58	16.60	2
Daniel	10	16	16.60	2
Daniel	9	17	16.60	2
Deuteronomy	28	65	16.60	2
Deuteronomy	32	9	16.60	2
Deuteronomy	4	20	16.60	2
Deuteronomy	7	8	16.60	2
Exodus	14	19	16.60	2
Exodus	15	6	16.60	2
Exodus	32	21	16.60	2
Exodus	4	22	16.60	2
Ezekiel	34	12	16.60	2
Ezekiel	9	10	16.60	2
Genesis	26	24	16.60	2
Genesis	35	22	16.60	2
Hosea	4	11	16.60	2
Hosea	5	14	16.60	2
Isaiah	41	16	16.60	2
Isaiah	49	15	16.60	2
Isaiah	7	13	16.60	2
James	4	3	16.60	2
Jeremiah	4	13	16.60	2
Joel	1	4	16.60	2
John	5	17	16.60	2
Luke	11	42	16.60	2
Luke	24	49	16.60	2
Luke	6	12	16.60	2
Matthew	13	22	16.60	2
Matthew	13	31	16.60	2
Matthew	27	51	16.60	2
Micah	3	4	16.60	2
Proverbs	19	12	16.60	2
Psalms	105	3	16.60	2
Psalms	119	71	16.60	2
Psalms	124	1	16.60	2
Psalms	146	7	16.60	2
Psalms	15	4	16.60	2
Psalms	46	5	16.60	2
Psalms	69	4	16.60	2
Psalms	79	5	16.60	2
Revelation	19	8	16.60	2
Romans	11	17	16.60	2
Romans	9	25	16.60	2
Titus	1	9	16.60	2
Zechariah	8	23	16.60	2
1 John	3	24	16.51	2
1 Kings	12	16	16.51	2
2 Timothy	3	2	16.51	2
Acts	16	30	16.51	2
Acts	17	29	16.51	2
Acts	26	24	16.51	2
Amos	5	13	16.51	2
Amos	6	1	16.51	2
Colossians	2	6	16.51	2
Deuteronomy	11	18	16.51	2
Deuteronomy	15	15	16.51	2
Deuteronomy	28	48	16.51	2
Deuteronomy	8	7	16.51	2
Ephesians	4	3	16.51	2
Exodus	28	1	16.51	2
Exodus	30	1	16.51	2
Ezekiel	1	3	16.51	2
Genesis	27	41	16.51	2
Hebrews	5	12	16.51	2
Isaiah	1	21	16.51	2
Isaiah	10	9	16.51	2
Isaiah	12	3	16.51	2
Isaiah	57	14	16.51	2
Isaiah	61	2	16.51	2
James	5	9	16.51	2
Jeremiah	2	8	16.51	2
Jeremiah	21	7	16.51	2
Jeremiah	22	13	16.51	2
Jeremiah	23	11	16.51	2
Jeremiah	3	13	16.51	2
Jeremiah	7	6	16.51	2
Jeremiah	9	10	16.51	2
Job	14	1	16.51	2
John	12	49	16.51	2
John	3	20	16.51	2
Leviticus	26	1	16.51	2
Luke	1	19	16.51	2
Luke	17	26	16.51	2
Luke	22	30	16.51	2
Malachi	1	12	16.51	2
Malachi	3	14	16.51	2
Mark	10	29	16.51	2
Mark	13	9	16.51	2
Numbers	15	30	16.51	2
Philippians	1	1	16.51	2
Philippians	3	10	16.51	2
Proverbs	29	12	16.51	2
Psalms	143	10	16.51	2
Psalms	29	3	16.51	2
Psalms	3	7	16.51	2
Psalms	35	19	16.51	2
Psalms	39	9	16.51	2
Psalms	42	8	16.51	2
Psalms	63	2	16.51	2
Psalms	95	6	16.51	2
Psalms	96	10	16.51	2
Revelation	17	4	16.51	2
Revelation	18	23	16.51	2
Romans	10	14	16.51	2
Romans	10	4	16.51	2
Romans	6	2	16.51	2
1 Corinthians	13	13	16.41	2
1 Peter	1	25	16.41	2
1 Samuel	8	7	16.41	2
1 Thessalonians	2	14	16.41	2
2 Corinthians	1	3	16.41	2
2 Corinthians	11	31	16.41	2
2 Corinthians	12	21	16.41	2
2 Corinthians	5	8	16.41	2
2 Kings	24	2	16.41	2
2 Peter	3	13	16.41	2
2 Samuel	12	7	16.41	2
2 Samuel	24	16	16.41	2
2 Thessalonians	3	8	16.41	2
Acts	20	4	16.41	2
Amos	4	11	16.41	2
Daniel	3	17	16.41	2
Daniel	5	11	16.41	2
Daniel	5	7	16.41	2
Deuteronomy	10	8	16.41	2
Ephesians	1	21	16.41	2
Ephesians	3	14	16.41	2
Esther	8	15	16.41	2
Exodus	4	11	16.41	2
Ezekiel	6	7	16.41	2
Genesis	11	31	16.41	2
Genesis	4	10	16.41	2
Hebrews	11	17	16.41	2
Hebrews	12	6	16.41	2
Hebrews	9	4	16.41	2
Isaiah	1	24	16.41	2
Isaiah	28	1	16.41	2
Isaiah	54	11	16.41	2
Isaiah	61	9	16.41	2
Isaiah	65	5	16.41	2
Isaiah	9	17	16.41	2
Jeremiah	31	28	16.41	2
Jeremiah	6	15	16.41	2
John	12	25	16.41	2
John	14	17	16.41	2
Luke	22	19	16.41	2
Malachi	1	13	16.41	2
Mark	5	34	16.41	2
Matthew	12	43	16.41	2
Matthew	9	2	16.41	2
Proverbs	1	16	16.41	2
Proverbs	12	13	16.41	2
Proverbs	16	4	16.41	2
Proverbs	17	5	16.41	2
Proverbs	23	5	16.41	2
Proverbs	27	4	16.41	2
Psalms	100	5	16.41	2
Psalms	120	1	16.41	2
Psalms	132	18	16.41	2
Psalms	18	7	16.41	2
Psalms	7	14	16.41	2
Psalms	78	58	16.41	2
Psalms	89	6	16.41	2
Romans	4	15	16.41	2
Romans	5	11	16.41	2
Zephaniah	3	11	16.41	2
1 Chronicles	21	16	16.32	2
1 Chronicles	29	3	16.32	2
1 Corinthians	1	12	16.32	2
1 Corinthians	14	26	16.32	2
1 John	3	19	16.32	2
1 Kings	19	4	16.32	2
1 Peter	2	13	16.32	2
2 Corinthians	2	15	16.32	2
2 Kings	7	2	16.32	2
2 Kings	8	12	16.32	2
2 Samuel	7	2	16.32	2
Acts	1	24	16.32	2
Acts	17	23	16.32	2
Acts	9	20	16.32	2
Colossians	2	12	16.32	2
Colossians	3	23	16.32	2
Colossians	3	9	16.32	2
Daniel	9	21	16.32	2
Deuteronomy	12	6	16.32	2
Ephesians	3	3	16.32	2
Exodus	13	9	16.32	2
Exodus	17	2	16.32	2
Exodus	23	16	16.32	2
Ezekiel	16	37	16.32	2
Ezekiel	20	6	16.32	2
Ezekiel	38	22	16.32	2
Galatians	6	12	16.32	2
Genesis	14	19	16.32	2
Genesis	15	13	16.32	2
Genesis	22	1	16.32	2
Genesis	37	34	16.32	2
Genesis	49	1	16.32	2
Hebrews	2	2	16.32	2
Isaiah	1	20	16.32	2
Isaiah	10	20	16.32	2
Isaiah	19	3	16.32	2
Isaiah	24	5	16.32	2
Isaiah	34	5	16.32	2
Isaiah	42	25	16.32	2
Isaiah	51	2	16.32	2
Isaiah	52	9	16.32	2
Isaiah	53	5	16.32	2
Jeremiah	29	11	16.32	2
John	15	13	16.32	2
John	3	26	16.32	2
John	5	35	16.32	2
Joshua	24	14	16.32	2
Lamentations	4	11	16.32	2
Malachi	3	17	16.32	2
Mark	5	7	16.32	2
Matthew	13	49	16.32	2
Matthew	15	4	16.32	2
Matthew	21	43	16.32	2
Matthew	6	1	16.32	2
Matthew	6	31	16.32	2
Matthew	6	5	16.32	2
Micah	6	5	16.32	2
Philippians	1	29	16.32	2
Proverbs	19	5	16.32	2
Proverbs	4	14	16.32	2
Psalms	107	10	16.32	2
Psalms	14	4	16.32	2
Psalms	16	3	16.32	2
Psalms	25	12	16.32	2
Psalms	35	13	16.32	2
Psalms	40	2	16.32	2
Psalms	44	4	16.32	2
Psalms	75	8	16.32	2
Psalms	79	8	16.32	2
Revelation	2	5	16.32	2
Revelation	21	5	16.32	2
Revelation	3	15	16.32	2
Revelation	7	4	16.32	2
Romans	15	30	16.32	2
Romans	6	12	16.32	2
Romans	6	6	16.32	2
Romans	9	6	16.32	2
Zechariah	7	9	16.32	2
1 Samuel	26	19	16.23	2
1 Samuel	7	12	16.23	2
1 Thessalonians	4	7	16.23	2
1 Timothy	4	4	16.23	2
1 Timothy	5	20	16.23	2
1 Timothy	6	4	16.23	2
2 Corinthians	4	15	16.23	2
2 Kings	22	19	16.23	2
Acts	15	18	16.23	2
Acts	15	20	16.23	2
Acts	18	12	16.23	2
Acts	4	30	16.23	2
Colossians	3	4	16.23	2
Daniel	3	19	16.23	2
Ecclesiastes	12	1	16.23	2
Ecclesiastes	9	1	16.23	2
Ephesians	3	13	16.23	2
Ephesians	6	5	16.23	2
Exodus	20	3	16.23	2
Galatians	6	2	16.23	2
Hosea	13	6	16.23	2
Isaiah	10	4	16.23	2
Isaiah	42	4	16.23	2
Isaiah	47	7	16.23	2
Isaiah	61	11	16.23	2
Jeremiah	15	19	16.23	2
Jeremiah	16	16	16.23	2
Jeremiah	2	28	16.23	2
Jeremiah	26	2	16.23	2
Jeremiah	27	7	16.23	2
Jeremiah	5	15	16.23	2
Jeremiah	50	11	16.23	2
Jeremiah	8	8	16.23	2
Job	2	11	16.23	2
Joel	2	26	16.23	2
John	3	6	16.23	2
John	8	48	16.23	2
Judges	19	22	16.23	2
Lamentations	2	13	16.23	2
Luke	12	37	16.23	2
Luke	16	9	16.23	2
Luke	19	22	16.23	2
Mark	13	33	16.23	2
Matthew	12	18	16.23	2
Matthew	24	14	16.23	2
Matthew	8	4	16.23	2
Micah	3	2	16.23	2
Nehemiah	10	29	16.23	2
Numbers	13	22	16.23	2
Proverbs	23	23	16.23	2
Proverbs	3	13	16.23	2
Psalms	1	4	16.23	2
Psalms	106	37	16.23	2
Psalms	119	106	16.23	2
Psalms	119	6	16.23	2
Psalms	119	75	16.23	2
Psalms	149	2	16.23	2
Psalms	27	8	16.23	2
Psalms	51	14	16.23	2
Psalms	62	11	16.23	2
Psalms	95	8	16.23	2
Revelation	12	7	16.23	2
Song of Solomon	5	2	16.23	2
Titus	2	10	16.23	2
Zechariah	4	2	16.23	2
Zechariah	8	19	16.23	2
1 Samuel	9	9	16.13	2
Acts	15	24	16.13	2
Acts	21	20	16.13	2
Acts	7	55	16.13	2
Daniel	7	7	16.13	2
Daniel	9	20	16.13	2
Deuteronomy	17	18	16.13	2
Deuteronomy	27	16	16.13	2
Exodus	20	4	16.13	2
Exodus	29	38	16.13	2
Ezekiel	14	17	16.13	2
Ezekiel	21	25	16.13	2
Ezekiel	36	23	16.13	2
Ezekiel	48	35	16.13	2
Genesis	18	20	16.13	2
Genesis	3	16	16.13	2
Genesis	41	42	16.13	2
Haggai	2	16	16.13	2
Hebrews	10	39	16.13	2
Isaiah	3	16	16.13	2
Isaiah	49	12	16.13	2
Isaiah	64	10	16.13	2
Jeremiah	17	8	16.13	2
Jeremiah	33	7	16.13	2
Jeremiah	5	6	16.13	2
Job	15	21	16.13	2
Job	22	26	16.13	2
Job	27	16	16.13	2
Job	42	12	16.13	2
John	1	7	16.13	2
John	10	10	16.13	2
John	6	69	16.13	2
Joshua	10	12	16.13	2
Jude	1	10	16.13	2
Judges	2	11	16.13	2
Lamentations	3	39	16.13	2
Leviticus	19	13	16.13	2
Luke	10	20	16.13	2
Luke	7	47	16.13	2
Mark	12	33	16.13	2
Mark	4	12	16.13	2
Matthew	21	35	16.13	2
Matthew	24	48	16.13	2
Numbers	23	23	16.13	2
Numbers	32	3	16.13	2
Proverbs	15	23	16.13	2
Proverbs	26	24	16.13	2
Psalms	103	13	16.13	2
Psalms	107	35	16.13	2
Psalms	109	13	16.13	2
Psalms	109	31	16.13	2
Psalms	114	3	16.13	2
Psalms	128	3	16.13	2
Psalms	135	4	16.13	2
Psalms	31	22	16.13	2
Psalms	39	1	16.13	2
Psalms	55	12	16.13	2
Psalms	56	1	16.13	2
Psalms	7	8	16.13	2
Psalms	73	26	16.13	2
Psalms	97	11	16.13	2
Revelation	2	18	16.13	2
Romans	1	29	16.13	2
Romans	3	23	16.13	2
Romans	9	7	16.13	2
Titus	2	15	16.13	2
Zechariah	7	13	16.13	2
Zechariah	9	15	16.13	2
Zephaniah	2	3	16.13	2
Zephaniah	3	19	16.13	2
1 Chronicles	28	10	16.04	2
1 Samuel	23	9	16.04	2
1 Samuel	24	11	16.04	2
1 Timothy	1	1	16.04	2
1 Timothy	1	12	16.04	2
2 Chronicles	33	23	16.04	2
2 Chronicles	36	21	16.04	2
2 Corinthians	7	5	16.04	2
Acts	10	25	16.04	2
Acts	10	31	16.04	2
Acts	18	4	16.04	2
Acts	4	24	16.04	2
Acts	4	4	16.04	2
Acts	5	12	16.04	2
Acts	9	39	16.04	2
Amos	4	13	16.04	2
Colossians	2	19	16.04	2
Ecclesiastes	5	13	16.04	2
Ephesians	3	18	16.04	2
Exodus	1	7	16.04	2
Exodus	34	28	16.04	2
Ezekiel	14	14	16.04	2
Ezekiel	20	11	16.04	2
Ezra	9	1	16.04	2
Galatians	2	6	16.04	2
Galatians	4	8	16.04	2
Genesis	47	9	16.04	2
Habakkuk	1	12	16.04	2
Habakkuk	3	10	16.04	2
Hebrews	11	3	16.04	2
Hebrews	5	14	16.04	2
Hosea	2	13	16.04	2
Hosea	5	1	16.04	2
Hosea	7	14	16.04	2
Isaiah	37	4	16.04	2
Isaiah	43	6	16.04	2
Isaiah	51	13	16.04	2
Isaiah	6	2	16.04	2
Isaiah	8	12	16.04	2
Jeremiah	1	18	16.04	2
Jeremiah	15	20	16.04	2
Jeremiah	24	6	16.04	2
Jeremiah	39	8	16.04	2
Job	29	12	16.04	2
Joel	1	15	16.04	2
Joel	2	14	16.04	2
John	12	28	16.04	2
John	15	21	16.04	2
John	16	27	16.04	2
John	18	20	16.04	2
John	19	19	16.04	2
Joshua	15	63	16.04	2
Jude	1	9	16.04	2
Lamentations	1	18	16.04	2
Leviticus	1	3	16.04	2
Luke	10	42	16.04	2
Luke	9	48	16.04	2
Matthew	12	36	16.04	2
Matthew	23	25	16.04	2
Matthew	23	31	16.04	2
Proverbs	11	1	16.04	2
Psalms	105	8	16.04	2
Psalms	32	11	16.04	2
Psalms	41	12	16.04	2
Psalms	58	1	16.04	2
Psalms	6	1	16.04	2
Psalms	86	13	16.04	2
Psalms	95	11	16.04	2
Revelation	21	22	16.04	2
1 Corinthians	1	20	15.94	2
1 Corinthians	5	11	15.94	2
1 John	3	21	15.94	2
1 Kings	2	10	15.94	2
2 Corinthians	9	12	15.94	2
2 Kings	25	18	15.94	2
Acts	10	28	15.94	2
Acts	6	1	15.94	2
Amos	1	1	15.94	2
Amos	2	6	15.94	2
Amos	5	8	15.94	2
Daniel	3	29	15.94	2
Deuteronomy	28	47	15.94	2
Exodus	7	1	15.94	2
Ezekiel	13	19	15.94	2
Ezekiel	7	16	15.94	2
Galatians	5	17	15.94	2
Genesis	22	14	15.94	2
Genesis	26	12	15.94	2
Genesis	28	20	15.94	2
Genesis	31	53	15.94	2
Hebrews	4	11	15.94	2
Hebrews	6	1	15.94	2
Hosea	2	14	15.94	2
Isaiah	1	17	15.94	2
Isaiah	5	21	15.94	2
Isaiah	59	3	15.94	2
Jeremiah	16	18	15.94	2
Jeremiah	17	27	15.94	2
Jeremiah	24	1	15.94	2
Jeremiah	24	8	15.94	2
Jeremiah	29	14	15.94	2
Jeremiah	44	27	15.94	2
Jeremiah	50	27	15.94	2
Jeremiah	7	13	15.94	2
Jeremiah	8	22	15.94	2
John	10	32	15.94	2
John	9	22	15.94	2
Jonah	1	3	15.94	2
Jonah	3	9	15.94	2
Lamentations	2	19	15.94	2
Luke	16	24	15.94	2
Mark	15	29	15.94	2
Matthew	24	3	15.94	2
Matthew	7	12	15.94	2
Nehemiah	9	10	15.94	2
Proverbs	2	16	15.94	2
Proverbs	28	8	15.94	2
Psalms	107	8	15.94	2
Psalms	119	80	15.94	2
Psalms	13	5	15.94	2
Psalms	130	4	15.94	2
Psalms	34	10	15.94	2
Psalms	37	11	15.94	2
Psalms	48	2	15.94	2
Psalms	78	40	15.94	2
Psalms	79	4	15.94	2
Psalms	90	13	15.94	2
Psalms	90	5	15.94	2
Psalms	97	10	15.94	2
Revelation	14	3	15.94	2
Romans	10	17	15.94	2
Romans	3	10	15.94	2
Romans	4	13	15.94	2
Romans	7	9	15.94	2
Song of Solomon	8	6	15.94	2
Zechariah	2	4	15.94	2
1 Corinthians	11	19	15.85	2
1 Peter	3	7	15.85	2
1 Thessalonians	1	6	15.85	2
2 Chronicles	29	25	15.85	2
2 Chronicles	32	31	15.85	2
2 Chronicles	6	6	15.85	2
2 Corinthians	1	10	15.85	2
2 Timothy	3	16	15.85	2
Acts	10	3	15.85	2
Acts	11	28	15.85	2
Acts	6	11	15.85	2
Amos	9	9	15.85	2
Colossians	3	13	15.85	2
Deuteronomy	12	31	15.85	2
Ecclesiastes	9	3	15.85	2
Ephesians	6	24	15.85	2
Exodus	12	14	15.85	2
Exodus	9	28	15.85	2
Ezekiel	20	12	15.85	2
Ezekiel	9	6	15.85	2
Genesis	25	8	15.85	2
Habakkuk	2	5	15.85	2
Haggai	1	9	15.85	2
Hebrews	5	11	15.85	2
Isaiah	10	33	15.85	2
James	1	9	15.85	2
Jeremiah	10	7	15.85	2
Jeremiah	27	6	15.85	2
Jeremiah	30	19	15.85	2
Job	4	3	15.85	2
John	7	24	15.85	2
Judges	4	6	15.85	2
Lamentations	5	16	15.85	2
Leviticus	2	1	15.85	2
Leviticus	26	12	15.85	2
Luke	12	29	15.85	2
Luke	15	20	15.85	2
Luke	19	44	15.85	2
Luke	8	14	15.85	2
Matthew	10	17	15.85	2
Matthew	10	18	15.85	2
Matthew	13	15	15.85	2
Matthew	16	1	15.85	2
Matthew	2	23	15.85	2
Matthew	27	19	15.85	2
Matthew	5	4	15.85	2
Matthew	7	6	15.85	2
Matthew	9	9	15.85	2
Nahum	1	4	15.85	2
Nahum	2	10	15.85	2
Philippians	3	1	15.85	2
Proverbs	1	29	15.85	2
Proverbs	1	8	15.85	2
Psalms	106	6	15.85	2
Psalms	115	15	15.85	2
Psalms	122	6	15.85	2
Psalms	140	5	15.85	2
Psalms	145	4	15.85	2
Psalms	18	10	15.85	2
Psalms	19	10	15.85	2
Psalms	34	8	15.85	2
Psalms	92	7	15.85	2
Revelation	19	13	15.85	2
Romans	6	3	15.85	2
Romans	8	36	15.85	2
Romans	9	32	15.85	2
Titus	2	12	15.85	2
Zechariah	10	5	15.85	2
Zechariah	12	2	15.85	2
Zechariah	8	13	15.85	2
Zephaniah	3	15	15.85	2
1 Chronicles	29	1	15.75	2
1 Corinthians	1	26	15.75	2
1 Corinthians	3	8	15.75	2
1 John	2	4	15.75	2
1 Kings	11	1	15.75	2
1 Kings	14	10	15.75	2
1 Samuel	31	1	15.75	2
2 Peter	1	17	15.75	2
2 Peter	3	12	15.75	2
2 Samuel	5	1	15.75	2
Acts	17	2	15.75	2
Acts	17	32	15.75	2
Acts	28	26	15.75	2
Acts	9	2	15.75	2
Amos	9	8	15.75	2
Colossians	2	20	15.75	2
Deuteronomy	10	16	15.75	2
Deuteronomy	12	2	15.75	2
Deuteronomy	33	17	15.75	2
Ephesians	5	22	15.75	2
Exodus	1	22	15.75	2
Exodus	12	37	15.75	2
Exodus	12	6	15.75	2
Exodus	17	6	15.75	2
Ezekiel	22	26	15.75	2
Ezekiel	4	16	15.75	2
Genesis	32	9	15.75	2
Genesis	42	21	15.75	2
Isaiah	30	16	15.75	2
Isaiah	30	23	15.75	2
Isaiah	42	9	15.75	2
Isaiah	51	1	15.75	2
Isaiah	57	17	15.75	2
Isaiah	8	21	15.75	2
Isaiah	8	8	15.75	2
Jeremiah	2	6	15.75	2
Jeremiah	4	31	15.75	2
Jeremiah	8	14	15.75	2
Jeremiah	9	25	15.75	2
Job	2	7	15.75	2
John	15	8	15.75	2
John	19	36	15.75	2
John	19	7	15.75	2
John	5	19	15.75	2
Joshua	13	3	15.75	2
Judges	3	7	15.75	2
Lamentations	1	8	15.75	2
Leviticus	18	24	15.75	2
Luke	1	46	15.75	2
Malachi	1	3	15.75	2
Matthew	21	38	15.75	2
Matthew	28	2	15.75	2
Nehemiah	9	12	15.75	2
Nehemiah	9	33	15.75	2
Proverbs	16	32	15.75	2
Proverbs	20	20	15.75	2
Psalms	10	1	15.75	2
Psalms	106	43	15.75	2
Psalms	106	7	15.75	2
Psalms	142	5	15.75	2
Psalms	16	9	15.75	2
Psalms	18	20	15.75	2
Psalms	28	1	15.75	2
Psalms	34	14	15.75	2
Psalms	36	9	15.75	2
Psalms	47	2	15.75	2
Psalms	81	1	15.75	2
Psalms	9	9	15.75	2
Psalms	94	8	15.75	2
Revelation	12	14	15.75	2
Revelation	18	11	15.75	2
Revelation	7	10	15.75	2
Romans	14	6	15.75	2
Romans	2	29	15.75	2
Romans	3	31	15.75	2
Zechariah	9	10	15.75	2
1 John	3	11	15.66	2
1 Kings	2	4	15.66	2
2 Corinthians	5	15	15.66	2
2 Kings	17	24	15.66	2
2 Kings	5	15	15.66	2
2 Thessalonians	1	11	15.66	2
Acts	4	1	15.66	2
Acts	4	25	15.66	2
Daniel	5	30	15.66	2
Deuteronomy	4	35	15.66	2
Exodus	13	2	15.66	2
Exodus	23	1	15.66	2
Exodus	3	14	15.66	2
Ezekiel	25	12	15.66	2
Ezekiel	34	13	15.66	2
Galatians	1	7	15.66	2
Genesis	10	15	15.66	2
Hebrews	3	2	15.66	2
Isaiah	40	2	15.66	2
Isaiah	41	11	15.66	2
Isaiah	45	12	15.66	2
Isaiah	5	16	15.66	2
Isaiah	51	8	15.66	2
Jeremiah	19	13	15.66	2
Jeremiah	23	25	15.66	2
Jeremiah	25	12	15.66	2
Jeremiah	25	18	15.66	2
Jeremiah	31	22	15.66	2
Jeremiah	50	34	15.66	2
Jeremiah	6	11	15.66	2
Job	31	1	15.66	2
Job	42	7	15.66	2
John	1	13	15.66	2
John	15	27	15.66	2
John	20	26	15.66	2
Jonah	2	8	15.66	2
Joshua	7	25	15.66	2
Jude	1	21	15.66	2
Leviticus	4	26	15.66	2
Luke	1	17	15.66	2
Luke	19	38	15.66	2
Matthew	2	2	15.66	2
Matthew	22	32	15.66	2
Matthew	23	32	15.66	2
Matthew	6	6	15.66	2
Matthew	7	28	15.66	2
Micah	7	1	15.66	2
Numbers	16	26	15.66	2
Numbers	27	17	15.66	2
Numbers	32	33	15.66	2
Proverbs	13	10	15.66	2
Proverbs	22	29	15.66	2
Proverbs	23	26	15.66	2
Psalms	112	6	15.66	2
Psalms	116	12	15.66	2
Psalms	136	10	15.66	2
Psalms	35	11	15.66	2
Psalms	35	7	15.66	2
Psalms	36	1	15.66	2
Psalms	37	6	15.66	2
Psalms	40	14	15.66	2
Psalms	42	3	15.66	2
Psalms	42	7	15.66	2
Psalms	51	16	15.66	2
Psalms	51	18	15.66	2
Psalms	78	15	15.66	2
Psalms	81	13	15.66	2
Psalms	85	9	15.66	2
Psalms	90	10	15.66	2
Psalms	96	1	15.66	2
Revelation	2	29	15.66	2
Romans	1	26	15.66	2
Romans	7	14	15.66	2
Titus	3	14	15.66	2
Zechariah	14	8	15.66	2
1 Corinthians	5	5	15.56	2
1 Corinthians	7	25	15.56	2
1 Kings	18	12	15.56	2
1 Kings	3	5	15.56	2
1 Kings	8	39	15.56	2
1 Kings	8	65	15.56	2
1 Samuel	13	5	15.56	2
1 Timothy	1	16	15.56	2
1 Timothy	1	2	15.56	2
2 Chronicles	30	8	15.56	2
2 Kings	4	1	15.56	2
2 Samuel	12	1	15.56	2
2 Timothy	3	12	15.56	2
Acts	11	26	15.56	2
Acts	15	22	15.56	2
Acts	16	1	15.56	2
Acts	2	40	15.56	2
Acts	8	21	15.56	2
Daniel	7	18	15.56	2
Deuteronomy	26	2	15.56	2
Deuteronomy	29	4	15.56	2
Deuteronomy	7	5	15.56	2
Ephesians	6	14	15.56	2
Ezekiel	37	23	15.56	2
Ezekiel	7	4	15.56	2
Galatians	4	5	15.56	2
Genesis	15	16	15.56	2
Hebrews	11	11	15.56	2
Hebrews	13	13	15.56	2
Hosea	6	7	15.56	2
Isaiah	22	4	15.56	2
Isaiah	55	4	15.56	2
Isaiah	59	16	15.56	2
Isaiah	62	11	15.56	2
Isaiah	62	5	15.56	2
James	4	11	15.56	2
James	4	9	15.56	2
Jeremiah	23	17	15.56	2
Jeremiah	31	23	15.56	2
Jeremiah	33	26	15.56	2
Jeremiah	47	6	15.56	2
Jeremiah	5	26	15.56	2
Job	11	13	15.56	2
John	1	11	15.56	2
John	6	35	15.56	2
Lamentations	3	32	15.56	2
Lamentations	4	17	15.56	2
Leviticus	1	1	15.56	2
Leviticus	11	44	15.56	2
Leviticus	5	1	15.56	2
Leviticus	5	15	15.56	2
Luke	6	37	15.56	2
Malachi	4	3	15.56	2
Malachi	4	4	15.56	2
Mark	12	29	15.56	2
Mark	9	19	15.56	2
Matthew	22	29	15.56	2
Micah	6	2	15.56	2
Nehemiah	3	1	15.56	2
Nehemiah	8	7	15.56	2
Numbers	11	17	15.56	2
Numbers	20	11	15.56	2
Numbers	24	9	15.56	2
Psalms	101	2	15.56	2
Psalms	106	40	15.56	2
Psalms	17	13	15.56	2
Psalms	26	8	15.56	2
Psalms	27	12	15.56	2
Psalms	35	10	15.56	2
Psalms	45	10	15.56	2
Psalms	45	9	15.56	2
Psalms	50	1	15.56	2
Psalms	6	6	15.56	2
Psalms	68	1	15.56	2
Psalms	7	15	15.56	2
Psalms	74	9	15.56	2
Psalms	77	19	15.56	2
Revelation	16	21	15.56	2
Revelation	19	14	15.56	2
Revelation	22	11	15.56	2
Romans	11	6	15.56	2
Romans	5	15	15.56	2
Romans	9	24	15.56	2
Titus	1	5	15.56	2
1 Chronicles	22	14	15.47	2
1 Corinthians	10	21	15.47	2
1 Corinthians	12	8	15.47	2
1 Peter	3	17	15.47	2
2 Chronicles	32	20	15.47	2
2 Corinthians	13	1	15.47	2
2 Kings	19	19	15.47	2
2 Kings	19	4	15.47	2
2 Kings	4	42	15.47	2
2 Peter	2	12	15.47	2
2 Thessalonians	3	13	15.47	2
2 Timothy	1	11	15.47	2
Acts	1	5	15.47	2
Acts	15	12	15.47	2
Amos	1	13	15.47	2
Amos	4	6	15.47	2
Amos	5	18	15.47	2
Deuteronomy	11	13	15.47	2
Exodus	14	4	15.47	2
Exodus	34	14	15.47	2
Exodus	34	15	15.47	2
Ezekiel	16	20	15.47	2
Ezekiel	7	2	15.47	2
Galatians	4	19	15.47	2
Genesis	15	15	15.47	2
Genesis	24	2	15.47	2
Genesis	4	8	15.47	2
Hebrews	9	3	15.47	2
Hebrews	9	8	15.47	2
Hosea	1	9	15.47	2
Isaiah	3	26	15.47	2
Isaiah	40	25	15.47	2
Isaiah	48	8	15.47	2
Isaiah	54	7	15.47	2
Isaiah	54	9	15.47	2
Isaiah	7	1	15.47	2
James	4	7	15.47	2
Jeremiah	16	17	15.47	2
Jeremiah	29	31	15.47	2
Jeremiah	5	7	15.47	2
Jeremiah	7	34	15.47	2
Jeremiah	8	7	15.47	2
Job	1	11	15.47	2
Job	5	18	15.47	2
John	13	13	15.47	2
John	2	25	15.47	2
Joshua	10	3	15.47	2
Joshua	24	2	15.47	2
Judges	2	18	15.47	2
Lamentations	1	2	15.47	2
Leviticus	19	32	15.47	2
Leviticus	24	5	15.47	2
Luke	1	47	15.47	2
Luke	1	53	15.47	2
Matthew	17	17	15.47	2
Numbers	18	7	15.47	2
Numbers	23	7	15.47	2
Philippians	2	21	15.47	2
Philippians	3	5	15.47	2
Psalms	105	27	15.47	2
Psalms	18	4	15.47	2
Psalms	22	7	15.47	2
Psalms	27	2	15.47	2
Psalms	31	8	15.47	2
Psalms	34	4	15.47	2
Psalms	68	5	15.47	2
Psalms	89	26	15.47	2
Psalms	92	5	15.47	2
Revelation	10	1	15.47	2
Romans	10	16	15.47	2
Romans	4	24	15.47	2
Romans	5	9	15.47	2
Romans	7	5	15.47	2
Zechariah	9	14	15.47	2
1 Corinthians	1	21	15.37	2
1 Corinthians	15	32	15.37	2
1 Corinthians	4	2	15.37	2
1 Corinthians	7	29	15.37	2
1 John	4	16	15.37	2
1 Kings	11	7	15.37	2
1 Kings	22	27	15.37	2
1 Peter	3	3	15.37	2
1 Samuel	10	27	15.37	2
1 Samuel	2	3	15.37	2
1 Samuel	23	19	15.37	2
1 Timothy	3	7	15.37	2
2 Corinthians	12	2	15.37	2
2 Corinthians	6	2	15.37	2
2 Corinthians	6	7	15.37	2
Amos	9	2	15.37	2
Daniel	9	2	15.37	2
Ecclesiastes	1	14	15.37	2
Exodus	19	10	15.37	2
Exodus	32	1	15.37	2
Exodus	32	4	15.37	2
Ezekiel	18	13	15.37	2
Ezekiel	22	30	15.37	2
Genesis	4	5	15.37	2
Genesis	8	1	15.37	2
Habakkuk	3	6	15.37	2
Hebrews	1	9	15.37	2
Hebrews	10	30	15.37	2
Hosea	4	3	15.37	2
Isaiah	2	4	15.37	2
Isaiah	38	14	15.37	2
Isaiah	48	12	15.37	2
Isaiah	49	5	15.37	2
Isaiah	57	18	15.37	2
Isaiah	9	14	15.37	2
Jeremiah	11	20	15.37	2
Jeremiah	23	29	15.37	2
Job	1	10	15.37	2
Job	21	7	15.37	2
Job	23	3	15.37	2
Joel	2	30	15.37	2
John	8	28	15.37	2
Joshua	22	22	15.37	2
Leviticus	15	5	15.37	2
Leviticus	18	5	15.37	2
Leviticus	27	28	15.37	2
Leviticus	3	1	15.37	2
Luke	3	1	15.37	2
Luke	3	6	15.37	2
Mark	16	18	15.37	2
Mark	16	20	15.37	2
Matthew	10	41	15.37	2
Matthew	2	1	15.37	2
Matthew	26	38	15.37	2
Matthew	6	12	15.37	2
Nehemiah	1	3	15.37	2
Obadiah	1	17	15.37	2
Philippians	3	2	15.37	2
Proverbs	17	15	15.37	2
Proverbs	25	8	15.37	2
Proverbs	27	1	15.37	2
Psalms	106	21	15.37	2
Psalms	118	5	15.37	2
Psalms	119	72	15.37	2
Psalms	15	5	15.37	2
Psalms	5	9	15.37	2
Psalms	65	7	15.37	2
Psalms	73	1	15.37	2
Revelation	21	24	15.37	2
Revelation	5	14	15.37	2
Romans	14	13	15.37	2
Romans	14	7	15.37	2
Romans	3	2	15.37	2
Titus	1	4	15.37	2
1 Chronicles	17	11	15.27	2
1 Corinthians	16	10	15.27	2
1 Corinthians	4	14	15.27	2
1 Corinthians	6	13	15.27	2
1 Kings	19	2	15.27	2
1 Kings	20	10	15.27	2
1 Kings	3	7	15.27	2
1 Peter	5	6	15.27	2
1 Samuel	2	18	15.27	2
1 Samuel	30	1	15.27	2
2 Corinthians	1	11	15.27	2
2 Kings	23	10	15.27	2
2 Peter	1	11	15.27	2
2 Samuel	10	6	15.27	2
Acts	10	33	15.27	2
Acts	20	7	15.27	2
Acts	25	3	15.27	2
Colossians	1	21	15.27	2
Deuteronomy	16	14	15.27	2
Deuteronomy	22	21	15.27	2
Deuteronomy	26	17	15.27	2
Deuteronomy	4	24	15.27	2
Deuteronomy	8	15	15.27	2
Ecclesiastes	4	8	15.27	2
Ecclesiastes	5	1	15.27	2
Ecclesiastes	9	12	15.27	2
Ephesians	1	15	15.27	2
Ephesians	6	6	15.27	2
Exodus	24	10	15.27	2
Ezekiel	12	13	15.27	2
Ezekiel	12	2	15.27	2
Ezekiel	16	49	15.27	2
Galatians	2	12	15.27	2
Genesis	17	16	15.27	2
Genesis	24	3	15.27	2
Genesis	6	17	15.27	2
Haggai	2	4	15.27	2
Hebrews	10	5	15.27	2
Hebrews	9	23	15.27	2
Isaiah	13	2	15.27	2
Isaiah	2	22	15.27	2
Isaiah	30	22	15.27	2
Isaiah	62	12	15.27	2
Isaiah	65	1	15.27	2
Jeremiah	21	12	15.27	2
Jeremiah	44	22	15.27	2
Jeremiah	5	10	15.27	2
Joel	2	10	15.27	2
Joel	3	2	15.27	2
John	10	38	15.27	2
John	6	66	15.27	2
John	9	16	15.27	2
Joshua	2	1	15.27	2
Joshua	7	9	15.27	2
Lamentations	2	5	15.27	2
Lamentations	4	1	15.27	2
Luke	10	1	15.27	2
Luke	10	25	15.27	2
Mark	1	35	15.27	2
Mark	6	20	15.27	2
Matthew	21	19	15.27	2
Matthew	27	45	15.27	2
Matthew	6	32	15.27	2
Micah	7	4	15.27	2
Numbers	13	21	15.27	2
Numbers	16	45	15.27	2
Numbers	28	16	15.27	2
Numbers	6	23	15.27	2
Proverbs	1	5	15.27	2
Proverbs	11	2	15.27	2
Proverbs	23	10	15.27	2
Proverbs	24	17	15.27	2
Proverbs	6	20	15.27	2
Proverbs	8	20	15.27	2
Psalms	119	24	15.27	2
Psalms	121	8	15.27	2
Psalms	148	14	15.27	2
Psalms	21	9	15.27	2
Psalms	45	2	15.27	2
Psalms	48	14	15.27	2
Psalms	69	22	15.27	2
Revelation	3	8	15.27	2
Revelation	4	6	15.27	2
Romans	9	2	15.27	2
Ruth	4	11	15.27	2
Song of Solomon	2	14	15.27	2
Zephaniah	3	5	15.27	2
1 Corinthians	4	11	15.17	2
1 Corinthians	9	17	15.17	2
1 John	4	6	15.17	2
1 Kings	3	6	15.17	2
1 Timothy	2	9	15.17	2
2 Chronicles	20	3	15.17	2
2 Corinthians	12	1	15.17	2
2 Kings	19	35	15.17	2
2 Kings	25	1	15.17	2
2 Peter	3	5	15.17	2
2 Samuel	16	5	15.17	2
2 Samuel	24	1	15.17	2
2 Samuel	7	13	15.17	2
2 Samuel	7	16	15.17	2
Acts	13	48	15.17	2
Amos	5	10	15.17	2
Daniel	7	8	15.17	2
Deuteronomy	31	9	15.17	2
Deuteronomy	7	3	15.17	2
Ecclesiastes	6	12	15.17	2
Exodus	3	2	15.17	2
Exodus	32	34	15.17	2
Exodus	40	20	15.17	2
Exodus	8	8	15.17	2
Ezekiel	1	1	15.17	2
Ezekiel	12	22	15.17	2
Ezekiel	17	22	15.17	2
Ezekiel	28	9	15.17	2
Ezekiel	44	7	15.17	2
Ezekiel	5	10	15.17	2
Ezra	8	21	15.17	2
Galatians	5	14	15.17	2
Genesis	28	19	15.17	2
Genesis	34	2	15.17	2
Hebrews	3	5	15.17	2
Hosea	2	3	15.17	2
Isaiah	62	8	15.17	2
Isaiah	7	9	15.17	2
Jeremiah	21	10	15.17	2
Jeremiah	22	28	15.17	2
Jeremiah	3	25	15.17	2
Jeremiah	4	11	15.17	2
Jeremiah	51	37	15.17	2
Jeremiah	6	14	15.17	2
Job	31	24	15.17	2
John	10	35	15.17	2
John	5	26	15.17	2
John	9	34	15.17	2
Leviticus	19	31	15.17	2
Luke	10	29	15.17	2
Luke	20	19	15.17	2
Luke	21	8	15.17	2
Matthew	11	23	15.17	2
Matthew	12	24	15.17	2
Micah	1	2	15.17	2
Micah	3	6	15.17	2
Nehemiah	13	25	15.17	2
Proverbs	16	3	15.17	2
Proverbs	3	18	15.17	2
Proverbs	8	10	15.17	2
Psalms	104	27	15.17	2
Psalms	104	29	15.17	2
Psalms	106	35	15.17	2
Psalms	118	10	15.17	2
Psalms	119	34	15.17	2
Psalms	119	37	15.17	2
Revelation	18	16	15.17	2
Romans	11	11	15.17	2
Zechariah	13	8	15.17	2
1 Chronicles	5	26	15.08	2
1 Corinthians	2	10	15.08	2
1 Corinthians	9	27	15.08	2
1 John	5	7	15.08	2
1 Kings	18	19	15.08	2
1 Kings	9	3	15.08	2
1 Kings	9	4	15.08	2
1 Thessalonians	5	9	15.08	2
1 Timothy	1	4	15.08	2
2 Kings	16	3	15.08	2
2 Kings	18	17	15.08	2
2 Kings	21	3	15.08	2
2 Samuel	14	2	15.08	2
Acts	10	30	15.08	2
Acts	15	23	15.08	2
Acts	16	16	15.08	2
Acts	17	6	15.08	2
Acts	5	15	15.08	2
Deuteronomy	1	17	15.08	2
Deuteronomy	14	1	15.08	2
Deuteronomy	20	16	15.08	2
Deuteronomy	31	29	15.08	2
Ephesians	6	20	15.08	2
Esther	3	12	15.08	2
Exodus	1	11	15.08	2
Ezekiel	20	15	15.08	2
Ezekiel	44	15	15.08	2
Genesis	32	26	15.08	2
Hebrews	11	1	15.08	2
Hebrews	3	15	15.08	2
Hebrews	6	16	15.08	2
Hosea	11	7	15.08	2
Hosea	5	11	15.08	2
Isaiah	11	3	15.08	2
Isaiah	40	30	15.08	2
Isaiah	56	8	15.08	2
Isaiah	58	8	15.08	2
Isaiah	60	7	15.08	2
Isaiah	9	21	15.08	2
James	1	11	15.08	2
Jeremiah	21	4	15.08	2
Jeremiah	32	35	15.08	2
Jeremiah	44	28	15.08	2
Joel	2	11	15.08	2
John	1	15	15.08	2
John	10	3	15.08	2
John	7	30	15.08	2
Judges	3	10	15.08	2
Judges	7	22	15.08	2
Lamentations	4	9	15.08	2
Leviticus	19	17	15.08	2
Luke	1	30	15.08	2
Luke	1	52	15.08	2
Luke	16	1	15.08	2
Luke	21	37	15.08	2
Luke	3	16	15.08	2
Malachi	2	17	15.08	2
Malachi	2	8	15.08	2
Matthew	22	13	15.08	2
Proverbs	1	32	15.08	2
Proverbs	16	1	15.08	2
Proverbs	24	11	15.08	2
Proverbs	25	21	15.08	2
Psalms	107	43	15.08	2
Psalms	119	16	15.08	2
Psalms	119	36	15.08	2
Psalms	132	17	15.08	2
Psalms	14	7	15.08	2
Psalms	21	13	15.08	2
Psalms	37	25	15.08	2
Psalms	51	15	15.08	2
Psalms	56	13	15.08	2
Psalms	57	3	15.08	2
Psalms	74	10	15.08	2
Psalms	8	4	15.08	2
Psalms	9	12	15.08	2
Psalms	99	6	15.08	2
Revelation	20	7	15.08	2
Revelation	22	8	15.08	2
Revelation	7	13	15.08	2
Romans	10	5	15.08	2
Romans	11	4	15.08	2
Romans	12	20	15.08	2
Romans	7	23	15.08	2
Romans	9	18	15.08	2
1 Chronicles	23	5	14.98	2
1 Chronicles	24	1	14.98	2
1 Chronicles	5	1	14.98	2
1 Corinthians	5	4	14.98	2
1 Kings	11	33	14.98	2
1 Peter	3	11	14.98	2
1 Samuel	2	6	14.98	2
1 Timothy	1	3	14.98	2
1 Timothy	3	11	14.98	2
2 Kings	17	15	14.98	2
2 Kings	5	1	14.98	2
2 Timothy	2	13	14.98	2
Acts	11	29	14.98	2
Acts	2	34	14.98	2
Acts	2	47	14.98	2
Acts	5	20	14.98	2
Acts	6	10	14.98	2
Acts	7	38	14.98	2
Acts	8	32	14.98	2
Acts	8	9	14.98	2
Amos	4	7	14.98	2
Colossians	2	10	14.98	2
Daniel	8	17	14.98	2
Deuteronomy	12	18	14.98	2
Deuteronomy	13	5	14.98	2
Deuteronomy	15	9	14.98	2
Deuteronomy	33	8	14.98	2
Ephesians	1	1	14.98	2
Ephesians	1	14	14.98	2
Esther	5	11	14.98	2
Exodus	16	2	14.98	2
Exodus	23	15	14.98	2
Exodus	33	17	14.98	2
Ezekiel	14	13	14.98	2
Ezekiel	14	7	14.98	2
Ezekiel	16	15	14.98	2
Ezekiel	16	47	14.98	2
Ezekiel	31	3	14.98	2
Ezekiel	43	2	14.98	2
Galatians	3	19	14.98	2
Galatians	5	15	14.98	2
Galatians	5	5	14.98	2
Genesis	1	31	14.98	2
Genesis	15	2	14.98	2
Genesis	43	11	14.98	2
Haggai	1	5	14.98	2
Hebrews	1	6	14.98	2
Hosea	4	12	14.98	2
Isaiah	17	10	14.98	2
Isaiah	30	19	14.98	2
Isaiah	51	23	14.98	2
Isaiah	51	5	14.98	2
Isaiah	60	5	14.98	2
James	4	17	14.98	2
Jeremiah	1	8	14.98	2
Jeremiah	13	22	14.98	2
Jeremiah	15	4	14.98	2
Jeremiah	19	8	14.98	2
Jeremiah	25	27	14.98	2
Jeremiah	46	10	14.98	2
Jeremiah	49	16	14.98	2
Jeremiah	5	4	14.98	2
Jeremiah	50	7	14.98	2
Jeremiah	7	26	14.98	2
Job	3	20	14.98	2
Joel	1	14	14.98	2
John	1	32	14.98	2
John	6	15	14.98	2
Leviticus	23	5	14.98	2
Luke	6	11	14.98	2
Mark	4	11	14.98	2
Matthew	10	32	14.98	2
Matthew	13	43	14.98	2
Matthew	16	4	14.98	2
Matthew	22	15	14.98	2
Numbers	14	6	14.98	2
Numbers	27	16	14.98	2
Obadiah	1	12	14.98	2
Proverbs	9	7	14.98	2
Psalms	107	22	14.98	2
Psalms	136	5	14.98	2
Psalms	22	24	14.98	2
Psalms	38	12	14.98	2
Psalms	55	16	14.98	2
Psalms	78	13	14.98	2
Psalms	85	1	14.98	2
Psalms	9	14	14.98	2
Revelation	4	9	14.98	2
Titus	2	5	14.98	2
Titus	3	2	14.98	2
Zechariah	12	8	14.98	2
Zechariah	8	16	14.98	2
Zephaniah	1	12	14.98	2
Zephaniah	2	15	14.98	2
1 Corinthians	11	3	14.88	2
1 Corinthians	12	10	14.88	2
1 Corinthians	4	4	14.88	2
1 John	2	9	14.88	2
1 Kings	14	9	14.88	2
1 Kings	15	5	14.88	2
1 Kings	2	32	14.88	2
1 Samuel	25	29	14.88	2
1 Samuel	4	4	14.88	2
1 Samuel	6	19	14.88	2
2 Chronicles	31	1	14.88	2
2 Timothy	1	10	14.88	2
Acts	1	14	14.88	2
Acts	10	42	14.88	2
Acts	11	19	14.88	2
Acts	14	3	14.88	2
Acts	15	3	14.88	2
Acts	4	21	14.88	2
Acts	5	19	14.88	2
Amos	6	4	14.88	2
Colossians	3	8	14.88	2
Colossians	4	10	14.88	2
Deuteronomy	1	28	14.88	2
Deuteronomy	30	19	14.88	2
Deuteronomy	32	10	14.88	2
Deuteronomy	6	4	14.88	2
Ecclesiastes	2	24	14.88	2
Exodus	14	25	14.88	2
Exodus	23	20	14.88	2
Exodus	7	11	14.88	2
Ezekiel	11	16	14.88	2
Ezekiel	4	14	14.88	2
Ezekiel	47	1	14.88	2
Galatians	3	17	14.88	2
Genesis	19	2	14.88	2
Genesis	20	7	14.88	2
Genesis	27	29	14.88	2
Hebrews	3	17	14.88	2
Hebrews	3	18	14.88	2
Hebrews	7	1	14.88	2
Hebrews	7	11	14.88	2
Hosea	12	4	14.88	2
Hosea	13	3	14.88	2
Isaiah	1	26	14.88	2
Isaiah	20	2	14.88	2
Isaiah	26	1	14.88	2
Isaiah	3	1	14.88	2
Isaiah	5	4	14.88	2
James	5	17	14.88	2
Jeremiah	13	27	14.88	2
Jeremiah	15	17	14.88	2
Jeremiah	23	1	14.88	2
Jeremiah	25	11	14.88	2
Jeremiah	6	19	14.88	2
Job	1	6	14.88	2
John	6	47	14.88	2
Joshua	7	21	14.88	2
Jude	1	18	14.88	2
Judges	16	23	14.88	2
Lamentations	2	17	14.88	2
Leviticus	26	21	14.88	2
Leviticus	26	41	14.88	2
Luke	12	30	14.88	2
Luke	20	17	14.88	2
Mark	8	17	14.88	2
Mark	9	23	14.88	2
Matthew	13	20	14.88	2
Matthew	20	16	14.88	2
Matthew	7	1	14.88	2
Nehemiah	9	7	14.88	2
Numbers	21	5	14.88	2
Numbers	28	3	14.88	2
Proverbs	23	17	14.88	2
Proverbs	29	22	14.88	2
Proverbs	3	11	14.88	2
Proverbs	30	11	14.88	2
Proverbs	8	32	14.88	2
Psalms	100	4	14.88	2
Psalms	102	17	14.88	2
Psalms	102	20	14.88	2
Psalms	106	48	14.88	2
Psalms	11	7	14.88	2
Psalms	113	5	14.88	2
Psalms	147	9	14.88	2
Psalms	149	3	14.88	2
Psalms	43	3	14.88	2
Psalms	46	6	14.88	2
Psalms	63	7	14.88	2
Psalms	69	13	14.88	2
Psalms	72	16	14.88	2
Psalms	72	6	14.88	2
Psalms	78	71	14.88	2
Revelation	11	5	14.88	2
Revelation	17	2	14.88	2
Revelation	7	12	14.88	2
Romans	8	4	14.88	2
1 Chronicles	16	41	14.78	2
1 Corinthians	15	52	14.78	2
1 Corinthians	4	17	14.78	2
1 Corinthians	9	12	14.78	2
1 John	2	8	14.78	2
1 Kings	2	35	14.78	2
1 Samuel	2	29	14.78	2
2 Chronicles	16	7	14.78	2
2 Kings	18	9	14.78	2
2 Kings	23	3	14.78	2
2 Samuel	2	18	14.78	2
2 Thessalonians	1	4	14.78	2
Acts	2	30	14.78	2
Acts	4	5	14.78	2
Acts	5	39	14.78	2
Acts	5	9	14.78	2
Acts	7	30	14.78	2
Deuteronomy	11	19	14.78	2
Deuteronomy	31	19	14.78	2
Ecclesiastes	12	9	14.78	2
Ephesians	2	22	14.78	2
Exodus	14	17	14.78	2
Exodus	15	15	14.78	2
Exodus	24	7	14.78	2
Exodus	32	13	14.78	2
Exodus	33	14	14.78	2
Exodus	6	3	14.78	2
Ezekiel	20	22	14.78	2
Ezekiel	22	6	14.78	2
Ezekiel	36	1	14.78	2
Galatians	2	7	14.78	2
Genesis	43	14	14.78	2
Hebrews	12	26	14.78	2
Hebrews	13	18	14.78	2
Isaiah	1	25	14.78	2
Isaiah	10	7	14.78	2
Isaiah	15	5	14.78	2
Isaiah	27	10	14.78	2
Isaiah	29	9	14.78	2
Isaiah	41	22	14.78	2
Isaiah	45	16	14.78	2
Isaiah	5	19	14.78	2
Isaiah	53	8	14.78	2
Isaiah	58	10	14.78	2
Isaiah	66	14	14.78	2
Isaiah	9	20	14.78	2
James	5	13	14.78	2
Jeremiah	11	4	14.78	2
Jeremiah	22	8	14.78	2
Jeremiah	29	21	14.78	2
Jeremiah	30	7	14.78	2
Jeremiah	31	38	14.78	2
Jeremiah	6	10	14.78	2
Job	18	16	14.78	2
John	12	41	14.78	2
John	20	27	14.78	2
John	6	5	14.78	2
Jonah	4	8	14.78	2
Joshua	14	6	14.78	2
Judges	16	21	14.78	2
Lamentations	2	16	14.78	2
Leviticus	26	39	14.78	2
Luke	13	28	14.78	2
Luke	3	8	14.78	2
Malachi	3	15	14.78	2
Mark	12	30	14.78	2
Mark	14	62	14.78	2
Matthew	10	5	14.78	2
Matthew	15	2	14.78	2
Matthew	19	21	14.78	2
Matthew	21	5	14.78	2
Matthew	25	23	14.78	2
Matthew	25	45	14.78	2
Matthew	26	65	14.78	2
Matthew	7	11	14.78	2
Nehemiah	2	19	14.78	2
Nehemiah	8	9	14.78	2
Numbers	2	3	14.78	2
Philemon	1	7	14.78	2
Proverbs	14	26	14.78	2
Proverbs	20	22	14.78	2
Proverbs	5	3	14.78	2
Psalms	10	2	14.78	2
Psalms	104	14	14.78	2
Psalms	105	44	14.78	2
Psalms	112	10	14.78	2
Psalms	119	2	14.78	2
Psalms	121	3	14.78	2
Psalms	121	5	14.78	2
Psalms	21	4	14.78	2
Psalms	45	13	14.78	2
Psalms	74	16	14.78	2
Psalms	77	7	14.78	2
Psalms	99	9	14.78	2
Revelation	22	4	14.78	2
1 Corinthians	15	23	14.68	2
1 Corinthians	15	50	14.68	2
1 Corinthians	6	18	14.68	2
1 Corinthians	9	13	14.68	2
1 Samuel	25	17	14.68	2
1 Samuel	9	16	14.68	2
1 Thessalonians	4	5	14.68	2
2 John	1	4	14.68	2
2 Samuel	8	2	14.68	2
Acts	1	22	14.68	2
Acts	13	39	14.68	2
Acts	16	31	14.68	2
Acts	16	9	14.68	2
Acts	26	11	14.68	2
Acts	3	16	14.68	2
Daniel	9	9	14.68	2
Deuteronomy	10	18	14.68	2
Deuteronomy	12	17	14.68	2
Deuteronomy	21	21	14.68	2
Deuteronomy	28	30	14.68	2
Deuteronomy	32	1	14.68	2
Deuteronomy	5	22	14.68	2
Deuteronomy	5	26	14.68	2
Deuteronomy	9	5	14.68	2
Ecclesiastes	10	4	14.68	2
Ezekiel	20	1	14.68	2
Ezekiel	23	3	14.68	2
Ezekiel	8	1	14.68	2
Genesis	18	2	14.68	2
Genesis	20	3	14.68	2
Genesis	33	20	14.68	2
Genesis	37	29	14.68	2
Genesis	46	3	14.68	2
Hebrews	11	28	14.68	2
Isaiah	58	12	14.68	2
Isaiah	60	10	14.68	2
Jeremiah	10	25	14.68	2
Jeremiah	12	4	14.68	2
Jeremiah	29	26	14.68	2
Jeremiah	42	20	14.68	2
Jeremiah	7	8	14.68	2
Jeremiah	9	26	14.68	2
Job	23	11	14.68	2
Job	34	21	14.68	2
Job	42	3	14.68	2
John	1	21	14.68	2
John	1	34	14.68	2
John	19	14	14.68	2
Judges	13	25	14.68	2
Leviticus	1	9	14.68	2
Luke	12	5	14.68	2
Luke	13	3	14.68	2
Luke	18	27	14.68	2
Luke	8	2	14.68	2
Luke	8	28	14.68	2
Mark	9	7	14.68	2
Matthew	13	38	14.68	2
Matthew	14	33	14.68	2
Matthew	16	23	14.68	2
Matthew	16	6	14.68	2
Matthew	18	7	14.68	2
Matthew	2	13	14.68	2
Nehemiah	13	1	14.68	2
Nehemiah	13	22	14.68	2
Nehemiah	9	20	14.68	2
Nehemiah	9	22	14.68	2
Numbers	13	26	14.68	2
Numbers	14	1	14.68	2
Proverbs	1	10	14.68	2
Proverbs	31	10	14.68	2
Proverbs	9	9	14.68	2
Psalms	106	13	14.68	2
Psalms	111	2	14.68	2
Psalms	119	46	14.68	2
Psalms	131	1	14.68	2
Psalms	135	15	14.68	2
Psalms	25	10	14.68	2
Psalms	28	2	14.68	2
Psalms	4	1	14.68	2
Psalms	49	7	14.68	2
Psalms	62	7	14.68	2
Psalms	73	8	14.68	2
Psalms	89	15	14.68	2
Psalms	98	4	14.68	2
Revelation	12	17	14.68	2
Revelation	21	9	14.68	2
Romans	8	5	14.68	2
Song of Solomon	1	7	14.68	2
Titus	1	3	14.68	2
Zechariah	11	1	14.68	2
Zechariah	8	8	14.68	2
1 Chronicles	15	28	14.58	2
1 Chronicles	23	1	14.58	2
1 Corinthians	10	6	14.58	2
1 Corinthians	15	1	14.58	2
1 Corinthians	16	2	14.58	2
1 Corinthians	2	12	14.58	2
1 Corinthians	3	22	14.58	2
1 Kings	8	10	14.58	2
1 Thessalonians	2	11	14.58	2
1 Timothy	1	19	14.58	2
2 Chronicles	20	6	14.58	2
2 Chronicles	7	3	14.58	2
2 Chronicles	8	14	14.58	2
2 Corinthians	10	10	14.58	2
2 Corinthians	10	18	14.58	2
2 Corinthians	11	27	14.58	2
2 Corinthians	2	16	14.58	2
2 Corinthians	7	9	14.58	2
2 Kings	25	13	14.58	2
2 Kings	5	7	14.58	2
2 Samuel	8	1	14.58	2
2 Timothy	2	11	14.58	2
2 Timothy	2	16	14.58	2
Acts	1	2	14.58	2
Acts	15	2	14.58	2
Acts	17	25	14.58	2
Acts	18	18	14.58	2
Acts	19	10	14.58	2
Acts	19	13	14.58	2
Acts	23	1	14.58	2
Acts	8	18	14.58	2
Amos	1	9	14.58	2
Deuteronomy	10	15	14.58	2
Deuteronomy	11	24	14.58	2
Deuteronomy	31	7	14.58	2
Exodus	17	7	14.58	2
Exodus	25	31	14.58	2
Exodus	31	13	14.58	2
Ezekiel	13	6	14.58	2
Ezekiel	7	8	14.58	2
Galatians	3	2	14.58	2
Galatians	3	21	14.58	2
Genesis	3	1	14.58	2
Genesis	31	19	14.58	2
Genesis	32	10	14.58	2
Genesis	5	24	14.58	2
Genesis	7	1	14.58	2
Habakkuk	2	8	14.58	2
Hebrews	1	13	14.58	2
Hosea	10	14	14.58	2
Hosea	13	4	14.58	2
Hosea	2	15	14.58	2
Hosea	2	19	14.58	2
Hosea	8	4	14.58	2
Isaiah	13	8	14.58	2
Isaiah	19	23	14.58	2
Isaiah	20	4	14.58	2
Isaiah	61	7	14.58	2
Isaiah	65	21	14.58	2
James	2	10	14.58	2
James	2	23	14.58	2
Jeremiah	11	7	14.58	2
Jeremiah	3	23	14.58	2
Jeremiah	33	10	14.58	2
Jeremiah	33	22	14.58	2
Jeremiah	50	5	14.58	2
Jeremiah	8	5	14.58	2
John	7	46	14.58	2
John	8	29	14.58	2
Jonah	3	5	14.58	2
Joshua	17	11	14.58	2
Joshua	23	13	14.58	2
Joshua	6	17	14.58	2
Judges	1	21	14.58	2
Judges	4	3	14.58	2
Leviticus	1	4	14.58	2
Leviticus	3	16	14.58	2
Luke	13	14	14.58	2
Luke	16	31	14.58	2
Mark	11	25	14.58	2
Matthew	12	42	14.58	2
Matthew	22	2	14.58	2
Matthew	23	8	14.58	2
Matthew	26	41	14.58	2
Matthew	5	7	14.58	2
Numbers	5	2	14.58	2
Philippians	1	28	14.58	2
Proverbs	18	6	14.58	2
Proverbs	30	12	14.58	2
Proverbs	5	12	14.58	2
Psalms	11	5	14.58	2
Psalms	111	4	14.58	2
Psalms	2	10	14.58	2
Psalms	31	5	14.58	2
Psalms	36	6	14.58	2
Psalms	71	19	14.58	2
Psalms	72	2	14.58	2
Psalms	73	28	14.58	2
Psalms	74	13	14.58	2
Psalms	76	11	14.58	2
Psalms	78	4	14.58	2
Psalms	89	29	14.58	2
Psalms	89	3	14.58	2
Psalms	92	6	14.58	2
Psalms	97	7	14.58	2
Revelation	17	17	14.58	2
Revelation	21	14	14.58	2
Romans	14	1	14.58	2
Romans	2	13	14.58	2
1 Corinthians	14	24	14.48	2
1 Kings	14	23	14.48	2
1 Samuel	10	10	14.48	2
1 Samuel	10	5	14.48	2
2 Kings	20	5	14.48	2
2 Kings	24	14	14.48	2
2 Peter	1	13	14.48	2
2 Samuel	15	12	14.48	2
2 Samuel	8	15	14.48	2
2 Timothy	1	5	14.48	2
Acts	20	25	14.48	2
Acts	24	15	14.48	2
Acts	3	12	14.48	2
Acts	5	5	14.48	2
Amos	1	2	14.48	2
Deuteronomy	4	2	14.48	2
Exodus	25	22	14.48	2
Exodus	26	1	14.48	2
Exodus	4	15	14.48	2
Genesis	10	22	14.48	2
Genesis	12	8	14.48	2
Genesis	14	18	14.48	2
Genesis	17	3	14.48	2
Genesis	34	30	14.48	2
Genesis	41	38	14.48	2
Haggai	2	6	14.48	2
Isaiah	2	5	14.48	2
Isaiah	30	9	14.48	2
Isaiah	4	4	14.48	2
Isaiah	40	5	14.48	2
Isaiah	41	2	14.48	2
Isaiah	65	8	14.48	2
Isaiah	66	22	14.48	2
James	2	19	14.48	2
Jeremiah	22	29	14.48	2
Jeremiah	29	18	14.48	2
Jeremiah	3	14	14.48	2
Jeremiah	44	12	14.48	2
Jeremiah	46	28	14.48	2
Jeremiah	51	44	14.48	2
Jeremiah	51	7	14.48	2
Job	10	1	14.48	2
Job	10	3	14.48	2
Job	18	18	14.48	2
Job	27	10	14.48	2
Job	31	13	14.48	2
Job	34	14	14.48	2
John	14	2	14.48	2
Lamentations	3	24	14.48	2
Luke	12	45	14.48	2
Luke	13	5	14.48	2
Luke	2	37	14.48	2
Mark	1	1	14.48	2
Mark	6	3	14.48	2
Matthew	10	19	14.48	2
Matthew	12	31	14.48	2
Matthew	5	14	14.48	2
Numbers	16	15	14.48	2
Numbers	18	1	14.48	2
Numbers	29	12	14.48	2
Proverbs	22	5	14.48	2
Proverbs	24	21	14.48	2
Psalms	109	29	14.48	2
Psalms	119	15	14.48	2
Psalms	135	7	14.48	2
Psalms	43	5	14.48	2
Psalms	44	23	14.48	2
Psalms	51	6	14.48	2
Psalms	84	1	14.48	2
Revelation	14	12	14.48	2
Revelation	4	2	14.48	2
Romans	11	34	14.48	2
Romans	8	10	14.48	2
1 Chronicles	16	34	14.38	2
1 Chronicles	29	15	14.38	2
1 John	4	21	14.38	2
1 Kings	4	20	14.38	2
1 Kings	4	25	14.38	2
1 Samuel	19	11	14.38	2
1 Samuel	24	17	14.38	2
1 Samuel	25	26	14.38	2
1 Samuel	5	6	14.38	2
1 Timothy	6	1	14.38	2
2 Kings	15	19	14.38	2
2 Kings	16	7	14.38	2
2 Kings	17	7	14.38	2
2 Kings	19	22	14.38	2
2 Kings	23	29	14.38	2
2 Kings	5	27	14.38	2
2 Peter	1	14	14.38	2
2 Samuel	17	1	14.38	2
2 Samuel	24	10	14.38	2
3 John	1	9	14.38	2
Amos	1	14	14.38	2
Daniel	2	1	14.38	2
Deuteronomy	2	36	14.38	2
Deuteronomy	31	20	14.38	2
Deuteronomy	31	8	14.38	2
Deuteronomy	4	11	14.38	2
Ephesians	3	11	14.38	2
Ephesians	3	19	14.38	2
Ephesians	6	17	14.38	2
Esther	3	15	14.38	2
Exodus	23	24	14.38	2
Exodus	24	3	14.38	2
Exodus	3	18	14.38	2
Exodus	9	23	14.38	2
Ezekiel	18	7	14.38	2
Ezekiel	36	28	14.38	2
Ezekiel	7	9	14.38	2
Ezra	1	2	14.38	2
Genesis	17	14	14.38	2
Genesis	19	17	14.38	2
Genesis	7	11	14.38	2
Haggai	2	21	14.38	2
Hebrews	10	17	14.38	2
Hebrews	11	39	14.38	2
Hebrews	6	8	14.38	2
Hebrews	7	19	14.38	2
Isaiah	11	5	14.38	2
Isaiah	14	29	14.38	2
Isaiah	19	2	14.38	2
Isaiah	30	11	14.38	2
Isaiah	32	13	14.38	2
Isaiah	47	9	14.38	2
Isaiah	49	25	14.38	2
Isaiah	63	4	14.38	2
Isaiah	64	7	14.38	2
Isaiah	65	12	14.38	2
Isaiah	65	23	14.38	2
Isaiah	65	25	14.38	2
Isaiah	66	12	14.38	2
Isaiah	9	12	14.38	2
James	2	1	14.38	2
Jeremiah	20	2	14.38	2
Jeremiah	29	23	14.38	2
Jeremiah	31	27	14.38	2
Jeremiah	32	24	14.38	2
Jeremiah	49	19	14.38	2
Jeremiah	50	31	14.38	2
Job	38	8	14.38	2
John	1	3	14.38	2
John	18	36	14.38	2
John	8	43	14.38	2
Judges	6	11	14.38	2
Judges	7	12	14.38	2
Leviticus	5	6	14.38	2
Luke	7	50	14.38	2
Luke	7	6	14.38	2
Matthew	13	55	14.38	2
Matthew	25	14	14.38	2
Matthew	6	2	14.38	2
Matthew	9	4	14.38	2
Micah	1	4	14.38	2
Nehemiah	9	27	14.38	2
Numbers	14	28	14.38	2
Numbers	14	30	14.38	2
Numbers	19	11	14.38	2
Proverbs	14	8	14.38	2
Proverbs	18	21	14.38	2
Proverbs	29	15	14.38	2
Proverbs	8	5	14.38	2
Psalms	10	7	14.38	2
Psalms	107	15	14.38	2
Psalms	111	1	14.38	2
Psalms	147	10	14.38	2
Psalms	18	44	14.38	2
Psalms	25	9	14.38	2
Psalms	38	1	14.38	2
Psalms	51	11	14.38	2
Psalms	64	2	14.38	2
Psalms	68	31	14.38	2
Psalms	69	21	14.38	2
Psalms	72	4	14.38	2
Psalms	78	60	14.38	2
Psalms	84	12	14.38	2
Psalms	89	27	14.38	2
Revelation	6	2	14.38	2
Romans	11	29	14.38	2
Titus	2	8	14.38	2
Zechariah	3	9	14.38	2
Zechariah	7	14	14.38	2
1 Corinthians	9	16	14.27	2
1 John	2	17	14.27	2
1 Timothy	4	2	14.27	2
1 Timothy	5	13	14.27	2
1 Timothy	5	8	14.27	2
2 Corinthians	6	3	14.27	2
2 Kings	6	17	14.27	2
2 Samuel	5	3	14.27	2
2 Samuel	6	17	14.27	2
2 Thessalonians	3	1	14.27	2
Acts	15	14	14.27	2
Acts	15	8	14.27	2
Acts	2	19	14.27	2
Acts	22	14	14.27	2
Acts	5	33	14.27	2
Amos	4	4	14.27	2
Colossians	2	5	14.27	2
Deuteronomy	13	13	14.27	2
Deuteronomy	3	12	14.27	2
Deuteronomy	32	19	14.27	2
Deuteronomy	4	30	14.27	2
Deuteronomy	4	8	14.27	2
Exodus	17	9	14.27	2
Exodus	24	18	14.27	2
Exodus	3	16	14.27	2
Exodus	32	8	14.27	2
Exodus	34	12	14.27	2
Exodus	6	16	14.27	2
Ezekiel	17	18	14.27	2
Ezekiel	18	28	14.27	2
Ezekiel	2	3	14.27	2
Ezekiel	20	43	14.27	2
Ezekiel	39	4	14.27	2
Ezekiel	40	1	14.27	2
Ezekiel	5	2	14.27	2
Galatians	1	1	14.27	2
Galatians	6	16	14.27	2
Genesis	1	14	14.27	2
Genesis	17	19	14.27	2
Genesis	42	36	14.27	2
Habakkuk	2	15	14.27	2
Hebrews	13	12	14.27	2
Hebrews	4	3	14.27	2
Hosea	1	1	14.27	2
Hosea	12	3	14.27	2
Hosea	13	2	14.27	2
Isaiah	14	23	14.27	2
Isaiah	22	13	14.27	2
Isaiah	24	7	14.27	2
Isaiah	30	13	14.27	2
Isaiah	37	3	14.27	2
Isaiah	38	19	14.27	2
Isaiah	42	21	14.27	2
Isaiah	49	22	14.27	2
Isaiah	5	30	14.27	2
Isaiah	57	5	14.27	2
Isaiah	62	10	14.27	2
James	3	15	14.27	2
Jeremiah	26	15	14.27	2
Jeremiah	30	17	14.27	2
Jeremiah	34	17	14.27	2
Jeremiah	50	9	14.27	2
Jeremiah	51	15	14.27	2
Jeremiah	52	24	14.27	2
Jeremiah	7	22	14.27	2
Job	18	5	14.27	2
Job	19	13	14.27	2
Job	32	8	14.27	2
Job	34	31	14.27	2
Job	42	2	14.27	2
John	11	43	14.27	2
John	14	12	14.27	2
John	20	1	14.27	2
John	4	22	14.27	2
John	7	40	14.27	2
Joshua	10	10	14.27	2
Joshua	11	23	14.27	2
Joshua	3	13	14.27	2
Joshua	9	9	14.27	2
Lamentations	2	4	14.27	2
Luke	10	5	14.27	2
Luke	22	53	14.27	2
Mark	10	14	14.27	2
Matthew	13	13	14.27	2
Matthew	21	11	14.27	2
Matthew	25	32	14.27	2
Numbers	15	39	14.27	2
Philippians	2	14	14.27	2
Philemon	1	5	14.27	2
Proverbs	22	15	14.27	2
Proverbs	22	3	14.27	2
Proverbs	25	12	14.27	2
Proverbs	3	3	14.27	2
Psalms	101	3	14.27	2
Psalms	102	9	14.27	2
Psalms	106	4	14.27	2
Psalms	106	8	14.27	2
Psalms	123	2	14.27	2
Psalms	14	2	14.27	2
Psalms	37	16	14.27	2
Psalms	39	11	14.27	2
Psalms	58	11	14.27	2
Psalms	7	12	14.27	2
Psalms	85	8	14.27	2
Psalms	88	15	14.27	2
Revelation	19	4	14.27	2
Revelation	21	11	14.27	2
Romans	1	24	14.27	2
Romans	14	15	14.27	2
Romans	14	20	14.27	2
Romans	3	3	14.27	2
Romans	7	18	14.27	2
1 Chronicles	23	28	14.17	2
1 Chronicles	28	11	14.17	2
1 Corinthians	1	4	14.17	2
1 Corinthians	10	1	14.17	2
1 Corinthians	10	10	14.17	2
1 Corinthians	14	1	14.17	2
1 Corinthians	15	54	14.17	2
1 Corinthians	3	13	14.17	2
1 Corinthians	6	2	14.17	2
1 Corinthians	8	13	14.17	2
1 Samuel	1	15	14.17	2
1 Samuel	10	24	14.17	2
1 Samuel	19	5	14.17	2
1 Timothy	3	8	14.17	2
2 Chronicles	15	7	14.17	2
2 Chronicles	20	12	14.17	2
2 Chronicles	36	19	14.17	2
2 Chronicles	36	6	14.17	2
2 Chronicles	7	14	14.17	2
2 Corinthians	9	5	14.17	2
2 Kings	23	4	14.17	2
2 Peter	1	2	14.17	2
2 Peter	2	17	14.17	2
2 Peter	3	1	14.17	2
2 Samuel	19	13	14.17	2
2 Timothy	2	14	14.17	2
Acts	13	32	14.17	2
Acts	19	4	14.17	2
Acts	5	17	14.17	2
Amos	3	8	14.17	2
Amos	7	14	14.17	2
Deuteronomy	10	22	14.17	2
Deuteronomy	32	6	14.17	2
Ecclesiastes	11	6	14.17	2
Ecclesiastes	5	18	14.17	2
Ephesians	4	16	14.17	2
Exodus	22	25	14.17	2
Ezekiel	17	12	14.17	2
Ezekiel	20	49	14.17	2
Ezekiel	28	22	14.17	2
Ezekiel	32	2	14.17	2
Ezekiel	47	12	14.17	2
Ezra	9	7	14.17	2
Genesis	10	10	14.17	2
Genesis	17	17	14.17	2
Genesis	35	5	14.17	2
Genesis	6	4	14.17	2
Hebrews	10	32	14.17	2
Hosea	9	10	14.17	2
Isaiah	21	4	14.17	2
Isaiah	26	12	14.17	2
Isaiah	34	6	14.17	2
Isaiah	50	5	14.17	2
Isaiah	60	12	14.17	2
Isaiah	66	16	14.17	2
Jeremiah	14	21	14.17	2
Jeremiah	2	23	14.17	2
Jeremiah	22	23	14.17	2
Jeremiah	22	30	14.17	2
Jeremiah	23	32	14.17	2
Jeremiah	25	20	14.17	2
Jeremiah	3	2	14.17	2
Jeremiah	34	22	14.17	2
Jeremiah	8	9	14.17	2
Job	12	14	14.17	2
Job	12	6	14.17	2
Job	15	25	14.17	2
Job	18	11	14.17	2
Job	42	10	14.17	2
Job	7	21	14.17	2
John	10	26	14.17	2
John	11	52	14.17	2
John	12	13	14.17	2
John	4	21	14.17	2
Joshua	5	1	14.17	2
Joshua	5	13	14.17	2
Jude	1	19	14.17	2
Judges	13	1	14.17	2
Judges	5	4	14.17	2
Leviticus	7	11	14.17	2
Luke	12	35	14.17	2
Luke	15	2	14.17	2
Luke	2	52	14.17	2
Luke	23	11	14.17	2
Luke	8	18	14.17	2
Nehemiah	12	24	14.17	2
Proverbs	20	18	14.17	2
Psalms	103	11	14.17	2
Psalms	104	5	14.17	2
Psalms	115	13	14.17	2
Psalms	19	11	14.17	2
Psalms	2	4	14.17	2
Psalms	33	12	14.17	2
Psalms	38	11	14.17	2
Psalms	45	1	14.17	2
Psalms	51	9	14.17	2
Psalms	68	29	14.17	2
Psalms	77	1	14.17	2
Psalms	83	1	14.17	2
Revelation	11	8	14.17	2
Revelation	17	3	14.17	2
Revelation	6	17	14.17	2
Titus	3	7	14.17	2
Zechariah	4	7	14.17	2
1 Chronicles	26	20	14.07	2
1 Corinthians	1	7	14.07	2
1 Corinthians	11	2	14.07	2
1 Corinthians	5	13	14.07	2
1 Corinthians	7	17	14.07	2
1 Corinthians	8	7	14.07	2
1 Kings	20	30	14.07	2
1 Kings	22	20	14.07	2
1 Kings	8	46	14.07	2
1 Samuel	16	18	14.07	2
1 Samuel	25	28	14.07	2
1 Samuel	3	18	14.07	2
1 Timothy	1	20	14.07	2
2 Chronicles	34	27	14.07	2
2 Chronicles	34	31	14.07	2
2 Kings	21	2	14.07	2
2 Samuel	8	18	14.07	2
2 Timothy	1	6	14.07	2
2 Timothy	2	20	14.07	2
2 Timothy	3	10	14.07	2
Acts	1	18	14.07	2
Acts	17	28	14.07	2
Acts	19	6	14.07	2
Acts	21	11	14.07	2
Acts	3	18	14.07	2
Colossians	3	14	14.07	2
Daniel	1	17	14.07	2
Daniel	1	2	14.07	2
Daniel	7	20	14.07	2
Deuteronomy	12	30	14.07	2
Deuteronomy	13	3	14.07	2
Deuteronomy	26	18	14.07	2
Deuteronomy	5	1	14.07	2
Deuteronomy	9	1	14.07	2
Ecclesiastes	5	10	14.07	2
Ephesians	5	21	14.07	2
Ephesians	5	33	14.07	2
Exodus	11	8	14.07	2
Exodus	16	8	14.07	2
Exodus	24	1	14.07	2
Exodus	30	7	14.07	2
Exodus	35	2	14.07	2
Ezekiel	22	31	14.07	2
Ezekiel	26	2	14.07	2
Ezekiel	33	24	14.07	2
Galatians	2	21	14.07	2
Genesis	14	14	14.07	2
Genesis	18	18	14.07	2
Genesis	24	60	14.07	2
Genesis	42	38	14.07	2
Genesis	49	3	14.07	2
Genesis	6	6	14.07	2
Genesis	8	20	14.07	2
Hebrews	10	27	14.07	2
Hosea	11	1	14.07	2
Isaiah	10	22	14.07	2
Isaiah	37	19	14.07	2
Isaiah	43	13	14.07	2
Isaiah	49	14	14.07	2
Isaiah	49	18	14.07	2
Isaiah	52	5	14.07	2
Isaiah	64	5	14.07	2
Isaiah	64	9	14.07	2
Jeremiah	11	11	14.07	2
Jeremiah	22	16	14.07	2
Jeremiah	31	13	14.07	2
Job	2	12	14.07	2
Job	5	2	14.07	2
Job	5	26	14.07	2
John	10	34	14.07	2
John	15	12	14.07	2
John	18	11	14.07	2
John	3	32	14.07	2
John	7	18	14.07	2
Lamentations	2	1	14.07	2
Luke	1	70	14.07	2
Luke	10	7	14.07	2
Luke	12	11	14.07	2
Luke	16	13	14.07	2
Luke	17	27	14.07	2
Malachi	2	15	14.07	2
Mark	12	36	14.07	2
Matthew	10	27	14.07	2
Matthew	12	46	14.07	2
Matthew	13	42	14.07	2
Matthew	22	42	14.07	2
Micah	4	11	14.07	2
Micah	7	19	14.07	2
Nehemiah	2	4	14.07	2
Nehemiah	9	15	14.07	2
Numbers	14	24	14.07	2
Numbers	16	1	14.07	2
Numbers	20	12	14.07	2
Philippians	2	2	14.07	2
Philippians	2	5	14.07	2
Proverbs	10	12	14.07	2
Proverbs	18	1	14.07	2
Proverbs	6	25	14.07	2
Psalms	102	26	14.07	2
Psalms	138	4	14.07	2
Psalms	146	6	14.07	2
Psalms	147	8	14.07	2
Psalms	148	8	14.07	2
Psalms	17	10	14.07	2
Psalms	3	8	14.07	2
Psalms	37	13	14.07	2
Psalms	49	10	14.07	2
Psalms	53	5	14.07	2
Psalms	65	2	14.07	2
Psalms	69	20	14.07	2
Psalms	74	2	14.07	2
Psalms	78	43	14.07	2
Psalms	99	5	14.07	2
Revelation	18	22	14.07	2
Romans	1	23	14.07	2
Romans	12	8	14.07	2
Romans	15	25	14.07	2
Romans	15	5	14.07	2
Romans	4	6	14.07	2
Song of Solomon	1	3	14.07	2
Zechariah	14	12	14.07	2
1 Chronicles	22	13	13.97	2
1 Corinthians	10	12	13.97	2
1 Corinthians	7	2	13.97	2
1 Corinthians	7	5	13.97	2
1 Kings	10	22	13.97	2
1 Kings	13	6	13.97	2
1 Peter	3	10	13.97	2
1 Samuel	26	21	13.97	2
1 Thessalonians	4	18	13.97	2
1 Timothy	1	9	13.97	2
2 Chronicles	32	15	13.97	2
2 Corinthians	9	2	13.97	2
2 Kings	21	4	13.97	2
2 Peter	3	2	13.97	2
2 Samuel	8	14	13.97	2
Acts	13	15	13.97	2
Acts	26	16	13.97	2
Acts	3	2	13.97	2
Acts	7	48	13.97	2
Acts	8	2	13.97	2
Colossians	1	4	13.97	2
Colossians	4	17	13.97	2
Daniel	4	5	13.97	2
Deuteronomy	14	21	13.97	2
Deuteronomy	29	10	13.97	2
Deuteronomy	32	31	13.97	2
Ephesians	5	16	13.97	2
Exodus	23	21	13.97	2
Exodus	33	12	13.97	2
Exodus	34	9	13.97	2
Ezekiel	13	9	13.97	2
Ezekiel	20	46	13.97	2
Ezekiel	29	6	13.97	2
Ezekiel	39	1	13.97	2
Ezekiel	43	7	13.97	2
Ezra	3	10	13.97	2
Genesis	3	13	13.97	2
Genesis	35	2	13.97	2
Genesis	37	11	13.97	2
Genesis	37	35	13.97	2
Genesis	6	11	13.97	2
Habakkuk	2	13	13.97	2
Hebrews	12	16	13.97	2
Hosea	2	2	13.97	2
Isaiah	23	18	13.97	2
Isaiah	24	15	13.97	2
Isaiah	27	4	13.97	2
Isaiah	43	20	13.97	2
Isaiah	49	2	13.97	2
Isaiah	59	2	13.97	2
Isaiah	60	4	13.97	2
Isaiah	7	17	13.97	2
James	1	13	13.97	2
Jeremiah	10	5	13.97	2
Jeremiah	31	6	13.97	2
Jeremiah	51	33	13.97	2
Job	21	30	13.97	2
Job	3	5	13.97	2
Job	4	8	13.97	2
John	1	42	13.97	2
John	12	38	13.97	2
John	13	33	13.97	2
John	7	41	13.97	2
Jonah	1	6	13.97	2
Joshua	10	24	13.97	2
Joshua	13	8	13.97	2
Joshua	15	13	13.97	2
Jude	1	23	13.97	2
Judges	20	18	13.97	2
Judges	4	2	13.97	2
Lamentations	1	9	13.97	2
Leviticus	26	11	13.97	2
Luke	23	29	13.97	2
Luke	4	16	13.97	2
Mark	15	1	13.97	2
Matthew	13	50	13.97	2
Matthew	18	19	13.97	2
Matthew	5	13	13.97	2
Matthew	9	8	13.97	2
Micah	4	7	13.97	2
Micah	6	15	13.97	2
Nehemiah	1	8	13.97	2
Nehemiah	13	31	13.97	2
Nehemiah	9	1	13.97	2
Nehemiah	9	25	13.97	2
Proverbs	17	13	13.97	2
Psalms	103	15	13.97	2
Psalms	105	1	13.97	2
Psalms	138	2	13.97	2
Psalms	145	13	13.97	2
Psalms	17	5	13.97	2
Psalms	19	8	13.97	2
Psalms	27	11	13.97	2
Psalms	28	3	13.97	2
Psalms	47	5	13.97	2
Psalms	75	10	13.97	2
Psalms	8	1	13.97	2
Psalms	86	11	13.97	2
Revelation	11	11	13.97	2
Romans	1	19	13.97	2
Romans	12	14	13.97	2
Romans	14	18	13.97	2
Zechariah	2	6	13.97	2
1 Chronicles	15	12	13.86	2
1 Chronicles	28	2	13.86	2
1 Corinthians	10	19	13.86	2
1 Corinthians	12	3	13.86	2
1 Corinthians	2	2	13.86	2
1 Corinthians	9	1	13.86	2
1 Kings	18	26	13.86	2
1 Samuel	14	45	13.86	2
1 Samuel	2	28	13.86	2
1 Samuel	26	8	13.86	2
1 Timothy	5	6	13.86	2
2 Corinthians	8	7	13.86	2
2 Kings	1	2	13.86	2
2 Kings	14	25	13.86	2
2 Samuel	16	11	13.86	2
2 Samuel	22	1	13.86	2
2 Samuel	8	17	13.86	2
Acts	13	33	13.86	2
Acts	16	29	13.86	2
Acts	2	29	13.86	2
Acts	4	36	13.86	2
Acts	7	37	13.86	2
Acts	8	22	13.86	2
Amos	6	8	13.86	2
Amos	8	14	13.86	2
Amos	8	2	13.86	2
Amos	8	7	13.86	2
Amos	9	13	13.86	2
Colossians	1	14	13.86	2
Colossians	1	19	13.86	2
Daniel	8	26	13.86	2
Deuteronomy	21	23	13.86	2
Deuteronomy	9	9	13.86	2
Ecclesiastes	7	9	13.86	2
Exodus	14	30	13.86	2
Exodus	14	31	13.86	2
Exodus	15	16	13.86	2
Exodus	17	14	13.86	2
Exodus	20	6	13.86	2
Exodus	26	31	13.86	2
Exodus	30	13	13.86	2
Exodus	33	2	13.86	2
Ezekiel	10	1	13.86	2
Ezekiel	11	24	13.86	2
Ezekiel	16	61	13.86	2
Ezekiel	17	13	13.86	2
Ezekiel	18	21	13.86	2
Ezekiel	3	20	13.86	2
Genesis	18	10	13.86	2
Genesis	19	29	13.86	2
Genesis	28	12	13.86	2
Genesis	30	22	13.86	2
Genesis	41	8	13.86	2
Genesis	9	1	13.86	2
Hosea	2	5	13.86	2
Isaiah	1	31	13.86	2
Isaiah	24	17	13.86	2
Isaiah	31	3	13.86	2
Isaiah	33	9	13.86	2
Isaiah	44	21	13.86	2
Isaiah	45	3	13.86	2
Isaiah	46	7	13.86	2
Isaiah	56	6	13.86	2
Isaiah	61	8	13.86	2
Jeremiah	15	10	13.86	2
Jeremiah	42	18	13.86	2
Jeremiah	47	4	13.86	2
Jeremiah	48	47	13.86	2
Jeremiah	5	12	13.86	2
Jeremiah	9	4	13.86	2
Job	13	24	13.86	2
Job	14	10	13.86	2
Job	2	3	13.86	2
Job	22	21	13.86	2
Job	33	15	13.86	2
Job	9	2	13.86	2
Joel	3	19	13.86	2
John	1	23	13.86	2
John	11	4	13.86	2
John	12	23	13.86	2
John	12	47	13.86	2
John	16	4	13.86	2
John	2	11	13.86	2
John	4	23	13.86	2
John	4	48	13.86	2
John	6	56	13.86	2
John	7	16	13.86	2
John	8	19	13.86	2
Jonah	3	6	13.86	2
Joshua	24	1	13.86	2
Joshua	6	26	13.86	2
Jude	1	8	13.86	2
Lamentations	2	6	13.86	2
Lamentations	4	6	13.86	2
Leviticus	23	10	13.86	2
Leviticus	26	24	13.86	2
Leviticus	26	31	13.86	2
Luke	23	47	13.86	2
Luke	4	25	13.86	2
Mark	8	34	13.86	2
Matthew	12	7	13.86	2
Matthew	13	24	13.86	2
Matthew	13	9	13.86	2
Matthew	18	17	13.86	2
Matthew	24	4	13.86	2
Matthew	26	31	13.86	2
Matthew	26	69	13.86	2
Matthew	28	10	13.86	2
Matthew	5	29	13.86	2
Matthew	5	33	13.86	2
Nehemiah	1	6	13.86	2
Nehemiah	8	1	13.86	2
Numbers	14	21	13.86	2
Numbers	20	24	13.86	2
Numbers	33	52	13.86	2
Philippians	1	19	13.86	2
Proverbs	18	24	13.86	2
Proverbs	22	17	13.86	2
Proverbs	22	9	13.86	2
Proverbs	23	4	13.86	2
Psalms	10	8	13.86	2
Psalms	105	45	13.86	2
Psalms	106	12	13.86	2
Psalms	109	17	13.86	2
Psalms	119	73	13.86	2
Psalms	146	8	13.86	2
Psalms	21	11	13.86	2
Psalms	3	1	13.86	2
Psalms	37	39	13.86	2
Psalms	58	9	13.86	2
Psalms	59	7	13.86	2
Psalms	66	16	13.86	2
Psalms	73	25	13.86	2
Psalms	76	1	13.86	2
Psalms	78	52	13.86	2
Psalms	82	3	13.86	2
Psalms	94	18	13.86	2
Revelation	11	17	13.86	2
Revelation	15	1	13.86	2
Revelation	8	13	13.86	2
Romans	10	1	13.86	2
Song of Solomon	5	16	13.86	2
1 Corinthians	12	7	13.76	2
1 Corinthians	6	7	13.76	2
1 John	2	13	13.76	2
1 Kings	15	3	13.76	2
1 Samuel	15	24	13.76	2
1 Samuel	25	10	13.76	2
1 Thessalonians	4	12	13.76	2
2 Chronicles	28	5	13.76	2
2 Chronicles	29	34	13.76	2
2 Chronicles	33	10	13.76	2
2 Corinthians	13	2	13.76	2
2 Corinthians	2	12	13.76	2
2 Kings	13	23	13.76	2
2 Kings	3	13	13.76	2
2 Peter	1	7	13.76	2
2 Samuel	14	17	13.76	2
2 Samuel	9	7	13.76	2
2 Thessalonians	2	17	13.76	2
2 Timothy	1	13	13.76	2
Acts	12	5	13.76	2
Acts	17	13	13.76	2
Acts	2	27	13.76	2
Acts	4	34	13.76	2
Acts	9	5	13.76	2
Daniel	12	10	13.76	2
Daniel	12	9	13.76	2
Daniel	4	2	13.76	2
Deuteronomy	26	5	13.76	2
Deuteronomy	28	12	13.76	2
Deuteronomy	3	28	13.76	2
Deuteronomy	32	18	13.76	2
Deuteronomy	5	9	13.76	2
Ecclesiastes	9	5	13.76	2
Exodus	16	3	13.76	2
Exodus	18	25	13.76	2
Exodus	23	6	13.76	2
Exodus	29	1	13.76	2
Ezekiel	36	22	13.76	2
Genesis	14	20	13.76	2
Genesis	27	40	13.76	2
Genesis	31	24	13.76	2
Genesis	37	28	13.76	2
Genesis	37	36	13.76	2
Genesis	42	6	13.76	2
Habakkuk	1	5	13.76	2
Habakkuk	3	18	13.76	2
Hebrews	10	14	13.76	2
Hebrews	4	2	13.76	2
Hebrews	8	8	13.76	2
Hebrews	9	11	13.76	2
Hosea	1	2	13.76	2
Isaiah	10	32	13.76	2
Isaiah	32	17	13.76	2
Isaiah	7	8	13.76	2
Jeremiah	12	3	13.76	2
Jeremiah	17	18	13.76	2
Jeremiah	26	8	13.76	2
Jeremiah	29	22	13.76	2
Jeremiah	52	4	13.76	2
Jeremiah	7	21	13.76	2
Jeremiah	7	33	13.76	2
Job	29	7	13.76	2
Joel	1	10	13.76	2
John	10	29	13.76	2
John	11	41	13.76	2
John	18	1	13.76	2
John	18	25	13.76	2
John	7	42	13.76	2
Judges	1	16	13.76	2
Judges	10	7	13.76	2
Lamentations	1	4	13.76	2
Lamentations	2	2	13.76	2
Lamentations	3	23	13.76	2
Leviticus	1	13	13.76	2
Leviticus	10	17	13.76	2
Leviticus	20	2	13.76	2
Leviticus	6	16	13.76	2
Luke	16	16	13.76	2
Luke	6	27	13.76	2
Malachi	1	4	13.76	2
Mark	8	35	13.76	2
Matthew	10	39	13.76	2
Matthew	26	40	13.76	2
Matthew	26	55	13.76	2
Micah	4	4	13.76	2
Nehemiah	5	1	13.76	2
Numbers	12	8	13.76	2
Numbers	20	1	13.76	2
Numbers	20	14	13.76	2
Numbers	26	64	13.76	2
Philippians	1	21	13.76	2
Proverbs	1	20	13.76	2
Proverbs	16	33	13.76	2
Proverbs	19	3	13.76	2
Proverbs	19	9	13.76	2
Proverbs	30	4	13.76	2
Psalms	105	5	13.76	2
Psalms	107	9	13.76	2
Psalms	109	6	13.76	2
Psalms	115	16	13.76	2
Psalms	119	98	13.76	2
Psalms	135	8	13.76	2
Psalms	18	32	13.76	2
Psalms	25	21	13.76	2
Psalms	26	9	13.76	2
Psalms	31	13	13.76	2
Psalms	40	3	13.76	2
Psalms	69	7	13.76	2
Psalms	78	51	13.76	2
Psalms	90	11	13.76	2
Psalms	92	14	13.76	2
Revelation	18	19	13.76	2
Revelation	2	16	13.76	2
Romans	4	12	13.76	2
Romans	8	20	13.76	2
Song of Solomon	5	8	13.76	2
Zechariah	1	14	13.76	2
Zechariah	9	13	13.76	2
1 Kings	20	42	13.65	2
1 Samuel	18	3	13.65	2
1 Thessalonians	1	1	13.65	2
1 Thessalonians	4	17	13.65	2
1 Thessalonians	5	10	13.65	2
2 Chronicles	20	21	13.65	2
2 Chronicles	24	21	13.65	2
2 Chronicles	3	1	13.65	2
2 Chronicles	33	9	13.65	2
2 Corinthians	1	21	13.65	2
2 Kings	17	3	13.65	2
Acts	15	4	13.65	2
Acts	19	12	13.65	2
Acts	19	8	13.65	2
Acts	23	10	13.65	2
Acts	3	1	13.65	2
Acts	6	6	13.65	2
Acts	9	13	13.65	2
Amos	6	6	13.65	2
Amos	8	5	13.65	2
Daniel	10	1	13.65	2
Daniel	11	31	13.65	2
Daniel	2	22	13.65	2
Daniel	7	28	13.65	2
Deuteronomy	19	15	13.65	2
Deuteronomy	24	14	13.65	2
Deuteronomy	29	29	13.65	2
Ephesians	1	23	13.65	2
Ephesians	3	21	13.65	2
Exodus	33	20	13.65	2
Exodus	8	15	13.65	2
Ezekiel	25	6	13.65	2
Ezekiel	5	8	13.65	2
Galatians	2	3	13.65	2
Genesis	9	4	13.65	2
Hebrews	11	24	13.65	2
Hebrews	11	34	13.65	2
Hebrews	9	19	13.65	2
Hosea	1	4	13.65	2
Hosea	10	8	13.65	2
Hosea	11	10	13.65	2
Hosea	6	5	13.65	2
Hosea	8	14	13.65	2
Hosea	9	1	13.65	2
Hosea	9	11	13.65	2
Isaiah	1	13	13.65	2
Isaiah	13	7	13.65	2
Isaiah	32	9	13.65	2
Isaiah	34	8	13.65	2
Isaiah	37	26	13.65	2
Isaiah	44	7	13.65	2
Isaiah	49	4	13.65	2
Isaiah	65	18	13.65	2
Jeremiah	28	1	13.65	2
Jeremiah	48	1	13.65	2
Jeremiah	50	28	13.65	2
Job	19	21	13.65	2
Job	7	11	13.65	2
Job	8	3	13.65	2
John	6	14	13.65	2
John	6	29	13.65	2
John	8	20	13.65	2
Judges	6	1	13.65	2
Lamentations	2	10	13.65	2
Lamentations	2	7	13.65	2
Leviticus	19	12	13.65	2
Leviticus	2	3	13.65	2
Leviticus	26	18	13.65	2
Leviticus	27	30	13.65	2
Leviticus	3	3	13.65	2
Luke	12	8	13.65	2
Luke	13	6	13.65	2
Luke	21	33	13.65	2
Luke	3	19	13.65	2
Luke	6	21	13.65	2
Luke	9	22	13.65	2
Matthew	10	38	13.65	2
Matthew	22	12	13.65	2
Matthew	24	51	13.65	2
Micah	4	5	13.65	2
Nehemiah	12	44	13.65	2
Numbers	10	33	13.65	2
Numbers	21	21	13.65	2
Proverbs	16	25	13.65	2
Proverbs	2	10	13.65	2
Proverbs	24	23	13.65	2
Proverbs	28	17	13.65	2
Proverbs	29	5	13.65	2
Proverbs	30	8	13.65	2
Psalms	105	16	13.65	2
Psalms	119	105	13.65	2
Psalms	120	5	13.65	2
Psalms	144	5	13.65	2
Psalms	32	4	13.65	2
Psalms	40	12	13.65	2
Psalms	45	11	13.65	2
Psalms	51	12	13.65	2
Psalms	60	3	13.65	2
Psalms	66	5	13.65	2
Psalms	74	22	13.65	2
Psalms	79	10	13.65	2
Psalms	91	9	13.65	2
Revelation	12	12	13.65	2
Revelation	16	17	13.65	2
Revelation	18	17	13.65	2
Revelation	5	1	13.65	2
Revelation	9	1	13.65	2
Song of Solomon	3	6	13.65	2
1 Chronicles	21	1	13.55	2
1 Corinthians	12	2	13.55	2
1 John	2	5	13.55	2
1 Kings	4	24	13.55	2
1 Kings	7	48	13.55	2
1 Samuel	2	5	13.55	2
1 Samuel	22	1	13.55	2
1 Samuel	6	9	13.55	2
1 Thessalonians	5	5	13.55	2
2 Chronicles	28	3	13.55	2
2 Chronicles	30	18	13.55	2
2 Corinthians	1	20	13.55	2
2 Corinthians	1	23	13.55	2
2 John	1	1	13.55	2
2 Kings	23	13	13.55	2
2 Samuel	16	10	13.55	2
2 Samuel	16	21	13.55	2
2 Samuel	18	33	13.55	2
2 Samuel	2	8	13.55	2
2 Samuel	7	23	13.55	2
2 Thessalonians	2	15	13.55	2
2 Thessalonians	3	7	13.55	2
Acts	10	1	13.55	2
Acts	15	41	13.55	2
Acts	21	19	13.55	2
Acts	4	16	13.55	2
Amos	6	12	13.55	2
Colossians	1	25	13.55	2
Deuteronomy	1	15	13.55	2
Deuteronomy	28	27	13.55	2
Deuteronomy	32	25	13.55	2
Deuteronomy	33	25	13.55	2
Deuteronomy	9	7	13.55	2
Exodus	13	12	13.55	2
Exodus	23	14	13.55	2
Exodus	34	22	13.55	2
Exodus	9	14	13.55	2
Ezekiel	20	18	13.55	2
Ezekiel	22	18	13.55	2
Ezekiel	32	18	13.55	2
Ezra	6	22	13.55	2
Galatians	3	15	13.55	2
Genesis	2	17	13.55	2
Genesis	20	11	13.55	2
Genesis	24	35	13.55	2
Genesis	32	12	13.55	2
Genesis	42	18	13.55	2
Habakkuk	3	8	13.55	2
Hebrews	3	3	13.55	2
Hebrews	6	7	13.55	2
Hebrews	7	21	13.55	2
Isaiah	18	3	13.55	2
Isaiah	5	22	13.55	2
Isaiah	56	12	13.55	2
Isaiah	66	20	13.55	2
Jeremiah	23	2	13.55	2
Jeremiah	25	10	13.55	2
Jeremiah	27	2	13.55	2
Jeremiah	30	14	13.55	2
Jeremiah	30	9	13.55	2
Jeremiah	37	10	13.55	2
Jeremiah	4	10	13.55	2
Jeremiah	46	14	13.55	2
Jeremiah	5	2	13.55	2
Jeremiah	50	19	13.55	2
Jeremiah	51	8	13.55	2
Jeremiah	6	22	13.55	2
Jeremiah	7	12	13.55	2
Job	10	7	13.55	2
Job	11	20	13.55	2
Job	15	16	13.55	2
John	10	20	13.55	2
John	11	42	13.55	2
John	13	36	13.55	2
John	2	23	13.55	2
John	4	42	13.55	2
John	9	40	13.55	2
Joshua	16	10	13.55	2
Joshua	23	16	13.55	2
Joshua	7	12	13.55	2
Judges	1	1	13.55	2
Lamentations	4	10	13.55	2
Luke	14	12	13.55	2
Luke	2	13	13.55	2
Luke	21	19	13.55	2
Luke	21	27	13.55	2
Luke	24	30	13.55	2
Luke	9	54	13.55	2
Mark	1	15	13.55	2
Mark	12	14	13.55	2
Mark	14	24	13.55	2
Matthew	24	2	13.55	2
Matthew	3	4	13.55	2
Matthew	6	11	13.55	2
Micah	2	12	13.55	2
Micah	6	10	13.55	2
Nehemiah	9	11	13.55	2
Nehemiah	9	9	13.55	2
Philemon	1	24	13.55	2
Proverbs	12	19	13.55	2
Proverbs	23	29	13.55	2
Proverbs	27	9	13.55	2
Proverbs	28	18	13.55	2
Proverbs	3	34	13.55	2
Psalms	10	16	13.55	2
Psalms	10	9	13.55	2
Psalms	18	13	13.55	2
Psalms	18	28	13.55	2
Psalms	23	3	13.55	2
Psalms	37	18	13.55	2
Psalms	71	24	13.55	2
Psalms	79	12	13.55	2
Psalms	94	14	13.55	2
Revelation	1	3	13.55	2
Revelation	12	6	13.55	2
Revelation	14	11	13.55	2
Revelation	19	12	13.55	2
Romans	11	15	13.55	2
Romans	13	3	13.55	2
Romans	16	21	13.55	2
Romans	7	6	13.55	2
Zechariah	13	3	13.55	2
Zechariah	14	10	13.55	2
Zechariah	3	7	13.55	2
Zephaniah	2	4	13.55	2
1 Chronicles	29	9	13.44	2
1 Corinthians	1	1	13.44	2
1 Corinthians	15	2	13.44	2
1 Corinthians	7	19	13.44	2
1 Kings	13	2	13.44	2
1 Kings	9	15	13.44	2
1 Peter	2	19	13.44	2
1 Samuel	12	24	13.44	2
1 Samuel	26	10	13.44	2
1 Samuel	8	5	13.44	2
2 Chronicles	30	27	13.44	2
2 Corinthians	11	12	13.44	2
2 Corinthians	11	4	13.44	2
2 Kings	21	11	13.44	2
2 Kings	4	16	13.44	2
2 Peter	3	4	13.44	2
Acts	10	14	13.44	2
Acts	10	39	13.44	2
Acts	10	41	13.44	2
Acts	20	34	13.44	2
Acts	20	37	13.44	2
Acts	24	17	13.44	2
Amos	8	11	13.44	2
Daniel	10	11	13.44	2
Daniel	8	25	13.44	2
Deuteronomy	13	4	13.44	2
Deuteronomy	32	23	13.44	2
Ephesians	2	17	13.44	2
Ephesians	5	30	13.44	2
Exodus	12	23	13.44	2
Exodus	19	6	13.44	2
Exodus	32	14	13.44	2
Exodus	34	11	13.44	2
Ezekiel	20	40	13.44	2
Ezekiel	20	5	13.44	2
Ezekiel	20	7	13.44	2
Ezekiel	37	16	13.44	2
Ezekiel	44	23	13.44	2
Galatians	1	19	13.44	2
Genesis	13	18	13.44	2
Genesis	18	23	13.44	2
Genesis	35	16	13.44	2
Habakkuk	2	6	13.44	2
Hebrews	11	35	13.44	2
Hosea	12	11	13.44	2
Hosea	3	1	13.44	2
Isaiah	30	27	13.44	2
Isaiah	40	12	13.44	2
Isaiah	48	13	13.44	2
Isaiah	66	4	13.44	2
Jeremiah	13	14	13.44	2
Jeremiah	15	3	13.44	2
Jeremiah	17	11	13.44	2
Jeremiah	36	26	13.44	2
Jeremiah	4	18	13.44	2
Jeremiah	4	5	13.44	2
Jeremiah	4	8	13.44	2
Jeremiah	51	36	13.44	2
Job	10	2	13.44	2
Job	14	2	13.44	2
Job	2	5	13.44	2
Job	21	18	13.44	2
Job	26	14	13.44	2
Job	5	13	13.44	2
John	17	9	13.44	2
John	5	46	13.44	2
John	7	47	13.44	2
John	9	24	13.44	2
Lamentations	3	8	13.44	2
Leviticus	19	16	13.44	2
Leviticus	21	8	13.44	2
Leviticus	26	3	13.44	2
Luke	11	52	13.44	2
Luke	15	30	13.44	2
Luke	2	38	13.44	2
Luke	24	50	13.44	2
Luke	7	44	13.44	2
Luke	8	37	13.44	2
Luke	9	23	13.44	2
Malachi	3	3	13.44	2
Mark	10	15	13.44	2
Mark	16	14	13.44	2
Mark	3	21	13.44	2
Matthew	11	20	13.44	2
Matthew	13	21	13.44	2
Matthew	13	39	13.44	2
Matthew	15	24	13.44	2
Matthew	15	6	13.44	2
Matthew	20	22	13.44	2
Matthew	21	13	13.44	2
Matthew	26	2	13.44	2
Matthew	5	5	13.44	2
Matthew	9	27	13.44	2
Micah	5	1	13.44	2
Nehemiah	2	3	13.44	2
Nehemiah	9	19	13.44	2
Numbers	16	9	13.44	2
Numbers	17	12	13.44	2
Philippians	2	30	13.44	2
Proverbs	14	16	13.44	2
Proverbs	24	16	13.44	2
Proverbs	24	30	13.44	2
Psalms	106	34	13.44	2
Psalms	119	174	13.44	2
Psalms	12	6	13.44	2
Psalms	139	6	13.44	2
Psalms	22	2	13.44	2
Psalms	47	1	13.44	2
Psalms	50	17	13.44	2
Psalms	69	14	13.44	2
Revelation	12	4	13.44	2
Revelation	16	7	13.44	2
Revelation	18	5	13.44	2
Revelation	19	18	13.44	2
Revelation	22	6	13.44	2
Romans	11	22	13.44	2
Titus	2	9	13.44	2
Zechariah	14	1	13.44	2
Zechariah	14	4	13.44	2
1 Chronicles	28	1	13.34	2
1 Corinthians	11	30	13.34	2
1 Corinthians	2	8	13.34	2
1 Corinthians	9	7	13.34	2
1 John	4	2	13.34	2
1 Kings	18	46	13.34	2
1 Kings	20	13	13.34	2
1 Kings	20	28	13.34	2
1 Kings	21	29	13.34	2
1 Samuel	17	28	13.34	2
1 Samuel	3	19	13.34	2
1 Samuel	31	4	13.34	2
1 Thessalonians	5	12	13.34	2
2 Chronicles	16	14	13.34	2
2 Chronicles	20	15	13.34	2
2 Kings	5	26	13.34	2
2 Samuel	16	7	13.34	2
2 Samuel	21	6	13.34	2
2 Samuel	7	1	13.34	2
2 Samuel	8	6	13.34	2
2 Timothy	1	15	13.34	2
2 Timothy	2	26	13.34	2
Acts	13	41	13.34	2
Acts	24	14	13.34	2
Acts	7	8	13.34	2
Acts	9	11	13.34	2
Colossians	2	1	13.34	2
Daniel	9	19	13.34	2
Deuteronomy	28	23	13.34	2
Deuteronomy	4	3	13.34	2
Deuteronomy	4	39	13.34	2
Deuteronomy	6	2	13.34	2
Ecclesiastes	10	12	13.34	2
Ecclesiastes	5	2	13.34	2
Exodus	14	24	13.34	2
Ezekiel	24	14	13.34	2
Ezekiel	28	25	13.34	2
Ezekiel	32	7	13.34	2
Ezekiel	45	17	13.34	2
Galatians	1	8	13.34	2
Galatians	2	2	13.34	2
Galatians	6	13	13.34	2
Genesis	2	2	13.34	2
Genesis	29	31	13.34	2
Genesis	49	24	13.34	2
Hebrews	11	33	13.34	2
Hebrews	13	11	13.34	2
Hebrews	8	9	13.34	2
Isaiah	14	25	13.34	2
Isaiah	24	21	13.34	2
Isaiah	29	21	13.34	2
Isaiah	35	9	13.34	2
Isaiah	36	6	13.34	2
Isaiah	4	3	13.34	2
James	2	20	13.34	2
James	3	1	13.34	2
Jeremiah	13	15	13.34	2
Jeremiah	23	15	13.34	2
Jeremiah	23	20	13.34	2
Jeremiah	25	29	13.34	2
Jeremiah	3	15	13.34	2
Jeremiah	34	20	13.34	2
Jeremiah	46	18	13.34	2
Jeremiah	50	15	13.34	2
Jeremiah	51	30	13.34	2
Jeremiah	52	31	13.34	2
Jeremiah	6	28	13.34	2
Job	13	4	13.34	2
Job	29	14	13.34	2
Job	32	18	13.34	2
John	12	24	13.34	2
John	14	18	13.34	2
John	19	38	13.34	2
John	8	52	13.34	2
Joshua	1	1	13.34	2
Joshua	3	10	13.34	2
Joshua	9	24	13.34	2
Lamentations	1	15	13.34	2
Leviticus	17	7	13.34	2
Leviticus	23	3	13.34	2
Luke	10	18	13.34	2
Luke	10	39	13.34	2
Luke	14	33	13.34	2
Luke	15	23	13.34	2
Luke	19	7	13.34	2
Luke	24	51	13.34	2
Luke	8	11	13.34	2
Mark	1	2	13.34	2
Mark	8	31	13.34	2
Matthew	10	2	13.34	2
Matthew	16	28	13.34	2
Matthew	22	39	13.34	2
Matthew	24	6	13.34	2
Micah	5	5	13.34	2
Nehemiah	5	8	13.34	2
Numbers	10	1	13.34	2
Numbers	14	13	13.34	2
Philemon	1	9	13.34	2
Proverbs	16	31	13.34	2
Proverbs	22	8	13.34	2
Proverbs	8	34	13.34	2
Psalms	105	15	13.34	2
Psalms	106	9	13.34	2
Psalms	107	2	13.34	2
Psalms	12	1	13.34	2
Psalms	135	10	13.34	2
Psalms	140	12	13.34	2
Psalms	140	3	13.34	2
Psalms	5	6	13.34	2
Psalms	54	4	13.34	2
Psalms	69	16	13.34	2
Psalms	69	28	13.34	2
Psalms	73	7	13.34	2
Psalms	76	5	13.34	2
Psalms	89	34	13.34	2
Psalms	90	8	13.34	2
Revelation	22	7	13.34	2
Revelation	9	4	13.34	2
Romans	14	21	13.34	2
Romans	14	8	13.34	2
Romans	9	15	13.34	2
Zechariah	5	4	13.34	2
1 Corinthians	14	33	13.23	2
1 Corinthians	16	1	13.23	2
1 Corinthians	2	1	13.23	2
1 Corinthians	4	12	13.23	2
1 John	2	11	13.23	2
1 John	4	8	13.23	2
1 Kings	2	5	13.23	2
1 Kings	22	24	13.23	2
1 Kings	4	29	13.23	2
1 Samuel	18	1	13.23	2
2 Chronicles	2	4	13.23	2
2 Chronicles	30	22	13.23	2
2 Kings	13	7	13.23	2
2 Kings	17	23	13.23	2
2 Kings	4	27	13.23	2
2 Kings	9	30	13.23	2
2 Thessalonians	2	14	13.23	2
Acts	26	23	13.23	2
Acts	28	20	13.23	2
Acts	8	20	13.23	2
Amos	1	6	13.23	2
Amos	2	9	13.23	2
Daniel	5	16	13.23	2
Daniel	5	22	13.23	2
Daniel	9	14	13.23	2
Deuteronomy	17	12	13.23	2
Deuteronomy	21	18	13.23	2
Deuteronomy	28	51	13.23	2
Deuteronomy	32	20	13.23	2
Deuteronomy	4	33	13.23	2
Ecclesiastes	6	3	13.23	2
Ecclesiastes	9	15	13.23	2
Ephesians	2	15	13.23	2
Ephesians	6	9	13.23	2
Exodus	12	51	13.23	2
Exodus	16	7	13.23	2
Exodus	23	12	13.23	2
Exodus	3	5	13.23	2
Exodus	34	26	13.23	2
Exodus	9	17	13.23	2
Ezekiel	20	38	13.23	2
Ezekiel	21	7	13.23	2
Ezekiel	25	13	13.23	2
Ezekiel	28	12	13.23	2
Ezekiel	36	5	13.23	2
Ezekiel	8	6	13.23	2
Galatians	5	4	13.23	2
Genesis	17	20	13.23	2
Genesis	37	4	13.23	2
Isaiah	14	9	13.23	2
Isaiah	23	9	13.23	2
Isaiah	40	10	13.23	2
Isaiah	40	19	13.23	2
Isaiah	56	5	13.23	2
Isaiah	65	16	13.23	2
Isaiah	7	2	13.23	2
James	1	6	13.23	2
Jeremiah	10	24	13.23	2
Jeremiah	13	23	13.23	2
Jeremiah	2	35	13.23	2
Jeremiah	30	6	13.23	2
Jeremiah	51	39	13.23	2
Jeremiah	8	16	13.23	2
Job	19	26	13.23	2
Job	2	1	13.23	2
Job	31	35	13.23	2
Job	33	24	13.23	2
Job	7	6	13.23	2
John	1	33	13.23	2
John	10	39	13.23	2
John	15	11	13.23	2
John	16	11	13.23	2
John	8	55	13.23	2
Jonah	1	2	13.23	2
Joshua	24	32	13.23	2
Judges	3	8	13.23	2
Judges	3	9	13.23	2
Judges	9	15	13.23	2
Leviticus	14	8	13.23	2
Leviticus	8	15	13.23	2
Luke	11	8	13.23	2
Luke	22	20	13.23	2
Luke	22	35	13.23	2
Luke	23	42	13.23	2
Luke	9	1	13.23	2
Mark	15	40	13.23	2
Matthew	11	15	13.23	2
Matthew	14	3	13.23	2
Matthew	24	10	13.23	2
Matthew	26	37	13.23	2
Matthew	27	2	13.23	2
Matthew	27	40	13.23	2
Micah	1	8	13.23	2
Nehemiah	11	1	13.23	2
Numbers	1	53	13.23	2
Numbers	11	23	13.23	2
Numbers	16	3	13.23	2
Proverbs	15	7	13.23	2
Proverbs	17	22	13.23	2
Proverbs	18	13	13.23	2
Proverbs	2	2	13.23	2
Proverbs	6	17	13.23	2
Psalms	13	3	13.23	2
Psalms	140	11	13.23	2
Psalms	15	2	13.23	2
Psalms	25	5	13.23	2
Psalms	31	18	13.23	2
Psalms	35	4	13.23	2
Psalms	43	2	13.23	2
Psalms	45	8	13.23	2
Psalms	56	6	13.23	2
Psalms	59	3	13.23	2
Psalms	63	3	13.23	2
Psalms	69	3	13.23	2
Psalms	75	7	13.23	2
Psalms	78	65	13.23	2
Psalms	89	14	13.23	2
Psalms	89	50	13.23	2
Psalms	95	10	13.23	2
Revelation	11	6	13.23	2
Revelation	3	22	13.23	2
Romans	5	17	13.23	2
Romans	8	16	13.23	2
Romans	8	38	13.23	2
Romans	9	17	13.23	2
1 Chronicles	16	4	13.12	2
1 Chronicles	22	10	13.12	2
1 Chronicles	4	10	13.12	2
1 Corinthians	10	26	13.12	2
1 Corinthians	4	19	13.12	2
1 John	5	9	13.12	2
1 Kings	22	48	13.12	2
1 Kings	8	6	13.12	2
1 Samuel	10	19	13.12	2
1 Samuel	2	25	13.12	2
1 Timothy	3	6	13.12	2
2 Corinthians	1	19	13.12	2
2 Corinthians	10	8	13.12	2
2 Samuel	23	4	13.12	2
2 Samuel	5	19	13.12	2
2 Samuel	7	18	13.12	2
2 Thessalonians	2	11	13.12	2
2 Timothy	1	2	13.12	2
2 Timothy	2	15	13.12	2
Acts	11	21	13.12	2
Acts	16	18	13.12	2
Acts	28	17	13.12	2
Acts	8	12	13.12	2
Acts	8	27	13.12	2
Colossians	3	2	13.12	2
Colossians	3	24	13.12	2
Deuteronomy	27	19	13.12	2
Deuteronomy	32	40	13.12	2
Deuteronomy	9	21	13.12	2
Ephesians	2	21	13.12	2
Exodus	10	21	13.12	2
Exodus	23	7	13.12	2
Exodus	28	4	13.12	2
Exodus	32	7	13.12	2
Exodus	34	13	13.12	2
Ezekiel	3	12	13.12	2
Ezekiel	31	18	13.12	2
Ezekiel	33	2	13.12	2
Ezekiel	39	28	13.12	2
Ezekiel	5	15	13.12	2
Ezra	10	1	13.12	2
Galatians	2	14	13.12	2
Genesis	10	19	13.12	2
Genesis	19	1	13.12	2
Genesis	19	14	13.12	2
Genesis	21	22	13.12	2
Haggai	1	14	13.12	2
Hebrews	10	31	13.12	2
Hebrews	12	13	13.12	2
Hebrews	2	8	13.12	2
Hosea	11	12	13.12	2
Hosea	7	1	13.12	2
Isaiah	11	16	13.12	2
Isaiah	13	16	13.12	2
Isaiah	13	20	13.12	2
Isaiah	14	2	13.12	2
Isaiah	32	3	13.12	2
Isaiah	41	18	13.12	2
Isaiah	43	24	13.12	2
Isaiah	49	3	13.12	2
Isaiah	56	3	13.12	2
Jeremiah	11	5	13.12	2
Jeremiah	14	2	13.12	2
Jeremiah	18	11	13.12	2
Jeremiah	27	12	13.12	2
Jeremiah	27	14	13.12	2
Jeremiah	32	18	13.12	2
Jeremiah	33	8	13.12	2
Jeremiah	4	20	13.12	2
Jeremiah	46	27	13.12	2
Jeremiah	7	18	13.12	2
Job	11	6	13.12	2
Job	31	23	13.12	2
John	16	8	13.12	2
John	5	45	13.12	2
John	6	23	13.12	2
John	6	53	13.12	2
Joshua	14	1	13.12	2
Judges	3	3	13.12	2
Judges	5	8	13.12	2
Leviticus	16	21	13.12	2
Leviticus	16	29	13.12	2
Leviticus	21	6	13.12	2
Leviticus	4	20	13.12	2
Luke	10	17	13.12	2
Luke	15	13	13.12	2
Luke	15	7	13.12	2
Luke	20	42	13.12	2
Luke	22	39	13.12	2
Luke	5	1	13.12	2
Malachi	2	11	13.12	2
Matthew	14	19	13.12	2
Matthew	21	41	13.12	2
Nehemiah	2	10	13.12	2
Numbers	1	1	13.12	2
Numbers	11	16	13.12	2
Numbers	12	3	13.12	2
Numbers	26	20	13.12	2
Numbers	3	10	13.12	2
Proverbs	12	10	13.12	2
Proverbs	19	15	13.12	2
Proverbs	2	7	13.12	2
Proverbs	28	14	13.12	2
Proverbs	28	15	13.12	2
Psalms	107	25	13.12	2
Psalms	109	3	13.12	2
Psalms	111	9	13.12	2
Psalms	119	40	13.12	2
Psalms	119	47	13.12	2
Psalms	139	21	13.12	2
Psalms	149	6	13.12	2
Psalms	27	6	13.12	2
Psalms	32	2	13.12	2
Psalms	33	2	13.12	2
Psalms	4	4	13.12	2
Psalms	45	4	13.12	2
Psalms	5	7	13.12	2
Psalms	89	46	13.12	2
Psalms	9	7	13.12	2
Psalms	94	7	13.12	2
Psalms	97	1	13.12	2
Revelation	13	15	13.12	2
Revelation	16	12	13.12	2
Revelation	18	24	13.12	2
Romans	2	24	13.12	2
Romans	4	21	13.12	2
Zechariah	7	10	13.12	2
1 Corinthians	14	16	13.01	2
1 Corinthians	15	8	13.01	2
1 Kings	13	33	13.01	2
1 Kings	22	14	13.01	2
1 Samuel	11	1	13.01	2
1 Samuel	22	7	13.01	2
1 Samuel	7	17	13.01	2
1 Samuel	8	3	13.01	2
1 Thessalonians	5	1	13.01	2
2 Corinthians	11	11	13.01	2
2 Corinthians	2	3	13.01	2
2 Corinthians	8	21	13.01	2
2 Kings	17	18	13.01	2
2 Kings	23	33	13.01	2
2 Kings	9	22	13.01	2
2 Samuel	15	30	13.01	2
2 Samuel	6	14	13.01	2
2 Samuel	7	11	13.01	2
2 Thessalonians	3	5	13.01	2
2 Timothy	3	17	13.01	2
Acts	13	14	13.01	2
Acts	14	1	13.01	2
Acts	18	21	13.01	2
Acts	20	16	13.01	2
Acts	7	36	13.01	2
Amos	5	4	13.01	2
Colossians	1	17	13.01	2
Daniel	5	4	13.01	2
Deuteronomy	18	1	13.01	2
Deuteronomy	2	9	13.01	2
Deuteronomy	20	3	13.01	2
Deuteronomy	33	28	13.01	2
Esther	8	9	13.01	2
Exodus	12	13	13.01	2
Exodus	16	12	13.01	2
Exodus	23	8	13.01	2
Exodus	33	19	13.01	2
Ezekiel	2	4	13.01	2
Ezekiel	3	26	13.01	2
Ezekiel	31	16	13.01	2
Ezekiel	36	4	13.01	2
Ezekiel	6	11	13.01	2
Galatians	5	26	13.01	2
Genesis	19	28	13.01	2
Genesis	20	6	13.01	2
Genesis	35	1	13.01	2
Habakkuk	2	16	13.01	2
Hebrews	10	25	13.01	2
Hebrews	11	29	13.01	2
Hebrews	4	9	13.01	2
Hosea	10	1	13.01	2
Hosea	7	3	13.01	2
Isaiah	24	14	13.01	2
Isaiah	28	21	13.01	2
Isaiah	36	18	13.01	2
Isaiah	37	10	13.01	2
Isaiah	5	8	13.01	2
Isaiah	58	5	13.01	2
Isaiah	62	1	13.01	2
James	2	18	13.01	2
James	3	18	13.01	2
Jeremiah	17	14	13.01	2
Jeremiah	19	3	13.01	2
Jeremiah	20	12	13.01	2
Jeremiah	22	19	13.01	2
Jeremiah	25	34	13.01	2
Jeremiah	32	33	13.01	2
Jeremiah	37	15	13.01	2
Jeremiah	48	37	13.01	2
Jeremiah	49	13	13.01	2
Jeremiah	51	58	13.01	2
Job	1	15	13.01	2
Job	24	13	13.01	2
Job	34	5	13.01	2
Job	40	12	13.01	2
Joel	3	15	13.01	2
Joel	3	4	13.01	2
John	1	36	13.01	2
John	12	34	13.01	2
John	5	18	13.01	2
John	7	19	13.01	2
John	7	28	13.01	2
Joshua	23	7	13.01	2
Judges	9	27	13.01	2
Leviticus	1	5	13.01	2
Leviticus	17	15	13.01	2
Leviticus	18	22	13.01	2
Leviticus	20	6	13.01	2
Leviticus	20	9	13.01	2
Leviticus	8	7	13.01	2
Luke	11	49	13.01	2
Luke	3	2	13.01	2
Luke	9	44	13.01	2
Mark	14	37	13.01	2
Mark	14	7	13.01	2
Mark	3	18	13.01	2
Matthew	11	6	13.01	2
Matthew	12	41	13.01	2
Matthew	23	27	13.01	2
Matthew	26	47	13.01	2
Matthew	9	20	13.01	2
Micah	6	1	13.01	2
Nahum	1	1	13.01	2
Nehemiah	12	39	13.01	2
Nehemiah	13	15	13.01	2
Numbers	32	14	13.01	2
Numbers	9	15	13.01	2
Proverbs	1	15	13.01	2
Proverbs	12	1	13.01	2
Proverbs	2	4	13.01	2
Proverbs	6	14	13.01	2
Proverbs	6	6	13.01	2
Proverbs	9	8	13.01	2
Psalms	104	4	13.01	2
Psalms	112	7	13.01	2
Psalms	113	9	13.01	2
Psalms	119	13	13.01	2
Psalms	119	4	13.01	2
Psalms	133	3	13.01	2
Psalms	137	1	13.01	2
Psalms	142	6	13.01	2
Psalms	144	10	13.01	2
Psalms	147	5	13.01	2
Psalms	22	25	13.01	2
Psalms	26	2	13.01	2
Psalms	29	1	13.01	2
Psalms	37	1	13.01	2
Psalms	37	26	13.01	2
Psalms	38	4	13.01	2
Psalms	40	4	13.01	2
Psalms	5	8	13.01	2
Psalms	52	8	13.01	2
Psalms	55	17	13.01	2
Psalms	7	4	13.01	2
Psalms	78	11	13.01	2
Psalms	83	10	13.01	2
Psalms	83	3	13.01	2
Psalms	89	8	13.01	2
Revelation	1	15	13.01	2
Revelation	13	3	13.01	2
Revelation	16	10	13.01	2
Romans	1	30	13.01	2
Romans	12	5	13.01	2
Romans	15	14	13.01	2
Romans	16	19	13.01	2
Romans	4	5	13.01	2
Titus	3	9	13.01	2
Zechariah	1	8	13.01	2
Zechariah	12	6	13.01	2
Zechariah	3	3	13.01	2
Zephaniah	2	13	13.01	2
1 Chronicles	29	2	12.90	2
1 Corinthians	6	15	12.90	2
1 John	2	12	12.90	2
1 John	4	18	12.90	2
1 Thessalonians	2	6	12.90	2
2 Chronicles	19	6	12.90	2
2 Corinthians	10	3	12.90	2
2 Corinthians	5	13	12.90	2
2 Kings	25	27	12.90	2
2 Peter	2	21	12.90	2
Acts	10	44	12.90	2
Acts	2	21	12.90	2
Acts	28	22	12.90	2
Acts	5	26	12.90	2
Acts	5	32	12.90	2
Acts	8	39	12.90	2
Colossians	2	14	12.90	2
Colossians	2	4	12.90	2
Daniel	4	8	12.90	2
Daniel	6	4	12.90	2
Daniel	8	11	12.90	2
Deuteronomy	10	14	12.90	2
Deuteronomy	2	14	12.90	2
Deuteronomy	27	26	12.90	2
Deuteronomy	30	2	12.90	2
Deuteronomy	31	14	12.90	2
Deuteronomy	31	21	12.90	2
Deuteronomy	4	45	12.90	2
Deuteronomy	8	14	12.90	2
Ephesians	2	16	12.90	2
Exodus	12	5	12.90	2
Exodus	13	6	12.90	2
Exodus	2	14	12.90	2
Exodus	21	17	12.90	2
Exodus	27	1	12.90	2
Exodus	32	9	12.90	2
Ezekiel	18	12	12.90	2
Ezekiel	23	37	12.90	2
Ezekiel	25	2	12.90	2
Ezekiel	34	8	12.90	2
Ezra	9	8	12.90	2
Genesis	25	21	12.90	2
Genesis	31	54	12.90	2
Genesis	35	19	12.90	2
Habakkuk	2	2	12.90	2
Hebrews	5	1	12.90	2
Hebrews	5	5	12.90	2
Isaiah	10	28	12.90	2
Isaiah	17	12	12.90	2
Isaiah	20	5	12.90	2
Isaiah	48	10	12.90	2
Isaiah	5	2	12.90	2
Isaiah	63	19	12.90	2
Jeremiah	14	19	12.90	2
Jeremiah	15	18	12.90	2
Jeremiah	16	12	12.90	2
Jeremiah	17	16	12.90	2
Jeremiah	19	9	12.90	2
Jeremiah	30	22	12.90	2
Jeremiah	38	23	12.90	2
Jeremiah	39	4	12.90	2
Jeremiah	39	5	12.90	2
Jeremiah	7	11	12.90	2
Jeremiah	7	3	12.90	2
Job	1	8	12.90	2
Job	12	16	12.90	2
Job	16	9	12.90	2
Job	21	11	12.90	2
Job	22	29	12.90	2
Job	37	23	12.90	2
John	10	1	12.90	2
John	12	16	12.90	2
John	16	16	12.90	2
John	19	26	12.90	2
Jonah	3	10	12.90	2
Joshua	11	6	12.90	2
Joshua	3	15	12.90	2
Joshua	7	8	12.90	2
Judges	10	15	12.90	2
Judges	19	1	12.90	2
Judges	20	23	12.90	2
Lamentations	2	21	12.90	2
Luke	13	31	12.90	2
Luke	17	15	12.90	2
Luke	2	1	12.90	2
Luke	3	23	12.90	2
Mark	13	24	12.90	2
Mark	14	61	12.90	2
Matthew	10	10	12.90	2
Matthew	19	4	12.90	2
Matthew	20	19	12.90	2
Matthew	26	14	12.90	2
Matthew	27	11	12.90	2
Matthew	5	17	12.90	2
Matthew	6	26	12.90	2
Micah	2	6	12.90	2
Nahum	3	5	12.90	2
Nehemiah	5	5	12.90	2
Nehemiah	7	2	12.90	2
Nehemiah	8	14	12.90	2
Numbers	14	27	12.90	2
Numbers	16	21	12.90	2
Philippians	1	15	12.90	2
Philippians	4	11	12.90	2
Proverbs	12	11	12.90	2
Proverbs	14	14	12.90	2
Proverbs	6	32	12.90	2
Psalms	103	5	12.90	2
Psalms	107	40	12.90	2
Psalms	119	133	12.90	2
Psalms	119	32	12.90	2
Psalms	121	7	12.90	2
Psalms	144	4	12.90	2
Psalms	148	1	12.90	2
Psalms	148	13	12.90	2
Psalms	37	14	12.90	2
Psalms	4	2	12.90	2
Psalms	51	8	12.90	2
Psalms	56	12	12.90	2
Psalms	61	2	12.90	2
Psalms	68	35	12.90	2
Psalms	77	6	12.90	2
Psalms	90	17	12.90	2
Psalms	91	16	12.90	2
Psalms	95	3	12.90	2
Psalms	98	7	12.90	2
Revelation	14	14	12.90	2
Revelation	14	2	12.90	2
Revelation	14	9	12.90	2
Revelation	16	13	12.90	2
Revelation	16	18	12.90	2
Revelation	6	1	12.90	2
Romans	11	16	12.90	2
Romans	5	19	12.90	2
Romans	6	1	12.90	2
Titus	2	2	12.90	2
Zechariah	10	2	12.90	2
Zechariah	11	17	12.90	2
Zechariah	9	5	12.90	2
1 Chronicles	16	1	12.80	2
1 Corinthians	10	5	12.80	2
1 Corinthians	14	40	12.80	2
1 Corinthians	15	12	12.80	2
1 Corinthians	4	6	12.80	2
1 Corinthians	5	9	12.80	2
1 Kings	1	5	12.80	2
1 Kings	11	13	12.80	2
1 Kings	12	20	12.80	2
1 Kings	19	14	12.80	2
1 Kings	20	35	12.80	2
1 Samuel	15	13	12.80	2
1 Samuel	18	14	12.80	2
1 Samuel	20	3	12.80	2
1 Samuel	23	26	12.80	2
1 Samuel	24	6	12.80	2
1 Samuel	8	11	12.80	2
1 Timothy	5	4	12.80	2
2 Chronicles	15	12	12.80	2
2 Chronicles	20	1	12.80	2
2 Chronicles	29	10	12.80	2
2 Kings	11	1	12.80	2
2 Kings	22	12	12.80	2
2 Samuel	1	16	12.80	2
2 Samuel	12	5	12.80	2
2 Samuel	14	14	12.80	2
Acts	10	7	12.80	2
Acts	12	17	12.80	2
Acts	13	8	12.80	2
Amos	1	12	12.80	2
Amos	3	10	12.80	2
Amos	7	1	12.80	2
Colossians	1	2	12.80	2
Colossians	1	7	12.80	2
Daniel	2	35	12.80	2
Daniel	4	19	12.80	2
Deuteronomy	10	21	12.80	2
Deuteronomy	18	20	12.80	2
Deuteronomy	2	25	12.80	2
Deuteronomy	23	17	12.80	2
Deuteronomy	23	4	12.80	2
Deuteronomy	28	38	12.80	2
Deuteronomy	32	14	12.80	2
Deuteronomy	4	10	12.80	2
Ecclesiastes	3	12	12.80	2
Ecclesiastes	3	16	12.80	2
Ecclesiastes	8	8	12.80	2
Exodus	20	16	12.80	2
Exodus	23	4	12.80	2
Exodus	24	12	12.80	2
Exodus	24	4	12.80	2
Exodus	32	2	12.80	2
Ezekiel	18	6	12.80	2
Ezekiel	20	41	12.80	2
Ezekiel	3	1	12.80	2
Ezekiel	44	9	12.80	2
Galatians	3	5	12.80	2
Genesis	10	6	12.80	2
Genesis	11	4	12.80	2
Genesis	18	1	12.80	2
Genesis	18	4	12.80	2
Genesis	20	9	12.80	2
Genesis	21	1	12.80	2
Genesis	30	27	12.80	2
Genesis	49	9	12.80	2
Habakkuk	1	8	12.80	2
Habakkuk	3	19	12.80	2
Hebrews	6	19	12.80	2
Hosea	7	16	12.80	2
Hosea	8	5	12.80	2
Isaiah	2	10	12.80	2
Isaiah	22	1	12.80	2
Isaiah	3	12	12.80	2
Isaiah	51	10	12.80	2
Isaiah	55	13	12.80	2
Isaiah	65	4	12.80	2
Jeremiah	14	15	12.80	2
Jeremiah	18	15	12.80	2
Jeremiah	19	2	12.80	2
Jeremiah	2	10	12.80	2
Jeremiah	2	18	12.80	2
Jeremiah	21	13	12.80	2
Jeremiah	23	21	12.80	2
Jeremiah	26	5	12.80	2
Jeremiah	30	12	12.80	2
Jeremiah	30	21	12.80	2
Jeremiah	36	3	12.80	2
Jeremiah	37	21	12.80	2
Jeremiah	4	27	12.80	2
Jeremiah	50	6	12.80	2
Job	10	21	12.80	2
Job	31	4	12.80	2
Job	34	10	12.80	2
Job	9	25	12.80	2
John	4	46	12.80	2
Jonah	4	9	12.80	2
Joshua	21	44	12.80	2
Joshua	22	4	12.80	2
Joshua	6	4	12.80	2
Joshua	7	24	12.80	2
Lamentations	1	13	12.80	2
Leviticus	10	2	12.80	2
Leviticus	20	11	12.80	2
Leviticus	20	27	12.80	2
Leviticus	25	39	12.80	2
Luke	1	28	12.80	2
Luke	16	29	12.80	2
Luke	19	47	12.80	2
Luke	2	21	12.80	2
Luke	2	26	12.80	2
Luke	24	19	12.80	2
Luke	7	12	12.80	2
Luke	8	48	12.80	2
Mark	13	26	12.80	2
Matthew	2	3	12.80	2
Matthew	7	16	12.80	2
Matthew	9	28	12.80	2
Nehemiah	4	2	12.80	2
Numbers	18	9	12.80	2
Numbers	21	23	12.80	2
Numbers	25	11	12.80	2
Philippians	3	17	12.80	2
Proverbs	1	27	12.80	2
Proverbs	10	24	12.80	2
Proverbs	16	14	12.80	2
Psalms	105	6	12.80	2
Psalms	107	20	12.80	2
Psalms	118	17	12.80	2
Psalms	119	104	12.80	2
Psalms	119	59	12.80	2
Psalms	138	1	12.80	2
Psalms	31	11	12.80	2
Psalms	49	15	12.80	2
Psalms	68	33	12.80	2
Psalms	68	4	12.80	2
Psalms	72	9	12.80	2
Psalms	78	56	12.80	2
Psalms	80	7	12.80	2
Psalms	91	2	12.80	2
Psalms	96	4	12.80	2
Revelation	1	19	12.80	2
Revelation	2	12	12.80	2
Revelation	2	4	12.80	2
Revelation	9	11	12.80	2
Ruth	4	1	12.80	2
Song of Solomon	4	13	12.80	2
Titus	3	10	12.80	2
Zechariah	11	7	12.80	2
1 Chronicles	21	26	12.69	2
1 Corinthians	10	28	12.69	2
1 Corinthians	12	27	12.69	2
1 Corinthians	2	13	12.69	2
1 Corinthians	9	22	12.69	2
1 Kings	1	8	12.69	2
1 Kings	11	38	12.69	2
1 Kings	19	17	12.69	2
1 Samuel	23	2	12.69	2
1 Samuel	26	23	12.69	2
1 Samuel	30	8	12.69	2
1 Samuel	4	10	12.69	2
1 Thessalonians	3	10	12.69	2
2 Chronicles	1	10	12.69	2
2 Chronicles	26	10	12.69	2
2 Chronicles	35	25	12.69	2
2 Corinthians	4	14	12.69	2
2 Corinthians	9	11	12.69	2
2 Samuel	2	4	12.69	2
2 Timothy	2	17	12.69	2
3 John	1	3	12.69	2
Acts	11	30	12.69	2
Acts	13	43	12.69	2
Acts	13	5	12.69	2
Acts	15	10	12.69	2
Acts	22	17	12.69	2
Acts	23	23	12.69	2
Acts	24	27	12.69	2
Acts	27	1	12.69	2
Acts	5	24	12.69	2
Acts	7	42	12.69	2
Daniel	4	3	12.69	2
Daniel	5	19	12.69	2
Daniel	5	21	12.69	2
Deuteronomy	24	1	12.69	2
Deuteronomy	28	53	12.69	2
Deuteronomy	9	14	12.69	2
Deuteronomy	9	26	12.69	2
Ephesians	4	21	12.69	2
Exodus	31	3	12.69	2
Exodus	32	20	12.69	2
Ezekiel	16	60	12.69	2
Ezekiel	18	16	12.69	2
Ezekiel	20	31	12.69	2
Ezekiel	22	9	12.69	2
Ezekiel	26	1	12.69	2
Ezekiel	28	26	12.69	2
Ezekiel	4	1	12.69	2
Ezra	1	5	12.69	2
Ezra	3	8	12.69	2
Ezra	4	20	12.69	2
Ezra	9	15	12.69	2
Genesis	1	9	12.69	2
Genesis	15	7	12.69	2
Genesis	24	27	12.69	2
Genesis	25	23	12.69	2
Genesis	27	27	12.69	2
Genesis	48	3	12.69	2
Hebrews	11	5	12.69	2
Hosea	9	15	12.69	2
Isaiah	11	13	12.69	2
Isaiah	13	5	12.69	2
Isaiah	19	16	12.69	2
Isaiah	21	9	12.69	2
Isaiah	29	5	12.69	2
Isaiah	30	7	12.69	2
Isaiah	31	4	12.69	2
Isaiah	37	16	12.69	2
Isaiah	46	4	12.69	2
Isaiah	5	13	12.69	2
Isaiah	53	9	12.69	2
Isaiah	65	11	12.69	2
James	2	21	12.69	2
James	5	5	12.69	2
Jeremiah	14	8	12.69	2
Jeremiah	15	6	12.69	2
Jeremiah	16	6	12.69	2
Jeremiah	19	15	12.69	2
Jeremiah	20	14	12.69	2
Jeremiah	25	4	12.69	2
Jeremiah	28	16	12.69	2
Jeremiah	31	19	12.69	2
Jeremiah	32	29	12.69	2
Jeremiah	36	7	12.69	2
Jeremiah	5	24	12.69	2
Jeremiah	51	9	12.69	2
Job	10	9	12.69	2
Job	30	1	12.69	2
Job	31	26	12.69	2
Job	8	8	12.69	2
John	11	3	12.69	2
John	13	26	12.69	2
John	3	28	12.69	2
John	4	24	12.69	2
John	4	29	12.69	2
John	6	57	12.69	2
John	9	41	12.69	2
Jonah	2	9	12.69	2
Joshua	23	3	12.69	2
Judges	1	27	12.69	2
Judges	2	1	12.69	2
Judges	2	2	12.69	2
Judges	20	26	12.69	2
Lamentations	4	19	12.69	2
Leviticus	4	13	12.69	2
Leviticus	7	6	12.69	2
Luke	10	9	12.69	2
Luke	13	27	12.69	2
Luke	2	4	12.69	2
Luke	4	41	12.69	2
Luke	9	26	12.69	2
Mark	10	33	12.69	2
Matthew	10	14	12.69	2
Matthew	12	45	12.69	2
Matthew	13	30	12.69	2
Matthew	15	13	12.69	2
Matthew	15	28	12.69	2
Matthew	15	8	12.69	2
Matthew	19	18	12.69	2
Matthew	21	1	12.69	2
Matthew	22	21	12.69	2
Matthew	24	27	12.69	2
Matthew	5	19	12.69	2
Matthew	6	8	12.69	2
Nehemiah	13	14	12.69	2
Numbers	18	19	12.69	2
Numbers	21	7	12.69	2
Numbers	30	2	12.69	2
Obadiah	1	21	12.69	2
Philippians	2	19	12.69	2
Proverbs	1	25	12.69	2
Proverbs	17	16	12.69	2
Proverbs	19	14	12.69	2
Proverbs	20	19	12.69	2
Proverbs	29	2	12.69	2
Psalms	105	26	12.69	2
Psalms	105	41	12.69	2
Psalms	105	9	12.69	2
Psalms	107	42	12.69	2
Psalms	116	11	12.69	2
Psalms	116	7	12.69	2
Psalms	119	147	12.69	2
Psalms	127	2	12.69	2
Psalms	22	30	12.69	2
Psalms	22	8	12.69	2
Psalms	37	36	12.69	2
Psalms	42	9	12.69	2
Psalms	69	30	12.69	2
Psalms	81	3	12.69	2
Psalms	81	7	12.69	2
Psalms	89	35	12.69	2
Revelation	16	2	12.69	2
Romans	15	3	12.69	2
Romans	9	31	12.69	2
1 Chronicles	26	26	12.57	2
1 Chronicles	29	19	12.57	2
1 Corinthians	12	11	12.57	2
1 Corinthians	15	24	12.57	2
1 Corinthians	15	51	12.57	2
1 Corinthians	7	14	12.57	2
1 Corinthians	8	9	12.57	2
1 John	1	6	12.57	2
1 John	2	22	12.57	2
1 John	5	21	12.57	2
1 Samuel	20	42	12.57	2
1 Samuel	26	9	12.57	2
1 Thessalonians	1	8	12.57	2
2 Chronicles	4	1	12.57	2
2 Corinthians	12	14	12.57	2
2 Corinthians	5	9	12.57	2
2 Corinthians	7	4	12.57	2
2 Samuel	1	20	12.57	2
2 Samuel	10	12	12.57	2
Acts	14	2	12.57	2
Acts	14	5	12.57	2
Acts	15	32	12.57	2
Acts	15	7	12.57	2
Acts	19	1	12.57	2
Acts	19	11	12.57	2
Acts	2	44	12.57	2
Acts	21	33	12.57	2
Acts	22	1	12.57	2
Acts	24	1	12.57	2
Acts	26	29	12.57	2
Amos	7	16	12.57	2
Colossians	3	20	12.57	2
Colossians	4	18	12.57	2
Daniel	2	4	12.57	2
Deuteronomy	17	2	12.57	2
Deuteronomy	23	18	12.57	2
Deuteronomy	23	3	12.57	2
Deuteronomy	24	17	12.57	2
Deuteronomy	33	3	12.57	2
Deuteronomy	4	15	12.57	2
Deuteronomy	4	32	12.57	2
Deuteronomy	8	19	12.57	2
Ecclesiastes	7	19	12.57	2
Ephesians	1	8	12.57	2
Ephesians	5	28	12.57	2
Ephesians	5	4	12.57	2
Exodus	14	10	12.57	2
Exodus	14	11	12.57	2
Exodus	15	21	12.57	2
Exodus	20	17	12.57	2
Exodus	20	19	12.57	2
Exodus	21	14	12.57	2
Ezekiel	23	45	12.57	2
Ezekiel	24	16	12.57	2
Ezekiel	34	31	12.57	2
Ezekiel	40	16	12.57	2
Ezra	9	3	12.57	2
Ezra	9	5	12.57	2
Galatians	3	11	12.57	2
Genesis	13	2	12.57	2
Genesis	3	22	12.57	2
Hebrews	5	2	12.57	2
Isaiah	28	2	12.57	2
Isaiah	62	3	12.57	2
Isaiah	65	9	12.57	2
Isaiah	8	22	12.57	2
James	5	12	12.57	2
James	5	8	12.57	2
Jeremiah	24	5	12.57	2
Jeremiah	26	13	12.57	2
Jeremiah	37	17	12.57	2
Jeremiah	37	7	12.57	2
Jeremiah	38	2	12.57	2
Jeremiah	39	6	12.57	2
Jeremiah	4	30	12.57	2
Jeremiah	43	2	12.57	2
Jeremiah	46	9	12.57	2
Jeremiah	49	39	12.57	2
Job	20	19	12.57	2
Job	5	8	12.57	2
Job	8	13	12.57	2
Job	9	12	12.57	2
Job	9	19	12.57	2
John	12	48	12.57	2
John	15	3	12.57	2
John	2	18	12.57	2
John	8	37	12.57	2
John	8	47	12.57	2
John	9	5	12.57	2
Jonah	1	4	12.57	2
Joshua	11	8	12.57	2
Joshua	5	14	12.57	2
Judges	18	7	12.57	2
Leviticus	4	35	12.57	2
Leviticus	4	7	12.57	2
Leviticus	8	2	12.57	2
Luke	17	16	12.57	2
Luke	22	63	12.57	2
Mark	11	17	12.57	2
Mark	13	20	12.57	2
Mark	14	1	12.57	2
Mark	16	9	12.57	2
Matthew	1	18	12.57	2
Matthew	1	3	12.57	2
Matthew	21	44	12.57	2
Matthew	23	2	12.57	2
Matthew	24	11	12.57	2
Matthew	26	30	12.57	2
Matthew	27	46	12.57	2
Matthew	9	15	12.57	2
Micah	6	9	12.57	2
Nahum	1	8	12.57	2
Nehemiah	4	1	12.57	2
Nehemiah	9	38	12.57	2
Numbers	18	20	12.57	2
Numbers	18	8	12.57	2
Proverbs	20	2	12.57	2
Proverbs	28	22	12.57	2
Proverbs	28	25	12.57	2
Proverbs	6	24	12.57	2
Proverbs	7	21	12.57	2
Psalms	102	11	12.57	2
Psalms	106	24	12.57	2
Psalms	119	18	12.57	2
Psalms	132	9	12.57	2
Psalms	142	3	12.57	2
Psalms	22	29	12.57	2
Psalms	30	9	12.57	2
Psalms	34	2	12.57	2
Psalms	38	3	12.57	2
Psalms	5	3	12.57	2
Psalms	68	25	12.57	2
Psalms	7	2	12.57	2
Psalms	73	22	12.57	2
Psalms	8	6	12.57	2
Psalms	89	39	12.57	2
Revelation	14	15	12.57	2
Revelation	18	18	12.57	2
Romans	13	4	12.57	2
Romans	3	15	12.57	2
Zechariah	10	1	12.57	2
Zechariah	10	7	12.57	2
Zephaniah	3	12	12.57	2
1 Chronicles	13	8	12.46	2
1 Chronicles	22	12	12.46	2
1 Chronicles	29	18	12.46	2
1 Corinthians	11	28	12.46	2
1 Corinthians	15	57	12.46	2
1 Corinthians	2	16	12.46	2
1 Corinthians	3	7	12.46	2
1 John	1	2	12.46	2
1 John	4	5	12.46	2
1 Kings	1	33	12.46	2
1 Kings	10	9	12.46	2
1 Samuel	24	10	12.46	2
1 Samuel	3	1	12.46	2
1 Thessalonians	3	8	12.46	2
2 Chronicles	33	4	12.46	2
2 Corinthians	1	14	12.46	2
2 Corinthians	13	9	12.46	2
2 Corinthians	2	7	12.46	2
2 Corinthians	5	5	12.46	2
2 Corinthians	9	10	12.46	2
2 Kings	21	13	12.46	2
2 Samuel	12	11	12.46	2
Acts	14	8	12.46	2
Acts	17	10	12.46	2
Acts	18	19	12.46	2
Acts	18	2	12.46	2
Acts	19	23	12.46	2
Acts	5	18	12.46	2
Acts	8	26	12.46	2
Acts	8	40	12.46	2
Amos	2	4	12.46	2
Amos	2	5	12.46	2
Amos	2	7	12.46	2
Amos	9	5	12.46	2
Daniel	10	5	12.46	2
Daniel	10	8	12.46	2
Daniel	7	22	12.46	2
Daniel	8	9	12.46	2
Deuteronomy	16	3	12.46	2
Deuteronomy	17	3	12.46	2
Deuteronomy	24	8	12.46	2
Deuteronomy	3	17	12.46	2
Ecclesiastes	12	5	12.46	2
Exodus	15	17	12.46	2
Exodus	25	18	12.46	2
Exodus	25	40	12.46	2
Exodus	32	19	12.46	2
Exodus	33	16	12.46	2
Ezekiel	10	4	12.46	2
Ezekiel	12	3	12.46	2
Ezekiel	2	5	12.46	2
Ezekiel	39	7	12.46	2
Ezekiel	6	14	12.46	2
Galatians	2	5	12.46	2
Galatians	4	25	12.46	2
Genesis	16	7	12.46	2
Genesis	2	9	12.46	2
Genesis	27	28	12.46	2
Genesis	34	7	12.46	2
Genesis	37	25	12.46	2
Genesis	6	3	12.46	2
Genesis	8	22	12.46	2
Habakkuk	2	19	12.46	2
Hebrews	11	31	12.46	2
Hosea	1	6	12.46	2
Hosea	4	17	12.46	2
Hosea	7	2	12.46	2
Isaiah	1	29	12.46	2
Isaiah	13	3	12.46	2
Isaiah	14	19	12.46	2
Isaiah	34	11	12.46	2
Isaiah	35	7	12.46	2
Isaiah	37	17	12.46	2
Isaiah	6	8	12.46	2
Jeremiah	1	11	12.46	2
Jeremiah	1	2	12.46	2
Jeremiah	10	15	12.46	2
Jeremiah	12	10	12.46	2
Jeremiah	14	3	12.46	2
Jeremiah	15	8	12.46	2
Jeremiah	23	8	12.46	2
Jeremiah	26	19	12.46	2
Jeremiah	48	7	12.46	2
Jeremiah	49	23	12.46	2
Jeremiah	5	29	12.46	2
Jeremiah	5	9	12.46	2
Jeremiah	52	7	12.46	2
Job	31	29	12.46	2
Job	31	31	12.46	2
Joel	2	15	12.46	2
John	12	44	12.46	2
John	17	15	12.46	2
John	6	60	12.46	2
John	7	33	12.46	2
Joshua	23	10	12.46	2
Joshua	23	12	12.46	2
Judges	2	19	12.46	2
Judges	6	12	12.46	2
Lamentations	4	3	12.46	2
Leviticus	17	11	12.46	2
Luke	1	3	12.46	2
Luke	15	24	12.46	2
Luke	7	30	12.46	2
Mark	4	16	12.46	2
Matthew	10	8	12.46	2
Matthew	13	36	12.46	2
Matthew	8	8	12.46	2
Nehemiah	5	9	12.46	2
Numbers	24	14	12.46	2
Numbers	26	65	12.46	2
Proverbs	10	4	12.46	2
Proverbs	15	13	12.46	2
Proverbs	8	15	12.46	2
Psalms	105	39	12.46	2
Psalms	118	14	12.46	2
Psalms	119	35	12.46	2
Psalms	144	11	12.46	2
Psalms	145	5	12.46	2
Psalms	145	7	12.46	2
Psalms	18	46	12.46	2
Psalms	46	2	12.46	2
Psalms	48	11	12.46	2
Psalms	53	1	12.46	2
Psalms	63	4	12.46	2
Psalms	7	16	12.46	2
Psalms	71	23	12.46	2
Psalms	73	27	12.46	2
Psalms	76	12	12.46	2
Psalms	80	3	12.46	2
Psalms	97	9	12.46	2
Revelation	1	2	12.46	2
Revelation	19	21	12.46	2
Romans	11	13	12.46	2
Romans	3	8	12.46	2
Romans	4	18	12.46	2
Ruth	1	17	12.46	2
Zechariah	1	12	12.46	2
1 Chronicles	22	11	12.35	2
1 Chronicles	25	6	12.35	2
1 Corinthians	1	31	12.35	2
1 Corinthians	14	34	12.35	2
1 Corinthians	15	53	12.35	2
1 Kings	11	5	12.35	2
1 Kings	18	13	12.35	2
1 Kings	2	26	12.35	2
1 Kings	22	28	12.35	2
1 Peter	4	4	12.35	2
1 Samuel	1	19	12.35	2
1 Samuel	12	17	12.35	2
1 Samuel	17	4	12.35	2
1 Samuel	28	3	12.35	2
2 Chronicles	13	11	12.35	2
2 Chronicles	17	3	12.35	2
2 Chronicles	24	17	12.35	2
2 Chronicles	36	18	12.35	2
2 Chronicles	36	5	12.35	2
2 Chronicles	7	1	12.35	2
2 Kings	10	29	12.35	2
2 Kings	2	16	12.35	2
2 Kings	5	14	12.35	2
2 Samuel	17	27	12.35	2
2 Samuel	5	9	12.35	2
2 Thessalonians	1	1	12.35	2
Acts	12	1	12.35	2
Acts	16	19	12.35	2
Acts	16	20	12.35	2
Acts	19	17	12.35	2
Acts	2	2	12.35	2
Acts	6	5	12.35	2
Acts	6	8	12.35	2
Daniel	11	35	12.35	2
Daniel	8	27	12.35	2
Deuteronomy	28	63	12.35	2
Deuteronomy	32	7	12.35	2
Deuteronomy	33	10	12.35	2
Ecclesiastes	3	22	12.35	2
Ecclesiastes	7	29	12.35	2
Esther	4	1	12.35	2
Esther	6	1	12.35	2
Esther	8	17	12.35	2
Exodus	12	8	12.35	2
Exodus	15	13	12.35	2
Exodus	21	12	12.35	2
Exodus	24	13	12.35	2
Exodus	25	21	12.35	2
Exodus	26	33	12.35	2
Exodus	29	9	12.35	2
Exodus	34	16	12.35	2
Exodus	9	29	12.35	2
Ezekiel	1	2	12.35	2
Ezekiel	16	38	12.35	2
Ezekiel	16	51	12.35	2
Ezekiel	20	24	12.35	2
Ezekiel	21	3	12.35	2
Ezekiel	26	7	12.35	2
Ezekiel	7	18	12.35	2
Ezra	5	2	12.35	2
Genesis	14	1	12.35	2
Genesis	17	21	12.35	2
Genesis	2	1	12.35	2
Genesis	2	18	12.35	2
Genesis	21	21	12.35	2
Genesis	3	12	12.35	2
Genesis	47	29	12.35	2
Genesis	6	13	12.35	2
Genesis	7	4	12.35	2
Hebrews	11	19	12.35	2
Hebrews	5	4	12.35	2
Hebrews	6	15	12.35	2
Hebrews	9	25	12.35	2
Hosea	11	2	12.35	2
Isaiah	21	1	12.35	2
Isaiah	44	5	12.35	2
Isaiah	48	2	12.35	2
Isaiah	65	3	12.35	2
Isaiah	8	4	12.35	2
Jeremiah	14	1	12.35	2
Jeremiah	16	9	12.35	2
Jeremiah	2	7	12.35	2
Jeremiah	38	18	12.35	2
Jeremiah	49	1	12.35	2
Jeremiah	52	1	12.35	2
Job	14	14	12.35	2
Job	31	21	12.35	2
John	1	25	12.35	2
John	16	25	12.35	2
John	18	22	12.35	2
John	7	52	12.35	2
John	8	41	12.35	2
Joshua	15	35	12.35	2
Joshua	15	8	12.35	2
Joshua	4	6	12.35	2
Lamentations	5	1	12.35	2
Leviticus	19	35	12.35	2
Leviticus	2	13	12.35	2
Leviticus	23	24	12.35	2
Leviticus	25	35	12.35	2
Leviticus	26	22	12.35	2
Luke	14	14	12.35	2
Luke	23	14	12.35	2
Luke	8	35	12.35	2
Mark	14	65	12.35	2
Mark	7	10	12.35	2
Matthew	12	28	12.35	2
Matthew	16	25	12.35	2
Matthew	16	8	12.35	2
Matthew	21	34	12.35	2
Matthew	6	22	12.35	2
Matthew	7	14	12.35	2
Matthew	9	35	12.35	2
Micah	1	1	12.35	2
Nehemiah	13	26	12.35	2
Numbers	10	10	12.35	2
Numbers	14	34	12.35	2
Numbers	21	24	12.35	2
Proverbs	1	30	12.35	2
Proverbs	16	17	12.35	2
Proverbs	20	7	12.35	2
Proverbs	27	22	12.35	2
Proverbs	30	13	12.35	2
Proverbs	31	30	12.35	2
Proverbs	4	4	12.35	2
Psalms	101	6	12.35	2
Psalms	104	1	12.35	2
Psalms	105	23	12.35	2
Psalms	106	28	12.35	2
Psalms	106	3	12.35	2
Psalms	106	46	12.35	2
Psalms	119	165	12.35	2
Psalms	128	2	12.35	2
Psalms	132	16	12.35	2
Psalms	142	1	12.35	2
Psalms	148	3	12.35	2
Psalms	22	4	12.35	2
Psalms	3	4	12.35	2
Psalms	44	20	12.35	2
Psalms	64	9	12.35	2
Psalms	67	4	12.35	2
Psalms	78	12	12.35	2
Psalms	91	13	12.35	2
Revelation	12	15	12.35	2
Revelation	6	14	12.35	2
Revelation	8	5	12.35	2
Romans	1	13	12.35	2
Romans	15	33	12.35	2
Romans	3	1	12.35	2
Song of Solomon	1	5	12.35	2
1 Corinthians	1	22	12.24	2
1 Corinthians	7	10	12.24	2
1 Kings	14	2	12.24	2
1 Kings	21	21	12.24	2
1 Kings	8	22	12.24	2
1 Kings	8	38	12.24	2
1 Samuel	13	14	12.24	2
1 Samuel	17	25	12.24	2
1 Samuel	18	21	12.24	2
1 Samuel	20	30	12.24	2
1 Samuel	23	16	12.24	2
1 Timothy	6	19	12.24	2
2 Chronicles	28	20	12.24	2
2 Chronicles	33	2	12.24	2
2 Chronicles	34	21	12.24	2
2 Chronicles	6	18	12.24	2
2 Corinthians	10	7	12.24	2
2 Kings	10	31	12.24	2
2 Kings	18	13	12.24	2
2 Kings	22	2	12.24	2
2 Kings	23	6	12.24	2
2 Kings	5	10	12.24	2
2 Samuel	1	2	12.24	2
2 Samuel	3	1	12.24	2
2 Thessalonians	3	10	12.24	2
2 Timothy	2	23	12.24	2
Acts	10	9	12.24	2
Acts	13	51	12.24	2
Acts	14	16	12.24	2
Acts	16	23	12.24	2
Acts	18	23	12.24	2
Acts	18	3	12.24	2
Acts	18	8	12.24	2
Colossians	3	25	12.24	2
Daniel	5	28	12.24	2
Daniel	6	24	12.24	2
Daniel	6	25	12.24	2
Daniel	8	24	12.24	2
Daniel	9	6	12.24	2
Deuteronomy	12	16	12.24	2
Deuteronomy	14	29	12.24	2
Deuteronomy	28	32	12.24	2
Deuteronomy	31	2	12.24	2
Deuteronomy	32	24	12.24	2
Deuteronomy	5	27	12.24	2
Deuteronomy	5	33	12.24	2
Ecclesiastes	1	2	12.24	2
Ecclesiastes	2	11	12.24	2
Ecclesiastes	2	18	12.24	2
Ecclesiastes	3	4	12.24	2
Ephesians	4	13	12.24	2
Esther	5	1	12.24	2
Exodus	1	13	12.24	2
Exodus	12	26	12.24	2
Exodus	13	5	12.24	2
Exodus	2	24	12.24	2
Exodus	23	13	12.24	2
Exodus	3	13	12.24	2
Exodus	6	20	12.24	2
Ezekiel	10	2	12.24	2
Ezekiel	11	1	12.24	2
Ezekiel	12	25	12.24	2
Ezekiel	14	20	12.24	2
Ezekiel	14	22	12.24	2
Ezekiel	35	5	12.24	2
Ezekiel	39	27	12.24	2
Ezekiel	44	10	12.24	2
Galatians	5	2	12.24	2
Genesis	15	14	12.24	2
Genesis	2	8	12.24	2
Genesis	4	4	12.24	2
Habakkuk	3	13	12.24	2
Haggai	2	2	12.24	2
Hebrews	13	10	12.24	2
Hebrews	6	6	12.24	2
Hosea	7	11	12.24	2
Isaiah	1	28	12.24	2
Isaiah	10	1	12.24	2
Isaiah	37	28	12.24	2
Isaiah	40	13	12.24	2
Isaiah	43	18	12.24	2
Isaiah	59	6	12.24	2
James	5	20	12.24	2
Jeremiah	27	9	12.24	2
Jeremiah	28	6	12.24	2
Jeremiah	5	5	12.24	2
Jeremiah	50	38	12.24	2
Jeremiah	51	24	12.24	2
Jeremiah	52	6	12.24	2
Jeremiah	8	11	12.24	2
Job	2	9	12.24	2
Job	35	11	12.24	2
Job	4	19	12.24	2
Job	40	2	12.24	2
John	1	51	12.24	2
John	12	43	12.24	2
John	12	6	12.24	2
John	13	23	12.24	2
John	19	17	12.24	2
John	19	25	12.24	2
John	4	25	12.24	2
John	7	48	12.24	2
Jonah	1	9	12.24	2
Joshua	11	1	12.24	2
Joshua	6	20	12.24	2
Judges	5	19	12.24	2
Lamentations	3	48	12.24	2
Leviticus	20	3	12.24	2
Leviticus	3	17	12.24	2
Leviticus	4	2	12.24	2
Leviticus	4	31	12.24	2
Luke	11	50	12.24	2
Luke	12	2	12.24	2
Luke	12	24	12.24	2
Luke	14	31	12.24	2
Luke	22	2	12.24	2
Luke	6	20	12.24	2
Malachi	1	8	12.24	2
Mark	14	8	12.24	2
Mark	4	34	12.24	2
Matthew	16	13	12.24	2
Matthew	17	22	12.24	2
Matthew	18	4	12.24	2
Matthew	19	17	12.24	2
Matthew	27	20	12.24	2
Matthew	27	37	12.24	2
Matthew	8	2	12.24	2
Micah	7	17	12.24	2
Nehemiah	12	43	12.24	2
Nehemiah	9	8	12.24	2
Numbers	10	14	12.24	2
Numbers	11	21	12.24	2
Numbers	24	13	12.24	2
Numbers	31	8	12.24	2
Numbers	6	24	12.24	2
Philippians	2	25	12.24	2
Philippians	4	9	12.24	2
Proverbs	20	8	12.24	2
Proverbs	31	8	12.24	2
Proverbs	6	19	12.24	2
Proverbs	8	29	12.24	2
Psalms	102	24	12.24	2
Psalms	106	14	12.24	2
Psalms	107	38	12.24	2
Psalms	112	2	12.24	2
Psalms	118	1	12.24	2
Psalms	119	162	12.24	2
Psalms	149	1	12.24	2
Psalms	17	1	12.24	2
Psalms	20	6	12.24	2
Psalms	25	13	12.24	2
Psalms	29	10	12.24	2
Psalms	37	19	12.24	2
Psalms	38	16	12.24	2
Psalms	4	8	12.24	2
Psalms	42	2	12.24	2
Psalms	45	12	12.24	2
Psalms	48	4	12.24	2
Psalms	57	6	12.24	2
Psalms	59	12	12.24	2
Psalms	6	2	12.24	2
Psalms	66	19	12.24	2
Psalms	69	26	12.24	2
Psalms	71	11	12.24	2
Psalms	77	16	12.24	2
Psalms	78	14	12.24	2
Psalms	78	57	12.24	2
Psalms	85	6	12.24	2
Psalms	86	10	12.24	2
Psalms	87	1	12.24	2
Psalms	89	47	12.24	2
Romans	14	4	12.24	2
Romans	15	24	12.24	2
Romans	3	26	12.24	2
Zechariah	10	8	12.24	2
Zechariah	11	5	12.24	2
Zechariah	3	10	12.24	2
Zechariah	6	13	12.24	2
Zephaniah	1	10	12.24	2
Zephaniah	1	3	12.24	2
1 Chronicles	2	1	12.13	2
1 Chronicles	3	15	12.13	2
1 Corinthians	13	5	12.13	2
1 Kings	10	10	12.13	2
1 Kings	18	29	12.13	2
1 Kings	18	38	12.13	2
1 Kings	19	3	12.13	2
1 Kings	21	8	12.13	2
1 Kings	22	17	12.13	2
1 Kings	6	5	12.13	2
1 Samuel	1	1	12.13	2
1 Samuel	22	9	12.13	2
1 Thessalonians	2	3	12.13	2
1 Timothy	6	2	12.13	2
2 Chronicles	14	9	12.13	2
2 Chronicles	33	3	12.13	2
2 Chronicles	36	20	12.13	2
2 Corinthians	2	10	12.13	2
2 Corinthians	3	12	12.13	2
2 Corinthians	8	5	12.13	2
2 Kings	19	28	12.13	2
2 Kings	2	15	12.13	2
2 Kings	20	20	12.13	2
2 Samuel	16	1	12.13	2
2 Samuel	6	7	12.13	2
2 Samuel	8	3	12.13	2
2 Timothy	1	4	12.13	2
2 Timothy	2	4	12.13	2
Acts	17	3	12.13	2
Acts	19	9	12.13	2
Acts	2	5	12.13	2
Acts	25	10	12.13	2
Acts	25	11	12.13	2
Acts	28	31	12.13	2
Amos	5	12	12.13	2
Amos	7	12	12.13	2
Daniel	4	22	12.13	2
Daniel	5	29	12.13	2
Daniel	7	4	12.13	2
Daniel	8	2	12.13	2
Deuteronomy	11	14	12.13	2
Deuteronomy	13	17	12.13	2
Deuteronomy	28	29	12.13	2
Deuteronomy	28	58	12.13	2
Deuteronomy	34	1	12.13	2
Deuteronomy	34	5	12.13	2
Deuteronomy	8	18	12.13	2
Ecclesiastes	2	17	12.13	2
Ephesians	5	23	12.13	2
Esther	3	2	12.13	2
Exodus	19	11	12.13	2
Exodus	7	17	12.13	2
Ezekiel	15	2	12.13	2
Ezekiel	25	8	12.13	2
Ezekiel	33	14	12.13	2
Ezekiel	33	28	12.13	2
Ezekiel	7	19	12.13	2
Ezra	3	7	12.13	2
Genesis	13	7	12.13	2
Genesis	16	13	12.13	2
Genesis	21	31	12.13	2
Genesis	48	19	12.13	2
Genesis	48	21	12.13	2
Genesis	48	5	12.13	2
Genesis	49	29	12.13	2
Genesis	49	5	12.13	2
Genesis	50	23	12.13	2
Genesis	9	25	12.13	2
Haggai	2	19	12.13	2
Hebrews	9	2	12.13	2
Hosea	2	10	12.13	2
Isaiah	34	9	12.13	2
Isaiah	5	9	12.13	2
Isaiah	59	12	12.13	2
Isaiah	7	23	12.13	2
Isaiah	8	1	12.13	2
Jeremiah	10	13	12.13	2
Jeremiah	12	6	12.13	2
Jeremiah	19	11	12.13	2
Jeremiah	27	3	12.13	2
Jeremiah	36	24	12.13	2
Jeremiah	4	3	12.13	2
Jeremiah	46	11	12.13	2
Jeremiah	48	11	12.13	2
Jeremiah	7	2	12.13	2
Job	22	28	12.13	2
Job	33	28	12.13	2
Job	7	7	12.13	2
John	13	8	12.13	2
John	8	39	12.13	2
John	9	6	12.13	2
Joshua	23	1	12.13	2
Joshua	24	19	12.13	2
Judges	2	13	12.13	2
Judges	3	15	12.13	2
Judges	9	20	12.13	2
Leviticus	20	26	12.13	2
Leviticus	23	34	12.13	2
Leviticus	26	19	12.13	2
Luke	1	33	12.13	2
Luke	17	20	12.13	2
Malachi	1	7	12.13	2
Malachi	4	6	12.13	2
Mark	10	21	12.13	2
Mark	12	26	12.13	2
Mark	12	41	12.13	2
Mark	13	13	12.13	2
Mark	6	11	12.13	2
Mark	8	15	12.13	2
Matthew	12	30	12.13	2
Matthew	13	54	12.13	2
Matthew	15	30	12.13	2
Matthew	18	16	12.13	2
Matthew	24	38	12.13	2
Matthew	26	54	12.13	2
Matthew	27	18	12.13	2
Matthew	27	35	12.13	2
Nahum	3	10	12.13	2
Nehemiah	13	5	12.13	2
Nehemiah	5	7	12.13	2
Nehemiah	9	2	12.13	2
Nehemiah	9	23	12.13	2
Numbers	12	7	12.13	2
Numbers	14	10	12.13	2
Numbers	23	9	12.13	2
Proverbs	13	24	12.13	2
Proverbs	19	18	12.13	2
Proverbs	20	9	12.13	2
Proverbs	8	6	12.13	2
Psalms	115	14	12.13	2
Psalms	119	12	12.13	2
Psalms	119	60	12.13	2
Psalms	146	9	12.13	2
Psalms	19	9	12.13	2
Psalms	20	1	12.13	2
Psalms	30	12	12.13	2
Psalms	32	9	12.13	2
Psalms	37	27	12.13	2
Psalms	50	18	12.13	2
Psalms	63	11	12.13	2
Psalms	71	6	12.13	2
Psalms	71	9	12.13	2
Psalms	72	15	12.13	2
Psalms	89	28	12.13	2
Revelation	10	6	12.13	2
Revelation	18	1	12.13	2
Revelation	22	9	12.13	2
Romans	10	21	12.13	2
Romans	9	21	12.13	2
Ruth	1	16	12.13	2
Zechariah	9	2	12.13	2
1 Chronicles	15	24	12.01	2
1 Corinthians	1	29	12.01	2
1 Corinthians	1	5	12.01	2
1 Corinthians	2	15	12.01	2
1 Corinthians	8	8	12.01	2
1 Kings	18	39	12.01	2
1 Kings	19	11	12.01	2
1 Kings	19	16	12.01	2
1 Samuel	12	21	12.01	2
1 Samuel	17	37	12.01	2
1 Samuel	24	15	12.01	2
1 Samuel	25	22	12.01	2
1 Samuel	4	3	12.01	2
1 Thessalonians	5	4	12.01	2
2 Corinthians	12	19	12.01	2
2 Corinthians	8	6	12.01	2
2 Kings	19	10	12.01	2
2 Kings	22	14	12.01	2
2 Kings	23	26	12.01	2
2 Kings	4	8	12.01	2
2 Kings	8	1	12.01	2
2 Peter	2	7	12.01	2
2 Samuel	20	23	12.01	2
2 Timothy	1	18	12.01	2
Acts	16	37	12.01	2
Acts	20	19	12.01	2
Acts	21	9	12.01	2
Acts	4	33	12.01	2
Amos	5	7	12.01	2
Daniel	10	21	12.01	2
Daniel	8	18	12.01	2
Deuteronomy	25	5	12.01	2
Deuteronomy	28	4	12.01	2
Deuteronomy	29	25	12.01	2
Deuteronomy	5	2	12.01	2
Ecclesiastes	8	2	12.01	2
Ephesians	6	8	12.01	2
Exodus	20	23	12.01	2
Exodus	23	9	12.01	2
Exodus	34	18	12.01	2
Exodus	39	42	12.01	2
Exodus	6	8	12.01	2
Exodus	7	19	12.01	2
Ezekiel	18	23	12.01	2
Ezekiel	18	25	12.01	2
Ezekiel	21	22	12.01	2
Ezekiel	24	7	12.01	2
Ezekiel	26	13	12.01	2
Ezekiel	29	18	12.01	2
Ezekiel	3	10	12.01	2
Ezekiel	3	27	12.01	2
Ezekiel	36	33	12.01	2
Ezra	7	12	12.01	2
Ezra	8	22	12.01	2
Ezra	9	4	12.01	2
Galatians	5	7	12.01	2
Genesis	21	33	12.01	2
Genesis	27	46	12.01	2
Genesis	30	1	12.01	2
Genesis	41	16	12.01	2
Hebrews	10	11	12.01	2
Hebrews	10	37	12.01	2
Hosea	7	5	12.01	2
Isaiah	28	22	12.01	2
Isaiah	28	26	12.01	2
Isaiah	30	6	12.01	2
Isaiah	36	1	12.01	2
Isaiah	41	29	12.01	2
Isaiah	57	20	12.01	2
Isaiah	57	9	12.01	2
Isaiah	61	4	12.01	2
Isaiah	62	2	12.01	2
Jeremiah	10	22	12.01	2
Jeremiah	11	13	12.01	2
Jeremiah	12	2	12.01	2
Jeremiah	19	7	12.01	2
Jeremiah	2	22	12.01	2
Jeremiah	32	20	12.01	2
Jeremiah	36	2	12.01	2
Jeremiah	37	1	12.01	2
Jeremiah	38	17	12.01	2
Jeremiah	46	21	12.01	2
Jeremiah	6	24	12.01	2
Jeremiah	8	1	12.01	2
Jeremiah	9	6	12.01	2
Job	14	16	12.01	2
Job	18	15	12.01	2
Job	20	23	12.01	2
Job	22	6	12.01	2
Job	26	6	12.01	2
Job	29	13	12.01	2
Job	31	38	12.01	2
Job	7	15	12.01	2
John	10	12	12.01	2
John	10	18	12.01	2
John	12	19	12.01	2
John	16	30	12.01	2
John	6	54	12.01	2
John	7	12	12.01	2
Jonah	4	3	12.01	2
Joshua	7	5	12.01	2
Judges	10	14	12.01	2
Judges	4	14	12.01	2
Leviticus	12	8	12.01	2
Leviticus	20	7	12.01	2
Leviticus	22	9	12.01	2
Leviticus	23	27	12.01	2
Leviticus	26	15	12.01	2
Luke	12	16	12.01	2
Luke	22	47	12.01	2
Luke	23	28	12.01	2
Luke	23	44	12.01	2
Luke	4	34	12.01	2
Mark	1	14	12.01	2
Mark	10	27	12.01	2
Mark	12	12	12.01	2
Mark	5	23	12.01	2
Mark	7	37	12.01	2
Matthew	10	3	12.01	2
Matthew	10	6	12.01	2
Matthew	12	22	12.01	2
Matthew	13	33	12.01	2
Matthew	14	1	12.01	2
Matthew	14	27	12.01	2
Matthew	15	7	12.01	2
Matthew	18	6	12.01	2
Matthew	21	12	12.01	2
Matthew	27	29	12.01	2
Matthew	27	5	12.01	2
Matthew	4	1	12.01	2
Matthew	4	13	12.01	2
Matthew	4	2	12.01	2
Matthew	4	4	12.01	2
Matthew	5	20	12.01	2
Matthew	6	30	12.01	2
Matthew	7	26	12.01	2
Micah	1	3	12.01	2
Micah	2	13	12.01	2
Micah	7	16	12.01	2
Nehemiah	9	31	12.01	2
Numbers	11	11	12.01	2
Numbers	12	10	12.01	2
Numbers	16	13	12.01	2
Numbers	18	12	12.01	2
Numbers	25	13	12.01	2
Numbers	27	18	12.01	2
Numbers	32	23	12.01	2
Numbers	33	54	12.01	2
Philippians	1	14	12.01	2
Proverbs	10	21	12.01	2
Proverbs	11	21	12.01	2
Proverbs	17	17	12.01	2
Proverbs	27	3	12.01	2
Psalms	10	15	12.01	2
Psalms	105	42	12.01	2
Psalms	106	39	12.01	2
Psalms	119	25	12.01	2
Psalms	119	63	12.01	2
Psalms	119	67	12.01	2
Psalms	132	12	12.01	2
Psalms	134	2	12.01	2
Psalms	140	9	12.01	2
Psalms	141	4	12.01	2
Psalms	143	5	12.01	2
Psalms	144	2	12.01	2
Psalms	145	10	12.01	2
Psalms	149	5	12.01	2
Psalms	17	7	12.01	2
Psalms	35	25	12.01	2
Psalms	40	10	12.01	2
Psalms	50	7	12.01	2
Psalms	59	1	12.01	2
Psalms	63	6	12.01	2
Psalms	64	5	12.01	2
Psalms	67	2	12.01	2
Psalms	68	12	12.01	2
Psalms	77	3	12.01	2
Psalms	8	2	12.01	2
Psalms	89	11	12.01	2
Psalms	89	38	12.01	2
Revelation	20	13	12.01	2
Revelation	22	18	12.01	2
Romans	2	11	12.01	2
Song of Solomon	3	1	12.01	2
Titus	1	13	12.01	2
Zechariah	7	3	12.01	2
Zechariah	8	12	12.01	2
1 Chronicles	16	42	11.90	2
1 Chronicles	22	19	11.90	2
1 Corinthians	1	28	11.90	2
1 Corinthians	11	1	11.90	2
1 Corinthians	16	15	11.90	2
1 Corinthians	8	10	11.90	2
1 Corinthians	9	20	11.90	2
1 John	3	13	11.90	2
1 Kings	1	34	11.90	2
1 Kings	12	31	11.90	2
1 Kings	16	9	11.90	2
1 Kings	19	18	11.90	2
1 Kings	2	3	11.90	2
1 Kings	21	23	11.90	2
1 Kings	22	34	11.90	2
1 Samuel	1	10	11.90	2
1 Samuel	15	33	11.90	2
1 Samuel	18	17	11.90	2
1 Samuel	23	4	11.90	2
1 Samuel	3	13	11.90	2
1 Thessalonians	5	24	11.90	2
2 Chronicles	29	30	11.90	2
2 Kings	1	10	11.90	2
2 Kings	16	9	11.90	2
2 Kings	2	3	11.90	2
2 Samuel	10	1	11.90	2
2 Samuel	20	25	11.90	2
2 Samuel	21	2	11.90	2
2 Samuel	3	39	11.90	2
2 Samuel	8	16	11.90	2
Acts	12	11	11.90	2
Acts	12	12	11.90	2
Acts	13	13	11.90	2
Acts	6	12	11.90	2
Amos	5	16	11.90	2
Amos	8	3	11.90	2
Amos	9	3	11.90	2
Amos	9	4	11.90	2
Daniel	4	7	11.90	2
Deuteronomy	28	22	11.90	2
Deuteronomy	32	27	11.90	2
Deuteronomy	4	37	11.90	2
Deuteronomy	6	16	11.90	2
Exodus	14	27	11.90	2
Exodus	15	8	11.90	2
Exodus	22	26	11.90	2
Exodus	30	10	11.90	2
Ezekiel	11	21	11.90	2
Ezekiel	13	3	11.90	2
Ezekiel	23	22	11.90	2
Ezekiel	24	6	11.90	2
Ezekiel	29	19	11.90	2
Ezekiel	30	13	11.90	2
Ezekiel	30	21	11.90	2
Ezekiel	35	15	11.90	2
Ezekiel	36	2	11.90	2
Ezekiel	36	8	11.90	2
Ezekiel	37	22	11.90	2
Ezekiel	46	1	11.90	2
Ezekiel	6	8	11.90	2
Galatians	2	10	11.90	2
Galatians	4	11	11.90	2
Genesis	1	3	11.90	2
Genesis	10	4	11.90	2
Genesis	13	8	11.90	2
Genesis	28	22	11.90	2
Genesis	32	3	11.90	2
Genesis	39	23	11.90	2
Genesis	39	8	11.90	2
Genesis	49	13	11.90	2
Genesis	49	22	11.90	2
Hebrews	11	37	11.90	2
Hebrews	2	18	11.90	2
Hebrews	7	14	11.90	2
Isaiah	2	16	11.90	2
Isaiah	2	8	11.90	2
Isaiah	28	9	11.90	2
Isaiah	29	19	11.90	2
Isaiah	32	6	11.90	2
Isaiah	33	6	11.90	2
Isaiah	38	10	11.90	2
Isaiah	41	25	11.90	2
Isaiah	42	17	11.90	2
Isaiah	42	19	11.90	2
Isaiah	43	28	11.90	2
Isaiah	57	3	11.90	2
Isaiah	59	11	11.90	2
Isaiah	60	17	11.90	2
Isaiah	9	18	11.90	2
James	2	9	11.90	2
Jeremiah	3	21	11.90	2
Jeremiah	51	64	11.90	2
Jeremiah	52	8	11.90	2
Job	13	7	11.90	2
Job	31	3	11.90	2
Job	38	41	11.90	2
Job	41	11	11.90	2
Job	9	22	11.90	2
Job	9	8	11.90	2
John	10	33	11.90	2
John	11	57	11.90	2
John	19	9	11.90	2
Joshua	18	28	11.90	2
Joshua	7	26	11.90	2
Judges	5	1	11.90	2
Judges	6	34	11.90	2
Lamentations	1	20	11.90	2
Leviticus	11	25	11.90	2
Leviticus	16	15	11.90	2
Leviticus	19	34	11.90	2
Leviticus	25	23	11.90	2
Leviticus	5	7	11.90	2
Leviticus	6	30	11.90	2
Luke	14	23	11.90	2
Luke	16	2	11.90	2
Luke	2	40	11.90	2
Luke	22	29	11.90	2
Luke	23	18	11.90	2
Luke	5	30	11.90	2
Mark	1	45	11.90	2
Mark	3	7	11.90	2
Matthew	15	23	11.90	2
Matthew	19	19	11.90	2
Matthew	5	9	11.90	2
Nehemiah	1	9	11.90	2
Numbers	14	14	11.90	2
Numbers	16	19	11.90	2
Numbers	18	21	11.90	2
Numbers	23	21	11.90	2
Numbers	28	1	11.90	2
Philippians	2	4	11.90	2
Proverbs	10	18	11.90	2
Proverbs	10	20	11.90	2
Proverbs	19	11	11.90	2
Proverbs	19	6	11.90	2
Proverbs	2	3	11.90	2
Proverbs	21	31	11.90	2
Proverbs	21	9	11.90	2
Proverbs	24	29	11.90	2
Proverbs	26	4	11.90	2
Proverbs	31	4	11.90	2
Proverbs	9	12	11.90	2
Psalms	103	2	11.90	2
Psalms	105	36	11.90	2
Psalms	106	44	11.90	2
Psalms	107	28	11.90	2
Psalms	116	18	11.90	2
Psalms	119	21	11.90	2
Psalms	119	5	11.90	2
Psalms	119	69	11.90	2
Psalms	132	1	11.90	2
Psalms	18	8	11.90	2
Psalms	30	7	11.90	2
Psalms	44	9	11.90	2
Psalms	58	3	11.90	2
Psalms	60	12	11.90	2
Psalms	67	6	11.90	2
Psalms	68	30	11.90	2
Psalms	78	59	11.90	2
Psalms	80	19	11.90	2
Psalms	88	8	11.90	2
Psalms	89	48	11.90	2
Psalms	90	3	11.90	2
Revelation	10	9	11.90	2
Romans	1	31	11.90	2
Romans	10	20	11.90	2
Romans	11	14	11.90	2
Romans	4	20	11.90	2
Romans	4	4	11.90	2
Song of Solomon	2	16	11.90	2
Zephaniah	3	4	11.90	2
1 Chronicles	15	13	11.78	2
1 Corinthians	11	24	11.78	2
1 Corinthians	14	3	11.78	2
1 Corinthians	16	9	11.78	2
1 John	2	24	11.78	2
1 Kings	4	12	11.78	2
1 Samuel	15	7	11.78	2
1 Samuel	2	13	11.78	2
1 Samuel	22	18	11.78	2
1 Samuel	23	14	11.78	2
1 Thessalonians	3	9	11.78	2
2 Chronicles	20	22	11.78	2
2 Chronicles	31	2	11.78	2
2 Chronicles	34	4	11.78	2
2 Chronicles	5	12	11.78	2
2 Corinthians	12	12	11.78	2
2 Corinthians	5	4	11.78	2
2 Kings	11	12	11.78	2
2 Kings	21	7	11.78	2
2 Kings	25	11	11.78	2
2 Kings	4	29	11.78	2
2 Peter	3	16	11.78	2
2 Samuel	1	21	11.78	2
2 Samuel	12	14	11.78	2
2 Samuel	3	28	11.78	2
Acts	12	20	11.78	2
Acts	12	7	11.78	2
Acts	13	11	11.78	2
Acts	21	40	11.78	2
Acts	23	9	11.78	2
Acts	25	25	11.78	2
Acts	26	19	11.78	2
Acts	28	16	11.78	2
Acts	6	4	11.78	2
Acts	7	16	11.78	2
Amos	6	5	11.78	2
Daniel	10	6	11.78	2
Daniel	6	27	11.78	2
Deuteronomy	13	11	11.78	2
Deuteronomy	31	28	11.78	2
Deuteronomy	7	12	11.78	2
Ecclesiastes	10	16	11.78	2
Ecclesiastes	3	1	11.78	2
Ecclesiastes	3	11	11.78	2
Ephesians	6	23	11.78	2
Esther	1	1	11.78	2
Exodus	14	28	11.78	2
Exodus	16	35	11.78	2
Exodus	17	3	11.78	2
Exodus	19	9	11.78	2
Exodus	27	9	11.78	2
Exodus	4	12	11.78	2
Exodus	9	18	11.78	2
Ezekiel	11	22	11.78	2
Ezekiel	12	12	11.78	2
Ezekiel	15	7	11.78	2
Ezekiel	21	2	11.78	2
Ezekiel	22	29	11.78	2
Ezekiel	23	8	11.78	2
Ezekiel	32	24	11.78	2
Ezekiel	36	32	11.78	2
Ezekiel	6	2	11.78	2
Ezekiel	7	23	11.78	2
Galatians	5	11	11.78	2
Genesis	12	4	11.78	2
Genesis	24	10	11.78	2
Genesis	46	2	11.78	2
Habakkuk	2	17	11.78	2
Hebrews	11	38	11.78	2
Hosea	12	6	11.78	2
Hosea	4	16	11.78	2
Isaiah	1	6	11.78	2
Isaiah	16	6	11.78	2
Isaiah	16	9	11.78	2
Isaiah	2	18	11.78	2
Isaiah	30	14	11.78	2
Isaiah	37	31	11.78	2
Isaiah	48	6	11.78	2
Isaiah	65	19	11.78	2
Isaiah	66	23	11.78	2
James	1	8	11.78	2
James	4	15	11.78	2
James	5	6	11.78	2
Jeremiah	14	11	11.78	2
Jeremiah	17	21	11.78	2
Jeremiah	21	1	11.78	2
Jeremiah	23	33	11.78	2
Jeremiah	29	25	11.78	2
Jeremiah	31	14	11.78	2
Jeremiah	36	23	11.78	2
Jeremiah	37	3	11.78	2
Jeremiah	48	18	11.78	2
Jeremiah	48	34	11.78	2
Job	27	2	11.78	2
Job	30	30	11.78	2
Job	33	14	11.78	2
Job	33	4	11.78	2
Job	38	1	11.78	2
Job	4	13	11.78	2
Joel	3	3	11.78	2
John	10	7	11.78	2
John	12	3	11.78	2
John	14	28	11.78	2
John	2	13	11.78	2
John	7	35	11.78	2
John	8	26	11.78	2
John	8	56	11.78	2
Jonah	3	2	11.78	2
Jonah	4	11	11.78	2
Joshua	11	20	11.78	2
Joshua	13	5	11.78	2
Joshua	17	1	11.78	2
Joshua	24	33	11.78	2
Joshua	3	3	11.78	2
Joshua	4	21	11.78	2
Joshua	5	10	11.78	2
Judges	6	24	11.78	2
Leviticus	1	10	11.78	2
Leviticus	19	26	11.78	2
Leviticus	8	12	11.78	2
Luke	16	11	11.78	2
Luke	22	41	11.78	2
Luke	22	46	11.78	2
Luke	22	66	11.78	2
Luke	24	6	11.78	2
Luke	4	8	11.78	2
Luke	7	13	11.78	2
Luke	7	29	11.78	2
Mark	6	34	11.78	2
Mark	9	12	11.78	2
Mark	9	25	11.78	2
Mark	9	50	11.78	2
Matthew	11	19	11.78	2
Matthew	11	3	11.78	2
Matthew	13	23	11.78	2
Matthew	13	47	11.78	2
Matthew	18	25	11.78	2
Matthew	19	3	11.78	2
Matthew	21	15	11.78	2
Matthew	21	16	11.78	2
Matthew	23	19	11.78	2
Matthew	24	44	11.78	2
Matthew	7	27	11.78	2
Nehemiah	5	19	11.78	2
Numbers	16	41	11.78	2
Numbers	20	8	11.78	2
Proverbs	15	16	11.78	2
Proverbs	18	16	11.78	2
Proverbs	2	5	11.78	2
Proverbs	21	19	11.78	2
Psalms	116	14	11.78	2
Psalms	119	20	11.78	2
Psalms	136	13	11.78	2
Psalms	145	9	11.78	2
Psalms	23	6	11.78	2
Psalms	33	13	11.78	2
Psalms	34	16	11.78	2
Psalms	34	17	11.78	2
Psalms	34	22	11.78	2
Psalms	44	11	11.78	2
Psalms	44	22	11.78	2
Psalms	48	6	11.78	2
Psalms	49	4	11.78	2
Psalms	55	1	11.78	2
Psalms	56	8	11.78	2
Psalms	62	4	11.78	2
Psalms	69	33	11.78	2
Psalms	71	13	11.78	2
Psalms	78	18	11.78	2
Psalms	83	17	11.78	2
Psalms	89	2	11.78	2
Psalms	9	11	11.78	2
Psalms	99	3	11.78	2
Revelation	8	12	11.78	2
Romans	15	15	11.78	2
Romans	6	15	11.78	2
Romans	7	24	11.78	2
Titus	1	14	11.78	2
Titus	1	8	11.78	2
Zechariah	8	9	11.78	2
1 Chronicles	21	15	11.67	2
1 Corinthians	1	17	11.67	2
1 Corinthians	14	37	11.67	2
1 Corinthians	7	22	11.67	2
1 Kings	12	15	11.67	2
1 Kings	17	9	11.67	2
1 Kings	8	61	11.67	2
1 Samuel	1	20	11.67	2
1 Samuel	12	19	11.67	2
1 Samuel	14	15	11.67	2
1 Samuel	15	17	11.67	2
1 Samuel	16	4	11.67	2
1 Samuel	17	34	11.67	2
1 Samuel	25	27	11.67	2
1 Samuel	27	8	11.67	2
1 Thessalonians	3	11	11.67	2
1 Timothy	4	15	11.67	2
2 Chronicles	6	40	11.67	2
2 Chronicles	6	41	11.67	2
2 Chronicles	7	8	11.67	2
2 Chronicles	9	1	11.67	2
2 Corinthians	6	15	11.67	2
2 Kings	13	14	11.67	2
2 Kings	17	20	11.67	2
2 Kings	18	11	11.67	2
2 Kings	3	11	11.67	2
2 Kings	5	13	11.67	2
2 Peter	1	6	11.67	2
2 Samuel	12	10	11.67	2
2 Samuel	12	16	11.67	2
2 Samuel	21	17	11.67	2
Acts	15	28	11.67	2
Acts	18	25	11.67	2
Acts	21	27	11.67	2
Acts	4	17	11.67	2
Acts	5	14	11.67	2
Acts	9	34	11.67	2
Amos	7	3	11.67	2
Daniel	11	45	11.67	2
Deuteronomy	2	5	11.67	2
Deuteronomy	21	22	11.67	2
Deuteronomy	22	24	11.67	2
Deuteronomy	28	52	11.67	2
Deuteronomy	3	24	11.67	2
Deuteronomy	4	36	11.67	2
Esther	1	3	11.67	2
Esther	4	11	11.67	2
Exodus	17	15	11.67	2
Exodus	25	16	11.67	2
Exodus	26	36	11.67	2
Exodus	33	18	11.67	2
Exodus	8	22	11.67	2
Ezekiel	11	13	11.67	2
Ezekiel	11	17	11.67	2
Ezekiel	14	19	11.67	2
Ezekiel	16	25	11.67	2
Ezekiel	17	20	11.67	2
Ezekiel	3	7	11.67	2
Ezekiel	33	7	11.67	2
Ezekiel	9	8	11.67	2
Ezra	10	3	11.67	2
Genesis	12	10	11.67	2
Genesis	18	27	11.67	2
Genesis	32	2	11.67	2
Genesis	37	5	11.67	2
Genesis	39	5	11.67	2
Genesis	39	9	11.67	2
Genesis	5	22	11.67	2
Genesis	6	22	11.67	2
Habakkuk	1	15	11.67	2
Haggai	1	12	11.67	2
Haggai	2	22	11.67	2
Hebrews	2	15	11.67	2
Hosea	5	8	11.67	2
Isaiah	10	24	11.67	2
Isaiah	13	11	11.67	2
Isaiah	19	14	11.67	2
Isaiah	23	12	11.67	2
Isaiah	29	23	11.67	2
Isaiah	29	6	11.67	2
Isaiah	34	2	11.67	2
Isaiah	46	11	11.67	2
Isaiah	49	20	11.67	2
Isaiah	5	23	11.67	2
Isaiah	52	14	11.67	2
Isaiah	59	18	11.67	2
Isaiah	8	13	11.67	2
James	3	16	11.67	2
James	4	16	11.67	2
Jeremiah	10	9	11.67	2
Jeremiah	12	12	11.67	2
Jeremiah	12	16	11.67	2
Jeremiah	19	1	11.67	2
Jeremiah	2	15	11.67	2
Jeremiah	23	19	11.67	2
Jeremiah	33	25	11.67	2
Jeremiah	46	5	11.67	2
Jeremiah	50	43	11.67	2
Jeremiah	6	8	11.67	2
Jeremiah	8	19	11.67	2
Job	22	13	11.67	2
John	11	33	11.67	2
John	13	38	11.67	2
John	7	31	11.67	2
Joshua	7	13	11.67	2
Joshua	8	29	11.67	2
Judges	2	12	11.67	2
Lamentations	1	5	11.67	2
Leviticus	18	3	11.67	2
Leviticus	8	30	11.67	2
Luke	10	11	11.67	2
Luke	11	45	11.67	2
Luke	12	50	11.67	2
Luke	14	21	11.67	2
Luke	15	1	11.67	2
Luke	2	19	11.67	2
Luke	21	16	11.67	2
Luke	21	23	11.67	2
Luke	22	3	11.67	2
Luke	3	4	11.67	2
Matthew	20	18	11.67	2
Matthew	22	11	11.67	2
Matthew	26	4	11.67	2
Micah	2	10	11.67	2
Micah	4	3	11.67	2
Micah	4	6	11.67	2
Nehemiah	13	28	11.67	2
Numbers	13	33	11.67	2
Numbers	16	38	11.67	2
Numbers	23	24	11.67	2
Numbers	35	2	11.67	2
Numbers	4	3	11.67	2
Obadiah	1	18	11.67	2
Philippians	2	26	11.67	2
Philippians	3	16	11.67	2
Proverbs	11	10	11.67	2
Proverbs	12	4	11.67	2
Proverbs	19	20	11.67	2
Proverbs	24	12	11.67	2
Proverbs	26	13	11.67	2
Proverbs	27	5	11.67	2
Proverbs	3	27	11.67	2
Proverbs	4	27	11.67	2
Proverbs	6	4	11.67	2
Proverbs	7	5	11.67	2
Proverbs	8	1	11.67	2
Proverbs	9	4	11.67	2
Psalms	102	15	11.67	2
Psalms	105	40	11.67	2
Psalms	120	2	11.67	2
Psalms	134	3	11.67	2
Psalms	144	15	11.67	2
Psalms	21	3	11.67	2
Psalms	56	9	11.67	2
Psalms	66	6	11.67	2
Psalms	68	2	11.67	2
Psalms	69	12	11.67	2
Psalms	89	18	11.67	2
Psalms	96	6	11.67	2
Revelation	7	11	11.67	2
Romans	11	35	11.67	2
Romans	16	2	11.67	2
Romans	2	25	11.67	2
Romans	9	14	11.67	2
Song of Solomon	4	10	11.67	2
Song of Solomon	8	11	11.67	2
Titus	1	6	11.67	2
Zechariah	10	4	11.67	2
1 Chronicles	6	33	11.55	2
1 Corinthians	10	3	11.55	2
1 Corinthians	6	12	11.55	2
1 Corinthians	7	32	11.55	2
1 Corinthians	9	6	11.55	2
1 Corinthians	9	9	11.55	2
1 Kings	14	19	11.55	2
1 Kings	14	31	11.55	2
1 Kings	18	27	11.55	2
1 Kings	8	63	11.55	2
1 Peter	5	9	11.55	2
1 Samuel	1	28	11.55	2
1 Samuel	24	4	11.55	2
1 Samuel	25	32	11.55	2
2 Chronicles	1	1	11.55	2
2 Chronicles	11	15	11.55	2
2 Chronicles	16	8	11.55	2
2 Chronicles	23	16	11.55	2
2 Chronicles	28	6	11.55	2
2 Corinthians	11	5	11.55	2
2 Kings	13	3	11.55	2
2 Kings	19	12	11.55	2
2 Kings	24	3	11.55	2
2 Kings	7	3	11.55	2
2 Samuel	12	26	11.55	2
2 Samuel	13	22	11.55	2
2 Samuel	18	14	11.55	2
2 Samuel	6	16	11.55	2
2 Samuel	7	25	11.55	2
2 Thessalonians	2	12	11.55	2
2 Thessalonians	3	9	11.55	2
Acts	10	40	11.55	2
Acts	11	20	11.55	2
Acts	12	2	11.55	2
Acts	17	1	11.55	2
Acts	23	2	11.55	2
Acts	7	22	11.55	2
Acts	7	57	11.55	2
Amos	5	27	11.55	2
Amos	5	6	11.55	2
Amos	9	6	11.55	2
Amos	9	7	11.55	2
Daniel	1	7	11.55	2
Daniel	2	2	11.55	2
Deuteronomy	2	7	11.55	2
Deuteronomy	25	13	11.55	2
Deuteronomy	31	12	11.55	2
Deuteronomy	32	42	11.55	2
Deuteronomy	32	5	11.55	2
Deuteronomy	7	13	11.55	2
Deuteronomy	7	18	11.55	2
Deuteronomy	8	10	11.55	2
Ecclesiastes	1	13	11.55	2
Ecclesiastes	9	9	11.55	2
Ephesians	4	5	11.55	2
Exodus	12	43	11.55	2
Exodus	12	48	11.55	2
Exodus	28	30	11.55	2
Exodus	34	7	11.55	2
Exodus	7	5	11.55	2
Ezekiel	10	5	11.55	2
Ezekiel	13	11	11.55	2
Ezekiel	16	43	11.55	2
Ezra	6	10	11.55	2
Galatians	1	13	11.55	2
Galatians	3	9	11.55	2
Galatians	4	14	11.55	2
Genesis	13	14	11.55	2
Genesis	20	1	11.55	2
Genesis	22	2	11.55	2
Genesis	23	4	11.55	2
Genesis	3	5	11.55	2
Genesis	37	18	11.55	2
Genesis	39	4	11.55	2
Genesis	41	40	11.55	2
Genesis	45	5	11.55	2
Hebrews	13	22	11.55	2
Hebrews	6	2	11.55	2
Hebrews	7	22	11.55	2
Hebrews	7	28	11.55	2
Hosea	13	7	11.55	2
Hosea	13	8	11.55	2
Hosea	7	10	11.55	2
Isaiah	14	26	11.55	2
Isaiah	16	5	11.55	2
Isaiah	17	14	11.55	2
Isaiah	2	21	11.55	2
Isaiah	24	13	11.55	2
Isaiah	32	18	11.55	2
Isaiah	41	21	11.55	2
Isaiah	52	2	11.55	2
Jeremiah	18	22	11.55	2
Jeremiah	2	25	11.55	2
Jeremiah	22	10	11.55	2
Jeremiah	31	7	11.55	2
Jeremiah	32	2	11.55	2
Jeremiah	39	14	11.55	2
Jeremiah	4	24	11.55	2
Jeremiah	44	14	11.55	2
Jeremiah	49	22	11.55	2
Jeremiah	50	13	11.55	2
Jeremiah	50	37	11.55	2
Jeremiah	50	40	11.55	2
Jeremiah	52	3	11.55	2
Jeremiah	6	6	11.55	2
Jeremiah	9	14	11.55	2
Job	12	4	11.55	2
Job	22	16	11.55	2
Job	34	28	11.55	2
Job	7	17	11.55	2
Joel	2	16	11.55	2
John	10	17	11.55	2
John	13	14	11.55	2
John	15	17	11.55	2
John	17	13	11.55	2
John	19	6	11.55	2
John	2	17	11.55	2
John	21	24	11.55	2
John	5	20	11.55	2
John	6	42	11.55	2
John	8	36	11.55	2
Joshua	14	13	11.55	2
Joshua	4	7	11.55	2
Joshua	9	14	11.55	2
Judges	10	10	11.55	2
Judges	10	4	11.55	2
Lamentations	2	8	11.55	2
Lamentations	3	30	11.55	2
Leviticus	10	10	11.55	2
Leviticus	2	2	11.55	2
Leviticus	8	14	11.55	2
Luke	2	29	11.55	2
Luke	2	46	11.55	2
Luke	20	9	11.55	2
Luke	22	28	11.55	2
Luke	22	37	11.55	2
Luke	5	17	11.55	2
Luke	6	38	11.55	2
Luke	8	43	11.55	2
Mark	15	33	11.55	2
Mark	15	34	11.55	2
Mark	16	5	11.55	2
Mark	3	22	11.55	2
Mark	6	14	11.55	2
Matthew	20	20	11.55	2
Matthew	22	3	11.55	2
Matthew	22	43	11.55	2
Matthew	24	37	11.55	2
Micah	4	10	11.55	2
Nahum	2	13	11.55	2
Numbers	11	15	11.55	2
Numbers	13	16	11.55	2
Numbers	14	45	11.55	2
Numbers	24	24	11.55	2
Numbers	34	8	11.55	2
Numbers	35	30	11.55	2
Proverbs	14	21	11.55	2
Proverbs	16	2	11.55	2
Proverbs	16	28	11.55	2
Proverbs	19	1	11.55	2
Proverbs	21	2	11.55	2
Proverbs	23	13	11.55	2
Proverbs	29	17	11.55	2
Proverbs	3	32	11.55	2
Proverbs	30	2	11.55	2
Proverbs	7	22	11.55	2
Psalms	105	2	11.55	2
Psalms	119	116	11.55	2
Psalms	12	4	11.55	2
Psalms	18	19	11.55	2
Psalms	19	4	11.55	2
Psalms	20	5	11.55	2
Psalms	22	23	11.55	2
Psalms	32	10	11.55	2
Psalms	34	3	11.55	2
Psalms	34	5	11.55	2
Psalms	56	5	11.55	2
Psalms	64	7	11.55	2
Psalms	64	8	11.55	2
Psalms	68	16	11.55	2
Psalms	68	20	11.55	2
Psalms	71	3	11.55	2
Psalms	72	3	11.55	2
Psalms	77	18	11.55	2
Psalms	78	41	11.55	2
Psalms	79	6	11.55	2
Psalms	81	10	11.55	2
Psalms	81	15	11.55	2
Psalms	90	16	11.55	2
Psalms	94	17	11.55	2
Psalms	97	4	11.55	2
Revelation	14	20	11.55	2
Revelation	20	3	11.55	2
Romans	16	16	11.55	2
Romans	16	27	11.55	2
Romans	3	11	11.55	2
Romans	3	27	11.55	2
Romans	6	11	11.55	2
Zechariah	8	6	11.55	2
Zechariah	9	8	11.55	2
Zephaniah	1	7	11.55	2
1 Chronicles	27	23	11.43	2
1 Chronicles	28	6	11.43	2
1 Corinthians	1	3	11.43	2
1 Corinthians	15	4	11.43	2
1 Corinthians	15	49	11.43	2
1 Corinthians	2	3	11.43	2
1 Corinthians	3	11	11.43	2
1 Corinthians	4	15	11.43	2
1 John	2	26	11.43	2
1 John	4	17	11.43	2
1 Kings	14	26	11.43	2
1 Kings	7	51	11.43	2
1 Kings	9	26	11.43	2
1 Kings	9	6	11.43	2
1 Samuel	17	44	11.43	2
1 Samuel	24	12	11.43	2
1 Samuel	25	39	11.43	2
1 Thessalonians	1	2	11.43	2
1 Thessalonians	4	10	11.43	2
1 Thessalonians	4	15	11.43	2
1 Timothy	2	3	11.43	2
2 Chronicles	15	5	11.43	2
2 Chronicles	36	22	11.43	2
2 Corinthians	12	13	11.43	2
2 Corinthians	3	1	11.43	2
2 Corinthians	9	13	11.43	2
2 John	1	6	11.43	2
2 Kings	1	6	11.43	2
2 Kings	11	17	11.43	2
2 Kings	17	14	11.43	2
2 Kings	24	20	11.43	2
2 Kings	3	15	11.43	2
2 Kings	6	25	11.43	2
2 Kings	6	33	11.43	2
2 Kings	7	1	11.43	2
2 Samuel	12	24	11.43	2
2 Samuel	6	2	11.43	2
Acts	14	9	11.43	2
Acts	15	36	11.43	2
Acts	15	37	11.43	2
Acts	18	10	11.43	2
Acts	19	29	11.43	2
Acts	20	22	11.43	2
Acts	24	24	11.43	2
Acts	25	19	11.43	2
Acts	25	8	11.43	2
Acts	7	56	11.43	2
Acts	8	24	11.43	2
Amos	2	8	11.43	2
Amos	7	4	11.43	2
Amos	9	15	11.43	2
Colossians	4	7	11.43	2
Daniel	7	23	11.43	2
Deuteronomy	30	20	11.43	2
Deuteronomy	4	28	11.43	2
Ecclesiastes	2	10	11.43	2
Ecclesiastes	7	18	11.43	2
Exodus	10	17	11.43	2
Exodus	16	10	11.43	2
Exodus	16	4	11.43	2
Exodus	17	8	11.43	2
Exodus	23	32	11.43	2
Exodus	25	8	11.43	2
Exodus	9	27	11.43	2
Ezekiel	1	4	11.43	2
Ezekiel	17	3	11.43	2
Ezekiel	18	2	11.43	2
Ezekiel	23	29	11.43	2
Ezekiel	25	3	11.43	2
Ezekiel	26	17	11.43	2
Ezekiel	27	10	11.43	2
Ezekiel	30	5	11.43	2
Ezekiel	32	21	11.43	2
Ezekiel	34	20	11.43	2
Ezekiel	39	22	11.43	2
Ezekiel	6	13	11.43	2
Ezra	1	7	11.43	2
Ezra	7	10	11.43	2
Galatians	4	21	11.43	2
Galatians	5	10	11.43	2
Genesis	17	6	11.43	2
Genesis	29	18	11.43	2
Genesis	31	3	11.43	2
Genesis	40	8	11.43	2
Genesis	5	1	11.43	2
Genesis	6	12	11.43	2
Haggai	1	4	11.43	2
Hebrews	5	8	11.43	2
Hosea	2	11	11.43	2
Isaiah	10	2	11.43	2
Isaiah	27	8	11.43	2
Isaiah	30	17	11.43	2
Isaiah	30	2	11.43	2
Isaiah	32	7	11.43	2
Isaiah	45	15	11.43	2
Isaiah	46	5	11.43	2
Isaiah	47	10	11.43	2
Isaiah	49	21	11.43	2
Isaiah	54	15	11.43	2
Isaiah	57	21	11.43	2
Isaiah	63	8	11.43	2
Isaiah	8	6	11.43	2
Jeremiah	1	15	11.43	2
Jeremiah	23	9	11.43	2
Jeremiah	32	28	11.43	2
Jeremiah	37	5	11.43	2
Jeremiah	46	2	11.43	2
Jeremiah	5	19	11.43	2
Jeremiah	6	30	11.43	2
Job	16	4	11.43	2
Job	19	8	11.43	2
Job	20	11	11.43	2
Job	33	19	11.43	2
Job	36	13	11.43	2
Job	6	14	11.43	2
John	1	27	11.43	2
John	11	27	11.43	2
John	11	9	11.43	2
John	14	31	11.43	2
John	16	12	11.43	2
John	16	21	11.43	2
John	2	4	11.43	2
John	7	15	11.43	2
John	8	2	11.43	2
Jonah	1	17	11.43	2
Judges	4	1	11.43	2
Judges	4	10	11.43	2
Judges	6	5	11.43	2
Lamentations	3	15	11.43	2
Lamentations	3	19	11.43	2
Lamentations	3	54	11.43	2
Lamentations	5	7	11.43	2
Leviticus	16	12	11.43	2
Leviticus	19	11	11.43	2
Leviticus	21	1	11.43	2
Leviticus	24	14	11.43	2
Leviticus	26	29	11.43	2
Leviticus	6	26	11.43	2
Leviticus	7	12	11.43	2
Luke	14	27	11.43	2
Luke	18	29	11.43	2
Luke	23	56	11.43	2
Luke	9	45	11.43	2
Mark	12	1	11.43	2
Mark	16	1	11.43	2
Mark	4	24	11.43	2
Matthew	10	1	11.43	2
Matthew	15	32	11.43	2
Matthew	20	26	11.43	2
Matthew	24	7	11.43	2
Matthew	27	23	11.43	2
Matthew	28	1	11.43	2
Matthew	3	3	11.43	2
Matthew	6	10	11.43	2
Matthew	6	4	11.43	2
Matthew	9	12	11.43	2
Nehemiah	1	4	11.43	2
Numbers	1	50	11.43	2
Numbers	12	14	11.43	2
Numbers	18	15	11.43	2
Numbers	24	8	11.43	2
Numbers	25	2	11.43	2
Philippians	3	14	11.43	2
Philippians	3	15	11.43	2
Philippians	4	5	11.43	2
Proverbs	15	27	11.43	2
Proverbs	16	12	11.43	2
Proverbs	18	14	11.43	2
Proverbs	18	22	11.43	2
Proverbs	28	20	11.43	2
Psalms	106	30	11.43	2
Psalms	139	17	11.43	2
Psalms	146	2	11.43	2
Psalms	147	12	11.43	2
Psalms	147	2	11.43	2
Psalms	148	2	11.43	2
Psalms	18	15	11.43	2
Psalms	18	35	11.43	2
Psalms	2	11	11.43	2
Psalms	25	18	11.43	2
Psalms	37	22	11.43	2
Psalms	37	9	11.43	2
Psalms	38	2	11.43	2
Psalms	6	8	11.43	2
Psalms	68	19	11.43	2
Psalms	73	13	11.43	2
Psalms	77	11	11.43	2
Psalms	78	37	11.43	2
Psalms	80	4	11.43	2
Psalms	87	2	11.43	2
Psalms	88	18	11.43	2
Psalms	9	5	11.43	2
Psalms	91	3	11.43	2
Revelation	16	11	11.43	2
Revelation	18	13	11.43	2
Romans	15	2	11.43	2
Ruth	2	4	11.43	2
Zechariah	1	9	11.43	2
Zechariah	11	2	11.43	2
Zechariah	2	1	11.43	2
Zephaniah	3	13	11.43	2
1 Chronicles	22	16	11.31	2
1 Chronicles	26	1	11.31	2
1 Chronicles	28	19	11.31	2
1 Chronicles	5	2	11.31	2
1 Corinthians	11	18	11.31	2
1 Corinthians	15	21	11.31	2
1 Corinthians	7	31	11.31	2
1 Kings	13	18	11.31	2
1 Kings	15	18	11.31	2
1 Kings	18	18	11.31	2
1 Kings	18	31	11.31	2
1 Kings	20	16	11.31	2
1 Kings	8	16	11.31	2
1 Peter	4	5	11.31	2
1 Samuel	1	6	11.31	2
1 Samuel	13	19	11.31	2
1 Samuel	17	49	11.31	2
1 Samuel	20	31	11.31	2
1 Samuel	4	21	11.31	2
1 Samuel	5	1	11.31	2
1 Samuel	5	11	11.31	2
1 Samuel	8	12	11.31	2
1 Thessalonians	5	16	11.31	2
2 Chronicles	1	12	11.31	2
2 Chronicles	32	5	11.31	2
2 Chronicles	36	9	11.31	2
2 Corinthians	2	13	11.31	2
2 Corinthians	7	2	11.31	2
2 Kings	18	37	11.31	2
2 Kings	22	17	11.31	2
2 Kings	23	27	11.31	2
2 Kings	6	16	11.31	2
2 Kings	6	31	11.31	2
2 Samuel	7	15	11.31	2
2 Samuel	7	27	11.31	2
2 Samuel	9	1	11.31	2
2 Timothy	3	3	11.31	2
3 John	1	12	11.31	2
Acts	12	25	11.31	2
Acts	2	16	11.31	2
Acts	5	1	11.31	2
Acts	6	14	11.31	2
Amos	2	1	11.31	2
Amos	2	12	11.31	2
Colossians	1	3	11.31	2
Colossians	3	18	11.31	2
Daniel	10	12	11.31	2
Deuteronomy	1	30	11.31	2
Deuteronomy	18	9	11.31	2
Deuteronomy	23	14	11.31	2
Deuteronomy	23	19	11.31	2
Deuteronomy	7	15	11.31	2
Deuteronomy	9	3	11.31	2
Ecclesiastes	8	15	11.31	2
Esther	5	14	11.31	2
Exodus	13	8	11.31	2
Exodus	18	19	11.31	2
Exodus	19	12	11.31	2
Exodus	25	23	11.31	2
Exodus	29	24	11.31	2
Exodus	29	4	11.31	2
Exodus	29	7	11.31	2
Exodus	33	3	11.31	2
Exodus	8	19	11.31	2
Exodus	9	33	11.31	2
Ezekiel	23	4	11.31	2
Ezekiel	36	20	11.31	2
Ezekiel	40	2	11.31	2
Ezra	10	2	11.31	2
Genesis	14	13	11.31	2
Genesis	22	3	11.31	2
Genesis	33	11	11.31	2
Genesis	40	15	11.31	2
Genesis	45	8	11.31	2
Genesis	50	10	11.31	2
Habakkuk	3	11	11.31	2
Hebrews	11	10	11.31	2
Hebrews	11	12	11.31	2
Hebrews	3	8	11.31	2
Hebrews	7	18	11.31	2
Hebrews	7	2	11.31	2
Hosea	2	6	11.31	2
Hosea	4	8	11.31	2
Isaiah	13	18	11.31	2
Isaiah	14	22	11.31	2
Isaiah	17	1	11.31	2
Isaiah	24	19	11.31	2
Isaiah	25	2	11.31	2
Isaiah	26	7	11.31	2
Isaiah	28	6	11.31	2
Isaiah	30	25	11.31	2
Isaiah	31	8	11.31	2
Isaiah	33	20	11.31	2
Isaiah	37	12	11.31	2
Isaiah	37	38	11.31	2
Isaiah	38	3	11.31	2
Isaiah	42	24	11.31	2
Isaiah	42	3	11.31	2
Isaiah	44	27	11.31	2
Isaiah	45	13	11.31	2
Isaiah	65	14	11.31	2
Jeremiah	2	3	11.31	2
Jeremiah	25	33	11.31	2
Jeremiah	8	18	11.31	2
Job	1	12	11.31	2
Job	12	10	11.31	2
Job	2	6	11.31	2
Job	29	16	11.31	2
Job	35	2	11.31	2
Job	38	2	11.31	2
Job	8	22	11.31	2
John	11	55	11.31	2
John	14	22	11.31	2
John	20	25	11.31	2
John	21	2	11.31	2
John	5	29	11.31	2
John	7	2	11.31	2
John	7	51	11.31	2
John	8	33	11.31	2
John	8	34	11.31	2
John	8	45	11.31	2
Joshua	10	40	11.31	2
Joshua	18	10	11.31	2
Judges	13	3	11.31	2
Judges	15	15	11.31	2
Judges	6	21	11.31	2
Leviticus	16	14	11.31	2
Leviticus	2	10	11.31	2
Leviticus	23	2	11.31	2
Leviticus	3	9	11.31	2
Leviticus	4	25	11.31	2
Luke	15	5	11.31	2
Luke	16	20	11.31	2
Luke	2	7	11.31	2
Luke	21	14	11.31	2
Luke	9	62	11.31	2
Mark	1	3	11.31	2
Mark	2	17	11.31	2
Mark	7	14	11.31	2
Mark	8	23	11.31	2
Matthew	1	6	11.31	2
Matthew	10	7	11.31	2
Matthew	12	39	11.31	2
Matthew	14	14	11.31	2
Matthew	20	1	11.31	2
Matthew	22	31	11.31	2
Matthew	25	10	11.31	2
Matthew	26	57	11.31	2
Matthew	26	75	11.31	2
Matthew	5	43	11.31	2
Nehemiah	6	9	11.31	2
Numbers	32	39	11.31	2
Numbers	6	2	11.31	2
Obadiah	1	1	11.31	2
Proverbs	10	11	11.31	2
Proverbs	10	9	11.31	2
Proverbs	11	20	11.31	2
Proverbs	16	5	11.31	2
Proverbs	3	2	11.31	2
Proverbs	5	18	11.31	2
Psalms	115	8	11.31	2
Psalms	119	83	11.31	2
Psalms	132	8	11.31	2
Psalms	143	12	11.31	2
Psalms	143	3	11.31	2
Psalms	144	12	11.31	2
Psalms	144	3	11.31	2
Psalms	16	2	11.31	2
Psalms	21	6	11.31	2
Psalms	22	13	11.31	2
Psalms	28	9	11.31	2
Psalms	3	6	11.31	2
Psalms	35	5	11.31	2
Psalms	38	20	11.31	2
Psalms	50	10	11.31	2
Psalms	55	15	11.31	2
Psalms	73	23	11.31	2
Psalms	78	1	11.31	2
Psalms	79	13	11.31	2
Psalms	83	9	11.31	2
Psalms	86	17	11.31	2
Psalms	97	8	11.31	2
Revelation	12	1	11.31	2
Revelation	7	3	11.31	2
Romans	4	3	11.31	2
Song of Solomon	4	1	11.31	2
Titus	2	4	11.31	2
Zephaniah	1	13	11.31	2
Zephaniah	1	4	11.31	2
1 Chronicles	13	5	11.19	2
1 Chronicles	17	1	11.19	2
1 Chronicles	6	1	11.19	2
1 Corinthians	14	25	11.19	2
1 Corinthians	15	5	11.19	2
1 Corinthians	15	55	11.19	2
1 Kings	14	29	11.19	2
1 Kings	2	28	11.19	2
1 Kings	20	1	11.19	2
1 Kings	3	13	11.19	2
1 Samuel	14	28	11.19	2
1 Samuel	14	39	11.19	2
1 Samuel	15	30	11.19	2
1 Samuel	16	11	11.19	2
1 Samuel	17	12	11.19	2
1 Samuel	2	22	11.19	2
1 Samuel	24	14	11.19	2
1 Samuel	24	9	11.19	2
1 Samuel	3	17	11.19	2
1 Samuel	5	3	11.19	2
1 Samuel	6	20	11.19	2
1 Timothy	5	5	11.19	2
2 Chronicles	13	7	11.19	2
2 Chronicles	20	25	11.19	2
2 Chronicles	25	15	11.19	2
2 Chronicles	25	2	11.19	2
2 Chronicles	30	9	11.19	2
2 Chronicles	32	26	11.19	2
2 Chronicles	36	1	11.19	2
2 Corinthians	2	11	11.19	2
2 Corinthians	2	4	11.19	2
2 Corinthians	9	1	11.19	2
2 Kings	10	32	11.19	2
2 Kings	14	26	11.19	2
2 Kings	2	24	11.19	2
2 Kings	25	6	11.19	2
2 Kings	25	7	11.19	2
2 Kings	8	18	11.19	2
2 Samuel	15	23	11.19	2
2 Timothy	2	18	11.19	2
Acts	13	52	11.19	2
Acts	16	26	11.19	2
Acts	2	45	11.19	2
Acts	22	19	11.19	2
Acts	23	26	11.19	2
Acts	25	16	11.19	2
Acts	25	9	11.19	2
Acts	4	26	11.19	2
Acts	7	44	11.19	2
Acts	9	14	11.19	2
Amos	4	2	11.19	2
Amos	7	17	11.19	2
Amos	7	2	11.19	2
Amos	9	12	11.19	2
Daniel	10	7	11.19	2
Daniel	9	13	11.19	2
Deuteronomy	11	25	11.19	2
Deuteronomy	15	10	11.19	2
Deuteronomy	15	11	11.19	2
Deuteronomy	30	15	11.19	2
Deuteronomy	30	17	11.19	2
Deuteronomy	5	24	11.19	2
Deuteronomy	6	12	11.19	2
Deuteronomy	7	19	11.19	2
Deuteronomy	9	24	11.19	2
Ecclesiastes	3	17	11.19	2
Esther	7	2	11.19	2
Esther	8	11	11.19	2
Exodus	15	25	11.19	2
Exodus	20	21	11.19	2
Exodus	29	42	11.19	2
Exodus	3	9	11.19	2
Exodus	31	6	11.19	2
Exodus	36	8	11.19	2
Exodus	6	1	11.19	2
Exodus	7	22	11.19	2
Ezekiel	16	36	11.19	2
Ezekiel	16	6	11.19	2
Ezekiel	17	23	11.19	2
Ezekiel	43	3	11.19	2
Ezra	3	2	11.19	2
Ezra	3	4	11.19	2
Ezra	6	14	11.19	2
Ezra	6	17	11.19	2
Ezra	7	1	11.19	2
Galatians	4	16	11.19	2
Genesis	1	27	11.19	2
Genesis	10	7	11.19	2
Genesis	12	6	11.19	2
Genesis	14	3	11.19	2
Genesis	17	4	11.19	2
Genesis	18	12	11.19	2
Genesis	20	17	11.19	2
Genesis	27	1	11.19	2
Genesis	33	4	11.19	2
Genesis	34	25	11.19	2
Genesis	38	24	11.19	2
Genesis	46	8	11.19	2
Hebrews	4	8	11.19	2
Hosea	10	2	11.19	2
Hosea	12	12	11.19	2
Isaiah	11	14	11.19	2
Isaiah	14	27	11.19	2
Isaiah	3	8	11.19	2
Isaiah	38	18	11.19	2
Isaiah	4	1	11.19	2
Isaiah	40	24	11.19	2
Isaiah	48	22	11.19	2
Isaiah	5	3	11.19	2
Isaiah	60	13	11.19	2
Isaiah	65	2	11.19	2
Isaiah	65	6	11.19	2
James	5	10	11.19	2
Jeremiah	25	30	11.19	2
Jeremiah	26	24	11.19	2
Jeremiah	27	8	11.19	2
Jeremiah	39	9	11.19	2
Jeremiah	43	10	11.19	2
Jeremiah	44	11	11.19	2
Jeremiah	48	41	11.19	2
Jeremiah	51	50	11.19	2
Jeremiah	51	56	11.19	2
Job	11	17	11.19	2
Job	2	8	11.19	2
Job	29	3	11.19	2
Job	42	11	11.19	2
John	18	3	11.19	2
John	19	31	11.19	2
John	4	35	11.19	2
John	4	36	11.19	2
John	5	27	11.19	2
Jonah	1	5	11.19	2
Joshua	2	11	11.19	2
Joshua	2	12	11.19	2
Joshua	22	17	11.19	2
Joshua	6	18	11.19	2
Judges	13	22	11.19	2
Judges	9	4	11.19	2
Judges	9	7	11.19	2
Lamentations	1	19	11.19	2
Lamentations	2	9	11.19	2
Leviticus	10	6	11.19	2
Leviticus	24	16	11.19	2
Leviticus	25	10	11.19	2
Leviticus	6	25	11.19	2
Luke	1	80	11.19	2
Luke	14	13	11.19	2
Luke	15	29	11.19	2
Luke	17	10	11.19	2
Luke	9	10	11.19	2
Malachi	2	9	11.19	2
Mark	14	10	11.19	2
Mark	2	7	11.19	2
Mark	6	45	11.19	2
Mark	6	7	11.19	2
Mark	8	36	11.19	2
Matthew	10	26	11.19	2
Matthew	13	12	11.19	2
Matthew	14	31	11.19	2
Matthew	19	30	11.19	2
Matthew	23	30	11.19	2
Matthew	26	33	11.19	2
Micah	6	7	11.19	2
Nehemiah	12	10	11.19	2
Numbers	1	51	11.19	2
Numbers	22	18	11.19	2
Numbers	23	22	11.19	2
Numbers	24	20	11.19	2
Numbers	25	6	11.19	2
Numbers	25	7	11.19	2
Numbers	9	13	11.19	2
Proverbs	12	22	11.19	2
Proverbs	14	12	11.19	2
Proverbs	15	20	11.19	2
Proverbs	19	13	11.19	2
Proverbs	22	16	11.19	2
Proverbs	22	6	11.19	2
Proverbs	28	27	11.19	2
Proverbs	7	1	11.19	2
Psalms	119	114	11.19	2
Psalms	119	70	11.19	2
Psalms	125	3	11.19	2
Psalms	31	1	11.19	2
Psalms	33	1	11.19	2
Psalms	47	6	11.19	2
Psalms	56	2	11.19	2
Psalms	57	11	11.19	2
Psalms	73	12	11.19	2
Psalms	76	2	11.19	2
Revelation	13	2	11.19	2
Revelation	15	8	11.19	2
Revelation	18	12	11.19	2
Revelation	2	19	11.19	2
Song of Solomon	4	7	11.19	2
Song of Solomon	8	5	11.19	2
Zechariah	1	5	11.19	2
1 Corinthians	10	24	11.07	2
1 Corinthians	9	15	11.07	2
1 John	4	13	11.07	2
1 John	5	5	11.07	2
1 Kings	1	21	11.07	2
1 Kings	11	43	11.07	2
1 Kings	15	4	11.07	2
1 Kings	22	3	11.07	2
1 Kings	6	1	11.07	2
1 Kings	6	12	11.07	2
1 Kings	8	23	11.07	2
1 Samuel	12	18	11.07	2
1 Samuel	15	18	11.07	2
1 Samuel	16	14	11.07	2
1 Samuel	22	14	11.07	2
1 Samuel	22	17	11.07	2
1 Samuel	25	18	11.07	2
1 Samuel	5	2	11.07	2
1 Samuel	7	9	11.07	2
2 Chronicles	32	19	11.07	2
2 Chronicles	35	7	11.07	2
2 Corinthians	11	6	11.07	2
2 Corinthians	4	13	11.07	2
2 Corinthians	7	13	11.07	2
2 Kings	15	30	11.07	2
2 Kings	23	34	11.07	2
2 Kings	4	38	11.07	2
2 Timothy	1	14	11.07	2
2 Timothy	3	4	11.07	2
Acts	1	4	11.07	2
Acts	11	24	11.07	2
Acts	13	3	11.07	2
Acts	15	21	11.07	2
Acts	23	29	11.07	2
Acts	8	5	11.07	2
Acts	9	24	11.07	2
Acts	9	41	11.07	2
Amos	1	8	11.07	2
Amos	8	8	11.07	2
Colossians	4	1	11.07	2
Daniel	2	20	11.07	2
Daniel	8	13	11.07	2
Deuteronomy	11	1	11.07	2
Deuteronomy	16	2	11.07	2
Deuteronomy	32	17	11.07	2
Deuteronomy	34	10	11.07	2
Ecclesiastes	12	8	11.07	2
Ecclesiastes	2	14	11.07	2
Ecclesiastes	7	2	11.07	2
Ecclesiastes	9	18	11.07	2
Ephesians	4	7	11.07	2
Exodus	1	17	11.07	2
Exodus	14	22	11.07	2
Exodus	28	2	11.07	2
Exodus	4	17	11.07	2
Ezekiel	18	8	11.07	2
Ezekiel	19	12	11.07	2
Ezekiel	19	14	11.07	2
Ezekiel	19	3	11.07	2
Ezekiel	26	16	11.07	2
Ezekiel	27	26	11.07	2
Ezekiel	27	3	11.07	2
Ezekiel	3	23	11.07	2
Ezekiel	30	14	11.07	2
Ezekiel	33	8	11.07	2
Ezekiel	34	4	11.07	2
Ezekiel	37	9	11.07	2
Ezekiel	38	11	11.07	2
Ezekiel	38	2	11.07	2
Ezekiel	38	21	11.07	2
Galatians	3	7	11.07	2
Galatians	4	22	11.07	2
Galatians	5	23	11.07	2
Genesis	10	2	11.07	2
Genesis	17	5	11.07	2
Genesis	19	22	11.07	2
Genesis	19	5	11.07	2
Genesis	24	67	11.07	2
Genesis	25	13	11.07	2
Genesis	49	23	11.07	2
Hebrews	2	13	11.07	2
Isaiah	24	6	11.07	2
Isaiah	30	29	11.07	2
Isaiah	36	22	11.07	2
Isaiah	41	1	11.07	2
Isaiah	43	9	11.07	2
Isaiah	5	28	11.07	2
Isaiah	51	20	11.07	2
Isaiah	52	3	11.07	2
Jeremiah	13	21	11.07	2
Jeremiah	14	10	11.07	2
Jeremiah	20	8	11.07	2
Jeremiah	23	12	11.07	2
Jeremiah	26	20	11.07	2
Jeremiah	32	44	11.07	2
Jeremiah	36	10	11.07	2
Jeremiah	49	2	11.07	2
Jeremiah	50	44	11.07	2
Job	13	21	11.07	2
Job	27	13	11.07	2
Job	31	33	11.07	2
Job	5	10	11.07	2
Job	5	14	11.07	2
Joel	1	9	11.07	2
Joel	3	12	11.07	2
John	1	19	11.07	2
John	1	43	11.07	2
John	1	46	11.07	2
John	11	53	11.07	2
John	18	4	11.07	2
John	3	11	11.07	2
John	6	11	11.07	2
John	6	48	11.07	2
John	6	58	11.07	2
John	7	3	11.07	2
Joshua	12	3	11.07	2
Joshua	4	9	11.07	2
Judges	11	18	11.07	2
Judges	11	34	11.07	2
Judges	13	2	11.07	2
Leviticus	10	9	11.07	2
Leviticus	15	19	11.07	2
Leviticus	20	24	11.07	2
Leviticus	21	10	11.07	2
Luke	10	12	11.07	2
Luke	21	17	11.07	2
Luke	24	29	11.07	2
Luke	24	41	11.07	2
Luke	7	14	11.07	2
Luke	9	59	11.07	2
Malachi	3	7	11.07	2
Mark	10	24	11.07	2
Mark	14	3	11.07	2
Mark	4	39	11.07	2
Mark	7	22	11.07	2
Matthew	10	34	11.07	2
Matthew	11	9	11.07	2
Matthew	12	3	11.07	2
Matthew	14	5	11.07	2
Matthew	18	5	11.07	2
Matthew	19	16	11.07	2
Matthew	22	23	11.07	2
Matthew	22	6	11.07	2
Matthew	24	28	11.07	2
Matthew	26	5	11.07	2
Matthew	27	12	11.07	2
Matthew	4	11	11.07	2
Matthew	5	25	11.07	2
Micah	3	10	11.07	2
Nehemiah	2	8	11.07	2
Numbers	10	29	11.07	2
Numbers	11	29	11.07	2
Numbers	13	30	11.07	2
Numbers	19	16	11.07	2
Numbers	19	18	11.07	2
Numbers	20	16	11.07	2
Numbers	35	31	11.07	2
Proverbs	1	12	11.07	2
Proverbs	20	4	11.07	2
Proverbs	22	14	11.07	2
Proverbs	31	6	11.07	2
Proverbs	4	13	11.07	2
Proverbs	4	5	11.07	2
Proverbs	6	34	11.07	2
Psalms	106	32	11.07	2
Psalms	119	101	11.07	2
Psalms	119	99	11.07	2
Psalms	120	3	11.07	2
Psalms	129	1	11.07	2
Psalms	130	2	11.07	2
Psalms	130	8	11.07	2
Psalms	135	19	11.07	2
Psalms	136	7	11.07	2
Psalms	142	2	11.07	2
Psalms	16	4	11.07	2
Psalms	18	40	11.07	2
Psalms	19	13	11.07	2
Psalms	35	27	11.07	2
Psalms	37	10	11.07	2
Psalms	50	4	11.07	2
Psalms	54	1	11.07	2
Psalms	58	4	11.07	2
Psalms	69	17	11.07	2
Psalms	80	12	11.07	2
Psalms	85	4	11.07	2
Psalms	87	3	11.07	2
Psalms	88	9	11.07	2
Psalms	89	33	11.07	2
Psalms	9	13	11.07	2
Psalms	93	5	11.07	2
Revelation	3	2	11.07	2
Revelation	4	7	11.07	2
Romans	1	11	11.07	2
Romans	12	21	11.07	2
Romans	15	6	11.07	2
Romans	2	9	11.07	2
Zechariah	11	15	11.07	2
Zechariah	8	4	11.07	2
Zephaniah	3	2	11.07	2
Zephaniah	3	6	11.07	2
1 Chronicles	22	7	10.95	2
1 Chronicles	23	12	10.95	2
1 Chronicles	23	3	10.95	2
1 Chronicles	29	12	10.95	2
1 Corinthians	11	25	10.95	2
1 Corinthians	4	8	10.95	2
1 Corinthians	8	11	10.95	2
1 Kings	18	10	10.95	2
1 Kings	2	31	10.95	2
1 Kings	3	4	10.95	2
1 Kings	8	37	10.95	2
1 Samuel	12	12	10.95	2
1 Samuel	25	2	10.95	2
1 Samuel	28	15	10.95	2
1 Samuel	30	7	10.95	2
1 Samuel	4	1	10.95	2
1 Thessalonians	3	7	10.95	2
2 Chronicles	15	8	10.95	2
2 Chronicles	28	9	10.95	2
2 Chronicles	7	19	10.95	2
2 Corinthians	1	15	10.95	2
2 Corinthians	2	9	10.95	2
2 Kings	17	5	10.95	2
2 Kings	2	2	10.95	2
2 Kings	23	15	10.95	2
2 Peter	2	2	10.95	2
2 Samuel	18	17	10.95	2
2 Samuel	24	14	10.95	2
2 Samuel	24	17	10.95	2
2 Samuel	5	23	10.95	2
3 John	1	5	10.95	2
Acts	14	6	10.95	2
Acts	19	18	10.95	2
Acts	2	28	10.95	2
Acts	22	12	10.95	2
Acts	5	11	10.95	2
Acts	5	4	10.95	2
Acts	7	26	10.95	2
Acts	7	5	10.95	2
Acts	8	14	10.95	2
Amos	5	25	10.95	2
Amos	7	13	10.95	2
Amos	7	6	10.95	2
Colossians	1	1	10.95	2
Daniel	7	2	10.95	2
Daniel	8	23	10.95	2
Deuteronomy	10	9	10.95	2
Deuteronomy	11	26	10.95	2
Deuteronomy	14	23	10.95	2
Deuteronomy	22	8	10.95	2
Deuteronomy	28	59	10.95	2
Deuteronomy	32	37	10.95	2
Deuteronomy	32	49	10.95	2
Deuteronomy	9	22	10.95	2
Ecclesiastes	3	14	10.95	2
Ephesians	6	21	10.95	2
Esther	9	22	10.95	2
Exodus	12	10	10.95	2
Exodus	16	23	10.95	2
Exodus	20	13	10.95	2
Exodus	28	36	10.95	2
Exodus	29	14	10.95	2
Exodus	33	11	10.95	2
Exodus	34	21	10.95	2
Exodus	37	29	10.95	2
Exodus	5	1	10.95	2
Exodus	7	13	10.95	2
Ezekiel	10	14	10.95	2
Ezekiel	10	18	10.95	2
Ezekiel	13	16	10.95	2
Ezekiel	13	2	10.95	2
Ezekiel	16	10	10.95	2
Ezekiel	20	33	10.95	2
Ezekiel	22	14	10.95	2
Ezekiel	26	15	10.95	2
Ezekiel	33	27	10.95	2
Ezekiel	35	3	10.95	2
Ezekiel	36	10	10.95	2
Ezekiel	42	13	10.95	2
Ezekiel	5	17	10.95	2
Ezra	8	25	10.95	2
Ezra	9	11	10.95	2
Ezra	9	2	10.95	2
Galatians	2	15	10.95	2
Genesis	25	6	10.95	2
Genesis	26	7	10.95	2
Genesis	28	4	10.95	2
Genesis	30	2	10.95	2
Genesis	31	30	10.95	2
Genesis	35	23	10.95	2
Genesis	37	7	10.95	2
Genesis	4	7	10.95	2
Hebrews	10	20	10.95	2
Hosea	13	1	10.95	2
Hosea	9	6	10.95	2
Isaiah	14	20	10.95	2
Isaiah	33	10	10.95	2
Isaiah	42	18	10.95	2
Isaiah	54	6	10.95	2
Isaiah	55	9	10.95	2
Isaiah	59	9	10.95	2
Isaiah	60	15	10.95	2
Isaiah	60	22	10.95	2
Isaiah	66	11	10.95	2
Jeremiah	1	1	10.95	2
Jeremiah	10	21	10.95	2
Jeremiah	23	22	10.95	2
Jeremiah	25	22	10.95	2
Jeremiah	3	9	10.95	2
Jeremiah	30	24	10.95	2
Jeremiah	32	3	10.95	2
Jeremiah	32	34	10.95	2
Jeremiah	38	7	10.95	2
Jeremiah	39	10	10.95	2
Jeremiah	39	2	10.95	2
Jeremiah	4	28	10.95	2
Jeremiah	5	27	10.95	2
Jeremiah	7	25	10.95	2
Jeremiah	7	29	10.95	2
Jeremiah	9	15	10.95	2
Jeremiah	9	16	10.95	2
Job	19	6	10.95	2
Job	22	5	10.95	2
John	1	40	10.95	2
John	11	35	10.95	2
John	12	20	10.95	2
John	16	14	10.95	2
John	21	7	10.95	2
John	3	8	10.95	2
John	5	16	10.95	2
John	5	8	10.95	2
John	6	46	10.95	2
John	6	64	10.95	2
John	6	65	10.95	2
John	8	7	10.95	2
Joshua	13	9	10.95	2
Joshua	16	3	10.95	2
Judges	11	24	10.95	2
Judges	16	25	10.95	2
Judges	2	17	10.95	2
Judges	20	28	10.95	2
Leviticus	14	10	10.95	2
Leviticus	20	22	10.95	2
Leviticus	26	6	10.95	2
Leviticus	9	23	10.95	2
Luke	11	47	10.95	2
Luke	11	51	10.95	2
Luke	13	32	10.95	2
Luke	19	17	10.95	2
Luke	2	36	10.95	2
Luke	21	5	10.95	2
Luke	23	4	10.95	2
Luke	23	41	10.95	2
Luke	3	14	10.95	2
Luke	5	14	10.95	2
Luke	6	47	10.95	2
Luke	7	21	10.95	2
Luke	9	35	10.95	2
Mark	11	22	10.95	2
Mark	11	23	10.95	2
Mark	13	27	10.95	2
Mark	6	17	10.95	2
Matthew	12	20	10.95	2
Matthew	12	48	10.95	2
Matthew	13	10	10.95	2
Matthew	13	16	10.95	2
Matthew	23	15	10.95	2
Matthew	25	30	10.95	2
Matthew	26	74	10.95	2
Matthew	8	10	10.95	2
Matthew	8	17	10.95	2
Nehemiah	2	17	10.95	2
Nehemiah	8	4	10.95	2
Numbers	15	35	10.95	2
Numbers	3	38	10.95	2
Proverbs	1	18	10.95	2
Proverbs	10	25	10.95	2
Proverbs	10	31	10.95	2
Proverbs	14	17	10.95	2
Proverbs	27	20	10.95	2
Proverbs	3	33	10.95	2
Psalms	106	41	10.95	2
Psalms	135	6	10.95	2
Psalms	146	1	10.95	2
Psalms	148	4	10.95	2
Psalms	15	3	10.95	2
Psalms	18	12	10.95	2
Psalms	18	14	10.95	2
Psalms	28	8	10.95	2
Psalms	59	10	10.95	2
Psalms	65	1	10.95	2
Psalms	77	10	10.95	2
Psalms	91	8	10.95	2
Revelation	1	14	10.95	2
Revelation	21	12	10.95	2
Revelation	9	3	10.95	2
Romans	15	26	10.95	2
Romans	2	12	10.95	2
Romans	4	1	10.95	2
Song of Solomon	1	15	10.95	2
Zechariah	14	3	10.95	2
Zechariah	9	12	10.95	2
1 Chronicles	15	17	10.83	2
1 Corinthians	6	16	10.83	2
1 John	2	14	10.83	2
1 Kings	1	25	10.83	2
1 Kings	1	38	10.83	2
1 Kings	15	30	10.83	2
1 Kings	20	11	10.83	2
1 Kings	21	9	10.83	2
1 Kings	8	15	10.83	2
1 Peter	5	11	10.83	2
1 Samuel	30	17	10.83	2
1 Samuel	4	8	10.83	2
1 Thessalonians	2	8	10.83	2
1 Timothy	4	7	10.83	2
2 Chronicles	20	34	10.83	2
2 Chronicles	26	6	10.83	2
2 Corinthians	11	20	10.83	2
2 Corinthians	13	3	10.83	2
2 Corinthians	5	6	10.83	2
2 Kings	18	14	10.83	2
2 Kings	18	22	10.83	2
2 Kings	23	12	10.83	2
2 Kings	5	16	10.83	2
2 Kings	9	7	10.83	2
2 Samuel	15	10	10.83	2
2 Samuel	22	47	10.83	2
2 Samuel	23	6	10.83	2
2 Timothy	2	21	10.83	2
Acts	10	11	10.83	2
Acts	14	14	10.83	2
Acts	15	39	10.83	2
Acts	17	16	10.83	2
Acts	18	26	10.83	2
Acts	2	14	10.83	2
Acts	26	13	10.83	2
Acts	26	5	10.83	2
Acts	8	4	10.83	2
Colossians	3	6	10.83	2
Daniel	2	12	10.83	2
Daniel	2	48	10.83	2
Daniel	5	5	10.83	2
Deuteronomy	14	3	10.83	2
Deuteronomy	2	19	10.83	2
Deuteronomy	2	24	10.83	2
Deuteronomy	25	1	10.83	2
Deuteronomy	28	2	10.83	2
Deuteronomy	4	25	10.83	2
Deuteronomy	9	6	10.83	2
Ephesians	4	23	10.83	2
Esther	3	1	10.83	2
Exodus	12	11	10.83	2
Exodus	12	35	10.83	2
Exodus	16	29	10.83	2
Exodus	2	16	10.83	2
Exodus	21	2	10.83	2
Exodus	23	28	10.83	2
Exodus	24	9	10.83	2
Exodus	29	37	10.83	2
Exodus	3	4	10.83	2
Exodus	35	5	10.83	2
Exodus	40	3	10.83	2
Exodus	5	21	10.83	2
Exodus	6	18	10.83	2
Exodus	7	3	10.83	2
Ezekiel	20	26	10.83	2
Ezekiel	22	28	10.83	2
Ezekiel	28	17	10.83	2
Ezekiel	33	22	10.83	2
Ezekiel	33	6	10.83	2
Ezekiel	34	10	10.83	2
Ezekiel	45	9	10.83	2
Galatians	1	24	10.83	2
Genesis	16	8	10.83	2
Genesis	18	11	10.83	2
Genesis	25	12	10.83	2
Genesis	25	18	10.83	2
Genesis	25	27	10.83	2
Genesis	26	28	10.83	2
Genesis	31	41	10.83	2
Genesis	34	3	10.83	2
Genesis	40	20	10.83	2
Genesis	41	43	10.83	2
Haggai	2	9	10.83	2
Hebrews	7	17	10.83	2
Hosea	8	6	10.83	2
Isaiah	16	8	10.83	2
Isaiah	3	15	10.83	2
Isaiah	31	6	10.83	2
Isaiah	38	1	10.83	2
Isaiah	39	7	10.83	2
Isaiah	57	7	10.83	2
Jeremiah	11	21	10.83	2
Jeremiah	13	10	10.83	2
Jeremiah	18	8	10.83	2
Jeremiah	19	5	10.83	2
Jeremiah	21	14	10.83	2
Jeremiah	23	10	10.83	2
Jeremiah	26	11	10.83	2
Jeremiah	31	25	10.83	2
Jeremiah	43	7	10.83	2
Jeremiah	47	1	10.83	2
Jeremiah	47	3	10.83	2
Jeremiah	48	10	10.83	2
Jeremiah	50	21	10.83	2
Jeremiah	51	19	10.83	2
Jeremiah	52	17	10.83	2
Job	14	5	10.83	2
Job	22	2	10.83	2
Job	33	16	10.83	2
Job	34	22	10.83	2
Job	36	7	10.83	2
Job	4	9	10.83	2
Joel	2	20	10.83	2
Joel	3	1	10.83	2
John	1	38	10.83	2
John	10	31	10.83	2
John	6	1	10.83	2
John	6	31	10.83	2
John	8	38	10.83	2
Jonah	2	3	10.83	2
Joshua	10	28	10.83	2
Joshua	17	14	10.83	2
Joshua	3	17	10.83	2
Judges	15	18	10.83	2
Judges	5	30	10.83	2
Judges	9	1	10.83	2
Lamentations	4	4	10.83	2
Lamentations	5	10	10.83	2
Leviticus	1	17	10.83	2
Luke	1	7	10.83	2
Luke	11	29	10.83	2
Luke	12	21	10.83	2
Luke	14	1	10.83	2
Luke	17	3	10.83	2
Luke	18	24	10.83	2
Luke	18	42	10.83	2
Luke	20	47	10.83	2
Luke	23	50	10.83	2
Luke	3	11	10.83	2
Luke	6	25	10.83	2
Mark	1	10	10.83	2
Mark	1	11	10.83	2
Mark	10	17	10.83	2
Mark	13	19	10.83	2
Mark	14	36	10.83	2
Mark	5	37	10.83	2
Matthew	10	15	10.83	2
Matthew	13	34	10.83	2
Matthew	17	9	10.83	2
Matthew	18	21	10.83	2
Matthew	18	8	10.83	2
Matthew	20	21	10.83	2
Matthew	22	46	10.83	2
Matthew	24	36	10.83	2
Matthew	25	26	10.83	2
Matthew	27	26	10.83	2
Matthew	27	57	10.83	2
Matthew	27	60	10.83	2
Matthew	28	3	10.83	2
Matthew	4	19	10.83	2
Matthew	4	7	10.83	2
Matthew	7	19	10.83	2
Matthew	7	25	10.83	2
Matthew	8	24	10.83	2
Micah	5	10	10.83	2
Nehemiah	9	3	10.83	2
Nehemiah	9	36	10.83	2
Numbers	14	12	10.83	2
Numbers	14	2	10.83	2
Numbers	14	23	10.83	2
Numbers	15	4	10.83	2
Numbers	22	1	10.83	2
Numbers	32	11	10.83	2
Obadiah	1	4	10.83	2
Philemon	1	16	10.83	2
Philemon	1	8	10.83	2
Proverbs	10	27	10.83	2
Proverbs	14	1	10.83	2
Proverbs	15	5	10.83	2
Proverbs	18	5	10.83	2
Proverbs	20	10	10.83	2
Proverbs	27	2	10.83	2
Proverbs	30	20	10.83	2
Proverbs	6	18	10.83	2
Psalms	102	16	10.83	2
Psalms	102	19	10.83	2
Psalms	102	28	10.83	2
Psalms	106	22	10.83	2
Psalms	107	6	10.83	2
Psalms	119	137	10.83	2
Psalms	119	27	10.83	2
Psalms	139	14	10.83	2
Psalms	140	1	10.83	2
Psalms	143	1	10.83	2
Psalms	18	47	10.83	2
Psalms	30	1	10.83	2
Psalms	31	14	10.83	2
Psalms	33	7	10.83	2
Psalms	35	21	10.83	2
Psalms	37	20	10.83	2
Psalms	55	20	10.83	2
Psalms	73	20	10.83	2
Psalms	78	42	10.83	2
Psalms	81	2	10.83	2
Psalms	86	12	10.83	2
Psalms	89	30	10.83	2
Psalms	92	4	10.83	2
Psalms	94	4	10.83	2
Psalms	95	9	10.83	2
Revelation	10	5	10.83	2
Revelation	11	12	10.83	2
Revelation	14	5	10.83	2
Revelation	2	25	10.83	2
Revelation	22	10	10.83	2
Revelation	3	13	10.83	2
Revelation	3	6	10.83	2
Romans	11	30	10.83	2
Romans	15	27	10.83	2
Romans	2	15	10.83	2
Romans	8	18	10.83	2
Romans	9	19	10.83	2
Song of Solomon	6	2	10.83	2
Zechariah	8	21	10.83	2
Zephaniah	3	16	10.83	2
1 Chronicles	12	17	10.71	2
1 Chronicles	12	32	10.71	2
1 Chronicles	16	5	10.71	2
1 Chronicles	24	31	10.71	2
1 Chronicles	29	29	10.71	2
1 Corinthians	1	13	10.71	2
1 Corinthians	10	14	10.71	2
1 Corinthians	11	31	10.71	2
1 John	2	10	10.71	2
1 John	2	21	10.71	2
1 Kings	22	43	10.71	2
1 Kings	4	30	10.71	2
1 Kings	8	41	10.71	2
1 Peter	3	13	10.71	2
1 Samuel	1	17	10.71	2
1 Samuel	17	43	10.71	2
1 Samuel	18	10	10.71	2
1 Samuel	19	20	10.71	2
1 Samuel	19	4	10.71	2
1 Samuel	25	24	10.71	2
1 Samuel	7	1	10.71	2
1 Samuel	7	8	10.71	2
1 Samuel	9	21	10.71	2
1 Thessalonians	2	17	10.71	2
1 Timothy	2	1	10.71	2
2 Corinthians	12	5	10.71	2
2 Kings	14	10	10.71	2
2 Kings	25	25	10.71	2
2 Kings	5	5	10.71	2
2 Kings	9	1	10.71	2
2 Samuel	11	27	10.71	2
2 Samuel	11	3	10.71	2
2 Samuel	13	19	10.71	2
2 Samuel	19	22	10.71	2
2 Samuel	23	8	10.71	2
2 Samuel	3	2	10.71	2
2 Samuel	3	29	10.71	2
2 Samuel	5	11	10.71	2
Acts	15	6	10.71	2
Acts	16	22	10.71	2
Acts	19	24	10.71	2
Acts	20	1	10.71	2
Acts	21	8	10.71	2
Acts	22	4	10.71	2
Acts	24	13	10.71	2
Acts	27	3	10.71	2
Acts	28	27	10.71	2
Acts	5	42	10.71	2
Acts	9	22	10.71	2
Amos	5	5	10.71	2
Daniel	2	19	10.71	2
Daniel	3	25	10.71	2
Daniel	6	16	10.71	2
Deuteronomy	11	22	10.71	2
Deuteronomy	17	6	10.71	2
Deuteronomy	25	19	10.71	2
Deuteronomy	29	28	10.71	2
Deuteronomy	9	29	10.71	2
Esther	3	6	10.71	2
Esther	7	4	10.71	2
Esther	7	6	10.71	2
Exodus	15	10	10.71	2
Exodus	19	15	10.71	2
Exodus	24	16	10.71	2
Exodus	29	10	10.71	2
Exodus	29	18	10.71	2
Exodus	3	19	10.71	2
Ezekiel	14	8	10.71	2
Ezekiel	16	59	10.71	2
Ezekiel	20	20	10.71	2
Ezekiel	21	9	10.71	2
Ezekiel	23	5	10.71	2
Ezekiel	24	17	10.71	2
Ezekiel	29	1	10.71	2
Ezekiel	33	25	10.71	2
Ezekiel	34	6	10.71	2
Ezekiel	35	9	10.71	2
Ezekiel	37	14	10.71	2
Ezekiel	40	4	10.71	2
Ezra	4	2	10.71	2
Ezra	7	24	10.71	2
Genesis	15	6	10.71	2
Genesis	18	17	10.71	2
Genesis	23	2	10.71	2
Genesis	24	15	10.71	2
Genesis	26	34	10.71	2
Genesis	33	18	10.71	2
Genesis	35	29	10.71	2
Genesis	37	14	10.71	2
Genesis	42	22	10.71	2
Genesis	49	7	10.71	2
Genesis	50	13	10.71	2
Hebrews	12	4	10.71	2
Hebrews	3	11	10.71	2
Hosea	10	9	10.71	2
Hosea	2	21	10.71	2
Hosea	5	12	10.71	2
Hosea	7	13	10.71	2
Hosea	9	16	10.71	2
Isaiah	1	8	10.71	2
Isaiah	10	27	10.71	2
Isaiah	16	7	10.71	2
Isaiah	21	11	10.71	2
Isaiah	26	5	10.71	2
Isaiah	41	5	10.71	2
Isaiah	44	1	10.71	2
Isaiah	44	19	10.71	2
Isaiah	56	4	10.71	2
Isaiah	65	22	10.71	2
Isaiah	7	11	10.71	2
Isaiah	9	5	10.71	2
Jeremiah	11	22	10.71	2
Jeremiah	16	13	10.71	2
Jeremiah	17	1	10.71	2
Jeremiah	25	14	10.71	2
Jeremiah	3	20	10.71	2
Jeremiah	4	1	10.71	2
Jeremiah	42	10	10.71	2
Jeremiah	42	22	10.71	2
Jeremiah	44	15	10.71	2
Jeremiah	45	4	10.71	2
Jeremiah	45	5	10.71	2
Jeremiah	51	48	10.71	2
Jeremiah	52	28	10.71	2
Jeremiah	9	7	10.71	2
Job	10	8	10.71	2
Job	21	27	10.71	2
Job	34	11	10.71	2
Job	37	2	10.71	2
Job	42	16	10.71	2
Job	6	15	10.71	2
Job	9	32	10.71	2
Joel	1	18	10.71	2
Joel	3	21	10.71	2
John	12	39	10.71	2
John	17	16	10.71	2
John	17	20	10.71	2
John	19	34	10.71	2
John	3	25	10.71	2
John	5	40	10.71	2
John	5	41	10.71	2
John	7	1	10.71	2
John	7	6	10.71	2
Joshua	15	9	10.71	2
Joshua	24	27	10.71	2
Joshua	9	1	10.71	2
Judges	17	5	10.71	2
Judges	3	31	10.71	2
Judges	6	13	10.71	2
Judges	6	2	10.71	2
Lamentations	3	31	10.71	2
Leviticus	1	11	10.71	2
Leviticus	20	17	10.71	2
Leviticus	21	22	10.71	2
Leviticus	23	36	10.71	2
Leviticus	6	6	10.71	2
Luke	13	16	10.71	2
Luke	17	6	10.71	2
Luke	23	43	10.71	2
Luke	5	29	10.71	2
Luke	7	37	10.71	2
Luke	9	7	10.71	2
Mark	9	2	10.71	2
Matthew	13	57	10.71	2
Matthew	17	25	10.71	2
Matthew	21	32	10.71	2
Matthew	27	55	10.71	2
Matthew	4	21	10.71	2
Matthew	5	34	10.71	2
Matthew	6	34	10.71	2
Matthew	6	7	10.71	2
Nehemiah	4	7	10.71	2
Nehemiah	8	2	10.71	2
Numbers	16	30	10.71	2
Numbers	7	13	10.71	2
Proverbs	13	9	10.71	2
Proverbs	14	6	10.71	2
Proverbs	17	6	10.71	2
Proverbs	22	19	10.71	2
Proverbs	25	27	10.71	2
Proverbs	26	20	10.71	2
Psalms	107	17	10.71	2
Psalms	119	132	10.71	2
Psalms	119	160	10.71	2
Psalms	119	173	10.71	2
Psalms	14	5	10.71	2
Psalms	22	21	10.71	2
Psalms	3	5	10.71	2
Psalms	35	12	10.71	2
Psalms	37	31	10.71	2
Psalms	5	11	10.71	2
Psalms	57	8	10.71	2
Psalms	58	6	10.71	2
Psalms	6	5	10.71	2
Psalms	61	3	10.71	2
Psalms	69	19	10.71	2
Psalms	69	32	10.71	2
Psalms	71	14	10.71	2
Psalms	74	3	10.71	2
Psalms	88	3	10.71	2
Revelation	10	4	10.71	2
Revelation	22	19	10.71	2
Revelation	9	6	10.71	2
Romans	10	10	10.71	2
Romans	11	12	10.71	2
Romans	15	20	10.71	2
Romans	7	25	10.71	2
Song of Solomon	4	9	10.71	2
Song of Solomon	6	11	10.71	2
1 Chronicles	2	13	10.58	2
1 Corinthians	14	12	10.58	2
1 Corinthians	6	5	10.58	2
1 Kings	11	29	10.58	2
1 Kings	12	29	10.58	2
1 Kings	16	24	10.58	2
1 Kings	16	7	10.58	2
1 Kings	19	8	10.58	2
1 Kings	19	9	10.58	2
1 Kings	2	7	10.58	2
1 Kings	22	16	10.58	2
1 Samuel	1	3	10.58	2
1 Samuel	10	2	10.58	2
1 Samuel	15	19	10.58	2
1 Samuel	15	9	10.58	2
1 Samuel	22	20	10.58	2
1 Samuel	25	25	10.58	2
1 Samuel	4	12	10.58	2
1 Samuel	5	9	10.58	2
1 Samuel	7	6	10.58	2
1 Thessalonians	2	7	10.58	2
1 Thessalonians	5	19	10.58	2
1 Thessalonians	5	25	10.58	2
1 Timothy	3	4	10.58	2
2 Chronicles	11	16	10.58	2
2 Chronicles	18	31	10.58	2
2 Chronicles	30	19	10.58	2
2 Chronicles	30	21	10.58	2
2 Chronicles	30	6	10.58	2
2 Chronicles	32	12	10.58	2
2 Corinthians	11	16	10.58	2
2 Corinthians	7	11	10.58	2
2 Corinthians	9	15	10.58	2
2 Kings	1	9	10.58	2
2 Kings	16	10	10.58	2
2 Kings	23	11	10.58	2
2 Samuel	6	20	10.58	2
2 Timothy	4	4	10.58	2
Acts	1	1	10.58	2
Acts	13	18	10.58	2
Acts	13	31	10.58	2
Acts	17	14	10.58	2
Acts	17	17	10.58	2
Acts	17	4	10.58	2
Acts	23	30	10.58	2
Acts	27	25	10.58	2
Acts	7	39	10.58	2
Amos	1	4	10.58	2
Daniel	1	20	10.58	2
Daniel	1	8	10.58	2
Daniel	6	13	10.58	2
Daniel	8	3	10.58	2
Daniel	9	23	10.58	2
Deuteronomy	1	10	10.58	2
Deuteronomy	17	7	10.58	2
Deuteronomy	24	16	10.58	2
Deuteronomy	24	7	10.58	2
Deuteronomy	28	11	10.58	2
Deuteronomy	31	26	10.58	2
Deuteronomy	32	34	10.58	2
Deuteronomy	8	12	10.58	2
Ecclesiastes	7	25	10.58	2
Esther	3	13	10.58	2
Esther	3	5	10.58	2
Exodus	12	30	10.58	2
Exodus	12	31	10.58	2
Exodus	24	17	10.58	2
Exodus	40	16	10.58	2
Ezekiel	16	16	10.58	2
Ezekiel	2	9	10.58	2
Ezekiel	25	16	10.58	2
Ezekiel	27	13	10.58	2
Ezra	2	2	10.58	2
Ezra	2	63	10.58	2
Ezra	4	12	10.58	2
Galatians	4	13	10.58	2
Genesis	11	7	10.58	2
Genesis	16	11	10.58	2
Genesis	26	1	10.58	2
Genesis	27	4	10.58	2
Genesis	30	30	10.58	2
Genesis	43	30	10.58	2
Hebrews	10	7	10.58	2
Hebrews	7	3	10.58	2
Hosea	10	6	10.58	2
Hosea	6	9	10.58	2
Isaiah	14	11	10.58	2
Isaiah	15	4	10.58	2
Isaiah	16	11	10.58	2
Isaiah	17	2	10.58	2
Isaiah	30	20	10.58	2
Isaiah	32	20	10.58	2
Isaiah	38	22	10.58	2
Isaiah	47	4	10.58	2
Isaiah	64	11	10.58	2
Isaiah	65	10	10.58	2
Isaiah	66	17	10.58	2
Jeremiah	15	15	10.58	2
Jeremiah	16	10	10.58	2
Jeremiah	24	10	10.58	2
Jeremiah	25	1	10.58	2
Jeremiah	25	5	10.58	2
Jeremiah	32	4	10.58	2
Jeremiah	33	14	10.58	2
Jeremiah	43	12	10.58	2
Jeremiah	48	26	10.58	2
Jeremiah	5	17	10.58	2
Jeremiah	5	8	10.58	2
Jeremiah	50	14	10.58	2
Jeremiah	51	17	10.58	2
Jeremiah	51	62	10.58	2
Jeremiah	6	17	10.58	2
Jeremiah	8	15	10.58	2
Job	12	21	10.58	2
Job	16	2	10.58	2
Job	21	20	10.58	2
Job	22	17	10.58	2
Job	26	7	10.58	2
Job	5	3	10.58	2
Joel	3	13	10.58	2
John	12	36	10.58	2
John	13	27	10.58	2
John	13	35	10.58	2
John	16	5	10.58	2
John	6	30	10.58	2
John	9	7	10.58	2
Joshua	19	28	10.58	2
Joshua	2	24	10.58	2
Joshua	24	4	10.58	2
Joshua	3	7	10.58	2
Joshua	8	2	10.58	2
Judges	11	30	10.58	2
Judges	2	16	10.58	2
Judges	5	9	10.58	2
Lamentations	1	7	10.58	2
Lamentations	4	12	10.58	2
Leviticus	12	3	10.58	2
Leviticus	26	27	10.58	2
Leviticus	26	44	10.58	2
Leviticus	4	30	10.58	2
Luke	1	48	10.58	2
Luke	1	77	10.58	2
Luke	13	13	10.58	2
Luke	17	31	10.58	2
Luke	18	12	10.58	2
Luke	23	36	10.58	2
Luke	24	36	10.58	2
Luke	3	7	10.58	2
Mark	10	19	10.58	2
Mark	15	15	10.58	2
Mark	4	33	10.58	2
Matthew	10	20	10.58	2
Matthew	12	25	10.58	2
Matthew	18	1	10.58	2
Matthew	18	12	10.58	2
Matthew	22	34	10.58	2
Matthew	25	6	10.58	2
Matthew	26	49	10.58	2
Matthew	4	12	10.58	2
Matthew	4	6	10.58	2
Matthew	4	8	10.58	2
Matthew	5	21	10.58	2
Matthew	6	23	10.58	2
Micah	1	13	10.58	2
Nahum	1	9	10.58	2
Nehemiah	11	17	10.58	2
Nehemiah	6	1	10.58	2
Numbers	14	31	10.58	2
Numbers	14	5	10.58	2
Numbers	25	4	10.58	2
Numbers	27	1	10.58	2
Numbers	3	12	10.58	2
Numbers	34	3	10.58	2
Numbers	8	7	10.58	2
Philippians	1	12	10.58	2
Philippians	4	14	10.58	2
Philemon	1	22	10.58	2
Proverbs	13	13	10.58	2
Proverbs	17	8	10.58	2
Proverbs	2	22	10.58	2
Proverbs	21	23	10.58	2
Proverbs	22	13	10.58	2
Proverbs	23	15	10.58	2
Proverbs	3	19	10.58	2
Proverbs	30	14	10.58	2
Proverbs	6	9	10.58	2
Proverbs	8	18	10.58	2
Psalms	105	34	10.58	2
Psalms	106	16	10.58	2
Psalms	108	4	10.58	2
Psalms	110	6	10.58	2
Psalms	116	15	10.58	2
Psalms	118	18	10.58	2
Psalms	119	144	10.58	2
Psalms	119	51	10.58	2
Psalms	119	90	10.58	2
Psalms	119	92	10.58	2
Psalms	143	4	10.58	2
Psalms	18	41	10.58	2
Psalms	20	4	10.58	2
Psalms	22	11	10.58	2
Psalms	31	2	10.58	2
Psalms	45	5	10.58	2
Psalms	49	16	10.58	2
Psalms	59	16	10.58	2
Psalms	61	4	10.58	2
Psalms	65	3	10.58	2
Psalms	66	1	10.58	2
Psalms	68	9	10.58	2
Psalms	75	3	10.58	2
Psalms	80	15	10.58	2
Psalms	90	12	10.58	2
Psalms	97	12	10.58	2
Revelation	13	13	10.58	2
Revelation	13	16	10.58	2
Revelation	19	3	10.58	2
Revelation	6	11	10.58	2
Ruth	1	20	10.58	2
Song of Solomon	4	16	10.58	2
Song of Solomon	7	12	10.58	2
Zechariah	3	2	10.58	2
Zephaniah	1	9	10.58	2
1 Chronicles	15	1	10.46	2
1 Chronicles	15	2	10.46	2
1 Chronicles	23	24	10.46	2
1 Chronicles	28	4	10.46	2
1 Chronicles	6	39	10.46	2
1 Corinthians	10	23	10.46	2
1 Corinthians	14	19	10.46	2
1 Corinthians	7	39	10.46	2
1 Corinthians	8	2	10.46	2
1 Kings	12	1	10.46	2
1 Kings	19	19	10.46	2
1 Samuel	12	11	10.46	2
1 Samuel	17	55	10.46	2
1 Samuel	23	23	10.46	2
1 Samuel	26	18	10.46	2
1 Samuel	3	12	10.46	2
1 Samuel	9	13	10.46	2
2 Chronicles	15	3	10.46	2
2 Chronicles	17	14	10.46	2
2 Chronicles	31	4	10.46	2
2 Chronicles	5	7	10.46	2
2 Corinthians	11	26	10.46	2
2 Corinthians	11	29	10.46	2
2 Corinthians	6	6	10.46	2
2 Kings	16	8	10.46	2
2 Kings	9	32	10.46	2
2 Peter	2	22	10.46	2
2 Samuel	13	1	10.46	2
2 Samuel	17	11	10.46	2
2 Samuel	24	11	10.46	2
2 Samuel	3	31	10.46	2
2 Samuel	8	10	10.46	2
2 Thessalonians	2	1	10.46	2
3 John	1	8	10.46	2
Acts	13	24	10.46	2
Acts	2	10	10.46	2
Acts	20	17	10.46	2
Acts	20	18	10.46	2
Acts	21	18	10.46	2
Acts	21	30	10.46	2
Acts	23	5	10.46	2
Acts	26	1	10.46	2
Acts	26	7	10.46	2
Acts	9	21	10.46	2
Amos	6	2	10.46	2
Amos	7	7	10.46	2
Daniel	1	1	10.46	2
Daniel	11	16	10.46	2
Daniel	2	27	10.46	2
Daniel	3	1	10.46	2
Daniel	3	26	10.46	2
Daniel	4	23	10.46	2
Daniel	9	8	10.46	2
Deuteronomy	22	22	10.46	2
Deuteronomy	3	8	10.46	2
Deuteronomy	32	11	10.46	2
Deuteronomy	33	12	10.46	2
Deuteronomy	33	13	10.46	2
Deuteronomy	34	7	10.46	2
Deuteronomy	6	3	10.46	2
Deuteronomy	7	24	10.46	2
Deuteronomy	7	26	10.46	2
Deuteronomy	8	5	10.46	2
Ecclesiastes	7	8	10.46	2
Ephesians	5	12	10.46	2
Exodus	12	2	10.46	2
Exodus	12	22	10.46	2
Exodus	14	18	10.46	2
Exodus	14	29	10.46	2
Exodus	17	4	10.46	2
Exodus	20	14	10.46	2
Exodus	23	33	10.46	2
Exodus	24	5	10.46	2
Exodus	29	39	10.46	2
Exodus	32	17	10.46	2
Exodus	9	11	10.46	2
Ezekiel	13	8	10.46	2
Ezekiel	16	3	10.46	2
Ezekiel	17	2	10.46	2
Ezekiel	20	16	10.46	2
Ezekiel	23	31	10.46	2
Ezekiel	25	15	10.46	2
Ezekiel	27	30	10.46	2
Ezekiel	39	21	10.46	2
Ezekiel	46	2	10.46	2
Ezra	2	68	10.46	2
Galatians	1	14	10.46	2
Galatians	2	8	10.46	2
Galatians	5	12	10.46	2
Galatians	5	25	10.46	2
Galatians	6	4	10.46	2
Genesis	1	29	10.46	2
Genesis	10	11	10.46	2
Genesis	14	15	10.46	2
Genesis	21	6	10.46	2
Genesis	3	7	10.46	2
Genesis	31	29	10.46	2
Genesis	35	18	10.46	2
Genesis	44	20	10.46	2
Genesis	46	21	10.46	2
Genesis	47	7	10.46	2
Genesis	6	7	10.46	2
Habakkuk	1	16	10.46	2
Haggai	2	17	10.46	2
Hebrews	2	6	10.46	2
Hebrews	5	6	10.46	2
Hosea	12	8	10.46	2
Hosea	4	13	10.46	2
Isaiah	18	7	10.46	2
Isaiah	19	13	10.46	2
Isaiah	24	16	10.46	2
Isaiah	33	2	10.46	2
Isaiah	38	5	10.46	2
Isaiah	44	17	10.46	2
Isaiah	47	2	10.46	2
Isaiah	5	29	10.46	2
Isaiah	51	4	10.46	2
Isaiah	59	10	10.46	2
Isaiah	63	18	10.46	2
Isaiah	63	5	10.46	2
Isaiah	7	15	10.46	2
Isaiah	9	19	10.46	2
Jeremiah	11	14	10.46	2
Jeremiah	30	16	10.46	2
Jeremiah	36	4	10.46	2
Jeremiah	40	7	10.46	2
Jeremiah	50	8	10.46	2
Jeremiah	51	35	10.46	2
Job	10	14	10.46	2
Job	14	13	10.46	2
Job	20	8	10.46	2
Job	22	27	10.46	2
Job	36	27	10.46	2
Job	42	5	10.46	2
Joel	1	5	10.46	2
Joel	2	27	10.46	2
John	1	10	10.46	2
John	12	1	10.46	2
John	13	19	10.46	2
John	17	22	10.46	2
John	18	33	10.46	2
John	19	35	10.46	2
John	20	13	10.46	2
John	20	29	10.46	2
John	21	20	10.46	2
John	6	50	10.46	2
Joshua	11	2	10.46	2
Joshua	12	2	10.46	2
Joshua	21	43	10.46	2
Joshua	6	5	10.46	2
Judges	12	1	10.46	2
Judges	2	3	10.46	2
Judges	2	4	10.46	2
Judges	3	11	10.46	2
Judges	5	23	10.46	2
Lamentations	2	18	10.46	2
Lamentations	3	21	10.46	2
Leviticus	20	13	10.46	2
Leviticus	21	7	10.46	2
Leviticus	22	8	10.46	2
Leviticus	23	40	10.46	2
Leviticus	3	11	10.46	2
Leviticus	5	17	10.46	2
Luke	11	20	10.46	2
Luke	11	27	10.46	2
Luke	11	3	10.46	2
Luke	13	23	10.46	2
Luke	18	8	10.46	2
Luke	19	40	10.46	2
Luke	20	35	10.46	2
Luke	23	40	10.46	2
Luke	3	32	10.46	2
Luke	6	13	10.46	2
Luke	7	34	10.46	2
Mark	10	52	10.46	2
Mark	4	26	10.46	2
Mark	8	11	10.46	2
Matthew	1	5	10.46	2
Matthew	16	11	10.46	2
Matthew	16	9	10.46	2
Matthew	19	23	10.46	2
Matthew	2	12	10.46	2
Matthew	2	19	10.46	2
Matthew	27	42	10.46	2
Matthew	28	5	10.46	2
Matthew	9	30	10.46	2
Micah	6	12	10.46	2
Nahum	3	8	10.46	2
Numbers	20	10	10.46	2
Numbers	22	17	10.46	2
Numbers	22	20	10.46	2
Numbers	7	1	10.46	2
Proverbs	13	21	10.46	2
Proverbs	14	10	10.46	2
Proverbs	14	15	10.46	2
Proverbs	16	20	10.46	2
Proverbs	16	21	10.46	2
Proverbs	18	9	10.46	2
Proverbs	19	27	10.46	2
Proverbs	29	3	10.46	2
Proverbs	8	14	10.46	2
Proverbs	8	35	10.46	2
Proverbs	9	11	10.46	2
Psalms	103	22	10.46	2
Psalms	119	74	10.46	2
Psalms	147	14	10.46	2
Psalms	147	6	10.46	2
Psalms	18	11	10.46	2
Psalms	2	5	10.46	2
Psalms	33	19	10.46	2
Psalms	44	5	10.46	2
Psalms	62	3	10.46	2
Psalms	71	5	10.46	2
Psalms	73	17	10.46	2
Psalms	79	2	10.46	2
Psalms	81	16	10.46	2
Psalms	82	5	10.46	2
Psalms	89	12	10.46	2
Psalms	89	5	10.46	2
Psalms	89	52	10.46	2
Psalms	94	3	10.46	2
Revelation	14	18	10.46	2
Revelation	2	27	10.46	2
Revelation	2	6	10.46	2
Revelation	21	18	10.46	2
Revelation	6	8	10.46	2
Revelation	8	2	10.46	2
Romans	16	4	10.46	2
Romans	4	19	10.46	2
Song of Solomon	1	8	10.46	2
Song of Solomon	2	7	10.46	2
Song of Solomon	7	5	10.46	2
Titus	2	6	10.46	2
Zechariah	13	4	10.46	2
Zechariah	7	12	10.46	2
1 Chronicles	13	1	10.33	2
1 Corinthians	13	7	10.33	2
1 Corinthians	4	13	10.33	2
1 Corinthians	5	2	10.33	2
1 Corinthians	5	3	10.33	2
1 Corinthians	6	6	10.33	2
1 Corinthians	9	26	10.33	2
1 Kings	18	1	10.33	2
1 Kings	3	1	10.33	2
1 Kings	9	24	10.33	2
1 Peter	4	16	10.33	2
1 Samuel	1	26	10.33	2
1 Samuel	11	6	10.33	2
1 Samuel	12	20	10.33	2
1 Samuel	2	27	10.33	2
1 Samuel	20	13	10.33	2
1 Samuel	20	41	10.33	2
1 Samuel	30	16	10.33	2
1 Samuel	4	11	10.33	2
2 Chronicles	15	15	10.33	2
2 Chronicles	2	5	10.33	2
2 Chronicles	26	1	10.33	2
2 Chronicles	6	30	10.33	2
2 Corinthians	1	5	10.33	2
2 Corinthians	10	12	10.33	2
2 Corinthians	11	21	10.33	2
2 John	1	2	10.33	2
2 Kings	21	12	10.33	2
2 Kings	4	33	10.33	2
2 Kings	6	12	10.33	2
2 Peter	1	15	10.33	2
2 Samuel	15	1	10.33	2
2 Samuel	16	23	10.33	2
2 Samuel	17	17	10.33	2
2 Samuel	19	32	10.33	2
2 Samuel	2	26	10.33	2
2 Samuel	22	3	10.33	2
2 Samuel	23	1	10.33	2
2 Samuel	5	7	10.33	2
Acts	1	3	10.33	2
Acts	14	21	10.33	2
Acts	15	17	10.33	2
Acts	16	3	10.33	2
Acts	18	1	10.33	2
Acts	2	13	10.33	2
Acts	21	39	10.33	2
Acts	26	26	10.33	2
Acts	26	31	10.33	2
Acts	5	34	10.33	2
Acts	7	32	10.33	2
Amos	2	2	10.33	2
Amos	4	10	10.33	2
Amos	5	22	10.33	2
Daniel	8	19	10.33	2
Deuteronomy	1	31	10.33	2
Deuteronomy	1	34	10.33	2
Deuteronomy	11	12	10.33	2
Deuteronomy	12	28	10.33	2
Deuteronomy	16	13	10.33	2
Deuteronomy	20	8	10.33	2
Deuteronomy	28	8	10.33	2
Deuteronomy	34	8	10.33	2
Deuteronomy	5	31	10.33	2
Ecclesiastes	6	9	10.33	2
Exodus	12	18	10.33	2
Exodus	14	8	10.33	2
Exodus	22	1	10.33	2
Exodus	24	6	10.33	2
Exodus	24	8	10.33	2
Exodus	25	30	10.33	2
Exodus	27	3	10.33	2
Exodus	28	41	10.33	2
Exodus	29	13	10.33	2
Exodus	30	34	10.33	2
Exodus	32	12	10.33	2
Ezekiel	12	16	10.33	2
Ezekiel	16	41	10.33	2
Ezekiel	22	11	10.33	2
Ezekiel	26	20	10.33	2
Ezekiel	3	9	10.33	2
Ezekiel	40	17	10.33	2
Ezekiel	46	20	10.33	2
Galatians	5	18	10.33	2
Galatians	5	3	10.33	2
Genesis	10	1	10.33	2
Genesis	2	23	10.33	2
Genesis	23	16	10.33	2
Genesis	24	26	10.33	2
Genesis	30	6	10.33	2
Genesis	37	2	10.33	2
Genesis	4	12	10.33	2
Genesis	46	34	10.33	2
Genesis	8	17	10.33	2
Hebrews	1	7	10.33	2
Hebrews	12	17	10.33	2
Hebrews	7	24	10.33	2
Hosea	8	9	10.33	2
Isaiah	14	16	10.33	2
Isaiah	19	5	10.33	2
Isaiah	22	14	10.33	2
Isaiah	29	24	10.33	2
Isaiah	3	17	10.33	2
Isaiah	30	12	10.33	2
Isaiah	42	15	10.33	2
Isaiah	43	8	10.33	2
Isaiah	45	6	10.33	2
Isaiah	5	18	10.33	2
Isaiah	54	14	10.33	2
Isaiah	60	20	10.33	2
Isaiah	65	20	10.33	2
Isaiah	7	5	10.33	2
James	2	26	10.33	2
Jeremiah	14	9	10.33	2
Jeremiah	15	13	10.33	2
Jeremiah	17	6	10.33	2
Jeremiah	18	17	10.33	2
Jeremiah	18	23	10.33	2
Jeremiah	21	5	10.33	2
Jeremiah	31	11	10.33	2
Jeremiah	36	30	10.33	2
Jeremiah	37	8	10.33	2
Jeremiah	44	1	10.33	2
Jeremiah	48	29	10.33	2
Jeremiah	48	44	10.33	2
Jeremiah	49	24	10.33	2
Jeremiah	5	14	10.33	2
Jeremiah	50	36	10.33	2
Jeremiah	51	13	10.33	2
Jeremiah	51	45	10.33	2
Jeremiah	7	16	10.33	2
Jeremiah	9	8	10.33	2
Job	15	20	10.33	2
Job	20	15	10.33	2
Job	22	9	10.33	2
Job	34	9	10.33	2
Job	36	22	10.33	2
Job	38	22	10.33	2
Job	40	10	10.33	2
Job	8	5	10.33	2
Joel	2	18	10.33	2
John	10	23	10.33	2
John	11	11	10.33	2
John	11	48	10.33	2
John	12	21	10.33	2
John	13	10	10.33	2
John	20	15	10.33	2
John	4	6	10.33	2
John	6	26	10.33	2
John	8	14	10.33	2
John	8	40	10.33	2
John	8	9	10.33	2
Joshua	14	8	10.33	2
Joshua	19	18	10.33	2
Joshua	4	19	10.33	2
Judges	11	11	10.33	2
Judges	13	5	10.33	2
Judges	14	19	10.33	2
Judges	5	2	10.33	2
Judges	6	33	10.33	2
Lamentations	1	21	10.33	2
Lamentations	3	53	10.33	2
Lamentations	4	2	10.33	2
Leviticus	10	12	10.33	2
Leviticus	26	42	10.33	2
Leviticus	27	2	10.33	2
Leviticus	3	2	10.33	2
Leviticus	4	23	10.33	2
Leviticus	4	27	10.33	2
Luke	1	9	10.33	2
Luke	15	28	10.33	2
Luke	18	32	10.33	2
Luke	19	48	10.33	2
Luke	19	9	10.33	2
Luke	21	11	10.33	2
Luke	21	9	10.33	2
Luke	22	54	10.33	2
Luke	23	39	10.33	2
Luke	23	5	10.33	2
Luke	3	21	10.33	2
Luke	3	3	10.33	2
Luke	8	21	10.33	2
Luke	9	34	10.33	2
Luke	9	49	10.33	2
Malachi	2	6	10.33	2
Mark	11	9	10.33	2
Mark	5	22	10.33	2
Matthew	10	13	10.33	2
Matthew	11	7	10.33	2
Micah	4	9	10.33	2
Micah	7	13	10.33	2
Micah	7	15	10.33	2
Nehemiah	5	13	10.33	2
Nehemiah	8	18	10.33	2
Numbers	1	5	10.33	2
Numbers	18	23	10.33	2
Numbers	2	10	10.33	2
Numbers	21	2	10.33	2
Numbers	26	57	10.33	2
Proverbs	12	2	10.33	2
Proverbs	15	28	10.33	2
Proverbs	16	11	10.33	2
Proverbs	21	24	10.33	2
Proverbs	21	6	10.33	2
Proverbs	22	23	10.33	2
Proverbs	23	27	10.33	2
Proverbs	3	23	10.33	2
Proverbs	3	25	10.33	2
Psalms	10	6	10.33	2
Psalms	101	8	10.33	2
Psalms	103	12	10.33	2
Psalms	104	6	10.33	2
Psalms	106	26	10.33	2
Psalms	115	5	10.33	2
Psalms	119	19	10.33	2
Psalms	132	14	10.33	2
Psalms	150	6	10.33	2
Psalms	18	30	10.33	2
Psalms	3	2	10.33	2
Psalms	30	6	10.33	2
Psalms	34	12	10.33	2
Psalms	38	6	10.33	2
Psalms	40	7	10.33	2
Psalms	44	24	10.33	2
Psalms	5	1	10.33	2
Psalms	60	8	10.33	2
Psalms	73	11	10.33	2
Psalms	78	19	10.33	2
Psalms	83	2	10.33	2
Psalms	89	17	10.33	2
Psalms	89	9	10.33	2
Revelation	16	8	10.33	2
Revelation	4	3	10.33	2
Romans	1	10	10.33	2
Romans	15	29	10.33	2
Romans	16	5	10.33	2
Romans	16	7	10.33	2
Romans	2	21	10.33	2
Romans	3	30	10.33	2
Romans	6	18	10.33	2
Romans	8	22	10.33	2
Romans	9	26	10.33	2
Song of Solomon	3	4	10.33	2
Zechariah	1	16	10.33	2
Zechariah	1	19	10.33	2
Zephaniah	2	2	10.33	2
1 Chronicles	16	25	10.20	2
1 Chronicles	16	36	10.20	2
1 Chronicles	23	4	10.20	2
1 Chronicles	29	21	10.20	2
1 Chronicles	29	25	10.20	2
1 Corinthians	15	30	10.20	2
1 Corinthians	4	16	10.20	2
1 Corinthians	7	7	10.20	2
1 Kings	13	34	10.20	2
1 Kings	15	14	10.20	2
1 Kings	19	13	10.20	2
1 Kings	21	1	10.20	2
1 Kings	22	11	10.20	2
1 Kings	22	15	10.20	2
1 Kings	3	14	10.20	2
1 Peter	2	18	10.20	2
1 Samuel	17	47	10.20	2
1 Samuel	25	1	10.20	2
1 Samuel	26	1	10.20	2
1 Timothy	2	2	10.20	2
2 Chronicles	15	17	10.20	2
2 Chronicles	20	10	10.20	2
2 Chronicles	20	7	10.20	2
2 Chronicles	21	17	10.20	2
2 Chronicles	21	20	10.20	2
2 Chronicles	28	18	10.20	2
2 Chronicles	28	23	10.20	2
2 Chronicles	31	21	10.20	2
2 Chronicles	32	1	10.20	2
2 Chronicles	33	1	10.20	2
2 Chronicles	36	12	10.20	2
2 Chronicles	6	37	10.20	2
2 Chronicles	9	29	10.20	2
2 Corinthians	11	14	10.20	2
2 Corinthians	11	22	10.20	2
2 Corinthians	8	19	10.20	2
2 Corinthians	8	20	10.20	2
2 Corinthians	8	4	10.20	2
2 John	1	5	10.20	2
2 Kings	11	4	10.20	2
2 Kings	17	21	10.20	2
2 Kings	17	4	10.20	2
2 Kings	18	1	10.20	2
2 Kings	24	15	10.20	2
2 Kings	24	17	10.20	2
2 Kings	5	25	10.20	2
2 Kings	9	11	10.20	2
2 Peter	3	6	10.20	2
2 Samuel	1	11	10.20	2
2 Samuel	12	25	10.20	2
2 Samuel	18	18	10.20	2
2 Samuel	19	24	10.20	2
2 Samuel	20	6	10.20	2
2 Samuel	24	18	10.20	2
2 Samuel	7	9	10.20	2
2 Thessalonians	3	12	10.20	2
3 John	1	6	10.20	2
Acts	11	17	10.20	2
Acts	12	4	10.20	2
Acts	13	4	10.20	2
Acts	14	11	10.20	2
Acts	14	4	10.20	2
Acts	15	5	10.20	2
Acts	19	22	10.20	2
Acts	22	25	10.20	2
Acts	27	31	10.20	2
Acts	27	34	10.20	2
Acts	28	30	10.20	2
Acts	5	36	10.20	2
Acts	6	15	10.20	2
Acts	7	19	10.20	2
Daniel	2	18	10.20	2
Daniel	6	6	10.20	2
Deuteronomy	12	23	10.20	2
Deuteronomy	15	19	10.20	2
Deuteronomy	21	5	10.20	2
Deuteronomy	23	21	10.20	2
Deuteronomy	28	26	10.20	2
Deuteronomy	34	9	10.20	2
Deuteronomy	5	12	10.20	2
Deuteronomy	5	15	10.20	2
Deuteronomy	6	15	10.20	2
Deuteronomy	6	18	10.20	2
Deuteronomy	9	25	10.20	2
Exodus	19	14	10.20	2
Exodus	2	15	10.20	2
Exodus	25	10	10.20	2
Exodus	3	11	10.20	2
Exodus	38	8	10.20	2
Ezekiel	12	14	10.20	2
Ezekiel	16	24	10.20	2
Ezekiel	18	32	10.20	2
Ezekiel	32	10	10.20	2
Ezekiel	34	30	10.20	2
Ezekiel	36	3	10.20	2
Ezekiel	48	11	10.20	2
Ezekiel	6	12	10.20	2
Ezekiel	7	10	10.20	2
Ezekiel	7	27	10.20	2
Ezra	4	7	10.20	2
Ezra	6	16	10.20	2
Ezra	8	31	10.20	2
Galatians	3	24	10.20	2
Galatians	4	3	10.20	2
Genesis	15	12	10.20	2
Genesis	16	1	10.20	2
Genesis	19	11	10.20	2
Genesis	21	2	10.20	2
Genesis	32	20	10.20	2
Genesis	49	28	10.20	2
Hebrews	13	24	10.20	2
Hebrews	2	7	10.20	2
Hosea	8	8	10.20	2
Isaiah	37	30	10.20	2
Isaiah	47	5	10.20	2
Isaiah	51	19	10.20	2
Isaiah	60	11	10.20	2
Isaiah	8	16	10.20	2
Isaiah	9	16	10.20	2
James	1	20	10.20	2
Jeremiah	12	5	10.20	2
Jeremiah	13	25	10.20	2
Jeremiah	34	8	10.20	2
Jeremiah	36	1	10.20	2
Jeremiah	37	13	10.20	2
Jeremiah	48	2	10.20	2
Jeremiah	50	45	10.20	2
Jeremiah	6	25	10.20	2
Jeremiah	7	14	10.20	2
Jeremiah	8	4	10.20	2
Jeremiah	8	6	10.20	2
Jeremiah	9	5	10.20	2
Job	3	24	10.20	2
Job	31	9	10.20	2
Job	33	13	10.20	2
Job	35	9	10.20	2
Job	37	11	10.20	2
Job	7	20	10.20	2
Job	9	30	10.20	2
Joel	2	3	10.20	2
John	18	38	10.20	2
John	19	24	10.20	2
John	19	39	10.20	2
John	3	31	10.20	2
Joshua	13	11	10.20	2
Joshua	14	12	10.20	2
Joshua	21	13	10.20	2
Joshua	22	20	10.20	2
Joshua	22	5	10.20	2
Joshua	6	1	10.20	2
Joshua	6	21	10.20	2
Joshua	7	7	10.20	2
Judges	1	22	10.20	2
Judges	11	29	10.20	2
Judges	16	15	10.20	2
Judges	18	14	10.20	2
Judges	4	11	10.20	2
Judges	5	6	10.20	2
Judges	7	13	10.20	2
Leviticus	10	14	10.20	2
Leviticus	19	4	10.20	2
Leviticus	21	5	10.20	2
Leviticus	26	13	10.20	2
Leviticus	26	23	10.20	2
Leviticus	26	43	10.20	2
Leviticus	4	18	10.20	2
Luke	1	25	10.20	2
Luke	10	23	10.20	2
Luke	11	11	10.20	2
Luke	15	21	10.20	2
Luke	17	14	10.20	2
Luke	19	12	10.20	2
Luke	22	24	10.20	2
Luke	22	43	10.20	2
Luke	23	1	10.20	2
Luke	24	32	10.20	2
Luke	9	13	10.20	2
Mark	1	27	10.20	2
Mark	1	31	10.20	2
Mark	10	6	10.20	2
Mark	9	11	10.20	2
Matthew	1	22	10.20	2
Matthew	10	30	10.20	2
Matthew	11	11	10.20	2
Matthew	16	19	10.20	2
Matthew	17	10	10.20	2
Matthew	18	33	10.20	2
Matthew	21	25	10.20	2
Matthew	23	4	10.20	2
Matthew	9	11	10.20	2
Micah	1	6	10.20	2
Nahum	3	4	10.20	2
Nehemiah	10	37	10.20	2
Nehemiah	2	1	10.20	2
Numbers	13	27	10.20	2
Numbers	13	8	10.20	2
Numbers	14	33	10.20	2
Numbers	16	28	10.20	2
Numbers	3	45	10.20	2
Numbers	33	55	10.20	2
Numbers	34	2	10.20	2
Numbers	6	5	10.20	2
Numbers	7	9	10.20	2
Philippians	1	25	10.20	2
Philippians	1	3	10.20	2
Philippians	4	10	10.20	2
Philemon	1	10	10.20	2
Proverbs	15	11	10.20	2
Proverbs	15	22	10.20	2
Proverbs	16	8	10.20	2
Proverbs	2	8	10.20	2
Proverbs	22	4	10.20	2
Proverbs	23	6	10.20	2
Proverbs	25	13	10.20	2
Proverbs	28	12	10.20	2
Proverbs	5	15	10.20	2
Proverbs	5	8	10.20	2
Proverbs	8	11	10.20	2
Proverbs	9	10	10.20	2
Psalms	104	7	10.20	2
Psalms	119	139	10.20	2
Psalms	119	142	10.20	2
Psalms	132	5	10.20	2
Psalms	136	23	10.20	2
Psalms	137	6	10.20	2
Psalms	143	11	10.20	2
Psalms	24	2	10.20	2
Psalms	26	11	10.20	2
Psalms	28	4	10.20	2
Psalms	37	40	10.20	2
Psalms	45	14	10.20	2
Psalms	47	7	10.20	2
Psalms	5	12	10.20	2
Psalms	77	5	10.20	2
Psalms	78	49	10.20	2
Psalms	92	11	10.20	2
Revelation	20	9	10.20	2
Revelation	9	2	10.20	2
Romans	15	28	10.20	2
Romans	7	8	10.20	2
Song of Solomon	3	11	10.20	2
Song of Solomon	5	13	10.20	2
Song of Solomon	6	3	10.20	2
Song of Solomon	6	4	10.20	2
Song of Solomon	7	9	10.20	2
Zechariah	4	9	10.20	2
Zephaniah	3	20	10.20	2
1 Chronicles	29	13	10.08	2
1 Chronicles	6	31	10.08	2
1 Chronicles	9	26	10.08	2
1 Corinthians	14	21	10.08	2
1 Corinthians	16	14	10.08	2
1 Corinthians	16	21	10.08	2
1 Kings	11	32	10.08	2
1 Kings	14	13	10.08	2
1 Kings	16	30	10.08	2
1 Kings	18	24	10.08	2
1 Kings	18	42	10.08	2
1 Kings	22	31	10.08	2
1 Kings	3	11	10.08	2
1 Kings	8	54	10.08	2
1 Samuel	12	7	10.08	2
1 Samuel	13	2	10.08	2
1 Samuel	13	23	10.08	2
1 Samuel	14	44	10.08	2
1 Samuel	15	2	10.08	2
1 Samuel	18	25	10.08	2
1 Samuel	2	26	10.08	2
1 Samuel	21	9	10.08	2
1 Samuel	4	17	10.08	2
1 Timothy	2	10	10.08	2
1 Timothy	6	8	10.08	2
2 Chronicles	20	23	10.08	2
2 Chronicles	29	5	10.08	2
2 Corinthians	10	6	10.08	2
2 Corinthians	4	11	10.08	2
2 Corinthians	6	8	10.08	2
2 Kings	1	16	10.08	2
2 Kings	11	14	10.08	2
2 Kings	14	8	10.08	2
2 Kings	17	41	10.08	2
2 Kings	20	17	10.08	2
2 Kings	20	8	10.08	2
2 Kings	21	9	10.08	2
2 Kings	22	13	10.08	2
2 Kings	22	20	10.08	2
2 Kings	9	27	10.08	2
2 Samuel	6	12	10.08	2
2 Samuel	7	22	10.08	2
Acts	10	48	10.08	2
Acts	12	6	10.08	2
Acts	15	25	10.08	2
Acts	16	24	10.08	2
Acts	22	24	10.08	2
Acts	23	21	10.08	2
Acts	26	8	10.08	2
Acts	8	15	10.08	2
Acts	8	35	10.08	2
Acts	9	23	10.08	2
Acts	9	3	10.08	2
Daniel	5	14	10.08	2
Deuteronomy	11	11	10.08	2
Deuteronomy	11	23	10.08	2
Deuteronomy	2	4	10.08	2
Deuteronomy	23	7	10.08	2
Deuteronomy	25	4	10.08	2
Deuteronomy	28	68	10.08	2
Deuteronomy	29	1	10.08	2
Deuteronomy	29	7	10.08	2
Deuteronomy	31	3	10.08	2
Deuteronomy	5	4	10.08	2
Ecclesiastes	2	16	10.08	2
Ecclesiastes	2	4	10.08	2
Ecclesiastes	9	8	10.08	2
Ephesians	1	2	10.08	2
Ephesians	5	32	10.08	2
Esther	5	8	10.08	2
Exodus	1	14	10.08	2
Exodus	1	16	10.08	2
Exodus	1	5	10.08	2
Exodus	15	22	10.08	2
Exodus	21	16	10.08	2
Exodus	25	2	10.08	2
Exodus	35	29	10.08	2
Exodus	38	26	10.08	2
Exodus	6	23	10.08	2
Ezekiel	13	23	10.08	2
Ezekiel	16	11	10.08	2
Ezekiel	18	17	10.08	2
Ezekiel	23	9	10.08	2
Ezekiel	27	6	10.08	2
Ezekiel	3	22	10.08	2
Ezekiel	33	3	10.08	2
Ezekiel	35	12	10.08	2
Ezekiel	36	29	10.08	2
Ezekiel	7	15	10.08	2
Ezekiel	8	5	10.08	2
Galatians	1	12	10.08	2
Galatians	3	12	10.08	2
Genesis	1	20	10.08	2
Genesis	11	5	10.08	2
Genesis	14	7	10.08	2
Genesis	16	5	10.08	2
Genesis	18	33	10.08	2
Genesis	18	6	10.08	2
Genesis	2	21	10.08	2
Genesis	22	15	10.08	2
Genesis	24	48	10.08	2
Genesis	25	3	10.08	2
Genesis	29	33	10.08	2
Genesis	36	11	10.08	2
Genesis	36	8	10.08	2
Genesis	37	3	10.08	2
Genesis	41	45	10.08	2
Genesis	46	11	10.08	2
Genesis	46	29	10.08	2
Genesis	5	29	10.08	2
Hebrews	10	33	10.08	2
Hebrews	12	11	10.08	2
Hebrews	3	10	10.08	2
Hebrews	3	9	10.08	2
Hebrews	4	7	10.08	2
Hosea	10	4	10.08	2
Hosea	4	10	10.08	2
Isaiah	21	16	10.08	2
Isaiah	23	8	10.08	2
Isaiah	26	10	10.08	2
Isaiah	28	13	10.08	2
Isaiah	29	20	10.08	2
Isaiah	41	6	10.08	2
Isaiah	42	14	10.08	2
Isaiah	42	22	10.08	2
Isaiah	5	17	10.08	2
Isaiah	52	12	10.08	2
Isaiah	56	2	10.08	2
Isaiah	6	6	10.08	2
Isaiah	60	2	10.08	2
Isaiah	66	13	10.08	2
Isaiah	9	1	10.08	2
Jeremiah	1	14	10.08	2
Jeremiah	11	10	10.08	2
Jeremiah	12	15	10.08	2
Jeremiah	13	26	10.08	2
Jeremiah	21	9	10.08	2
Jeremiah	23	23	10.08	2
Jeremiah	25	23	10.08	2
Jeremiah	28	3	10.08	2
Jeremiah	34	21	10.08	2
Jeremiah	37	19	10.08	2
Jeremiah	44	6	10.08	2
Job	10	15	10.08	2
Job	11	10	10.08	2
Job	13	26	10.08	2
Job	15	35	10.08	2
Job	16	10	10.08	2
Job	16	11	10.08	2
Job	16	12	10.08	2
Job	16	21	10.08	2
Job	19	20	10.08	2
Job	22	12	10.08	2
Job	27	5	10.08	2
Job	33	30	10.08	2
Job	35	10	10.08	2
Job	38	11	10.08	2
Job	38	12	10.08	2
Job	38	3	10.08	2
Job	41	1	10.08	2
Job	7	8	10.08	2
Job	9	10	10.08	2
John	1	6	10.08	2
John	11	45	10.08	2
John	17	18	10.08	2
John	18	9	10.08	2
John	19	23	10.08	2
John	21	22	10.08	2
John	6	41	10.08	2
John	7	32	10.08	2
John	8	23	10.08	2
Joshua	20	8	10.08	2
Joshua	9	17	10.08	2
Joshua	9	27	10.08	2
Judges	11	35	10.08	2
Judges	3	12	10.08	2
Judges	5	20	10.08	2
Judges	9	2	10.08	2
Lamentations	4	8	10.08	2
Leviticus	16	11	10.08	2
Leviticus	16	27	10.08	2
Leviticus	20	23	10.08	2
Leviticus	23	1	10.08	2
Leviticus	26	34	10.08	2
Leviticus	6	29	10.08	2
Leviticus	7	1	10.08	2
Luke	1	10	10.08	2
Luke	1	20	10.08	2
Luke	11	4	10.08	2
Luke	12	39	10.08	2
Luke	14	15	10.08	2
Luke	17	1	10.08	2
Luke	22	45	10.08	2
Luke	23	27	10.08	2
Luke	6	14	10.08	2
Luke	6	36	10.08	2
Mark	14	12	10.08	2
Mark	16	7	10.08	2
Mark	6	19	10.08	2
Mark	6	21	10.08	2
Mark	9	37	10.08	2
Matthew	11	14	10.08	2
Matthew	11	8	10.08	2
Matthew	12	29	10.08	2
Matthew	13	51	10.08	2
Matthew	14	23	10.08	2
Matthew	15	18	10.08	2
Matthew	18	28	10.08	2
Matthew	21	17	10.08	2
Matthew	23	39	10.08	2
Matthew	24	19	10.08	2
Matthew	24	23	10.08	2
Matthew	24	34	10.08	2
Matthew	27	32	10.08	2
Matthew	27	50	10.08	2
Matthew	28	9	10.08	2
Micah	5	3	10.08	2
Nahum	2	11	10.08	2
Nehemiah	12	27	10.08	2
Nehemiah	7	70	10.08	2
Numbers	1	46	10.08	2
Numbers	10	12	10.08	2
Numbers	14	25	10.08	2
Numbers	14	8	10.08	2
Numbers	15	32	10.08	2
Numbers	16	42	10.08	2
Numbers	26	10	10.08	2
Numbers	27	12	10.08	2
Numbers	28	11	10.08	2
Numbers	3	47	10.08	2
Numbers	31	16	10.08	2
Philemon	1	1	10.08	2
Proverbs	11	28	10.08	2
Proverbs	17	25	10.08	2
Proverbs	18	15	10.08	2
Proverbs	18	8	10.08	2
Proverbs	20	12	10.08	2
Proverbs	20	24	10.08	2
Proverbs	25	18	10.08	2
Proverbs	25	5	10.08	2
Proverbs	3	12	10.08	2
Proverbs	30	6	10.08	2
Proverbs	4	20	10.08	2
Psalms	104	13	10.08	2
Psalms	107	19	10.08	2
Psalms	118	19	10.08	2
Psalms	118	28	10.08	2
Psalms	119	14	10.08	2
Psalms	119	33	10.08	2
Psalms	119	68	10.08	2
Psalms	18	21	10.08	2
Psalms	25	15	10.08	2
Psalms	31	23	10.08	2
Psalms	39	10	10.08	2
Psalms	44	19	10.08	2
Psalms	5	2	10.08	2
Psalms	52	6	10.08	2
Psalms	54	3	10.08	2
Psalms	57	5	10.08	2
Psalms	71	22	10.08	2
Psalms	72	14	10.08	2
Psalms	74	12	10.08	2
Psalms	83	7	10.08	2
Psalms	85	5	10.08	2
Psalms	86	4	10.08	2
Psalms	88	4	10.08	2
Psalms	9	4	10.08	2
Psalms	96	3	10.08	2
Revelation	15	6	10.08	2
Revelation	17	18	10.08	2
Romans	13	6	10.08	2
Romans	6	8	10.08	2
Romans	8	27	10.08	2
Zechariah	4	11	10.08	2
1 Chronicles	16	39	9.95	2
1 Chronicles	23	13	9.95	2
1 Chronicles	25	3	9.95	2
1 Chronicles	6	3	9.95	2
1 Corinthians	10	8	9.95	2
1 Corinthians	12	6	9.95	2
1 Corinthians	16	8	9.95	2
1 Corinthians	9	23	9.95	2
1 John	5	13	9.95	2
1 Kings	10	5	9.95	2
1 Kings	11	12	9.95	2
1 Kings	13	32	9.95	2
1 Kings	14	24	9.95	2
1 Kings	15	26	9.95	2
1 Kings	2	24	9.95	2
1 Peter	4	6	9.95	2
1 Samuel	12	9	9.95	2
1 Samuel	14	20	9.95	2
1 Samuel	18	6	9.95	2
1 Samuel	25	21	9.95	2
1 Timothy	3	5	9.95	2
1 Timothy	5	1	9.95	2
1 Timothy	5	19	9.95	2
2 Chronicles	2	11	9.95	2
2 Chronicles	24	2	9.95	2
2 Chronicles	25	11	9.95	2
2 Chronicles	30	24	9.95	2
2 Corinthians	1	17	9.95	2
2 Corinthians	5	12	9.95	2
2 Kings	12	20	9.95	2
2 Kings	15	5	9.95	2
2 Kings	18	15	9.95	2
2 Kings	2	14	9.95	2
2 Kings	9	26	9.95	2
2 Peter	1	20	9.95	2
2 Samuel	11	1	9.95	2
2 Samuel	13	37	9.95	2
2 Samuel	17	10	9.95	2
2 Samuel	19	35	9.95	2
2 Samuel	2	1	9.95	2
2 Samuel	2	11	9.95	2
2 Samuel	5	6	9.95	2
2 Timothy	3	14	9.95	2
Acts	10	19	9.95	2
Acts	12	3	9.95	2
Acts	18	15	9.95	2
Acts	18	17	9.95	2
Acts	18	24	9.95	2
Acts	26	6	9.95	2
Acts	5	38	9.95	2
Acts	7	34	9.95	2
Acts	7	45	9.95	2
Acts	8	17	9.95	2
Amos	6	10	9.95	2
Daniel	11	22	9.95	2
Daniel	2	40	9.95	2
Daniel	7	19	9.95	2
Daniel	9	10	9.95	2
Deuteronomy	13	10	9.95	2
Deuteronomy	15	21	9.95	2
Deuteronomy	17	14	9.95	2
Deuteronomy	17	17	9.95	2
Deuteronomy	28	14	9.95	2
Deuteronomy	28	9	9.95	2
Deuteronomy	32	32	9.95	2
Deuteronomy	5	6	9.95	2
Deuteronomy	6	14	9.95	2
Ecclesiastes	10	19	9.95	2
Ecclesiastes	4	9	9.95	2
Esther	8	10	9.95	2
Exodus	11	5	9.95	2
Exodus	12	19	9.95	2
Exodus	15	24	9.95	2
Exodus	16	15	9.95	2
Exodus	24	15	9.95	2
Exodus	31	17	9.95	2
Exodus	32	22	9.95	2
Exodus	33	1	9.95	2
Exodus	33	5	9.95	2
Exodus	34	25	9.95	2
Exodus	35	21	9.95	2
Exodus	39	1	9.95	2
Exodus	4	2	9.95	2
Exodus	40	2	9.95	2
Ezekiel	12	27	9.95	2
Ezekiel	14	15	9.95	2
Ezekiel	16	53	9.95	2
Ezekiel	20	4	9.95	2
Ezekiel	21	20	9.95	2
Ezekiel	24	3	9.95	2
Ezekiel	27	17	9.95	2
Ezekiel	30	3	9.95	2
Ezekiel	31	12	9.95	2
Ezekiel	34	29	9.95	2
Ezekiel	35	1	9.95	2
Ezekiel	43	12	9.95	2
Ezekiel	44	29	9.95	2
Ezekiel	8	11	9.95	2
Ezekiel	9	3	9.95	2
Galatians	4	17	9.95	2
Genesis	10	5	9.95	2
Genesis	17	10	9.95	2
Genesis	21	14	9.95	2
Genesis	24	22	9.95	2
Genesis	3	24	9.95	2
Genesis	3	9	9.95	2
Genesis	33	5	9.95	2
Genesis	39	20	9.95	2
Genesis	40	13	9.95	2
Genesis	42	13	9.95	2
Genesis	43	34	9.95	2
Genesis	7	17	9.95	2
Habakkuk	2	1	9.95	2
Hebrews	1	11	9.95	2
Hebrews	4	6	9.95	2
Hosea	13	13	9.95	2
Hosea	5	7	9.95	2
Hosea	7	9	9.95	2
Hosea	8	12	9.95	2
Isaiah	25	3	9.95	2
Isaiah	26	15	9.95	2
Isaiah	27	5	9.95	2
Isaiah	32	11	9.95	2
Isaiah	37	1	9.95	2
Isaiah	40	27	9.95	2
Isaiah	50	8	9.95	2
Isaiah	56	1	9.95	2
Isaiah	61	5	9.95	2
James	4	2	9.95	2
Jeremiah	10	2	9.95	2
Jeremiah	2	24	9.95	2
Jeremiah	25	25	9.95	2
Jeremiah	26	9	9.95	2
Jeremiah	38	9	9.95	2
Jeremiah	41	5	9.95	2
Jeremiah	48	15	9.95	2
Jeremiah	49	12	9.95	2
Jeremiah	49	20	9.95	2
Jeremiah	51	47	9.95	2
Jeremiah	9	12	9.95	2
Job	13	2	9.95	2
Job	13	28	9.95	2
Job	15	15	9.95	2
Job	15	8	9.95	2
Job	16	17	9.95	2
Job	17	14	9.95	2
Job	28	16	9.95	2
Job	36	8	9.95	2
Job	38	7	9.95	2
Job	5	15	9.95	2
Job	7	1	9.95	2
Job	9	20	9.95	2
John	10	25	9.95	2
John	11	51	9.95	2
John	19	1	9.95	2
John	19	4	9.95	2
John	21	18	9.95	2
John	6	32	9.95	2
John	7	20	9.95	2
John	7	8	9.95	2
John	8	17	9.95	2
John	8	46	9.95	2
John	9	28	9.95	2
Joshua	12	1	9.95	2
Joshua	24	23	9.95	2
Joshua	24	9	9.95	2
Joshua	3	14	9.95	2
Joshua	9	15	9.95	2
Jude	1	17	9.95	2
Judges	14	4	9.95	2
Lamentations	5	17	9.95	2
Lamentations	5	18	9.95	2
Leviticus	18	25	9.95	2
Leviticus	19	28	9.95	2
Leviticus	24	17	9.95	2
Leviticus	3	8	9.95	2
Leviticus	4	8	9.95	2
Leviticus	7	30	9.95	2
Leviticus	8	18	9.95	2
Luke	1	2	9.95	2
Luke	10	26	9.95	2
Luke	11	21	9.95	2
Luke	13	33	9.95	2
Luke	13	7	9.95	2
Luke	20	21	9.95	2
Luke	21	28	9.95	2
Luke	22	33	9.95	2
Luke	23	30	9.95	2
Luke	24	4	9.95	2
Luke	3	33	9.95	2
Luke	5	21	9.95	2
Luke	5	22	9.95	2
Luke	5	32	9.95	2
Luke	8	3	9.95	2
Luke	9	2	9.95	2
Malachi	2	13	9.95	2
Mark	1	21	9.95	2
Mark	12	35	9.95	2
Mark	15	2	9.95	2
Mark	6	23	9.95	2
Mark	7	2	9.95	2
Mark	9	32	9.95	2
Mark	9	41	9.95	2
Matthew	1	25	9.95	2
Matthew	15	9	9.95	2
Matthew	23	29	9.95	2
Matthew	27	27	9.95	2
Matthew	4	5	9.95	2
Matthew	7	5	9.95	2
Matthew	8	5	9.95	2
Nahum	3	13	9.95	2
Nehemiah	1	10	9.95	2
Numbers	14	29	9.95	2
Numbers	17	10	9.95	2
Numbers	23	1	9.95	2
Numbers	27	13	9.95	2
Numbers	3	7	9.95	2
Numbers	34	5	9.95	2
Numbers	5	22	9.95	2
Proverbs	17	27	9.95	2
Proverbs	18	7	9.95	2
Proverbs	20	16	9.95	2
Proverbs	25	15	9.95	2
Proverbs	26	23	9.95	2
Proverbs	28	21	9.95	2
Proverbs	8	19	9.95	2
Psalms	10	18	9.95	2
Psalms	10	5	9.95	2
Psalms	114	4	9.95	2
Psalms	119	49	9.95	2
Psalms	12	3	9.95	2
Psalms	18	48	9.95	2
Psalms	33	3	9.95	2
Psalms	37	21	9.95	2
Psalms	4	3	9.95	2
Psalms	41	6	9.95	2
Psalms	49	17	9.95	2
Psalms	50	12	9.95	2
Psalms	67	7	9.95	2
Psalms	69	35	9.95	2
Psalms	78	22	9.95	2
Psalms	78	5	9.95	2
Psalms	85	13	9.95	2
Psalms	88	10	9.95	2
Psalms	94	15	9.95	2
Psalms	94	23	9.95	2
Revelation	11	4	9.95	2
Revelation	6	13	9.95	2
Revelation	7	2	9.95	2
Romans	1	14	9.95	2
Romans	1	2	9.95	2
Romans	10	6	9.95	2
Romans	11	32	9.95	2
Romans	12	4	9.95	2
Romans	4	2	9.95	2
Romans	7	13	9.95	2
Song of Solomon	2	17	9.95	2
Song of Solomon	4	11	9.95	2
Song of Solomon	4	12	9.95	2
Zechariah	1	10	9.95	2
Zechariah	10	11	9.95	2
Zechariah	11	11	9.95	2
Zechariah	12	11	9.95	2
Zechariah	12	5	9.95	2
Zechariah	8	14	9.95	2
Zephaniah	3	7	9.95	2
1 Chronicles	18	3	9.82	2
1 Chronicles	6	16	9.82	2
1 Corinthians	11	22	9.82	2
1 Corinthians	11	34	9.82	2
1 Corinthians	14	15	9.82	2
1 Corinthians	15	31	9.82	2
1 Corinthians	3	12	9.82	2
1 John	2	7	9.82	2
1 Kings	1	39	9.82	2
1 Kings	10	25	9.82	2
1 Kings	10	26	9.82	2
1 Kings	11	23	9.82	2
1 Kings	12	25	9.82	2
1 Kings	12	26	9.82	2
1 Kings	14	22	9.82	2
1 Kings	15	12	9.82	2
1 Kings	17	12	9.82	2
1 Kings	19	1	9.82	2
1 Kings	21	7	9.82	2
1 Kings	6	20	9.82	2
1 Kings	8	48	9.82	2
1 Kings	8	9	9.82	2
1 Kings	9	20	9.82	2
1 Samuel	17	58	9.82	2
1 Samuel	2	36	9.82	2
1 Samuel	24	13	9.82	2
1 Samuel	28	4	9.82	2
1 Samuel	8	19	9.82	2
1 Samuel	9	7	9.82	2
2 Chronicles	21	7	9.82	2
2 Chronicles	24	14	9.82	2
2 Chronicles	28	27	9.82	2
2 Chronicles	31	11	9.82	2
2 Chronicles	31	12	9.82	2
2 Corinthians	1	18	9.82	2
2 Corinthians	5	2	9.82	2
2 Corinthians	6	5	9.82	2
2 Corinthians	7	3	9.82	2
2 Kings	12	3	9.82	2
2 Kings	14	7	9.82	2
2 Kings	23	5	9.82	2
2 Kings	25	21	9.82	2
2 Kings	5	11	9.82	2
2 Kings	6	15	9.82	2
2 Samuel	16	16	9.82	2
2 Samuel	17	25	9.82	2
2 Samuel	17	8	9.82	2
2 Samuel	18	19	9.82	2
2 Samuel	5	18	9.82	2
2 Samuel	7	19	9.82	2
2 Thessalonians	2	2	9.82	2
2 Timothy	3	6	9.82	2
Acts	11	14	9.82	2
Acts	13	16	9.82	2
Acts	15	40	9.82	2
Acts	18	14	9.82	2
Acts	24	10	9.82	2
Acts	25	7	9.82	2
Acts	27	43	9.82	2
Acts	8	13	9.82	2
Deuteronomy	1	19	9.82	2
Deuteronomy	1	7	9.82	2
Deuteronomy	24	19	9.82	2
Deuteronomy	26	19	9.82	2
Deuteronomy	3	14	9.82	2
Deuteronomy	30	16	9.82	2
Deuteronomy	34	3	9.82	2
Deuteronomy	7	21	9.82	2
Deuteronomy	9	4	9.82	2
Ecclesiastes	12	11	9.82	2
Ecclesiastes	2	22	9.82	2
Ephesians	3	2	9.82	2
Exodus	14	16	9.82	2
Exodus	19	20	9.82	2
Exodus	27	21	9.82	2
Exodus	35	22	9.82	2
Exodus	8	18	9.82	2
Ezekiel	17	16	9.82	2
Ezekiel	21	29	9.82	2
Ezekiel	25	5	9.82	2
Ezekiel	27	12	9.82	2
Ezekiel	28	24	9.82	2
Ezekiel	33	10	9.82	2
Ezekiel	37	28	9.82	2
Ezekiel	38	4	9.82	2
Ezekiel	39	11	9.82	2
Ezekiel	43	19	9.82	2
Ezra	3	12	9.82	2
Ezra	4	1	9.82	2
Ezra	6	6	9.82	2
Ezra	8	33	9.82	2
Ezra	9	9	9.82	2
Genesis	14	5	9.82	2
Genesis	20	5	9.82	2
Genesis	22	9	9.82	2
Genesis	24	53	9.82	2
Genesis	29	20	9.82	2
Genesis	32	7	9.82	2
Genesis	35	3	9.82	2
Genesis	38	11	9.82	2
Genesis	38	14	9.82	2
Genesis	49	4	9.82	2
Haggai	1	7	9.82	2
Hebrews	11	25	9.82	2
Hebrews	13	14	9.82	2
Hebrews	8	2	9.82	2
Hebrews	9	5	9.82	2
Hosea	11	5	9.82	2
Hosea	7	6	9.82	2
Isaiah	10	29	9.82	2
Isaiah	22	16	9.82	2
Isaiah	26	17	9.82	2
Isaiah	26	2	9.82	2
Isaiah	32	14	9.82	2
Isaiah	34	10	9.82	2
Isaiah	46	8	9.82	2
Isaiah	48	5	9.82	2
Isaiah	48	9	9.82	2
Isaiah	62	7	9.82	2
Isaiah	66	6	9.82	2
James	1	23	9.82	2
James	3	9	9.82	2
Jeremiah	20	3	9.82	2
Jeremiah	21	2	9.82	2
Jeremiah	25	26	9.82	2
Jeremiah	36	29	9.82	2
Jeremiah	44	8	9.82	2
Jeremiah	51	29	9.82	2
Jeremiah	52	10	9.82	2
Jeremiah	6	29	9.82	2
Job	22	15	9.82	2
Job	22	23	9.82	2
Job	22	24	9.82	2
Job	27	3	9.82	2
Job	29	11	9.82	2
Job	37	22	9.82	2
Job	5	4	9.82	2
Job	6	9	9.82	2
Job	8	2	9.82	2
Job	9	17	9.82	2
Joel	3	14	9.82	2
John	20	2	9.82	2
John	21	1	9.82	2
John	4	39	9.82	2
John	7	29	9.82	2
Joshua	1	2	9.82	2
Joshua	12	15	9.82	2
Joshua	15	55	9.82	2
Joshua	2	10	9.82	2
Joshua	21	17	9.82	2
Jude	1	22	9.82	2
Judges	2	20	9.82	2
Judges	3	1	9.82	2
Judges	8	10	9.82	2
Judges	9	54	9.82	2
Lamentations	1	14	9.82	2
Leviticus	1	14	9.82	2
Leviticus	11	24	9.82	2
Leviticus	13	45	9.82	2
Leviticus	2	9	9.82	2
Leviticus	23	4	9.82	2
Leviticus	4	24	9.82	2
Leviticus	4	34	9.82	2
Luke	1	45	9.82	2
Luke	10	28	9.82	2
Luke	10	4	9.82	2
Luke	12	48	9.82	2
Luke	13	15	9.82	2
Luke	2	49	9.82	2
Luke	20	46	9.82	2
Luke	24	31	9.82	2
Luke	3	9	9.82	2
Luke	4	36	9.82	2
Luke	5	10	9.82	2
Mark	1	16	9.82	2
Mark	12	6	9.82	2
Mark	15	27	9.82	2
Mark	7	18	9.82	2
Mark	8	22	9.82	2
Mark	9	33	9.82	2
Matthew	13	6	9.82	2
Matthew	15	33	9.82	2
Matthew	17	1	9.82	2
Matthew	18	35	9.82	2
Matthew	20	23	9.82	2
Matthew	25	5	9.82	2
Matthew	26	21	9.82	2
Matthew	26	36	9.82	2
Matthew	26	61	9.82	2
Matthew	9	33	9.82	2
Nahum	2	3	9.82	2
Nehemiah	10	28	9.82	2
Nehemiah	8	16	9.82	2
Numbers	1	4	9.82	2
Numbers	18	5	9.82	2
Numbers	21	29	9.82	2
Numbers	22	34	9.82	2
Numbers	23	10	9.82	2
Numbers	26	19	9.82	2
Numbers	3	27	9.82	2
Numbers	32	34	9.82	2
Numbers	34	11	9.82	2
Philippians	4	20	9.82	2
Proverbs	1	33	9.82	2
Proverbs	1	4	9.82	2
Proverbs	1	9	9.82	2
Proverbs	11	31	9.82	2
Proverbs	15	10	9.82	2
Proverbs	23	22	9.82	2
Proverbs	26	28	9.82	2
Psalms	102	12	9.82	2
Psalms	104	30	9.82	2
Psalms	104	33	9.82	2
Psalms	105	37	9.82	2
Psalms	107	31	9.82	2
Psalms	113	3	9.82	2
Psalms	12	8	9.82	2
Psalms	135	5	9.82	2
Psalms	139	19	9.82	2
Psalms	139	7	9.82	2
Psalms	14	3	9.82	2
Psalms	140	4	9.82	2
Psalms	145	20	9.82	2
Psalms	149	7	9.82	2
Psalms	18	25	9.82	2
Psalms	18	27	9.82	2
Psalms	22	9	9.82	2
Psalms	31	9	9.82	2
Psalms	35	22	9.82	2
Psalms	55	4	9.82	2
Psalms	55	9	9.82	2
Psalms	61	7	9.82	2
Psalms	65	6	9.82	2
Psalms	68	6	9.82	2
Psalms	7	1	9.82	2
Psalms	75	6	9.82	2
Psalms	89	10	9.82	2
Psalms	89	24	9.82	2
Psalms	90	4	9.82	2
Revelation	11	1	9.82	2
Revelation	16	16	9.82	2
Revelation	2	24	9.82	2
Romans	9	8	9.82	2
Ruth	1	11	9.82	2
Song of Solomon	2	13	9.82	2
Song of Solomon	2	9	9.82	2
Zechariah	1	17	9.82	2
Zechariah	11	12	9.82	2
Zephaniah	1	17	9.82	2
Zephaniah	2	14	9.82	2
Zephaniah	2	7	9.82	2
1 Chronicles	11	6	9.68	2
1 Chronicles	15	25	9.68	2
1 Chronicles	15	27	9.68	2
1 Chronicles	16	37	9.68	2
1 Chronicles	2	3	9.68	2
1 Chronicles	9	33	9.68	2
1 Corinthians	10	18	9.68	2
1 Corinthians	10	7	9.68	2
1 Corinthians	13	8	9.68	2
1 Corinthians	14	23	9.68	2
1 Corinthians	14	4	9.68	2
1 Corinthians	15	22	9.68	2
1 Corinthians	4	18	9.68	2
1 Corinthians	5	8	9.68	2
1 Kings	15	13	9.68	2
1 Kings	15	34	9.68	2
1 Kings	16	33	9.68	2
1 Kings	2	46	9.68	2
1 Kings	22	25	9.68	2
1 Kings	7	50	9.68	2
1 Kings	8	14	9.68	2
1 Kings	8	36	9.68	2
1 Samuel	11	4	9.68	2
1 Samuel	12	25	9.68	2
1 Samuel	14	18	9.68	2
1 Samuel	16	6	9.68	2
1 Samuel	2	34	9.68	2
1 Samuel	22	13	9.68	2
1 Samuel	23	7	9.68	2
1 Samuel	24	19	9.68	2
1 Samuel	25	23	9.68	2
1 Samuel	25	6	9.68	2
1 Samuel	3	4	9.68	2
1 Samuel	6	5	9.68	2
1 Samuel	7	10	9.68	2
1 Thessalonians	5	13	9.68	2
1 Timothy	2	11	9.68	2
1 Timothy	2	15	9.68	2
2 Chronicles	22	1	9.68	2
2 Chronicles	25	9	9.68	2
2 Chronicles	34	25	9.68	2
2 Chronicles	7	5	9.68	2
2 John	1	12	9.68	2
2 Kings	19	7	9.68	2
2 Kings	2	9	9.68	2
2 Kings	23	25	9.68	2
2 Kings	9	33	9.68	2
2 Samuel	1	26	9.68	2
2 Samuel	14	11	9.68	2
Acts	1	20	9.68	2
Acts	23	14	9.68	2
Acts	24	23	9.68	2
Acts	3	17	9.68	2
Acts	7	53	9.68	2
Amos	5	24	9.68	2
Colossians	2	17	9.68	2
Daniel	11	27	9.68	2
Deuteronomy	1	44	9.68	2
Deuteronomy	12	19	9.68	2
Deuteronomy	12	3	9.68	2
Deuteronomy	13	14	9.68	2
Deuteronomy	17	20	9.68	2
Deuteronomy	19	17	9.68	2
Deuteronomy	19	21	9.68	2
Deuteronomy	26	8	9.68	2
Deuteronomy	29	12	9.68	2
Deuteronomy	4	13	9.68	2
Deuteronomy	7	4	9.68	2
Deuteronomy	8	11	9.68	2
Ecclesiastes	1	17	9.68	2
Ecclesiastes	5	7	9.68	2
Ecclesiastes	7	11	9.68	2
Ephesians	4	27	9.68	2
Exodus	1	10	9.68	2
Exodus	10	16	9.68	2
Exodus	12	41	9.68	2
Exodus	21	1	9.68	2
Exodus	22	31	9.68	2
Exodus	25	17	9.68	2
Exodus	27	2	9.68	2
Exodus	30	6	9.68	2
Exodus	32	6	9.68	2
Exodus	37	1	9.68	2
Exodus	4	20	9.68	2
Exodus	6	12	9.68	2
Exodus	8	28	9.68	2
Ezekiel	1	13	9.68	2
Ezekiel	1	24	9.68	2
Ezekiel	16	46	9.68	2
Ezekiel	19	1	9.68	2
Ezekiel	20	23	9.68	2
Ezekiel	24	23	9.68	2
Ezekiel	28	7	9.68	2
Ezekiel	29	10	9.68	2
Ezekiel	29	21	9.68	2
Ezekiel	3	11	9.68	2
Ezekiel	30	12	9.68	2
Ezekiel	32	4	9.68	2
Ezekiel	33	12	9.68	2
Ezekiel	34	27	9.68	2
Ezekiel	36	17	9.68	2
Ezekiel	40	6	9.68	2
Ezekiel	5	14	9.68	2
Ezra	7	25	9.68	2
Genesis	18	32	9.68	2
Genesis	20	2	9.68	2
Genesis	21	10	9.68	2
Genesis	21	9	9.68	2
Genesis	25	20	9.68	2
Genesis	31	13	9.68	2
Genesis	31	38	9.68	2
Genesis	31	7	9.68	2
Genesis	32	11	9.68	2
Genesis	4	25	9.68	2
Genesis	41	39	9.68	2
Genesis	46	20	9.68	2
Genesis	9	7	9.68	2
Hebrews	11	40	9.68	2
Hebrews	9	18	9.68	2
Isaiah	14	8	9.68	2
Isaiah	16	2	9.68	2
Isaiah	17	7	9.68	2
Isaiah	28	12	9.68	2
Isaiah	28	29	9.68	2
Isaiah	3	18	9.68	2
Isaiah	3	5	9.68	2
Isaiah	38	13	9.68	2
Isaiah	42	12	9.68	2
Isaiah	5	10	9.68	2
Isaiah	7	4	9.68	2
James	2	25	9.68	2
Jeremiah	16	5	9.68	2
Jeremiah	17	4	9.68	2
Jeremiah	20	1	9.68	2
Jeremiah	22	11	9.68	2
Jeremiah	23	4	9.68	2
Jeremiah	25	31	9.68	2
Jeremiah	26	3	9.68	2
Jeremiah	28	2	9.68	2
Jeremiah	32	30	9.68	2
Jeremiah	33	12	9.68	2
Jeremiah	33	13	9.68	2
Jeremiah	4	6	9.68	2
Jeremiah	46	1	9.68	2
Jeremiah	51	10	9.68	2
Jeremiah	52	12	9.68	2
Job	13	27	9.68	2
Job	17	13	9.68	2
Job	20	12	9.68	2
Job	20	17	9.68	2
Job	22	22	9.68	2
Job	24	14	9.68	2
Job	24	2	9.68	2
Job	29	9	9.68	2
Job	34	17	9.68	2
Job	36	16	9.68	2
Job	6	2	9.68	2
Job	7	3	9.68	2
Job	9	16	9.68	2
John	12	10	9.68	2
John	13	15	9.68	2
John	13	16	9.68	2
John	16	6	9.68	2
John	17	10	9.68	2
John	18	40	9.68	2
John	4	50	9.68	2
John	5	2	9.68	2
John	5	37	9.68	2
John	8	15	9.68	2
Jonah	1	16	9.68	2
Jonah	2	4	9.68	2
Jonah	2	6	9.68	2
Jonah	3	4	9.68	2
Joshua	21	38	9.68	2
Joshua	23	6	9.68	2
Judges	12	14	9.68	2
Judges	21	1	9.68	2
Judges	5	10	9.68	2
Judges	7	16	9.68	2
Judges	8	30	9.68	2
Judges	8	33	9.68	2
Judges	9	5	9.68	2
Lamentations	4	5	9.68	2
Lamentations	5	12	9.68	2
Leviticus	11	45	9.68	2
Leviticus	16	18	9.68	2
Leviticus	2	4	9.68	2
Leviticus	20	5	9.68	2
Leviticus	22	20	9.68	2
Leviticus	23	6	9.68	2
Leviticus	4	11	9.68	2
Leviticus	4	21	9.68	2
Luke	1	5	9.68	2
Luke	1	58	9.68	2
Luke	11	44	9.68	2
Luke	12	17	9.68	2
Luke	21	1	9.68	2
Luke	6	17	9.68	2
Luke	6	7	9.68	2
Luke	8	1	9.68	2
Mark	1	7	9.68	2
Mark	12	24	9.68	2
Mark	14	30	9.68	2
Mark	14	41	9.68	2
Mark	15	42	9.68	2
Matthew	10	29	9.68	2
Matthew	11	24	9.68	2
Matthew	12	38	9.68	2
Matthew	19	13	9.68	2
Matthew	21	26	9.68	2
Matthew	22	18	9.68	2
Matthew	22	35	9.68	2
Matthew	23	7	9.68	2
Matthew	26	11	9.68	2
Matthew	26	52	9.68	2
Matthew	28	16	9.68	2
Matthew	5	27	9.68	2
Matthew	8	21	9.68	2
Matthew	9	29	9.68	2
Micah	2	7	9.68	2
Nehemiah	9	37	9.68	2
Numbers	1	7	9.68	2
Numbers	14	3	9.68	2
Numbers	22	38	9.68	2
Numbers	25	9	9.68	2
Numbers	31	6	9.68	2
Numbers	35	25	9.68	2
Numbers	7	2	9.68	2
Philippians	1	13	9.68	2
Proverbs	10	10	9.68	2
Proverbs	12	16	9.68	2
Proverbs	15	19	9.68	2
Proverbs	18	4	9.68	2
Proverbs	2	12	9.68	2
Proverbs	20	25	9.68	2
Proverbs	24	13	9.68	2
Proverbs	25	14	9.68	2
Proverbs	28	4	9.68	2
Proverbs	3	8	9.68	2
Proverbs	6	22	9.68	2
Proverbs	8	23	9.68	2
Proverbs	9	16	9.68	2
Psalms	104	21	9.68	2
Psalms	104	35	9.68	2
Psalms	106	10	9.68	2
Psalms	109	25	9.68	2
Psalms	119	126	9.68	2
Psalms	119	158	9.68	2
Psalms	119	86	9.68	2
Psalms	128	6	9.68	2
Psalms	135	14	9.68	2
Psalms	136	4	9.68	2
Psalms	18	50	9.68	2
Psalms	25	6	9.68	2
Psalms	35	16	9.68	2
Psalms	44	12	9.68	2
Psalms	49	11	9.68	2
Psalms	66	4	9.68	2
Psalms	68	3	9.68	2
Psalms	68	7	9.68	2
Psalms	69	10	9.68	2
Psalms	73	6	9.68	2
Psalms	78	36	9.68	2
Psalms	78	64	9.68	2
Psalms	80	5	9.68	2
Revelation	8	10	9.68	2
Romans	1	25	9.68	2
Romans	15	32	9.68	2
Romans	3	6	9.68	2
Romans	4	9	9.68	2
Romans	8	19	9.68	2
Ruth	2	20	9.68	2
Zechariah	10	9	9.68	2
Zechariah	11	16	9.68	2
Zechariah	9	1	9.68	2
1 Chronicles	24	5	9.55	2
1 Chronicles	29	23	9.55	2
1 Corinthians	11	7	9.55	2
1 Corinthians	16	5	9.55	2
1 Corinthians	7	26	9.55	2
1 Corinthians	9	18	9.55	2
1 John	1	10	9.55	2
1 Kings	10	21	9.55	2
1 Kings	6	29	9.55	2
1 Kings	7	15	9.55	2
1 Kings	8	20	9.55	2
1 Kings	9	28	9.55	2
1 Peter	3	6	9.55	2
1 Samuel	15	16	9.55	2
1 Samuel	7	5	9.55	2
1 Thessalonians	5	26	9.55	2
2 Chronicles	19	8	9.55	2
2 Chronicles	2	6	9.55	2
2 Chronicles	24	16	9.55	2
2 Chronicles	26	18	9.55	2
2 Chronicles	34	1	9.55	2
2 Corinthians	6	9	9.55	2
2 Corinthians	7	14	9.55	2
2 Kings	10	15	9.55	2
2 Kings	17	19	9.55	2
2 Kings	2	8	9.55	2
2 Kings	20	1	9.55	2
2 Kings	23	14	9.55	2
2 Kings	9	13	9.55	2
2 Samuel	1	23	9.55	2
2 Samuel	14	25	9.55	2
2 Samuel	20	19	9.55	2
2 Samuel	21	7	9.55	2
2 Samuel	5	24	9.55	2
2 Timothy	1	1	9.55	2
Acts	1	6	9.55	2
Acts	13	30	9.55	2
Acts	16	39	9.55	2
Acts	4	2	9.55	2
Acts	4	7	9.55	2
Acts	5	10	9.55	2
Amos	5	14	9.55	2
Colossians	3	19	9.55	2
Daniel	11	10	9.55	2
Daniel	2	38	9.55	2
Deuteronomy	1	1	9.55	2
Deuteronomy	1	38	9.55	2
Deuteronomy	12	21	9.55	2
Deuteronomy	12	9	9.55	2
Deuteronomy	24	15	9.55	2
Deuteronomy	25	17	9.55	2
Deuteronomy	26	12	9.55	2
Deuteronomy	29	22	9.55	2
Deuteronomy	34	4	9.55	2
Deuteronomy	5	5	9.55	2
Deuteronomy	6	17	9.55	2
Ecclesiastes	11	2	9.55	2
Ecclesiastes	7	15	9.55	2
Ecclesiastes	9	2	9.55	2
Ephesians	4	19	9.55	2
Esther	10	3	9.55	2
Esther	2	3	9.55	2
Esther	9	1	9.55	2
Exodus	12	38	9.55	2
Exodus	19	1	9.55	2
Exodus	27	20	9.55	2
Exodus	28	40	9.55	2
Exodus	29	2	9.55	2
Exodus	34	1	9.55	2
Ezekiel	11	3	9.55	2
Ezekiel	16	22	9.55	2
Ezekiel	16	48	9.55	2
Ezekiel	18	15	9.55	2
Ezekiel	19	10	9.55	2
Ezekiel	20	37	9.55	2
Ezekiel	22	10	9.55	2
Ezekiel	22	15	9.55	2
Ezekiel	24	27	9.55	2
Ezekiel	26	3	9.55	2
Ezekiel	29	14	9.55	2
Ezekiel	3	15	9.55	2
Ezekiel	33	21	9.55	2
Ezekiel	42	3	9.55	2
Ezekiel	7	12	9.55	2
Ezekiel	8	10	9.55	2
Ezra	6	18	9.55	2
Ezra	7	7	9.55	2
Ezra	7	9	9.55	2
Ezra	9	12	9.55	2
Galatians	4	27	9.55	2
Genesis	1	6	9.55	2
Genesis	17	15	9.55	2
Genesis	18	22	9.55	2
Genesis	31	55	9.55	2
Genesis	32	22	9.55	2
Genesis	37	8	9.55	2
Genesis	41	46	9.55	2
Genesis	45	4	9.55	2
Genesis	49	33	9.55	2
Hosea	13	9	9.55	2
Hosea	2	9	9.55	2
Hosea	9	4	9.55	2
Isaiah	14	3	9.55	2
Isaiah	16	14	9.55	2
Isaiah	19	18	9.55	2
Isaiah	19	24	9.55	2
Isaiah	2	1	9.55	2
Isaiah	20	1	9.55	2
Isaiah	29	11	9.55	2
Isaiah	29	17	9.55	2
Isaiah	30	28	9.55	2
Isaiah	44	12	9.55	2
Isaiah	49	19	9.55	2
Isaiah	63	6	9.55	2
James	2	17	9.55	2
James	3	10	9.55	2
Jeremiah	15	7	9.55	2
Jeremiah	17	3	9.55	2
Jeremiah	19	6	9.55	2
Jeremiah	3	4	9.55	2
Jeremiah	31	37	9.55	2
Jeremiah	32	43	9.55	2
Jeremiah	34	14	9.55	2
Jeremiah	34	2	9.55	2
Jeremiah	51	63	9.55	2
Jeremiah	6	12	9.55	2
Job	16	20	9.55	2
Job	20	29	9.55	2
Job	21	6	9.55	2
Job	32	2	9.55	2
Job	32	21	9.55	2
Job	35	14	9.55	2
Job	35	16	9.55	2
Job	4	10	9.55	2
Joel	1	11	9.55	2
John	13	21	9.55	2
John	18	12	9.55	2
John	20	22	9.55	2
John	3	23	9.55	2
John	8	30	9.55	2
John	9	29	9.55	2
John	9	30	9.55	2
John	9	35	9.55	2
Joshua	16	1	9.55	2
Joshua	19	47	9.55	2
Joshua	3	6	9.55	2
Joshua	5	9	9.55	2
Joshua	8	1	9.55	2
Judges	14	12	9.55	2
Judges	18	29	9.55	2
Judges	2	10	9.55	2
Judges	5	14	9.55	2
Judges	6	17	9.55	2
Judges	6	22	9.55	2
Leviticus	22	2	9.55	2
Luke	12	10	9.55	2
Luke	14	7	9.55	2
Luke	20	16	9.55	2
Luke	23	23	9.55	2
Malachi	1	9	9.55	2
Malachi	3	9	9.55	2
Mark	12	13	9.55	2
Mark	12	38	9.55	2
Mark	15	39	9.55	2
Mark	4	10	9.55	2
Mark	5	35	9.55	2
Mark	6	6	9.55	2
Mark	9	22	9.55	2
Mark	9	31	9.55	2
Matthew	1	2	9.55	2
Matthew	11	2	9.55	2
Matthew	11	26	9.55	2
Matthew	12	21	9.55	2
Matthew	13	8	9.55	2
Matthew	21	46	9.55	2
Matthew	24	1	9.55	2
Matthew	27	38	9.55	2
Matthew	9	14	9.55	2
Micah	1	16	9.55	2
Micah	7	6	9.55	2
Nehemiah	4	14	9.55	2
Numbers	10	11	9.55	2
Numbers	13	32	9.55	2
Numbers	19	19	9.55	2
Numbers	24	2	9.55	2
Numbers	3	20	9.55	2
Numbers	31	2	9.55	2
Numbers	6	26	9.55	2
Philippians	1	4	9.55	2
Philippians	2	22	9.55	2
Proverbs	10	28	9.55	2
Proverbs	15	31	9.55	2
Proverbs	17	9	9.55	2
Proverbs	19	23	9.55	2
Proverbs	20	21	9.55	2
Proverbs	21	14	9.55	2
Proverbs	22	2	9.55	2
Proverbs	26	11	9.55	2
Proverbs	4	10	9.55	2
Proverbs	4	26	9.55	2
Proverbs	5	1	9.55	2
Proverbs	9	1	9.55	2
Psalms	103	19	9.55	2
Psalms	105	4	9.55	2
Psalms	106	2	9.55	2
Psalms	118	27	9.55	2
Psalms	135	9	9.55	2
Psalms	140	7	9.55	2
Psalms	147	20	9.55	2
Psalms	15	1	9.55	2
Psalms	21	12	9.55	2
Psalms	22	20	9.55	2
Psalms	31	6	9.55	2
Psalms	31	7	9.55	2
Psalms	35	23	9.55	2
Psalms	35	8	9.55	2
Psalms	44	14	9.55	2
Psalms	48	3	9.55	2
Psalms	68	8	9.55	2
Psalms	71	8	9.55	2
Psalms	78	30	9.55	2
Psalms	90	9	9.55	2
Psalms	92	3	9.55	2
Psalms	96	7	9.55	2
Revelation	11	9	9.55	2
Revelation	12	5	9.55	2
Revelation	13	4	9.55	2
Revelation	7	1	9.55	2
Romans	14	3	9.55	2
Romans	2	2	9.55	2
Romans	2	23	9.55	2
Romans	7	16	9.55	2
Song of Solomon	4	8	9.55	2
Song of Solomon	7	10	9.55	2
Zechariah	6	15	9.55	2
Zephaniah	2	5	9.55	2
1 Chronicles	15	18	9.42	2
1 Chronicles	15	3	9.42	2
1 Chronicles	6	60	9.42	2
1 Corinthians	12	1	9.42	2
1 Corinthians	15	14	9.42	2
1 Corinthians	4	3	9.42	2
1 Corinthians	7	1	9.42	2
1 Kings	1	7	9.42	2
1 Kings	12	32	9.42	2
1 Kings	16	34	9.42	2
1 Kings	18	5	9.42	2
1 Kings	19	15	9.42	2
1 Kings	2	11	9.42	2
1 Kings	5	1	9.42	2
1 Kings	8	25	9.42	2
1 Kings	8	30	9.42	2
1 Kings	8	66	9.42	2
1 Peter	4	15	9.42	2
1 Samuel	11	15	9.42	2
1 Samuel	18	12	9.42	2
1 Samuel	21	1	9.42	2
1 Samuel	4	9	9.42	2
2 Chronicles	14	2	9.42	2
2 Chronicles	22	7	9.42	2
2 Chronicles	30	15	9.42	2
2 Chronicles	31	5	9.42	2
2 Chronicles	32	23	9.42	2
2 Chronicles	32	33	9.42	2
2 Chronicles	36	11	9.42	2
2 Chronicles	7	6	9.42	2
2 Corinthians	11	10	9.42	2
2 Corinthians	8	3	9.42	2
2 Kings	1	8	9.42	2
2 Kings	10	16	9.42	2
2 Kings	15	25	9.42	2
2 Kings	15	35	9.42	2
2 Kings	18	5	9.42	2
2 Kings	19	1	9.42	2
2 Kings	2	23	9.42	2
2 Samuel	12	6	9.42	2
2 Samuel	15	25	9.42	2
2 Samuel	21	14	9.42	2
2 Samuel	3	9	9.42	2
2 Timothy	4	11	9.42	2
2 Timothy	4	20	9.42	2
Acts	1	10	9.42	2
Acts	13	17	9.42	2
Acts	13	21	9.42	2
Acts	13	34	9.42	2
Acts	15	13	9.42	2
Acts	15	19	9.42	2
Acts	16	34	9.42	2
Acts	18	27	9.42	2
Acts	2	11	9.42	2
Acts	20	6	9.42	2
Acts	21	4	9.42	2
Acts	7	15	9.42	2
Amos	3	15	9.42	2
Amos	5	2	9.42	2
Daniel	10	18	9.42	2
Daniel	11	2	9.42	2
Daniel	2	10	9.42	2
Daniel	6	21	9.42	2
Daniel	7	1	9.42	2
Daniel	8	21	9.42	2
Daniel	8	7	9.42	2
Deuteronomy	1	37	9.42	2
Deuteronomy	11	2	9.42	2
Deuteronomy	14	22	9.42	2
Deuteronomy	15	12	9.42	2
Deuteronomy	16	10	9.42	2
Deuteronomy	19	13	9.42	2
Deuteronomy	24	13	9.42	2
Deuteronomy	27	20	9.42	2
Deuteronomy	29	11	9.42	2
Deuteronomy	3	25	9.42	2
Deuteronomy	31	11	9.42	2
Deuteronomy	4	16	9.42	2
Deuteronomy	5	14	9.42	2
Ecclesiastes	9	16	9.42	2
Ephesians	1	16	9.42	2
Esther	3	10	9.42	2
Exodus	11	4	9.42	2
Exodus	14	5	9.42	2
Exodus	17	1	9.42	2
Exodus	28	39	9.42	2
Exodus	28	43	9.42	2
Exodus	30	18	9.42	2
Exodus	32	31	9.42	2
Exodus	34	23	9.42	2
Exodus	36	1	9.42	2
Exodus	4	13	9.42	2
Exodus	4	14	9.42	2
Exodus	4	18	9.42	2
Exodus	40	15	9.42	2
Exodus	7	4	9.42	2
Exodus	9	3	9.42	2
Ezekiel	29	8	9.42	2
Ezekiel	30	24	9.42	2
Ezekiel	33	17	9.42	2
Ezekiel	33	30	9.42	2
Ezekiel	34	28	9.42	2
Ezekiel	35	10	9.42	2
Ezekiel	39	6	9.42	2
Ezekiel	7	3	9.42	2
Ezra	4	17	9.42	2
Ezra	6	8	9.42	2
Genesis	14	6	9.42	2
Genesis	15	17	9.42	2
Genesis	19	15	9.42	2
Genesis	19	19	9.42	2
Genesis	25	1	9.42	2
Genesis	26	2	9.42	2
Genesis	4	9	9.42	2
Genesis	41	51	9.42	2
Genesis	7	13	9.42	2
Habakkuk	3	5	9.42	2
Haggai	1	2	9.42	2
Isaiah	10	18	9.42	2
Isaiah	10	25	9.42	2
Isaiah	13	15	9.42	2
Isaiah	14	21	9.42	2
Isaiah	18	1	9.42	2
Isaiah	22	6	9.42	2
Isaiah	29	16	9.42	2
Isaiah	3	24	9.42	2
Isaiah	36	4	9.42	2
Isaiah	36	9	9.42	2
Isaiah	43	4	9.42	2
Isaiah	45	8	9.42	2
Isaiah	47	3	9.42	2
Isaiah	5	14	9.42	2
Isaiah	54	2	9.42	2
Isaiah	7	18	9.42	2
Isaiah	9	3	9.42	2
Isaiah	9	9	9.42	2
James	5	3	9.42	2
Jeremiah	11	8	9.42	2
Jeremiah	17	23	9.42	2
Jeremiah	18	12	9.42	2
Jeremiah	19	4	9.42	2
Jeremiah	22	14	9.42	2
Jeremiah	26	16	9.42	2
Jeremiah	28	10	9.42	2
Jeremiah	33	21	9.42	2
Jeremiah	40	2	9.42	2
Jeremiah	40	4	9.42	2
Jeremiah	41	1	9.42	2
Jeremiah	49	17	9.42	2
Jeremiah	49	6	9.42	2
Jeremiah	5	23	9.42	2
Jeremiah	50	35	9.42	2
Jeremiah	50	41	9.42	2
Job	1	19	9.42	2
Job	20	18	9.42	2
Job	26	12	9.42	2
Job	27	23	9.42	2
Job	3	17	9.42	2
Job	31	15	9.42	2
Job	9	13	9.42	2
Joel	2	22	9.42	2
John	1	31	9.42	2
John	19	13	9.42	2
John	2	16	9.42	2
John	20	16	9.42	2
John	4	1	9.42	2
John	4	5	9.42	2
John	5	5	9.42	2
John	6	62	9.42	2
John	8	6	9.42	2
Jonah	2	7	9.42	2
Joshua	14	10	9.42	2
Joshua	7	15	9.42	2
Joshua	7	2	9.42	2
Judges	1	10	9.42	2
Judges	13	6	9.42	2
Judges	14	6	9.42	2
Judges	18	1	9.42	2
Judges	18	24	9.42	2
Judges	4	15	9.42	2
Judges	9	56	9.42	2
Judges	9	6	9.42	2
Judges	9	8	9.42	2
Leviticus	18	30	9.42	2
Leviticus	19	8	9.42	2
Leviticus	21	21	9.42	2
Leviticus	24	11	9.42	2
Luke	10	10	9.42	2
Luke	12	12	9.42	2
Luke	14	34	9.42	2
Luke	16	18	9.42	2
Luke	20	10	9.42	2
Luke	20	6	9.42	2
Luke	22	42	9.42	2
Luke	6	43	9.42	2
Luke	7	38	9.42	2
Luke	9	28	9.42	2
Mark	1	40	9.42	2
Mark	13	31	9.42	2
Mark	14	58	9.42	2
Mark	4	1	9.42	2
Mark	9	1	9.42	2
Matthew	12	14	9.42	2
Matthew	23	26	9.42	2
Matthew	24	5	9.42	2
Matthew	25	24	9.42	2
Matthew	26	17	9.42	2
Matthew	26	29	9.42	2
Matthew	28	7	9.42	2
Numbers	1	10	9.42	2
Numbers	18	2	9.42	2
Numbers	2	18	9.42	2
Numbers	20	13	9.42	2
Numbers	21	4	9.42	2
Numbers	22	35	9.42	2
Numbers	24	5	9.42	2
Numbers	26	9	9.42	2
Numbers	34	6	9.42	2
Proverbs	1	19	9.42	2
Proverbs	11	5	9.42	2
Proverbs	13	14	9.42	2
Proverbs	13	16	9.42	2
Proverbs	13	17	9.42	2
Proverbs	16	24	9.42	2
Proverbs	17	23	9.42	2
Proverbs	20	15	9.42	2
Proverbs	20	28	9.42	2
Proverbs	20	3	9.42	2
Proverbs	20	6	9.42	2
Proverbs	3	17	9.42	2
Proverbs	4	25	9.42	2
Proverbs	7	7	9.42	2
Proverbs	9	13	9.42	2
Psalms	105	17	9.42	2
Psalms	107	4	9.42	2
Psalms	113	4	9.42	2
Psalms	114	5	9.42	2
Psalms	118	15	9.42	2
Psalms	118	26	9.42	2
Psalms	119	153	9.42	2
Psalms	119	42	9.42	2
Psalms	119	77	9.42	2
Psalms	119	85	9.42	2
Psalms	122	5	9.42	2
Psalms	136	25	9.42	2
Psalms	139	11	9.42	2
Psalms	144	13	9.42	2
Psalms	146	10	9.42	2
Psalms	147	1	9.42	2
Psalms	150	4	9.42	2
Psalms	23	2	9.42	2
Psalms	36	2	9.42	2
Psalms	50	5	9.42	2
Psalms	53	6	9.42	2
Psalms	68	24	9.42	2
Psalms	7	17	9.42	2
Psalms	70	2	9.42	2
Psalms	73	9	9.42	2
Psalms	80	16	9.42	2
Psalms	87	5	9.42	2
Psalms	89	4	9.42	2
Psalms	96	5	9.42	2
Psalms	97	3	9.42	2
Psalms	97	6	9.42	2
Revelation	17	13	9.42	2
Ruth	2	13	9.42	2
Ruth	4	18	9.42	2
Song of Solomon	1	10	9.42	2
Song of Solomon	3	5	9.42	2
Song of Solomon	8	14	9.42	2
Zechariah	10	3	9.42	2
1 Chronicles	12	38	9.28	2
1 Chronicles	15	11	9.28	2
1 Chronicles	16	8	9.28	2
1 Chronicles	22	1	9.28	2
1 Corinthians	10	17	9.28	2
1 Corinthians	10	2	9.28	2
1 Corinthians	15	27	9.28	2
1 Corinthians	15	6	9.28	2
1 Corinthians	9	11	9.28	2
1 Kings	11	41	9.28	2
1 Kings	21	4	9.28	2
1 Kings	4	26	9.28	2
1 Kings	4	31	9.28	2
1 Kings	8	44	9.28	2
1 Kings	8	51	9.28	2
1 Samuel	13	4	9.28	2
1 Samuel	16	2	9.28	2
1 Samuel	17	10	9.28	2
1 Thessalonians	1	7	9.28	2
1 Timothy	5	2	9.28	2
2 Chronicles	12	1	9.28	2
2 Chronicles	12	15	9.28	2
2 Chronicles	16	2	9.28	2
2 Chronicles	18	13	9.28	2
2 Chronicles	20	26	9.28	2
2 Chronicles	25	19	9.28	2
2 Chronicles	26	5	9.28	2
2 Chronicles	28	16	9.28	2
2 Chronicles	30	11	9.28	2
2 Chronicles	30	5	9.28	2
2 Chronicles	6	13	9.28	2
2 Corinthians	11	17	9.28	2
2 Corinthians	3	9	9.28	2
2 Corinthians	8	23	9.28	2
2 Kings	12	18	9.28	2
2 Kings	17	34	9.28	2
2 Kings	19	21	9.28	2
2 Kings	22	8	9.28	2
2 Kings	3	9	9.28	2
2 Kings	6	26	9.28	2
2 Samuel	19	28	9.28	2
2 Samuel	5	13	9.28	2
2 Samuel	7	5	9.28	2
2 Samuel	8	9	9.28	2
Acts	10	15	9.28	2
Acts	13	19	9.28	2
Acts	13	23	9.28	2
Acts	15	35	9.28	2
Acts	22	5	9.28	2
Acts	23	3	9.28	2
Acts	25	1	9.28	2
Acts	4	23	9.28	2
Acts	9	10	9.28	2
Daniel	11	30	9.28	2
Daniel	2	23	9.28	2
Daniel	4	9	9.28	2
Daniel	5	17	9.28	2
Daniel	5	31	9.28	2
Deuteronomy	1	16	9.28	2
Deuteronomy	1	4	9.28	2
Deuteronomy	17	9	9.28	2
Deuteronomy	19	11	9.28	2
Deuteronomy	21	15	9.28	2
Deuteronomy	28	56	9.28	2
Deuteronomy	3	27	9.28	2
Ecclesiastes	10	8	9.28	2
Ephesians	5	7	9.28	2
Esther	1	10	9.28	2
Esther	7	8	9.28	2
Esther	8	8	9.28	2
Esther	9	25	9.28	2
Exodus	12	3	9.28	2
Exodus	19	19	9.28	2
Exodus	19	21	9.28	2
Exodus	22	22	9.28	2
Exodus	28	12	9.28	2
Exodus	28	21	9.28	2
Exodus	28	6	9.28	2
Exodus	3	20	9.28	2
Exodus	34	29	9.28	2
Exodus	37	10	9.28	2
Exodus	38	1	9.28	2
Exodus	40	26	9.28	2
Ezekiel	16	27	9.28	2
Ezekiel	2	10	9.28	2
Ezekiel	20	44	9.28	2
Ezekiel	21	31	9.28	2
Ezekiel	23	25	9.28	2
Ezekiel	25	1	9.28	2
Ezekiel	34	18	9.28	2
Ezekiel	39	18	9.28	2
Ezekiel	40	3	9.28	2
Ezekiel	6	3	9.28	2
Ezekiel	7	5	9.28	2
Ezra	4	9	9.28	2
Ezra	6	3	9.28	2
Galatians	3	23	9.28	2
Genesis	1	11	9.28	2
Genesis	1	2	9.28	2
Genesis	10	21	9.28	2
Genesis	19	4	9.28	2
Genesis	28	18	9.28	2
Genesis	3	4	9.28	2
Genesis	3	8	9.28	2
Genesis	35	14	9.28	2
Genesis	4	11	9.28	2
Genesis	4	3	9.28	2
Genesis	42	7	9.28	2
Genesis	42	9	9.28	2
Genesis	43	1	9.28	2
Genesis	43	32	9.28	2
Genesis	45	24	9.28	2
Genesis	45	26	9.28	2
Genesis	47	12	9.28	2
Genesis	5	3	9.28	2
Genesis	9	9	9.28	2
Hebrews	13	23	9.28	2
Hosea	13	11	9.28	2
Hosea	5	6	9.28	2
Isaiah	17	5	9.28	2
Isaiah	22	22	9.28	2
Isaiah	26	13	9.28	2
Isaiah	34	7	9.28	2
Isaiah	37	14	9.28	2
Isaiah	46	12	9.28	2
Isaiah	48	14	9.28	2
Isaiah	5	20	9.28	2
Isaiah	7	20	9.28	2
James	1	4	9.28	2
Jeremiah	12	7	9.28	2
Jeremiah	19	10	9.28	2
Jeremiah	22	21	9.28	2
Jeremiah	22	5	9.28	2
Jeremiah	23	16	9.28	2
Jeremiah	31	40	9.28	2
Jeremiah	32	7	9.28	2
Jeremiah	36	12	9.28	2
Jeremiah	41	2	9.28	2
Jeremiah	42	1	9.28	2
Jeremiah	43	11	9.28	2
Jeremiah	44	21	9.28	2
Jeremiah	48	22	9.28	2
Jeremiah	51	31	9.28	2
Jeremiah	7	10	9.28	2
Jeremiah	9	22	9.28	2
Job	1	17	9.28	2
Job	10	16	9.28	2
Job	18	19	9.28	2
Job	19	23	9.28	2
Job	21	15	9.28	2
Job	23	8	9.28	2
Job	24	9	9.28	2
Job	27	14	9.28	2
Job	30	8	9.28	2
Job	38	25	9.28	2
Job	39	5	9.28	2
Job	6	19	9.28	2
John	11	28	9.28	2
John	11	50	9.28	2
John	12	5	9.28	2
John	13	4	9.28	2
John	16	1	9.28	2
John	18	24	9.28	2
John	18	6	9.28	2
John	19	3	9.28	2
John	3	33	9.28	2
John	4	20	9.28	2
John	4	9	9.28	2
John	6	52	9.28	2
John	8	53	9.28	2
John	9	1	9.28	2
Jonah	1	7	9.28	2
Joshua	12	7	9.28	2
Joshua	15	10	9.28	2
Joshua	17	16	9.28	2
Joshua	21	32	9.28	2
Joshua	24	11	9.28	2
Joshua	9	3	9.28	2
Judges	15	14	9.28	2
Judges	16	1	9.28	2
Judges	18	27	9.28	2
Judges	20	6	9.28	2
Judges	6	36	9.28	2
Judges	8	1	9.28	2
Lamentations	4	22	9.28	2
Leviticus	10	11	9.28	2
Leviticus	16	6	9.28	2
Leviticus	22	19	9.28	2
Leviticus	26	20	9.28	2
Leviticus	26	5	9.28	2
Leviticus	3	5	9.28	2
Leviticus	7	26	9.28	2
Leviticus	8	9	9.28	2
Leviticus	9	9	9.28	2
Luke	1	41	9.28	2
Luke	11	2	9.28	2
Luke	13	4	9.28	2
Luke	17	5	9.28	2
Luke	18	20	9.28	2
Luke	22	69	9.28	2
Luke	24	48	9.28	2
Luke	8	27	9.28	2
Luke	9	24	9.28	2
Luke	9	5	9.28	2
Malachi	2	10	9.28	2
Mark	1	25	9.28	2
Mark	11	15	9.28	2
Mark	14	27	9.28	2
Mark	14	66	9.28	2
Mark	16	6	9.28	2
Mark	2	5	9.28	2
Mark	3	2	9.28	2
Mark	3	35	9.28	2
Mark	7	7	9.28	2
Matthew	1	12	9.28	2
Matthew	12	19	9.28	2
Matthew	12	23	9.28	2
Matthew	17	19	9.28	2
Matthew	18	18	9.28	2
Matthew	18	23	9.28	2
Matthew	19	27	9.28	2
Matthew	22	24	9.28	2
Matthew	24	16	9.28	2
Matthew	26	18	9.28	2
Matthew	26	34	9.28	2
Matthew	27	62	9.28	2
Matthew	4	25	9.28	2
Matthew	5	42	9.28	2
Nehemiah	11	11	9.28	2
Nehemiah	11	3	9.28	2
Nehemiah	13	4	9.28	2
Nehemiah	5	14	9.28	2
Nehemiah	9	14	9.28	2
Nehemiah	9	4	9.28	2
Numbers	15	24	9.28	2
Numbers	15	25	9.28	2
Numbers	15	3	9.28	2
Numbers	16	11	9.28	2
Numbers	21	28	9.28	2
Numbers	21	6	9.28	2
Numbers	23	5	9.28	2
Numbers	26	5	9.28	2
Numbers	32	8	9.28	2
Numbers	4	7	9.28	2
Numbers	9	6	9.28	2
Proverbs	11	16	9.28	2
Proverbs	17	10	9.28	2
Proverbs	17	12	9.28	2
Proverbs	19	29	9.28	2
Proverbs	24	9	9.28	2
Proverbs	25	23	9.28	2
Proverbs	27	12	9.28	2
Proverbs	6	31	9.28	2
Psalms	106	19	9.28	2
Psalms	106	38	9.28	2
Psalms	107	7	9.28	2
Psalms	109	2	9.28	2
Psalms	114	8	9.28	2
Psalms	119	53	9.28	2
Psalms	124	7	9.28	2
Psalms	133	2	9.28	2
Psalms	136	17	9.28	2
Psalms	14	6	9.28	2
Psalms	143	9	9.28	2
Psalms	144	7	9.28	2
Psalms	17	12	9.28	2
Psalms	18	23	9.28	2
Psalms	18	39	9.28	2
Psalms	25	1	9.28	2
Psalms	30	2	9.28	2
Psalms	34	13	9.28	2
Psalms	54	5	9.28	2
Psalms	57	10	9.28	2
Psalms	86	3	9.28	2
Psalms	9	18	9.28	2
Psalms	92	9	9.28	2
Revelation	1	12	9.28	2
Revelation	10	7	9.28	2
Revelation	13	6	9.28	2
Revelation	21	16	9.28	2
Romans	14	11	9.28	2
Romans	8	12	9.28	2
Song of Solomon	6	8	9.28	2
Zechariah	5	5	9.28	2
Zechariah	6	11	9.28	2
1 Chronicles	29	6	9.15	2
1 Corinthians	15	26	9.15	2
1 Corinthians	15	42	9.15	2
1 Corinthians	16	19	9.15	2
1 Corinthians	7	15	9.15	2
1 Corinthians	9	21	9.15	2
1 Corinthians	9	4	9.15	2
1 Kings	13	21	9.15	2
1 Kings	17	24	9.15	2
1 Kings	2	2	9.15	2
1 Kings	20	22	9.15	2
1 Kings	5	6	9.15	2
1 Kings	8	1	9.15	2
1 Kings	8	11	9.15	2
1 Kings	8	50	9.15	2
1 Kings	9	21	9.15	2
1 Samuel	15	26	9.15	2
1 Samuel	18	5	9.15	2
1 Samuel	2	24	9.15	2
1 Samuel	22	2	9.15	2
1 Samuel	29	1	9.15	2
1 Samuel	31	10	9.15	2
1 Samuel	5	10	9.15	2
1 Samuel	6	4	9.15	2
2 Chronicles	10	15	9.15	2
2 Chronicles	12	13	9.15	2
2 Chronicles	12	6	9.15	2
2 Chronicles	2	10	9.15	2
2 Chronicles	21	16	9.15	2
2 Chronicles	22	3	9.15	2
2 Chronicles	30	10	9.15	2
2 Chronicles	32	24	9.15	2
2 Chronicles	33	7	9.15	2
2 Chronicles	7	10	9.15	2
2 Corinthians	11	7	9.15	2
2 Corinthians	12	18	9.15	2
2 Corinthians	7	12	9.15	2
2 Kings	10	10	9.15	2
2 Kings	14	4	9.15	2
2 Kings	19	2	9.15	2
2 Kings	3	4	9.15	2
2 Kings	6	18	9.15	2
2 Kings	8	16	9.15	2
2 Kings	9	37	9.15	2
2 Samuel	13	12	9.15	2
2 Samuel	13	3	9.15	2
2 Samuel	14	32	9.15	2
2 Samuel	15	26	9.15	2
2 Samuel	21	15	9.15	2
2 Samuel	24	25	9.15	2
2 Samuel	3	35	9.15	2
2 Samuel	4	9	9.15	2
2 Samuel	6	13	9.15	2
2 Samuel	6	18	9.15	2
2 Samuel	9	8	9.15	2
Acts	11	2	9.15	2
Acts	12	24	9.15	2
Acts	13	40	9.15	2
Acts	15	11	9.15	2
Acts	2	20	9.15	2
Acts	2	25	9.15	2
Acts	26	28	9.15	2
Acts	3	10	9.15	2
Acts	3	24	9.15	2
Acts	7	11	9.15	2
Acts	7	20	9.15	2
Amos	1	10	9.15	2
Amos	3	1	9.15	2
Amos	4	9	9.15	2
Daniel	12	6	9.15	2
Daniel	3	13	9.15	2
Daniel	6	1	9.15	2
Daniel	6	8	9.15	2
Daniel	8	16	9.15	2
Deuteronomy	1	8	9.15	2
Deuteronomy	13	15	9.15	2
Deuteronomy	13	9	9.15	2
Deuteronomy	26	10	9.15	2
Deuteronomy	28	35	9.15	2
Deuteronomy	28	41	9.15	2
Deuteronomy	4	43	9.15	2
Deuteronomy	6	20	9.15	2
Deuteronomy	6	8	9.15	2
Deuteronomy	9	12	9.15	2
Deuteronomy	9	13	9.15	2
Ecclesiastes	10	1	9.15	2
Ecclesiastes	5	15	9.15	2
Ecclesiastes	6	10	9.15	2
Ephesians	6	15	9.15	2
Esther	4	14	9.15	2
Esther	6	12	9.15	2
Esther	7	9	9.15	2
Esther	9	19	9.15	2
Exodus	10	1	9.15	2
Exodus	25	9	9.15	2
Exodus	29	35	9.15	2
Exodus	3	10	9.15	2
Exodus	32	15	9.15	2
Exodus	37	17	9.15	2
Exodus	4	1	9.15	2
Exodus	6	9	9.15	2
Exodus	8	10	9.15	2
Ezekiel	14	1	9.15	2
Ezekiel	16	1	9.15	2
Ezekiel	16	4	9.15	2
Ezekiel	17	5	9.15	2
Ezekiel	2	8	9.15	2
Ezekiel	20	32	9.15	2
Ezekiel	20	35	9.15	2
Ezekiel	22	13	9.15	2
Ezekiel	23	47	9.15	2
Ezekiel	24	1	9.15	2
Ezekiel	24	24	9.15	2
Ezekiel	27	7	9.15	2
Ezekiel	36	35	9.15	2
Ezekiel	36	36	9.15	2
Ezekiel	44	4	9.15	2
Ezekiel	7	24	9.15	2
Ezra	4	13	9.15	2
Ezra	7	21	9.15	2
Galatians	1	2	9.15	2
Genesis	44	4	9.15	2
Hebrews	11	20	9.15	2
Hebrews	7	16	9.15	2
Hebrews	7	23	9.15	2
Isaiah	10	14	9.15	2
Isaiah	13	4	9.15	2
Isaiah	13	9	9.15	2
Isaiah	14	17	9.15	2
Isaiah	24	22	9.15	2
Isaiah	3	4	9.15	2
Isaiah	34	13	9.15	2
Isaiah	36	8	9.15	2
Isaiah	41	24	9.15	2
Isaiah	5	15	9.15	2
Isaiah	51	21	9.15	2
Isaiah	54	16	9.15	2
Isaiah	58	4	9.15	2
Isaiah	59	14	9.15	2
Jeremiah	11	17	9.15	2
Jeremiah	13	13	9.15	2
Jeremiah	14	20	9.15	2
Jeremiah	14	4	9.15	2
Jeremiah	2	4	9.15	2
Jeremiah	38	5	9.15	2
Jeremiah	48	27	9.15	2
Jeremiah	49	11	9.15	2
Jeremiah	50	1	9.15	2
Jeremiah	51	12	9.15	2
Job	11	2	9.15	2
Job	12	12	9.15	2
Job	15	5	9.15	2
Job	18	4	9.15	2
Job	18	8	9.15	2
Job	20	7	9.15	2
Job	25	5	9.15	2
Job	26	13	9.15	2
Job	32	7	9.15	2
Job	33	26	9.15	2
Job	34	20	9.15	2
Job	37	1	9.15	2
Job	38	10	9.15	2
Job	6	11	9.15	2
John	10	24	9.15	2
John	13	29	9.15	2
John	14	29	9.15	2
John	20	23	9.15	2
John	7	22	9.15	2
Joshua	10	8	9.15	2
Joshua	12	4	9.15	2
Joshua	13	16	9.15	2
Joshua	13	17	9.15	2
Joshua	24	20	9.15	2
Joshua	6	6	9.15	2
Joshua	9	23	9.15	2
Judges	10	17	9.15	2
Judges	7	19	9.15	2
Lamentations	5	20	9.15	2
Leviticus	16	4	9.15	2
Leviticus	18	8	9.15	2
Leviticus	22	18	9.15	2
Leviticus	25	25	9.15	2
Leviticus	27	25	9.15	2
Leviticus	27	26	9.15	2
Leviticus	27	32	9.15	2
Luke	11	16	9.15	2
Luke	12	36	9.15	2
Luke	12	51	9.15	2
Luke	13	17	9.15	2
Luke	24	10	9.15	2
Luke	24	7	9.15	2
Luke	4	4	9.15	2
Luke	5	27	9.15	2
Luke	6	19	9.15	2
Luke	9	42	9.15	2
Mark	10	32	9.15	2
Mark	13	35	9.15	2
Mark	14	22	9.15	2
Mark	6	2	9.15	2
Mark	9	38	9.15	2
Matthew	10	24	9.15	2
Matthew	16	14	9.15	2
Matthew	18	14	9.15	2
Matthew	24	25	9.15	2
Matthew	26	45	9.15	2
Matthew	26	48	9.15	2
Matthew	27	22	9.15	2
Matthew	5	31	9.15	2
Matthew	9	6	9.15	2
Micah	1	9	9.15	2
Micah	6	3	9.15	2
Nahum	3	19	9.15	2
Nehemiah	12	1	9.15	2
Nehemiah	12	8	9.15	2
Nehemiah	3	26	9.15	2
Nehemiah	9	18	9.15	2
Numbers	10	35	9.15	2
Numbers	14	15	9.15	2
Numbers	14	17	9.15	2
Numbers	16	32	9.15	2
Numbers	18	4	9.15	2
Numbers	19	13	9.15	2
Numbers	21	3	9.15	2
Numbers	23	14	9.15	2
Numbers	24	4	9.15	2
Numbers	28	26	9.15	2
Numbers	3	32	9.15	2
Numbers	33	38	9.15	2
Numbers	4	5	9.15	2
Numbers	7	12	9.15	2
Obadiah	1	16	9.15	2
Philippians	3	4	9.15	2
Proverbs	1	1	9.15	2
Proverbs	1	26	9.15	2
Proverbs	10	13	9.15	2
Proverbs	12	23	9.15	2
Proverbs	12	25	9.15	2
Proverbs	13	12	9.15	2
Proverbs	15	24	9.15	2
Proverbs	17	1	9.15	2
Proverbs	18	11	9.15	2
Proverbs	20	23	9.15	2
Proverbs	28	24	9.15	2
Proverbs	3	31	9.15	2
Psalms	10	12	9.15	2
Psalms	102	1	9.15	2
Psalms	103	10	9.15	2
Psalms	104	19	9.15	2
Psalms	105	25	9.15	2
Psalms	109	14	9.15	2
Psalms	109	18	9.15	2
Psalms	112	3	9.15	2
Psalms	119	123	9.15	2
Psalms	120	4	9.15	2
Psalms	124	3	9.15	2
Psalms	124	4	9.15	2
Psalms	135	1	9.15	2
Psalms	137	5	9.15	2
Psalms	18	33	9.15	2
Psalms	18	36	9.15	2
Psalms	30	4	9.15	2
Psalms	31	17	9.15	2
Psalms	35	6	9.15	2
Psalms	35	9	9.15	2
Psalms	48	12	9.15	2
Psalms	58	8	9.15	2
Psalms	60	5	9.15	2
Psalms	65	12	9.15	2
Psalms	66	12	9.15	2
Psalms	66	9	9.15	2
Psalms	78	61	9.15	2
Psalms	88	13	9.15	2
Psalms	96	9	9.15	2
Revelation	17	7	9.15	2
Revelation	21	15	9.15	2
Revelation	22	21	9.15	2
Romans	10	8	9.15	2
Romans	14	12	9.15	2
Romans	14	5	9.15	2
Romans	15	31	9.15	2
Romans	5	14	9.15	2
Romans	6	9	9.15	2
Ruth	1	1	9.15	2
Ruth	4	10	9.15	2
Zechariah	1	1	9.15	2
Zechariah	1	18	9.15	2
Zechariah	10	10	9.15	2
Zechariah	11	6	9.15	2
Zechariah	8	17	9.15	2
Zephaniah	3	10	9.15	2
1 Chronicles	9	17	9.01	2
1 Corinthians	11	26	9.01	2
1 Corinthians	14	5	9.01	2
1 Corinthians	3	14	9.01	2
1 Corinthians	4	21	9.01	2
1 Corinthians	5	12	9.01	2
1 Corinthians	7	21	9.01	2
1 Corinthians	7	40	9.01	2
1 John	4	3	9.01	2
1 John	5	12	9.01	2
1 Kings	14	15	9.01	2
1 Kings	14	7	9.01	2
1 Kings	2	44	9.01	2
1 Kings	22	39	9.01	2
1 Kings	8	64	9.01	2
1 Samuel	1	27	9.01	2
1 Samuel	14	27	9.01	2
1 Samuel	14	47	9.01	2
1 Samuel	19	9	9.01	2
1 Samuel	23	21	9.01	2
1 Samuel	23	6	9.01	2
1 Samuel	24	3	9.01	2
1 Samuel	30	14	9.01	2
2 Chronicles	11	13	9.01	2
2 Chronicles	13	17	9.01	2
2 Chronicles	15	4	9.01	2
2 Chronicles	17	5	9.01	2
2 Chronicles	24	22	9.01	2
2 Chronicles	25	8	9.01	2
2 Chronicles	28	24	9.01	2
2 Chronicles	32	30	9.01	2
2 Chronicles	34	28	9.01	2
2 Chronicles	35	3	9.01	2
2 Chronicles	36	7	9.01	2
2 Chronicles	4	11	9.01	2
2 Chronicles	6	28	9.01	2
2 Chronicles	9	15	9.01	2
2 Corinthians	7	7	9.01	2
2 Kings	10	30	9.01	2
2 Kings	13	2	9.01	2
2 Kings	18	18	9.01	2
2 Kings	19	37	9.01	2
2 Kings	23	30	9.01	2
2 Kings	6	32	9.01	2
2 Kings	8	13	9.01	2
2 Kings	9	25	9.01	2
2 Peter	1	8	9.01	2
2 Samuel	20	3	9.01	2
2 Samuel	21	16	9.01	2
2 Samuel	24	13	9.01	2
2 Samuel	24	15	9.01	2
2 Samuel	6	21	9.01	2
2 Samuel	6	5	9.01	2
2 Samuel	6	9	9.01	2
2 Timothy	2	6	9.01	2
Acts	1	12	9.01	2
Acts	13	42	9.01	2
Acts	21	26	9.01	2
Acts	24	18	9.01	2
Acts	26	10	9.01	2
Acts	26	14	9.01	2
Acts	28	15	9.01	2
Amos	2	10	9.01	2
Daniel	10	13	9.01	2
Daniel	10	2	9.01	2
Daniel	10	20	9.01	2
Daniel	12	13	9.01	2
Daniel	3	12	9.01	2
Daniel	3	4	9.01	2
Daniel	3	9	9.01	2
Daniel	6	18	9.01	2
Daniel	8	8	9.01	2
Deuteronomy	12	25	9.01	2
Deuteronomy	28	28	9.01	2
Deuteronomy	28	7	9.01	2
Deuteronomy	29	9	9.01	2
Deuteronomy	32	47	9.01	2
Deuteronomy	32	51	9.01	2
Deuteronomy	4	4	9.01	2
Deuteronomy	9	16	9.01	2
Ecclesiastes	1	3	9.01	2
Ecclesiastes	3	19	9.01	2
Ephesians	3	15	9.01	2
Esther	1	14	9.01	2
Exodus	10	4	9.01	2
Exodus	11	7	9.01	2
Exodus	18	12	9.01	2
Exodus	23	23	9.01	2
Exodus	25	20	9.01	2
Exodus	33	9	9.01	2
Exodus	34	17	9.01	2
Exodus	38	21	9.01	2
Exodus	4	27	9.01	2
Exodus	40	24	9.01	2
Exodus	8	5	9.01	2
Exodus	8	7	9.01	2
Ezekiel	1	10	9.01	2
Ezekiel	10	19	9.01	2
Ezekiel	10	21	9.01	2
Ezekiel	17	10	9.01	2
Ezekiel	18	26	9.01	2
Ezekiel	20	3	9.01	2
Ezekiel	25	17	9.01	2
Ezekiel	31	6	9.01	2
Ezekiel	32	19	9.01	2
Ezekiel	34	3	9.01	2
Ezekiel	37	4	9.01	2
Ezekiel	45	12	9.01	2
Ezra	10	11	9.01	2
Galatians	4	28	9.01	2
Genesis	11	9	9.01	2
Genesis	12	5	9.01	2
Genesis	14	2	9.01	2
Genesis	22	11	9.01	2
Genesis	22	20	9.01	2
Genesis	25	17	9.01	2
Genesis	25	9	9.01	2
Genesis	29	14	9.01	2
Genesis	3	10	9.01	2
Genesis	32	1	9.01	2
Genesis	33	17	9.01	2
Genesis	4	1	9.01	2
Genesis	41	25	9.01	2
Genesis	47	10	9.01	2
Genesis	6	8	9.01	2
Habakkuk	1	4	9.01	2
Hebrews	10	3	9.01	2
Hebrews	3	16	9.01	2
Hebrews	5	3	9.01	2
Hosea	5	5	9.01	2
Isaiah	13	13	9.01	2
Isaiah	14	31	9.01	2
Isaiah	22	5	9.01	2
Isaiah	28	19	9.01	2
Isaiah	31	9	9.01	2
Isaiah	38	11	9.01	2
Isaiah	47	13	9.01	2
Isaiah	51	15	9.01	2
Isaiah	57	12	9.01	2
Isaiah	59	8	9.01	2
Isaiah	66	9	9.01	2
Jeremiah	15	21	9.01	2
Jeremiah	2	12	9.01	2
Jeremiah	25	21	9.01	2
Jeremiah	29	32	9.01	2
Jeremiah	3	24	9.01	2
Jeremiah	32	5	9.01	2
Jeremiah	33	17	9.01	2
Jeremiah	46	25	9.01	2
Jeremiah	48	36	9.01	2
Jeremiah	48	38	9.01	2
Jeremiah	51	53	9.01	2
Jeremiah	6	23	9.01	2
Job	14	7	9.01	2
Job	15	10	9.01	2
Job	15	30	9.01	2
Job	16	5	9.01	2
Job	21	17	9.01	2
Job	29	6	9.01	2
Job	34	32	9.01	2
Job	5	11	9.01	2
Job	9	24	9.01	2
Job	9	34	9.01	2
Joel	2	5	9.01	2
John	10	40	9.01	2
John	11	1	9.01	2
John	11	16	9.01	2
John	13	37	9.01	2
John	5	42	9.01	2
Jonah	3	8	9.01	2
Joshua	15	44	9.01	2
Joshua	18	24	9.01	2
Joshua	24	24	9.01	2
Joshua	4	12	9.01	2
Joshua	5	15	9.01	2
Joshua	8	20	9.01	2
Judges	13	15	9.01	2
Judges	13	20	9.01	2
Judges	13	24	9.01	2
Judges	17	2	9.01	2
Judges	21	5	9.01	2
Lamentations	1	11	9.01	2
Lamentations	3	12	9.01	2
Lamentations	3	38	9.01	2
Lamentations	4	15	9.01	2
Lamentations	5	21	9.01	2
Leviticus	13	2	9.01	2
Leviticus	13	46	9.01	2
Leviticus	19	37	9.01	2
Leviticus	25	21	9.01	2
Leviticus	4	4	9.01	2
Leviticus	6	14	9.01	2
Luke	1	34	9.01	2
Luke	10	41	9.01	2
Luke	11	31	9.01	2
Luke	16	26	9.01	2
Luke	18	28	9.01	2
Luke	18	34	9.01	2
Luke	19	11	9.01	2
Luke	19	45	9.01	2
Luke	22	67	9.01	2
Luke	24	1	9.01	2
Luke	4	1	9.01	2
Luke	5	20	9.01	2
Luke	5	31	9.01	2
Luke	8	22	9.01	2
Luke	8	41	9.01	2
Luke	9	46	9.01	2
Mark	1	34	9.01	2
Mark	1	39	9.01	2
Mark	10	34	9.01	2
Mark	13	11	9.01	2
Mark	13	32	9.01	2
Mark	2	1	9.01	2
Mark	2	14	9.01	2
Mark	6	26	9.01	2
Matthew	1	16	9.01	2
Matthew	12	4	9.01	2
Matthew	15	10	9.01	2
Matthew	16	22	9.01	2
Matthew	19	5	9.01	2
Matthew	24	43	9.01	2
Matthew	5	46	9.01	2
Matthew	8	3	9.01	2
Numbers	10	17	9.01	2
Numbers	14	41	9.01	2
Numbers	17	5	9.01	2
Numbers	24	7	9.01	2
Numbers	26	59	9.01	2
Numbers	29	7	9.01	2
Numbers	3	19	9.01	2
Numbers	9	14	9.01	2
Proverbs	10	15	9.01	2
Proverbs	10	2	9.01	2
Proverbs	11	14	9.01	2
Proverbs	12	15	9.01	2
Proverbs	12	24	9.01	2
Proverbs	15	17	9.01	2
Proverbs	15	4	9.01	2
Proverbs	19	25	9.01	2
Proverbs	19	7	9.01	2
Proverbs	22	10	9.01	2
Proverbs	26	2	9.01	2
Proverbs	26	3	9.01	2
Proverbs	27	10	9.01	2
Proverbs	6	1	9.01	2
Psalms	101	1	9.01	2
Psalms	103	6	9.01	2
Psalms	104	32	9.01	2
Psalms	105	28	9.01	2
Psalms	106	20	9.01	2
Psalms	106	29	9.01	2
Psalms	107	14	9.01	2
Psalms	111	5	9.01	2
Psalms	114	7	9.01	2
Psalms	119	113	9.01	2
Psalms	119	145	9.01	2
Psalms	129	8	9.01	2
Psalms	130	6	9.01	2
Psalms	140	8	9.01	2
Psalms	144	9	9.01	2
Psalms	36	11	9.01	2
Psalms	38	18	9.01	2
Psalms	38	19	9.01	2
Psalms	39	13	9.01	2
Psalms	39	4	9.01	2
Psalms	39	7	9.01	2
Psalms	5	4	9.01	2
Psalms	5	5	9.01	2
Psalms	54	7	9.01	2
Psalms	64	10	9.01	2
Psalms	69	15	9.01	2
Psalms	69	23	9.01	2
Psalms	70	5	9.01	2
Psalms	71	10	9.01	2
Psalms	78	23	9.01	2
Psalms	79	11	9.01	2
Psalms	88	14	9.01	2
Psalms	99	7	9.01	2
Revelation	6	6	9.01	2
Revelation	9	13	9.01	2
Romans	11	27	9.01	2
Romans	14	23	9.01	2
Romans	15	17	9.01	2
Romans	16	1	9.01	2
Romans	5	18	9.01	2
Ruth	1	14	9.01	2
Ruth	1	19	9.01	2
Ruth	2	10	9.01	2
Song of Solomon	2	10	9.01	2
Song of Solomon	4	5	9.01	2
Song of Solomon	5	9	9.01	2
Song of Solomon	6	9	9.01	2
Zephaniah	1	15	9.01	2
1 Chronicles	11	10	8.87	2
1 Chronicles	12	23	8.87	2
1 Chronicles	23	32	8.87	2
1 Chronicles	3	5	8.87	2
1 Chronicles	6	19	8.87	2
1 Chronicles	6	8	8.87	2
1 Corinthians	11	27	8.87	2
1 Corinthians	14	39	8.87	2
1 Corinthians	7	12	8.87	2
1 Kings	1	13	8.87	2
1 Kings	10	8	8.87	2
1 Kings	18	3	8.87	2
1 Kings	2	12	8.87	2
1 Kings	6	36	8.87	2
1 Kings	8	55	8.87	2
1 Samuel	10	8	8.87	2
1 Samuel	11	14	8.87	2
1 Samuel	15	1	8.87	2
1 Samuel	2	11	8.87	2
1 Samuel	2	15	8.87	2
1 Samuel	2	21	8.87	2
1 Samuel	22	8	8.87	2
1 Samuel	23	18	8.87	2
1 Samuel	25	8	8.87	2
1 Timothy	3	9	8.87	2
2 Chronicles	11	1	8.87	2
2 Chronicles	12	9	8.87	2
2 Chronicles	13	9	8.87	2
2 Chronicles	24	25	8.87	2
2 Chronicles	29	31	8.87	2
2 Chronicles	29	8	8.87	2
2 Chronicles	4	8	8.87	2
2 Chronicles	6	36	8.87	2
2 Corinthians	10	2	8.87	2
2 Corinthians	11	1	8.87	2
2 Corinthians	11	32	8.87	2
2 Corinthians	7	8	8.87	2
2 Corinthians	8	24	8.87	2
2 Kings	12	17	8.87	2
2 Kings	14	21	8.87	2
2 Kings	17	25	8.87	2
2 Kings	18	26	8.87	2
2 Kings	19	34	8.87	2
2 Kings	2	12	8.87	2
2 Kings	23	16	8.87	2
2 Kings	25	22	8.87	2
2 Kings	7	19	8.87	2
2 Kings	8	7	8.87	2
2 Samuel	13	23	8.87	2
2 Samuel	15	6	8.87	2
2 Samuel	16	9	8.87	2
2 Samuel	17	2	8.87	2
2 Samuel	18	2	8.87	2
2 Samuel	18	9	8.87	2
2 Samuel	23	13	8.87	2
2 Samuel	24	9	8.87	2
2 Samuel	4	4	8.87	2
2 Samuel	5	22	8.87	2
Acts	1	17	8.87	2
Acts	11	12	8.87	2
Acts	13	29	8.87	2
Acts	14	26	8.87	2
Acts	15	38	8.87	2
Acts	19	15	8.87	2
Acts	19	2	8.87	2
Acts	21	25	8.87	2
Acts	23	16	8.87	2
Acts	24	12	8.87	2
Acts	26	25	8.87	2
Acts	9	27	8.87	2
Acts	9	30	8.87	2
Acts	9	33	8.87	2
Amos	1	7	8.87	2
Deuteronomy	11	16	8.87	2
Deuteronomy	12	10	8.87	2
Deuteronomy	16	12	8.87	2
Deuteronomy	19	14	8.87	2
Deuteronomy	19	16	8.87	2
Deuteronomy	26	15	8.87	2
Deuteronomy	3	16	8.87	2
Deuteronomy	7	22	8.87	2
Deuteronomy	7	23	8.87	2
Ecclesiastes	2	19	8.87	2
Ecclesiastes	5	3	8.87	2
Ecclesiastes	8	13	8.87	2
Esther	5	6	8.87	2
Exodus	15	4	8.87	2
Exodus	16	28	8.87	2
Exodus	18	26	8.87	2
Exodus	22	18	8.87	2
Exodus	22	20	8.87	2
Exodus	29	22	8.87	2
Exodus	32	30	8.87	2
Exodus	37	25	8.87	2
Ezekiel	12	23	8.87	2
Ezekiel	14	4	8.87	2
Ezekiel	16	33	8.87	2
Ezekiel	18	18	8.87	2
Ezekiel	21	28	8.87	2
Ezekiel	23	35	8.87	2
Ezekiel	27	22	8.87	2
Ezekiel	28	3	8.87	2
Ezekiel	34	5	8.87	2
Ezekiel	39	9	8.87	2
Ezekiel	4	13	8.87	2
Ezekiel	7	6	8.87	2
Ezra	1	3	8.87	2
Ezra	2	43	8.87	2
Genesis	17	12	8.87	2
Genesis	17	23	8.87	2
Genesis	19	26	8.87	2
Genesis	21	12	8.87	2
Genesis	32	29	8.87	2
Genesis	35	27	8.87	2
Genesis	39	6	8.87	2
Genesis	45	1	8.87	2
Genesis	49	25	8.87	2
Genesis	50	26	8.87	2
Haggai	2	13	8.87	2
Hebrews	10	21	8.87	2
Hosea	4	7	8.87	2
Hosea	5	10	8.87	2
Isaiah	10	17	8.87	2
Isaiah	22	2	8.87	2
Isaiah	27	3	8.87	2
Isaiah	31	5	8.87	2
Isaiah	33	24	8.87	2
Isaiah	40	4	8.87	2
Isaiah	50	9	8.87	2
Isaiah	59	5	8.87	2
Isaiah	6	7	8.87	2
James	2	4	8.87	2
Jeremiah	13	1	8.87	2
Jeremiah	23	13	8.87	2
Jeremiah	23	36	8.87	2
Jeremiah	26	23	8.87	2
Jeremiah	31	29	8.87	2
Jeremiah	32	8	8.87	2
Jeremiah	36	32	8.87	2
Jeremiah	40	8	8.87	2
Jeremiah	48	20	8.87	2
Jeremiah	49	34	8.87	2
Jeremiah	5	25	8.87	2
Jeremiah	50	23	8.87	2
Jeremiah	7	5	8.87	2
Jeremiah	8	21	8.87	2
Job	11	12	8.87	2
Job	13	5	8.87	2
Job	15	2	8.87	2
Job	17	2	8.87	2
Job	2	2	8.87	2
Job	33	18	8.87	2
Job	33	9	8.87	2
Job	38	39	8.87	2
Joel	1	3	8.87	2
Joel	3	20	8.87	2
John	10	37	8.87	2
John	11	49	8.87	2
John	11	8	8.87	2
John	12	15	8.87	2
John	12	45	8.87	2
John	14	8	8.87	2
John	21	5	8.87	2
John	4	7	8.87	2
John	6	55	8.87	2
John	8	11	8.87	2
Joshua	11	4	8.87	2
Joshua	13	27	8.87	2
Joshua	13	33	8.87	2
Joshua	14	15	8.87	2
Joshua	14	3	8.87	2
Joshua	15	48	8.87	2
Joshua	19	51	8.87	2
Joshua	5	6	8.87	2
Joshua	6	24	8.87	2
Judges	16	28	8.87	2
Judges	3	27	8.87	2
Lamentations	3	55	8.87	2
Lamentations	3	7	8.87	2
Leviticus	14	22	8.87	2
Leviticus	20	18	8.87	2
Leviticus	21	9	8.87	2
Leviticus	22	10	8.87	2
Leviticus	7	20	8.87	2
Leviticus	8	35	8.87	2
Leviticus	9	22	8.87	2
Leviticus	9	7	8.87	2
Luke	1	11	8.87	2
Luke	1	71	8.87	2
Luke	10	2	8.87	2
Luke	10	38	8.87	2
Luke	14	18	8.87	2
Luke	21	18	8.87	2
Luke	3	17	8.87	2
Luke	4	43	8.87	2
Luke	6	48	8.87	2
Luke	8	24	8.87	2
Malachi	2	4	8.87	2
Mark	1	44	8.87	2
Mark	10	46	8.87	2
Mark	14	50	8.87	2
Mark	14	55	8.87	2
Mark	3	10	8.87	2
Mark	4	19	8.87	2
Mark	7	15	8.87	2
Mark	7	3	8.87	2
Mark	9	49	8.87	2
Matthew	11	22	8.87	2
Matthew	12	16	8.87	2
Matthew	13	17	8.87	2
Matthew	14	36	8.87	2
Matthew	15	21	8.87	2
Matthew	17	24	8.87	2
Matthew	23	24	8.87	2
Matthew	23	36	8.87	2
Matthew	24	49	8.87	2
Matthew	25	11	8.87	2
Matthew	25	36	8.87	2
Matthew	27	52	8.87	2
Matthew	8	13	8.87	2
Matthew	9	16	8.87	2
Micah	1	15	8.87	2
Nahum	3	1	8.87	2
Numbers	12	16	8.87	2
Numbers	13	29	8.87	2
Numbers	14	35	8.87	2
Numbers	24	1	8.87	2
Numbers	3	6	8.87	2
Numbers	32	13	8.87	2
Numbers	32	38	8.87	2
Numbers	4	19	8.87	2
Numbers	5	7	8.87	2
Philippians	4	22	8.87	2
Philemon	1	20	8.87	2
Proverbs	11	8	8.87	2
Proverbs	12	17	8.87	2
Proverbs	14	30	8.87	2
Proverbs	15	12	8.87	2
Proverbs	15	26	8.87	2
Proverbs	17	2	8.87	2
Proverbs	24	1	8.87	2
Proverbs	24	10	8.87	2
Proverbs	27	23	8.87	2
Proverbs	4	12	8.87	2
Proverbs	4	22	8.87	2
Proverbs	6	5	8.87	2
Proverbs	7	3	8.87	2
Psalms	105	43	8.87	2
Psalms	107	13	8.87	2
Psalms	109	10	8.87	2
Psalms	119	58	8.87	2
Psalms	119	89	8.87	2
Psalms	145	21	8.87	2
Psalms	146	4	8.87	2
Psalms	17	6	8.87	2
Psalms	22	31	8.87	2
Psalms	48	7	8.87	2
Psalms	69	29	8.87	2
Psalms	71	7	8.87	2
Psalms	8	5	8.87	2
Psalms	80	14	8.87	2
Psalms	81	6	8.87	2
Psalms	84	9	8.87	2
Psalms	85	12	8.87	2
Psalms	93	4	8.87	2
Psalms	94	2	8.87	2
Revelation	11	14	8.87	2
Revelation	6	4	8.87	2
Revelation	9	15	8.87	2
Romans	15	7	8.87	2
Romans	9	10	8.87	2
Song of Solomon	1	6	8.87	2
Song of Solomon	5	5	8.87	2
Titus	2	1	8.87	2
Zechariah	7	7	8.87	2
1 Chronicles	18	11	8.73	2
1 Chronicles	27	1	8.73	2
1 Chronicles	28	12	8.73	2
1 Corinthians	10	15	8.73	2
1 John	3	15	8.73	2
1 Kings	10	2	8.73	2
1 Kings	10	23	8.73	2
1 Kings	10	27	8.73	2
1 Kings	13	24	8.73	2
1 Kings	15	24	8.73	2
1 Kings	15	27	8.73	2
1 Kings	19	21	8.73	2
1 Kings	4	6	8.73	2
1 Kings	6	18	8.73	2
1 Samuel	15	8	8.73	2
1 Samuel	17	22	8.73	2
1 Samuel	25	34	8.73	2
1 Samuel	25	38	8.73	2
1 Samuel	28	7	8.73	2
1 Samuel	6	17	8.73	2
1 Thessalonians	2	18	8.73	2
1 Timothy	5	3	8.73	2
2 Chronicles	1	7	8.73	2
2 Chronicles	21	13	8.73	2
2 Chronicles	24	18	8.73	2
2 Chronicles	29	36	8.73	2
2 Chronicles	34	7	8.73	2
2 Chronicles	5	14	8.73	2
2 Chronicles	5	9	8.73	2
2 Chronicles	6	16	8.73	2
2 Chronicles	7	16	8.73	2
2 Chronicles	7	17	8.73	2
2 Chronicles	7	21	8.73	2
2 Corinthians	3	8	8.73	2
2 Kings	1	3	8.73	2
2 Kings	14	27	8.73	2
2 Kings	19	9	8.73	2
2 Kings	22	11	8.73	2
2 Kings	24	10	8.73	2
2 Kings	25	23	8.73	2
2 Kings	5	8	8.73	2
2 Samuel	1	17	8.73	2
2 Samuel	14	19	8.73	2
2 Samuel	20	10	8.73	2
2 Samuel	5	4	8.73	2
2 Samuel	6	6	8.73	2
3 John	1	1	8.73	2
Acts	1	26	8.73	2
Acts	13	7	8.73	2
Acts	16	10	8.73	2
Acts	19	20	8.73	2
Acts	2	7	8.73	2
Acts	22	18	8.73	2
Acts	5	21	8.73	2
Acts	7	17	8.73	2
Colossians	2	22	8.73	2
Daniel	4	14	8.73	2
Daniel	5	10	8.73	2
Daniel	6	7	8.73	2
Daniel	7	21	8.73	2
Daniel	7	5	8.73	2
Deuteronomy	1	36	8.73	2
Deuteronomy	11	17	8.73	2
Deuteronomy	12	13	8.73	2
Deuteronomy	12	26	8.73	2
Deuteronomy	16	21	8.73	2
Deuteronomy	16	9	8.73	2
Deuteronomy	18	4	8.73	2
Deuteronomy	19	10	8.73	2
Deuteronomy	20	14	8.73	2
Deuteronomy	28	43	8.73	2
Deuteronomy	28	50	8.73	2
Deuteronomy	28	54	8.73	2
Deuteronomy	3	1	8.73	2
Deuteronomy	30	18	8.73	2
Deuteronomy	31	10	8.73	2
Deuteronomy	5	28	8.73	2
Deuteronomy	8	1	8.73	2
Deuteronomy	9	23	8.73	2
Ecclesiastes	10	20	8.73	2
Ecclesiastes	8	1	8.73	2
Ecclesiastes	8	4	8.73	2
Ecclesiastes	8	5	8.73	2
Esther	5	3	8.73	2
Esther	7	3	8.73	2
Exodus	12	16	8.73	2
Exodus	12	27	8.73	2
Exodus	15	7	8.73	2
Exodus	21	6	8.73	2
Exodus	28	29	8.73	2
Exodus	3	21	8.73	2
Exodus	30	12	8.73	2
Exodus	32	26	8.73	2
Exodus	33	13	8.73	2
Exodus	39	43	8.73	2
Exodus	4	5	8.73	2
Exodus	6	2	8.73	2
Ezekiel	18	19	8.73	2
Ezekiel	21	17	8.73	2
Ezekiel	21	21	8.73	2
Ezekiel	21	6	8.73	2
Ezekiel	24	25	8.73	2
Ezekiel	29	17	8.73	2
Ezekiel	29	9	8.73	2
Ezekiel	30	10	8.73	2
Ezekiel	30	18	8.73	2
Ezekiel	43	5	8.73	2
Ezekiel	44	31	8.73	2
Ezekiel	48	1	8.73	2
Ezekiel	8	9	8.73	2
Ezekiel	9	7	8.73	2
Ezra	4	24	8.73	2
Ezra	7	11	8.73	2
Galatians	1	11	8.73	2
Genesis	12	16	8.73	2
Genesis	16	10	8.73	2
Genesis	18	21	8.73	2
Genesis	19	3	8.73	2
Genesis	2	4	8.73	2
Genesis	26	14	8.73	2
Genesis	35	10	8.73	2
Genesis	37	20	8.73	2
Genesis	39	7	8.73	2
Genesis	4	14	8.73	2
Genesis	43	3	8.73	2
Genesis	44	18	8.73	2
Genesis	45	14	8.73	2
Genesis	49	6	8.73	2
Genesis	7	7	8.73	2
Habakkuk	3	15	8.73	2
Hebrews	1	12	8.73	2
Hebrews	11	2	8.73	2
Hebrews	2	12	8.73	2
Hebrews	8	13	8.73	2
Hosea	2	17	8.73	2
Hosea	5	3	8.73	2
Hosea	7	4	8.73	2
Hosea	9	8	8.73	2
Isaiah	13	12	8.73	2
Isaiah	15	3	8.73	2
Isaiah	16	3	8.73	2
Isaiah	21	13	8.73	2
Isaiah	24	4	8.73	2
Isaiah	29	22	8.73	2
Isaiah	34	3	8.73	2
Isaiah	37	18	8.73	2
Isaiah	40	17	8.73	2
Isaiah	41	19	8.73	2
Isaiah	43	26	8.73	2
Isaiah	45	11	8.73	2
Isaiah	48	11	8.73	2
Isaiah	48	3	8.73	2
Isaiah	7	6	8.73	2
Jeremiah	11	15	8.73	2
Jeremiah	12	9	8.73	2
Jeremiah	23	39	8.73	2
Jeremiah	25	17	8.73	2
Jeremiah	26	21	8.73	2
Jeremiah	3	11	8.73	2
Jeremiah	30	8	8.73	2
Jeremiah	35	17	8.73	2
Jeremiah	38	1	8.73	2
Jeremiah	38	28	8.73	2
Jeremiah	51	42	8.73	2
Job	19	2	8.73	2
Job	24	3	8.73	2
Job	27	9	8.73	2
Job	28	12	8.73	2
Job	32	6	8.73	2
Job	34	18	8.73	2
Job	36	26	8.73	2
Joel	1	16	8.73	2
John	1	26	8.73	2
John	12	8	8.73	2
John	18	2	8.73	2
John	6	24	8.73	2
John	7	25	8.73	2
John	9	3	8.73	2
Joshua	13	14	8.73	2
Joshua	13	6	8.73	2
Joshua	19	32	8.73	2
Joshua	21	11	8.73	2
Joshua	6	2	8.73	2
Joshua	7	10	8.73	2
Judges	1	20	8.73	2
Judges	14	5	8.73	2
Judges	15	8	8.73	2
Judges	16	20	8.73	2
Judges	18	31	8.73	2
Judges	7	2	8.73	2
Lamentations	2	3	8.73	2
Lamentations	3	18	8.73	2
Leviticus	12	2	8.73	2
Leviticus	19	19	8.73	2
Leviticus	23	13	8.73	2
Leviticus	25	2	8.73	2
Leviticus	25	9	8.73	2
Leviticus	3	14	8.73	2
Leviticus	5	13	8.73	2
Leviticus	7	34	8.73	2
Luke	11	32	8.73	2
Luke	13	1	8.73	2
Luke	17	28	8.73	2
Luke	18	2	8.73	2
Luke	18	35	8.73	2
Luke	18	4	8.73	2
Luke	2	23	8.73	2
Luke	22	21	8.73	2
Luke	22	61	8.73	2
Luke	23	49	8.73	2
Luke	4	2	8.73	2
Luke	5	5	8.73	2
Luke	8	54	8.73	2
Malachi	2	1	8.73	2
Mark	2	12	8.73	2
Mark	4	41	8.73	2
Mark	6	18	8.73	2
Mark	6	46	8.73	2
Matthew	10	12	8.73	2
Matthew	12	2	8.73	2
Matthew	15	11	8.73	2
Matthew	17	12	8.73	2
Matthew	17	6	8.73	2
Matthew	2	22	8.73	2
Matthew	20	17	8.73	2
Matthew	21	29	8.73	2
Matthew	22	44	8.73	2
Matthew	22	9	8.73	2
Matthew	26	23	8.73	2
Matthew	3	6	8.73	2
Matthew	5	23	8.73	2
Matthew	6	18	8.73	2
Nehemiah	1	1	8.73	2
Nehemiah	3	15	8.73	2
Numbers	10	8	8.73	2
Numbers	11	28	8.73	2
Numbers	11	33	8.73	2
Numbers	16	49	8.73	2
Numbers	7	10	8.73	2
Obadiah	1	11	8.73	2
Philemon	1	18	8.73	2
Philemon	1	2	8.73	2
Philemon	1	23	8.73	2
Proverbs	1	6	8.73	2
Proverbs	10	8	8.73	2
Proverbs	14	23	8.73	2
Proverbs	15	9	8.73	2
Proverbs	21	4	8.73	2
Proverbs	22	24	8.73	2
Proverbs	23	24	8.73	2
Proverbs	25	2	8.73	2
Proverbs	3	4	8.73	2
Proverbs	5	11	8.73	2
Proverbs	6	12	8.73	2
Proverbs	9	17	8.73	2
Psalms	103	9	8.73	2
Psalms	104	16	8.73	2
Psalms	109	22	8.73	2
Psalms	109	28	8.73	2
Psalms	111	7	8.73	2
Psalms	119	29	8.73	2
Psalms	119	62	8.73	2
Psalms	119	96	8.73	2
Psalms	145	6	8.73	2
Psalms	18	42	8.73	2
Psalms	31	12	8.73	2
Psalms	35	24	8.73	2
Psalms	40	11	8.73	2
Psalms	59	13	8.73	2
Psalms	68	11	8.73	2
Psalms	69	34	8.73	2
Psalms	7	11	8.73	2
Psalms	77	14	8.73	2
Psalms	77	17	8.73	2
Psalms	77	4	8.73	2
Psalms	78	24	8.73	2
Psalms	78	47	8.73	2
Psalms	81	8	8.73	2
Psalms	9	1	8.73	2
Psalms	91	5	8.73	2
Revelation	10	2	8.73	2
Revelation	21	19	8.73	2
Romans	16	12	8.73	2
Romans	2	19	8.73	2
Romans	9	16	8.73	2
Ruth	3	3	8.73	2
Song of Solomon	1	2	8.73	2
Song of Solomon	3	3	8.73	2
Song of Solomon	6	10	8.73	2
Zechariah	11	10	8.73	2
Zechariah	11	4	8.73	2
Zechariah	2	3	8.73	2
1 Chronicles	15	19	8.59	2
1 Chronicles	17	12	8.59	2
1 Chronicles	18	17	8.59	2
1 Chronicles	29	22	8.59	2
1 Corinthians	10	25	8.59	2
1 Corinthians	15	18	8.59	2
1 Corinthians	16	20	8.59	2
1 Corinthians	3	23	8.59	2
1 Corinthians	7	16	8.59	2
1 Corinthians	7	6	8.59	2
1 Corinthians	7	8	8.59	2
1 Kings	1	44	8.59	2
1 Kings	1	47	8.59	2
1 Kings	11	11	8.59	2
1 Kings	11	2	8.59	2
1 Kings	14	20	8.59	2
1 Kings	15	20	8.59	2
1 Kings	15	25	8.59	2
1 Kings	16	8	8.59	2
1 Kings	19	20	8.59	2
1 Kings	20	31	8.59	2
1 Kings	21	2	8.59	2
1 Kings	8	35	8.59	2
1 Kings	9	22	8.59	2
1 Samuel	10	17	8.59	2
1 Samuel	14	11	8.59	2
1 Samuel	15	35	8.59	2
1 Samuel	16	5	8.59	2
1 Samuel	2	17	8.59	2
1 Samuel	20	8	8.59	2
1 Samuel	25	33	8.59	2
1 Samuel	25	42	8.59	2
1 Samuel	26	20	8.59	2
1 Samuel	26	6	8.59	2
1 Samuel	3	20	8.59	2
1 Thessalonians	4	2	8.59	2
1 Thessalonians	5	7	8.59	2
1 Timothy	2	14	8.59	2
1 Timothy	3	1	8.59	2
2 Chronicles	12	2	8.59	2
2 Chronicles	13	5	8.59	2
2 Chronicles	17	11	8.59	2
2 Chronicles	2	12	8.59	2
2 Chronicles	21	6	8.59	2
2 Chronicles	23	13	8.59	2
2 Chronicles	26	19	8.59	2
2 Chronicles	30	1	8.59	2
2 Chronicles	33	15	8.59	2
2 Chronicles	34	2	8.59	2
2 Chronicles	6	20	8.59	2
2 Chronicles	7	15	8.59	2
2 Corinthians	10	17	8.59	2
2 Corinthians	2	6	8.59	2
2 Corinthians	7	15	8.59	2
2 Corinthians	9	9	8.59	2
2 Kings	13	22	8.59	2
2 Kings	13	25	8.59	2
2 Kings	15	16	8.59	2
2 Kings	18	21	8.59	2
2 Kings	22	16	8.59	2
2 Kings	4	32	8.59	2
2 Kings	5	3	8.59	2
2 Kings	6	28	8.59	2
2 Samuel	12	31	8.59	2
2 Samuel	13	39	8.59	2
2 Samuel	15	8	8.59	2
2 Samuel	19	27	8.59	2
2 Samuel	9	10	8.59	2
2 Timothy	4	12	8.59	2
Acts	10	17	8.59	2
Acts	11	25	8.59	2
Acts	13	9	8.59	2
Acts	15	16	8.59	2
Acts	18	28	8.59	2
Acts	19	33	8.59	2
Acts	20	9	8.59	2
Acts	22	20	8.59	2
Acts	23	35	8.59	2
Acts	28	5	8.59	2
Acts	4	6	8.59	2
Acts	5	13	8.59	2
Acts	7	14	8.59	2
Acts	7	46	8.59	2
Daniel	12	12	8.59	2
Daniel	4	10	8.59	2
Daniel	4	12	8.59	2
Deuteronomy	11	10	8.59	2
Deuteronomy	2	22	8.59	2
Deuteronomy	23	5	8.59	2
Deuteronomy	28	67	8.59	2
Deuteronomy	29	2	8.59	2
Deuteronomy	33	5	8.59	2
Ecclesiastes	10	14	8.59	2
Ecclesiastes	2	1	8.59	2
Ecclesiastes	5	16	8.59	2
Ecclesiastes	7	1	8.59	2
Ephesians	4	20	8.59	2
Ephesians	5	24	8.59	2
Esther	1	19	8.59	2
Esther	8	14	8.59	2
Esther	9	10	8.59	2
Exodus	12	1	8.59	2
Exodus	12	49	8.59	2
Exodus	16	18	8.59	2
Exodus	16	36	8.59	2
Exodus	19	8	8.59	2
Exodus	2	10	8.59	2
Exodus	23	10	8.59	2
Exodus	23	22	8.59	2
Exodus	23	25	8.59	2
Exodus	29	36	8.59	2
Exodus	32	27	8.59	2
Exodus	40	22	8.59	2
Ezekiel	16	45	8.59	2
Ezekiel	16	52	8.59	2
Ezekiel	23	19	8.59	2
Ezekiel	23	2	8.59	2
Ezekiel	25	11	8.59	2
Ezekiel	29	5	8.59	2
Ezekiel	3	4	8.59	2
Ezekiel	3	6	8.59	2
Ezekiel	34	24	8.59	2
Ezekiel	38	6	8.59	2
Ezekiel	4	2	8.59	2
Ezekiel	40	29	8.59	2
Ezekiel	44	22	8.59	2
Ezekiel	5	16	8.59	2
Galatians	4	7	8.59	2
Genesis	11	29	8.59	2
Genesis	24	12	8.59	2
Genesis	28	10	8.59	2
Genesis	28	5	8.59	2
Genesis	29	35	8.59	2
Genesis	33	8	8.59	2
Genesis	38	26	8.59	2
Genesis	39	1	8.59	2
Genesis	43	23	8.59	2
Genesis	44	34	8.59	2
Genesis	47	28	8.59	2
Genesis	48	10	8.59	2
Habakkuk	1	2	8.59	2
Haggai	2	8	8.59	2
Hebrews	9	1	8.59	2
Hosea	12	13	8.59	2
Hosea	13	10	8.59	2
Isaiah	18	4	8.59	2
Isaiah	28	11	8.59	2
Isaiah	28	18	8.59	2
Isaiah	34	16	8.59	2
Isaiah	37	2	8.59	2
Isaiah	37	7	8.59	2
Isaiah	40	7	8.59	2
Isaiah	48	15	8.59	2
Isaiah	52	8	8.59	2
James	2	22	8.59	2
Jeremiah	11	16	8.59	2
Jeremiah	25	6	8.59	2
Jeremiah	29	19	8.59	2
Jeremiah	29	7	8.59	2
Jeremiah	3	7	8.59	2
Jeremiah	40	6	8.59	2
Jeremiah	42	15	8.59	2
Jeremiah	48	33	8.59	2
Jeremiah	50	3	8.59	2
Jeremiah	51	32	8.59	2
Jeremiah	52	18	8.59	2
Jeremiah	52	20	8.59	2
Jeremiah	7	28	8.59	2
Jeremiah	8	3	8.59	2
Job	11	14	8.59	2
Job	12	2	8.59	2
Job	15	22	8.59	2
Job	21	16	8.59	2
Job	23	15	8.59	2
Job	3	1	8.59	2
Job	30	9	8.59	2
Job	38	26	8.59	2
Job	7	13	8.59	2
Job	8	7	8.59	2
Joel	1	8	8.59	2
Joel	3	11	8.59	2
John	11	19	8.59	2
John	11	39	8.59	2
John	11	54	8.59	2
John	5	33	8.59	2
John	5	43	8.59	2
John	6	67	8.59	2
Joshua	1	11	8.59	2
Joshua	12	11	8.59	2
Joshua	15	33	8.59	2
Joshua	24	12	8.59	2
Judges	1	24	8.59	2
Judges	1	6	8.59	2
Judges	4	17	8.59	2
Judges	4	4	8.59	2
Judges	7	1	8.59	2
Leviticus	22	25	8.59	2
Leviticus	23	32	8.59	2
Leviticus	4	17	8.59	2
Leviticus	7	18	8.59	2
Leviticus	8	10	8.59	2
Luke	1	18	8.59	2
Luke	10	40	8.59	2
Luke	12	14	8.59	2
Luke	13	11	8.59	2
Luke	13	30	8.59	2
Luke	17	12	8.59	2
Luke	18	33	8.59	2
Luke	22	1	8.59	2
Luke	22	34	8.59	2
Luke	22	52	8.59	2
Luke	22	7	8.59	2
Luke	6	32	8.59	2
Mark	1	41	8.59	2
Mark	12	17	8.59	2
Mark	13	5	8.59	2
Mark	13	7	8.59	2
Mark	14	9	8.59	2
Mark	15	19	8.59	2
Mark	15	32	8.59	2
Mark	16	12	8.59	2
Mark	2	8	8.59	2
Mark	3	28	8.59	2
Mark	5	41	8.59	2
Mark	6	12	8.59	2
Mark	6	24	8.59	2
Matthew	1	10	8.59	2
Matthew	11	12	8.59	2
Matthew	12	15	8.59	2
Matthew	15	36	8.59	2
Matthew	22	5	8.59	2
Matthew	24	39	8.59	2
Matthew	26	6	8.59	2
Matthew	27	34	8.59	2
Matthew	27	56	8.59	2
Matthew	28	8	8.59	2
Matthew	9	38	8.59	2
Micah	4	8	8.59	2
Nahum	1	11	8.59	2
Nahum	2	1	8.59	2
Nehemiah	10	38	8.59	2
Nehemiah	13	10	8.59	2
Nehemiah	13	12	8.59	2
Nehemiah	2	18	8.59	2
Nehemiah	4	20	8.59	2
Nehemiah	4	3	8.59	2
Nehemiah	5	4	8.59	2
Nehemiah	8	3	8.59	2
Numbers	15	29	8.59	2
Numbers	19	20	8.59	2
Numbers	22	7	8.59	2
Numbers	23	20	8.59	2
Numbers	24	10	8.59	2
Numbers	25	14	8.59	2
Numbers	31	19	8.59	2
Numbers	35	19	8.59	2
Numbers	7	89	8.59	2
Numbers	9	2	8.59	2
Proverbs	10	29	8.59	2
Proverbs	11	25	8.59	2
Proverbs	11	3	8.59	2
Proverbs	16	23	8.59	2
Proverbs	16	27	8.59	2
Proverbs	19	22	8.59	2
Proverbs	21	21	8.59	2
Proverbs	21	25	8.59	2
Proverbs	21	28	8.59	2
Proverbs	23	18	8.59	2
Proverbs	28	3	8.59	2
Proverbs	28	6	8.59	2
Psalms	103	14	8.59	2
Psalms	106	25	8.59	2
Psalms	107	33	8.59	2
Psalms	107	41	8.59	2
Psalms	116	2	8.59	2
Psalms	116	9	8.59	2
Psalms	119	109	8.59	2
Psalms	119	140	8.59	2
Psalms	119	7	8.59	2
Psalms	13	6	8.59	2
Psalms	132	2	8.59	2
Psalms	140	2	8.59	2
Psalms	145	12	8.59	2
Psalms	18	43	8.59	2
Psalms	18	5	8.59	2
Psalms	20	3	8.59	2
Psalms	22	17	8.59	2
Psalms	22	18	8.59	2
Psalms	31	3	8.59	2
Psalms	38	8	8.59	2
Psalms	39	3	8.59	2
Psalms	44	17	8.59	2
Psalms	51	3	8.59	2
Psalms	57	2	8.59	2
Psalms	74	11	8.59	2
Psalms	74	23	8.59	2
Psalms	93	2	8.59	2
Psalms	97	5	8.59	2
Revelation	10	3	8.59	2
Revelation	16	3	8.59	2
Revelation	18	15	8.59	2
Revelation	5	2	8.59	2
Romans	7	2	8.59	2
Titus	3	6	8.59	2
Zechariah	3	4	8.59	2
Zephaniah	2	12	8.59	2
1 Chronicles	12	8	8.44	2
1 Chronicles	2	16	8.44	2
1 Chronicles	29	24	8.44	2
1 Chronicles	3	13	8.44	2
1 Chronicles	4	4	8.44	2
1 Corinthians	15	36	8.44	2
1 Corinthians	15	56	8.44	2
1 Corinthians	2	11	8.44	2
1 Kings	10	15	8.44	2
1 Kings	2	19	8.44	2
1 Kings	2	23	8.44	2
1 Kings	20	18	8.44	2
1 Kings	22	23	8.44	2
1 Kings	6	16	8.44	2
1 Kings	8	13	8.44	2
1 Kings	8	32	8.44	2
1 Kings	8	56	8.44	2
1 Samuel	10	26	8.44	2
1 Samuel	10	7	8.44	2
1 Samuel	12	5	8.44	2
1 Samuel	15	21	8.44	2
1 Samuel	2	35	8.44	2
1 Timothy	5	9	8.44	2
2 Chronicles	11	5	8.44	2
2 Chronicles	20	18	8.44	2
2 Chronicles	24	19	8.44	2
2 Chronicles	25	23	8.44	2
2 Chronicles	29	21	8.44	2
2 Chronicles	33	14	8.44	2
2 Chronicles	35	22	8.44	2
2 Corinthians	1	2	8.44	2
2 Corinthians	8	22	8.44	2
2 Kings	13	21	8.44	2
2 Kings	15	10	8.44	2
2 Kings	16	4	8.44	2
2 Kings	17	30	8.44	2
2 Kings	18	31	8.44	2
2 Kings	2	1	8.44	2
2 Kings	21	18	8.44	2
2 Kings	23	7	8.44	2
2 Kings	25	17	8.44	2
2 Kings	3	25	8.44	2
2 Kings	4	23	8.44	2
2 Kings	5	2	8.44	2
2 Kings	6	30	8.44	2
2 Samuel	11	11	8.44	2
2 Samuel	15	2	8.44	2
2 Samuel	16	4	8.44	2
2 Samuel	18	27	8.44	2
2 Samuel	3	3	8.44	2
2 Samuel	4	11	8.44	2
2 Samuel	5	5	8.44	2
2 Samuel	7	10	8.44	2
2 Thessalonians	3	11	8.44	2
3 John	1	14	8.44	2
3 John	1	4	8.44	2
Acts	1	15	8.44	2
Acts	13	12	8.44	2
Acts	2	31	8.44	2
Acts	20	36	8.44	2
Acts	21	16	8.44	2
Acts	21	3	8.44	2
Acts	21	31	8.44	2
Acts	22	30	8.44	2
Acts	23	15	8.44	2
Acts	24	22	8.44	2
Acts	27	35	8.44	2
Amos	3	4	8.44	2
Amos	7	9	8.44	2
Daniel	11	33	8.44	2
Daniel	12	8	8.44	2
Daniel	2	5	8.44	2
Daniel	4	20	8.44	2
Daniel	5	12	8.44	2
Daniel	6	23	8.44	2
Daniel	9	1	8.44	2
Deuteronomy	10	1	8.44	2
Deuteronomy	12	1	8.44	2
Deuteronomy	18	12	8.44	2
Deuteronomy	19	19	8.44	2
Deuteronomy	20	10	8.44	2
Deuteronomy	22	29	8.44	2
Deuteronomy	30	14	8.44	2
Deuteronomy	4	31	8.44	2
Deuteronomy	5	7	8.44	2
Ecclesiastes	1	16	8.44	2
Ecclesiastes	2	3	8.44	2
Ephesians	2	6	8.44	2
Ephesians	5	31	8.44	2
Exodus	10	12	8.44	2
Exodus	12	33	8.44	2
Exodus	13	16	8.44	2
Exodus	13	17	8.44	2
Exodus	14	2	8.44	2
Exodus	15	19	8.44	2
Exodus	19	3	8.44	2
Exodus	2	21	8.44	2
Exodus	23	29	8.44	2
Exodus	28	3	8.44	2
Exodus	29	27	8.44	2
Exodus	30	36	8.44	2
Exodus	35	25	8.44	2
Exodus	40	17	8.44	2
Exodus	6	14	8.44	2
Ezekiel	16	31	8.44	2
Ezekiel	17	9	8.44	2
Ezekiel	23	38	8.44	2
Ezekiel	23	39	8.44	2
Ezekiel	25	7	8.44	2
Ezekiel	29	16	8.44	2
Ezekiel	29	4	8.44	2
Ezekiel	30	4	8.44	2
Ezekiel	33	18	8.44	2
Ezekiel	38	19	8.44	2
Ezekiel	38	9	8.44	2
Ezekiel	39	23	8.44	2
Ezekiel	4	3	8.44	2
Ezekiel	8	4	8.44	2
Ezra	1	6	8.44	2
Ezra	9	14	8.44	2
Galatians	2	1	8.44	2
Galatians	4	23	8.44	2
Genesis	11	2	8.44	2
Genesis	22	13	8.44	2
Genesis	24	47	8.44	2
Genesis	26	5	8.44	2
Genesis	28	1	8.44	2
Genesis	3	11	8.44	2
Genesis	35	4	8.44	2
Genesis	40	19	8.44	2
Genesis	42	27	8.44	2
Genesis	44	16	8.44	2
Genesis	48	14	8.44	2
Genesis	48	4	8.44	2
Hebrews	11	21	8.44	2
Hebrews	8	3	8.44	2
Hosea	10	3	8.44	2
Hosea	12	10	8.44	2
Hosea	13	5	8.44	2
Hosea	2	12	8.44	2
Hosea	4	9	8.44	2
Hosea	6	10	8.44	2
Hosea	7	7	8.44	2
Isaiah	13	14	8.44	2
Isaiah	21	8	8.44	2
Isaiah	23	17	8.44	2
Isaiah	24	2	8.44	2
Isaiah	32	5	8.44	2
Isaiah	41	23	8.44	2
Isaiah	50	11	8.44	2
Isaiah	57	10	8.44	2
Isaiah	57	6	8.44	2
James	4	12	8.44	2
Jeremiah	12	13	8.44	2
Jeremiah	19	14	8.44	2
Jeremiah	22	20	8.44	2
Jeremiah	3	16	8.44	2
Jeremiah	32	36	8.44	2
Jeremiah	33	5	8.44	2
Jeremiah	35	4	8.44	2
Jeremiah	38	14	8.44	2
Jeremiah	51	14	8.44	2
Jeremiah	51	43	8.44	2
Jeremiah	6	27	8.44	2
Jeremiah	7	30	8.44	2
Job	13	3	8.44	2
Job	15	6	8.44	2
Job	19	7	8.44	2
Job	2	13	8.44	2
Job	21	3	8.44	2
Job	25	6	8.44	2
Job	30	26	8.44	2
Job	31	6	8.44	2
Job	32	3	8.44	2
Job	33	3	8.44	2
Job	4	18	8.44	2
Job	4	5	8.44	2
Job	5	23	8.44	2
John	1	5	8.44	2
John	10	4	8.44	2
John	11	44	8.44	2
John	19	2	8.44	2
John	6	9	8.44	2
Jonah	1	14	8.44	2
Joshua	10	29	8.44	2
Joshua	11	21	8.44	2
Joshua	15	60	8.44	2
Joshua	17	15	8.44	2
Joshua	19	29	8.44	2
Joshua	19	37	8.44	2
Joshua	22	16	8.44	2
Joshua	23	4	8.44	2
Joshua	24	26	8.44	2
Joshua	4	18	8.44	2
Joshua	6	22	8.44	2
Judges	3	30	8.44	2
Judges	6	14	8.44	2
Judges	7	24	8.44	2
Judges	8	4	8.44	2
Judges	9	23	8.44	2
Lamentations	3	44	8.44	2
Leviticus	14	9	8.44	2
Leviticus	15	31	8.44	2
Leviticus	16	19	8.44	2
Leviticus	18	19	8.44	2
Leviticus	18	26	8.44	2
Leviticus	19	36	8.44	2
Leviticus	23	7	8.44	2
Leviticus	25	4	8.44	2
Leviticus	26	32	8.44	2
Leviticus	6	12	8.44	2
Leviticus	9	1	8.44	2
Luke	1	12	8.44	2
Luke	1	39	8.44	2
Luke	11	15	8.44	2
Luke	11	23	8.44	2
Luke	11	43	8.44	2
Luke	12	57	8.44	2
Luke	13	29	8.44	2
Luke	14	25	8.44	2
Luke	15	3	8.44	2
Luke	17	33	8.44	2
Luke	2	28	8.44	2
Luke	20	37	8.44	2
Luke	21	6	8.44	2
Luke	22	27	8.44	2
Luke	23	38	8.44	2
Luke	3	5	8.44	2
Luke	4	32	8.44	2
Luke	4	40	8.44	2
Mark	13	37	8.44	2
Mark	14	13	8.44	2
Mark	15	16	8.44	2
Mark	15	21	8.44	2
Mark	15	47	8.44	2
Mark	2	3	8.44	2
Mark	5	38	8.44	2
Mark	5	43	8.44	2
Mark	6	37	8.44	2
Matthew	12	32	8.44	2
Matthew	13	40	8.44	2
Matthew	14	2	8.44	2
Matthew	14	20	8.44	2
Matthew	14	4	8.44	2
Matthew	17	14	8.44	2
Matthew	2	20	8.44	2
Matthew	20	11	8.44	2
Matthew	21	14	8.44	2
Matthew	22	17	8.44	2
Matthew	25	15	8.44	2
Matthew	25	43	8.44	2
Matthew	4	9	8.44	2
Matthew	9	1	8.44	2
Micah	2	3	8.44	2
Micah	5	13	8.44	2
Micah	6	14	8.44	2
Nahum	2	2	8.44	2
Nehemiah	7	73	8.44	2
Numbers	10	25	8.44	2
Numbers	13	28	8.44	2
Numbers	18	11	8.44	2
Numbers	18	26	8.44	2
Numbers	20	29	8.44	2
Numbers	21	8	8.44	2
Numbers	23	16	8.44	2
Numbers	26	62	8.44	2
Numbers	27	5	8.44	2
Numbers	29	1	8.44	2
Numbers	3	13	8.44	2
Numbers	3	31	8.44	2
Numbers	31	50	8.44	2
Numbers	32	35	8.44	2
Proverbs	14	20	8.44	2
Proverbs	14	28	8.44	2
Proverbs	20	26	8.44	2
Proverbs	23	11	8.44	2
Proverbs	24	20	8.44	2
Proverbs	24	5	8.44	2
Proverbs	28	2	8.44	2
Proverbs	28	28	8.44	2
Proverbs	29	14	8.44	2
Proverbs	29	27	8.44	2
Proverbs	3	15	8.44	2
Proverbs	6	29	8.44	2
Proverbs	9	18	8.44	2
Psalms	103	4	8.44	2
Psalms	105	14	8.44	2
Psalms	115	2	8.44	2
Psalms	118	12	8.44	2
Psalms	119	151	8.44	2
Psalms	119	30	8.44	2
Psalms	148	5	8.44	2
Psalms	18	26	8.44	2
Psalms	4	5	8.44	2
Psalms	44	18	8.44	2
Psalms	47	9	8.44	2
Psalms	53	4	8.44	2
Psalms	58	2	8.44	2
Psalms	6	10	8.44	2
Psalms	61	1	8.44	2
Psalms	63	9	8.44	2
Psalms	64	6	8.44	2
Psalms	78	33	8.44	2
Psalms	89	49	8.44	2
Psalms	9	8	8.44	2
Psalms	90	14	8.44	2
Psalms	92	15	8.44	2
Psalms	94	6	8.44	2
Revelation	9	10	8.44	2
Romans	1	12	8.44	2
Romans	14	2	8.44	2
Romans	2	10	8.44	2
Romans	7	11	8.44	2
Song of Solomon	4	6	8.44	2
Song of Solomon	6	1	8.44	2
Zephaniah	2	1	8.44	2
1 Chronicles	14	1	8.30	2
1 Chronicles	2	10	8.30	2
1 Chronicles	23	21	8.30	2
1 Chronicles	29	5	8.30	2
1 Chronicles	9	2	8.30	2
1 Corinthians	16	3	8.30	2
1 Corinthians	7	18	8.30	2
1 Corinthians	7	36	8.30	2
1 Corinthians	9	10	8.30	2
1 John	3	4	8.30	2
1 Kings	10	16	8.30	2
1 Kings	14	21	8.30	2
1 Kings	15	29	8.30	2
1 Kings	17	21	8.30	2
1 Kings	17	6	8.30	2
1 Kings	18	45	8.30	2
1 Kings	20	34	8.30	2
1 Kings	21	22	8.30	2
1 Kings	22	13	8.30	2
1 Kings	3	26	8.30	2
1 Kings	4	22	8.30	2
1 Kings	4	3	8.30	2
1 Kings	6	3	8.30	2
1 Kings	7	2	8.30	2
1 Peter	4	18	8.30	2
1 Samuel	1	24	8.30	2
1 Samuel	12	10	8.30	2
1 Samuel	13	3	8.30	2
1 Samuel	14	1	8.30	2
1 Samuel	14	38	8.30	2
1 Samuel	14	41	8.30	2
1 Samuel	17	13	8.30	2
1 Samuel	17	18	8.30	2
1 Samuel	20	14	8.30	2
1 Samuel	23	29	8.30	2
1 Samuel	24	18	8.30	2
1 Samuel	25	41	8.30	2
1 Samuel	3	11	8.30	2
1 Samuel	3	2	8.30	2
1 Samuel	30	4	8.30	2
1 Timothy	4	13	8.30	2
1 Timothy	5	25	8.30	2
2 Chronicles	1	3	8.30	2
2 Chronicles	18	1	8.30	2
2 Chronicles	2	8	8.30	2
2 Chronicles	21	18	8.30	2
2 Chronicles	24	6	8.30	2
2 Chronicles	26	9	8.30	2
2 Chronicles	29	11	8.30	2
2 Chronicles	29	6	8.30	2
2 Chronicles	30	17	8.30	2
2 Chronicles	4	12	8.30	2
2 Chronicles	4	20	8.30	2
2 Corinthians	11	28	8.30	2
2 Kings	14	9	8.30	2
2 Kings	22	4	8.30	2
2 Kings	23	2	8.30	2
2 Kings	25	5	8.30	2
2 Kings	8	20	8.30	2
2 Kings	8	9	8.30	2
2 Peter	1	9	8.30	2
2 Samuel	19	39	8.30	2
2 Samuel	19	41	8.30	2
2 Samuel	2	14	8.30	2
2 Samuel	23	20	8.30	2
2 Samuel	4	10	8.30	2
2 Samuel	5	21	8.30	2
2 Samuel	6	3	8.30	2
2 Samuel	8	4	8.30	2
2 Thessalonians	1	12	8.30	2
Acts	10	32	8.30	2
Acts	16	12	8.30	2
Acts	16	5	8.30	2
Acts	2	9	8.30	2
Acts	21	21	8.30	2
Acts	26	32	8.30	2
Acts	3	11	8.30	2
Acts	4	22	8.30	2
Acts	5	2	8.30	2
Acts	7	27	8.30	2
Amos	3	12	8.30	2
Amos	7	8	8.30	2
Colossians	1	8	8.30	2
Daniel	10	9	8.30	2
Daniel	11	21	8.30	2
Daniel	2	46	8.30	2
Daniel	4	31	8.30	2
Daniel	8	10	8.30	2
Daniel	8	20	8.30	2
Deuteronomy	1	33	8.30	2
Deuteronomy	1	35	8.30	2
Deuteronomy	11	28	8.30	2
Deuteronomy	15	23	8.30	2
Deuteronomy	17	5	8.30	2
Deuteronomy	18	13	8.30	2
Deuteronomy	22	12	8.30	2
Deuteronomy	26	9	8.30	2
Deuteronomy	28	62	8.30	2
Deuteronomy	5	8	8.30	2
Deuteronomy	9	28	8.30	2
Ecclesiastes	2	23	8.30	2
Ecclesiastes	6	2	8.30	2
Ecclesiastes	7	12	8.30	2
Ecclesiastes	9	14	8.30	2
Ephesians	3	4	8.30	2
Ephesians	4	6	8.30	2
Esther	3	9	8.30	2
Esther	9	12	8.30	2
Exodus	10	28	8.30	2
Exodus	13	4	8.30	2
Exodus	18	4	8.30	2
Exodus	20	15	8.30	2
Exodus	20	20	8.30	2
Exodus	21	13	8.30	2
Exodus	22	9	8.30	2
Exodus	24	11	8.30	2
Exodus	25	37	8.30	2
Exodus	31	10	8.30	2
Exodus	34	20	8.30	2
Exodus	36	35	8.30	2
Exodus	38	9	8.30	2
Exodus	40	12	8.30	2
Exodus	6	26	8.30	2
Ezekiel	13	18	8.30	2
Ezekiel	13	7	8.30	2
Ezekiel	16	39	8.30	2
Ezekiel	20	42	8.30	2
Ezekiel	22	24	8.30	2
Ezekiel	23	11	8.30	2
Ezekiel	23	40	8.30	2
Ezekiel	23	46	8.30	2
Ezekiel	24	19	8.30	2
Ezekiel	27	35	8.30	2
Ezekiel	31	8	8.30	2
Ezekiel	39	10	8.30	2
Ezekiel	42	1	8.30	2
Ezra	10	9	8.30	2
Ezra	2	1	8.30	2
Ezra	4	15	8.30	2
Ezra	4	3	8.30	2
Ezra	7	28	8.30	2
Galatians	1	20	8.30	2
Galatians	1	21	8.30	2
Galatians	3	4	8.30	2
Genesis	13	9	8.30	2
Genesis	18	3	8.30	2
Genesis	21	17	8.30	2
Genesis	21	23	8.30	2
Genesis	27	37	8.30	2
Genesis	29	30	8.30	2
Genesis	31	11	8.30	2
Genesis	32	6	8.30	2
Genesis	33	13	8.30	2
Genesis	37	33	8.30	2
Genesis	38	8	8.30	2
Genesis	41	15	8.30	2
Genesis	41	54	8.30	2
Genesis	43	26	8.30	2
Genesis	46	4	8.30	2
Genesis	48	9	8.30	2
Genesis	9	22	8.30	2
Haggai	2	23	8.30	2
Hebrews	12	20	8.30	2
Hebrews	7	6	8.30	2
Hosea	14	6	8.30	2
Hosea	4	18	8.30	2
Hosea	5	4	8.30	2
Isaiah	10	26	8.30	2
Isaiah	13	21	8.30	2
Isaiah	14	18	8.30	2
Isaiah	14	28	8.30	2
Isaiah	19	22	8.30	2
Isaiah	23	13	8.30	2
Isaiah	24	18	8.30	2
Isaiah	28	5	8.30	2
Isaiah	29	7	8.30	2
Isaiah	3	14	8.30	2
Isaiah	33	4	8.30	2
Isaiah	33	7	8.30	2
Isaiah	39	1	8.30	2
Isaiah	42	11	8.30	2
Isaiah	43	22	8.30	2
Isaiah	54	3	8.30	2
Isaiah	66	21	8.30	2
Jeremiah	20	5	8.30	2
Jeremiah	25	38	8.30	2
Jeremiah	27	18	8.30	2
Jeremiah	39	3	8.30	2
Jeremiah	46	26	8.30	2
Jeremiah	46	6	8.30	2
Jeremiah	49	29	8.30	2
Jeremiah	5	18	8.30	2
Jeremiah	5	30	8.30	2
Jeremiah	50	39	8.30	2
Jeremiah	51	1	8.30	2
Job	12	11	8.30	2
Job	14	21	8.30	2
Job	17	1	8.30	2
Job	17	11	8.30	2
Job	3	25	8.30	2
Job	31	19	8.30	2
Job	34	7	8.30	2
Job	36	5	8.30	2
Job	40	7	8.30	2
Job	5	20	8.30	2
Job	9	3	8.30	2
John	10	19	8.30	2
John	11	32	8.30	2
John	14	7	8.30	2
John	16	17	8.30	2
John	18	7	8.30	2
John	20	14	8.30	2
John	20	20	8.30	2
John	3	21	8.30	2
John	7	5	8.30	2
John	9	8	8.30	2
Jonah	2	1	8.30	2
Joshua	1	16	8.30	2
Joshua	11	3	8.30	2
Joshua	22	8	8.30	2
Joshua	24	3	8.30	2
Judges	14	15	8.30	2
Judges	18	2	8.30	2
Judges	5	11	8.30	2
Judges	9	24	8.30	2
Judges	9	45	8.30	2
Leviticus	11	1	8.30	2
Leviticus	12	6	8.30	2
Leviticus	23	17	8.30	2
Leviticus	23	21	8.30	2
Leviticus	27	34	8.30	2
Leviticus	4	6	8.30	2
Leviticus	5	11	8.30	2
Leviticus	9	21	8.30	2
Luke	11	14	8.30	2
Luke	18	43	8.30	2
Luke	19	46	8.30	2
Luke	2	22	8.30	2
Luke	2	39	8.30	2
Luke	20	1	8.30	2
Luke	23	31	8.30	2
Luke	24	52	8.30	2
Luke	4	35	8.30	2
Luke	6	24	8.30	2
Luke	6	26	8.30	2
Luke	9	27	8.30	2
Malachi	1	1	8.30	2
Mark	12	28	8.30	2
Mark	14	54	8.30	2
Mark	14	72	8.30	2
Mark	2	27	8.30	2
Mark	3	6	8.30	2
Mark	4	38	8.30	2
Mark	5	25	8.30	2
Mark	6	41	8.30	2
Mark	6	5	8.30	2
Mark	7	17	8.30	2
Mark	7	32	8.30	2
Mark	7	34	8.30	2
Mark	9	3	8.30	2
Mark	9	9	8.30	2
Matthew	1	4	8.30	2
Matthew	11	18	8.30	2
Matthew	14	22	8.30	2
Matthew	15	12	8.30	2
Matthew	15	16	8.30	2
Matthew	15	3	8.30	2
Matthew	16	3	8.30	2
Matthew	20	25	8.30	2
Matthew	23	17	8.30	2
Matthew	26	71	8.30	2
Matthew	9	37	8.30	2
Nahum	1	14	8.30	2
Nehemiah	4	4	8.30	2
Numbers	10	9	8.30	2
Numbers	12	1	8.30	2
Numbers	15	5	8.30	2
Numbers	18	6	8.30	2
Numbers	21	33	8.30	2
Numbers	27	14	8.30	2
Numbers	3	36	8.30	2
Numbers	7	19	8.30	2
Philippians	2	29	8.30	2
Philemon	1	19	8.30	2
Philemon	1	21	8.30	2
Proverbs	15	14	8.30	2
Proverbs	22	26	8.30	2
Proverbs	24	33	8.30	2
Proverbs	28	19	8.30	2
Proverbs	29	11	8.30	2
Proverbs	29	26	8.30	2
Proverbs	6	15	8.30	2
Psalms	102	18	8.30	2
Psalms	102	4	8.30	2
Psalms	106	17	8.30	2
Psalms	106	36	8.30	2
Psalms	106	5	8.30	2
Psalms	115	17	8.30	2
Psalms	119	159	8.30	2
Psalms	119	41	8.30	2
Psalms	119	93	8.30	2
Psalms	124	6	8.30	2
Psalms	135	21	8.30	2
Psalms	136	15	8.30	2
Psalms	139	13	8.30	2
Psalms	142	7	8.30	2
Psalms	18	16	8.30	2
Psalms	18	3	8.30	2
Psalms	18	37	8.30	2
Psalms	27	3	8.30	2
Psalms	30	3	8.30	2
Psalms	33	5	8.30	2
Psalms	35	18	8.30	2
Psalms	38	9	8.30	2
Psalms	40	13	8.30	2
Psalms	42	6	8.30	2
Psalms	48	10	8.30	2
Psalms	49	3	8.30	2
Psalms	51	19	8.30	2
Psalms	55	13	8.30	2
Psalms	57	7	8.30	2
Psalms	59	11	8.30	2
Psalms	67	3	8.30	2
Psalms	71	12	8.30	2
Psalms	73	14	8.30	2
Psalms	89	51	8.30	2
Psalms	9	2	8.30	2
Psalms	98	8	8.30	2
Revelation	15	7	8.30	2
Romans	15	10	8.30	2
Romans	2	20	8.30	2
Romans	2	27	8.30	2
Romans	2	3	8.30	2
Romans	3	28	8.30	2
Romans	5	13	8.30	2
Ruth	1	2	8.30	2
Song of Solomon	1	12	8.30	2
Zechariah	11	3	8.30	2
Zechariah	2	7	8.30	2
Zechariah	9	16	8.30	2
1 Chronicles	17	17	8.15	2
1 Chronicles	17	4	8.15	2
1 Chronicles	2	4	8.15	2
1 Chronicles	22	5	8.15	2
1 Chronicles	22	8	8.15	2
1 Chronicles	8	33	8.15	2
1 Chronicles	9	39	8.15	2
1 Corinthians	1	11	8.15	2
1 Corinthians	10	27	8.15	2
1 Corinthians	11	20	8.15	2
1 Corinthians	14	6	8.15	2
1 Corinthians	16	11	8.15	2
1 Corinthians	7	4	8.15	2
1 Corinthians	9	2	8.15	2
1 John	1	4	8.15	2
1 Kings	1	36	8.15	2
1 Kings	1	48	8.15	2
1 Kings	11	27	8.15	2
1 Kings	11	31	8.15	2
1 Kings	14	8	8.15	2
1 Kings	16	1	8.15	2
1 Kings	16	3	8.15	2
1 Kings	17	4	8.15	2
1 Kings	18	2	8.15	2
1 Kings	18	30	8.15	2
1 Kings	2	33	8.15	2
1 Kings	2	34	8.15	2
1 Kings	20	26	8.15	2
1 Kings	22	47	8.15	2
1 Kings	5	3	8.15	2
1 Kings	7	14	8.15	2
1 Kings	8	33	8.15	2
1 Peter	1	16	8.15	2
1 Peter	2	14	8.15	2
1 Samuel	14	12	8.15	2
1 Samuel	14	16	8.15	2
1 Samuel	15	27	8.15	2
1 Samuel	15	34	8.15	2
1 Samuel	19	2	8.15	2
1 Samuel	4	5	8.15	2
1 Samuel	7	16	8.15	2
1 Samuel	9	1	8.15	2
2 Chronicles	17	10	8.15	2
2 Chronicles	19	5	8.15	2
2 Chronicles	20	2	8.15	2
2 Chronicles	28	8	8.15	2
2 Chronicles	29	15	8.15	2
2 Chronicles	30	2	8.15	2
2 Chronicles	31	3	8.15	2
2 Chronicles	34	24	8.15	2
2 Chronicles	35	15	8.15	2
2 Corinthians	10	13	8.15	2
2 Corinthians	8	14	8.15	2
2 John	1	3	8.15	2
2 Kings	19	20	8.15	2
2 Kings	25	14	8.15	2
2 Kings	9	24	8.15	2
2 Samuel	1	14	8.15	2
2 Samuel	1	6	8.15	2
2 Samuel	14	5	8.15	2
2 Samuel	15	27	8.15	2
2 Samuel	15	32	8.15	2
2 Samuel	15	7	8.15	2
2 Samuel	16	2	8.15	2
2 Samuel	21	3	8.15	2
2 Samuel	21	9	8.15	2
2 Samuel	22	14	8.15	2
2 Samuel	22	43	8.15	2
2 Samuel	24	3	8.15	2
Acts	10	47	8.15	2
Acts	12	19	8.15	2
Acts	16	13	8.15	2
Acts	16	27	8.15	2
Acts	21	14	8.15	2
Acts	7	41	8.15	2
Acts	8	16	8.15	2
Daniel	11	3	8.15	2
Daniel	11	8	8.15	2
Daniel	4	18	8.15	2
Daniel	5	26	8.15	2
Daniel	7	24	8.15	2
Deuteronomy	11	29	8.15	2
Deuteronomy	11	31	8.15	2
Deuteronomy	13	16	8.15	2
Deuteronomy	17	1	8.15	2
Deuteronomy	21	17	8.15	2
Deuteronomy	26	6	8.15	2
Deuteronomy	28	3	8.15	2
Deuteronomy	3	9	8.15	2
Deuteronomy	4	21	8.15	2
Deuteronomy	9	15	8.15	2
Deuteronomy	9	8	8.15	2
Ecclesiastes	12	10	8.15	2
Ecclesiastes	6	11	8.15	2
Ecclesiastes	8	16	8.15	2
Ephesians	5	10	8.15	2
Esther	8	2	8.15	2
Exodus	12	32	8.15	2
Exodus	12	39	8.15	2
Exodus	14	1	8.15	2
Exodus	14	15	8.15	2
Exodus	15	3	8.15	2
Exodus	2	13	8.15	2
Exodus	20	10	8.15	2
Exodus	26	30	8.15	2
Exodus	30	25	8.15	2
Exodus	4	16	8.15	2
Exodus	9	15	8.15	2
Exodus	9	4	8.15	2
Ezekiel	11	18	8.15	2
Ezekiel	15	6	8.15	2
Ezekiel	16	14	8.15	2
Ezekiel	18	14	8.15	2
Ezekiel	21	14	8.15	2
Ezekiel	29	12	8.15	2
Ezekiel	30	16	8.15	2
Ezekiel	30	19	8.15	2
Ezekiel	40	25	8.15	2
Ezekiel	47	13	8.15	2
Ezekiel	7	26	8.15	2
Ezra	5	6	8.15	2
Ezra	6	12	8.15	2
Ezra	7	15	8.15	2
Galatians	1	17	8.15	2
Genesis	10	25	8.15	2
Genesis	10	32	8.15	2
Genesis	17	13	8.15	2
Genesis	18	5	8.15	2
Genesis	20	18	8.15	2
Genesis	25	2	8.15	2
Genesis	25	7	8.15	2
Genesis	30	13	8.15	2
Genesis	35	8	8.15	2
Genesis	35	9	8.15	2
Genesis	4	2	8.15	2
Genesis	42	15	8.15	2
Genesis	42	30	8.15	2
Genesis	47	6	8.15	2
Genesis	49	14	8.15	2
Genesis	49	20	8.15	2
Habakkuk	3	14	8.15	2
Haggai	2	18	8.15	2
Hebrews	12	21	8.15	2
Hebrews	8	11	8.15	2
Hosea	10	13	8.15	2
Hosea	11	11	8.15	2
Isaiah	10	30	8.15	2
Isaiah	20	3	8.15	2
Isaiah	22	9	8.15	2
Isaiah	24	10	8.15	2
Isaiah	24	3	8.15	2
Isaiah	64	3	8.15	2
Jeremiah	15	14	8.15	2
Jeremiah	17	2	8.15	2
Jeremiah	17	20	8.15	2
Jeremiah	2	16	8.15	2
Jeremiah	22	1	8.15	2
Jeremiah	23	18	8.15	2
Jeremiah	34	3	8.15	2
Jeremiah	35	2	8.15	2
Jeremiah	40	9	8.15	2
Jeremiah	44	2	8.15	2
Jeremiah	50	12	8.15	2
Jeremiah	50	42	8.15	2
Jeremiah	6	7	8.15	2
Job	12	13	8.15	2
Job	14	3	8.15	2
Job	21	5	8.15	2
Job	24	25	8.15	2
Job	26	10	8.15	2
Job	30	29	8.15	2
Job	33	1	8.15	2
Job	34	3	8.15	2
Job	4	14	8.15	2
John	11	31	8.15	2
John	6	61	8.15	2
John	7	23	8.15	2
John	7	34	8.15	2
John	7	45	8.15	2
John	8	35	8.15	2
Joshua	1	4	8.15	2
Joshua	10	1	8.15	2
Joshua	10	23	8.15	2
Joshua	11	19	8.15	2
Joshua	16	5	8.15	2
Joshua	18	13	8.15	2
Joshua	18	16	8.15	2
Joshua	2	14	8.15	2
Joshua	22	30	8.15	2
Joshua	22	6	8.15	2
Joshua	3	1	8.15	2
Joshua	8	33	8.15	2
Judges	1	31	8.15	2
Judges	16	5	8.15	2
Judges	18	17	8.15	2
Judges	20	27	8.15	2
Judges	8	18	8.15	2
Lamentations	5	2	8.15	2
Leviticus	14	34	8.15	2
Leviticus	14	4	8.15	2
Leviticus	20	25	8.15	2
Leviticus	21	11	8.15	2
Leviticus	25	20	8.15	2
Leviticus	26	2	8.15	2
Leviticus	4	29	8.15	2
Leviticus	6	28	8.15	2
Leviticus	6	4	8.15	2
Leviticus	7	15	8.15	2
Leviticus	8	33	8.15	2
Luke	1	26	8.15	2
Luke	10	13	8.15	2
Luke	11	38	8.15	2
Luke	13	10	8.15	2
Luke	14	16	8.15	2
Luke	14	3	8.15	2
Luke	15	16	8.15	2
Luke	17	18	8.15	2
Luke	17	24	8.15	2
Luke	17	29	8.15	2
Luke	21	26	8.15	2
Luke	22	26	8.15	2
Luke	22	64	8.15	2
Luke	4	23	8.15	2
Luke	8	17	8.15	2
Luke	8	38	8.15	2
Malachi	2	5	8.15	2
Mark	10	2	8.15	2
Mark	10	30	8.15	2
Mark	12	19	8.15	2
Mark	13	12	8.15	2
Mark	2	13	8.15	2
Mark	2	6	8.15	2
Mark	3	31	8.15	2
Mark	6	30	8.15	2
Mark	6	51	8.15	2
Mark	7	33	8.15	2
Mark	7	36	8.15	2
Mark	8	2	8.15	2
Mark	9	26	8.15	2
Matthew	1	11	8.15	2
Matthew	1	7	8.15	2
Matthew	1	9	8.15	2
Matthew	10	33	8.15	2
Matthew	10	35	8.15	2
Matthew	14	30	8.15	2
Matthew	15	15	8.15	2
Matthew	15	29	8.15	2
Matthew	19	22	8.15	2
Matthew	19	8	8.15	2
Matthew	23	38	8.15	2
Matthew	26	13	8.15	2
Matthew	26	25	8.15	2
Matthew	26	66	8.15	2
Matthew	27	28	8.15	2
Matthew	8	16	8.15	2
Matthew	9	18	8.15	2
Matthew	9	34	8.15	2
Micah	1	11	8.15	2
Micah	2	4	8.15	2
Micah	7	11	8.15	2
Nahum	3	2	8.15	2
Nehemiah	10	1	8.15	2
Nehemiah	10	35	8.15	2
Nehemiah	13	17	8.15	2
Nehemiah	2	13	8.15	2
Nehemiah	9	21	8.15	2
Nehemiah	9	34	8.15	2
Numbers	10	22	8.15	2
Numbers	14	37	8.15	2
Numbers	15	38	8.15	2
Numbers	21	20	8.15	2
Numbers	22	41	8.15	2
Numbers	22	5	8.15	2
Numbers	23	8	8.15	2
Numbers	24	18	8.15	2
Numbers	32	37	8.15	2
Numbers	35	1	8.15	2
Numbers	6	27	8.15	2
Numbers	8	19	8.15	2
Numbers	8	24	8.15	2
Philippians	2	20	8.15	2
Philemon	1	4	8.15	2
Proverbs	11	13	8.15	2
Proverbs	15	32	8.15	2
Proverbs	22	11	8.15	2
Proverbs	25	28	8.15	2
Proverbs	26	25	8.15	2
Proverbs	28	16	8.15	2
Proverbs	3	35	8.15	2
Proverbs	4	11	8.15	2
Proverbs	6	21	8.15	2
Proverbs	7	23	8.15	2
Psalms	104	20	8.15	2
Psalms	107	11	8.15	2
Psalms	107	23	8.15	2
Psalms	109	9	8.15	2
Psalms	112	8	8.15	2
Psalms	116	8	8.15	2
Psalms	119	131	8.15	2
Psalms	119	26	8.15	2
Psalms	119	54	8.15	2
Psalms	119	57	8.15	2
Psalms	120	7	8.15	2
Psalms	141	7	8.15	2
Psalms	145	11	8.15	2
Psalms	145	2	8.15	2
Psalms	16	1	8.15	2
Psalms	17	4	8.15	2
Psalms	18	49	8.15	2
Psalms	29	2	8.15	2
Psalms	29	9	8.15	2
Psalms	35	28	8.15	2
Psalms	37	29	8.15	2
Psalms	55	6	8.15	2
Psalms	6	7	8.15	2
Psalms	64	1	8.15	2
Psalms	68	34	8.15	2
Psalms	69	8	8.15	2
Psalms	71	2	8.15	2
Psalms	73	5	8.15	2
Psalms	74	7	8.15	2
Psalms	75	4	8.15	2
Psalms	76	3	8.15	2
Psalms	83	13	8.15	2
Psalms	83	8	8.15	2
Psalms	96	8	8.15	2
Revelation	13	18	8.15	2
Revelation	8	6	8.15	2
Revelation	9	17	8.15	2
Revelation	9	18	8.15	2
Revelation	9	7	8.15	2
Romans	15	22	8.15	2
Song of Solomon	2	1	8.15	2
Titus	3	12	8.15	2
Zechariah	14	7	8.15	2
Zechariah	6	1	8.15	2
Zechariah	6	5	8.15	2
Zechariah	9	3	8.15	2
1 Chronicles	11	15	8.00	2
1 Chronicles	16	7	8.00	2
1 Chronicles	21	5	8.00	2
1 Chronicles	22	3	8.00	2
1 Chronicles	25	8	8.00	2
1 Chronicles	26	13	8.00	2
1 Chronicles	27	29	8.00	2
1 Chronicles	29	28	8.00	2
1 Chronicles	6	18	8.00	2
1 Chronicles	6	54	8.00	2
1 Corinthians	10	30	8.00	2
1 Kings	10	28	8.00	2
1 Kings	11	3	8.00	2
1 Kings	12	22	8.00	2
1 Kings	12	24	8.00	2
1 Kings	13	4	8.00	2
1 Kings	18	15	8.00	2
1 Kings	21	11	8.00	2
1 Kings	6	13	8.00	2
1 Kings	6	32	8.00	2
1 Kings	7	12	8.00	2
1 Kings	9	1	8.00	2
1 Samuel	14	43	8.00	2
1 Samuel	18	18	8.00	2
1 Samuel	18	7	8.00	2
1 Samuel	19	10	8.00	2
1 Samuel	19	24	8.00	2
1 Samuel	19	6	8.00	2
1 Samuel	20	17	8.00	2
1 Samuel	24	8	8.00	2
1 Samuel	25	13	8.00	2
1 Samuel	25	3	8.00	2
1 Samuel	27	10	8.00	2
1 Samuel	28	10	8.00	2
1 Samuel	30	15	8.00	2
1 Samuel	30	26	8.00	2
1 Samuel	31	2	8.00	2
1 Timothy	1	6	8.00	2
1 Timothy	1	7	8.00	2
1 Timothy	3	10	8.00	2
1 Timothy	5	23	8.00	2
1 Timothy	6	14	8.00	2
2 Chronicles	14	8	8.00	2
2 Chronicles	17	12	8.00	2
2 Chronicles	21	1	8.00	2
2 Chronicles	25	14	8.00	2
2 Chronicles	26	8	8.00	2
2 Chronicles	28	15	8.00	2
2 Chronicles	3	14	8.00	2
2 Chronicles	32	13	8.00	2
2 Chronicles	33	20	8.00	2
2 Chronicles	34	14	8.00	2
2 Chronicles	35	24	8.00	2
2 Chronicles	6	12	8.00	2
2 Chronicles	6	8	8.00	2
2 Chronicles	8	11	8.00	2
2 Chronicles	8	13	8.00	2
2 Chronicles	9	23	8.00	2
2 Corinthians	1	6	8.00	2
2 Corinthians	6	11	8.00	2
2 Kings	10	6	8.00	2
2 Kings	12	2	8.00	2
2 Kings	15	32	8.00	2
2 Kings	17	9	8.00	2
2 Kings	19	17	8.00	2
2 Kings	19	23	8.00	2
2 Kings	6	24	8.00	2
2 Kings	8	28	8.00	2
2 Kings	9	3	8.00	2
2 Kings	9	34	8.00	2
2 Kings	9	36	8.00	2
2 Samuel	14	20	8.00	2
2 Samuel	15	34	8.00	2
2 Samuel	15	35	8.00	2
2 Samuel	19	4	8.00	2
2 Samuel	3	7	8.00	2
Acts	11	13	8.00	2
Acts	20	11	8.00	2
Acts	21	24	8.00	2
Acts	21	38	8.00	2
Acts	22	10	8.00	2
Acts	24	21	8.00	2
Acts	28	2	8.00	2
Acts	7	4	8.00	2
Acts	8	29	8.00	2
Acts	8	30	8.00	2
Amos	3	9	8.00	2
Amos	9	10	8.00	2
Daniel	11	41	8.00	2
Daniel	2	45	8.00	2
Daniel	5	25	8.00	2
Daniel	7	15	8.00	2
Deuteronomy	1	39	8.00	2
Deuteronomy	10	19	8.00	2
Deuteronomy	10	6	8.00	2
Deuteronomy	18	22	8.00	2
Deuteronomy	18	3	8.00	2
Deuteronomy	2	8	8.00	2
Deuteronomy	21	1	8.00	2
Deuteronomy	26	1	8.00	2
Deuteronomy	28	21	8.00	2
Deuteronomy	28	34	8.00	2
Deuteronomy	29	5	8.00	2
Deuteronomy	34	6	8.00	2
Deuteronomy	4	12	8.00	2
Deuteronomy	6	22	8.00	2
Ephesians	4	10	8.00	2
Ephesians	5	13	8.00	2
Esther	2	15	8.00	2
Exodus	10	13	8.00	2
Exodus	10	20	8.00	2
Exodus	13	15	8.00	2
Exodus	13	19	8.00	2
Exodus	15	23	8.00	2
Exodus	17	16	8.00	2
Exodus	18	1	8.00	2
Exodus	18	7	8.00	2
Exodus	2	22	8.00	2
Exodus	22	11	8.00	2
Exodus	22	23	8.00	2
Exodus	23	17	8.00	2
Exodus	23	18	8.00	2
Exodus	25	1	8.00	2
Exodus	25	5	8.00	2
Exodus	28	20	8.00	2
Exodus	29	43	8.00	2
Exodus	32	25	8.00	2
Exodus	34	10	8.00	2
Exodus	34	19	8.00	2
Exodus	34	27	8.00	2
Exodus	39	32	8.00	2
Exodus	4	6	8.00	2
Exodus	6	25	8.00	2
Ezekiel	19	2	8.00	2
Ezekiel	21	12	8.00	2
Ezekiel	21	26	8.00	2
Ezekiel	28	16	8.00	2
Ezekiel	33	20	8.00	2
Ezekiel	33	33	8.00	2
Ezekiel	34	14	8.00	2
Ezekiel	34	22	8.00	2
Ezekiel	36	19	8.00	2
Ezekiel	37	19	8.00	2
Ezekiel	43	4	8.00	2
Ezekiel	44	19	8.00	2
Ezekiel	47	10	8.00	2
Ezekiel	47	15	8.00	2
Ezra	3	3	8.00	2
Ezra	5	11	8.00	2
Ezra	7	23	8.00	2
Ezra	8	18	8.00	2
Galatians	4	15	8.00	2
Galatians	4	29	8.00	2
Genesis	11	27	8.00	2
Genesis	2	19	8.00	2
Genesis	20	15	8.00	2
Genesis	24	52	8.00	2
Genesis	27	36	8.00	2
Genesis	30	9	8.00	2
Genesis	31	9	8.00	2
Genesis	33	15	8.00	2
Genesis	36	15	8.00	2
Genesis	36	31	8.00	2
Genesis	37	19	8.00	2
Genesis	37	26	8.00	2
Genesis	38	12	8.00	2
Genesis	38	16	8.00	2
Genesis	38	7	8.00	2
Genesis	41	1	8.00	2
Genesis	45	11	8.00	2
Genesis	45	15	8.00	2
Genesis	47	11	8.00	2
Genesis	48	1	8.00	2
Genesis	50	17	8.00	2
Habakkuk	3	12	8.00	2
Haggai	1	11	8.00	2
Haggai	2	11	8.00	2
Hebrews	10	8	8.00	2
Hebrews	8	7	8.00	2
Isaiah	17	4	8.00	2
Isaiah	21	5	8.00	2
Isaiah	28	24	8.00	2
Isaiah	33	17	8.00	2
Isaiah	33	23	8.00	2
Isaiah	36	3	8.00	2
Isaiah	37	11	8.00	2
Isaiah	37	33	8.00	2
Isaiah	40	15	8.00	2
Isaiah	47	8	8.00	2
Isaiah	60	8	8.00	2
Isaiah	7	3	8.00	2
Jeremiah	16	11	8.00	2
Jeremiah	17	15	8.00	2
Jeremiah	23	7	8.00	2
Jeremiah	26	1	8.00	2
Jeremiah	31	26	8.00	2
Jeremiah	36	31	8.00	2
Jeremiah	40	11	8.00	2
Jeremiah	44	25	8.00	2
Jeremiah	47	5	8.00	2
Jeremiah	49	18	8.00	2
Jeremiah	5	11	8.00	2
Jeremiah	51	52	8.00	2
Jeremiah	9	19	8.00	2
Job	11	11	8.00	2
Job	12	3	8.00	2
Job	13	25	8.00	2
Job	16	18	8.00	2
Job	18	14	8.00	2
Job	18	6	8.00	2
Job	19	3	8.00	2
Job	22	18	8.00	2
Job	27	6	8.00	2
Job	28	13	8.00	2
Job	3	16	8.00	2
Job	30	10	8.00	2
Job	35	3	8.00	2
Job	37	3	8.00	2
Job	6	29	8.00	2
Job	7	5	8.00	2
Job	8	18	8.00	2
Joel	2	19	8.00	2
Joel	3	8	8.00	2
John	10	41	8.00	2
John	12	50	8.00	2
John	13	6	8.00	2
John	18	17	8.00	2
John	18	35	8.00	2
John	19	16	8.00	2
John	19	5	8.00	2
John	21	21	8.00	2
Joshua	10	2	8.00	2
Joshua	10	30	8.00	2
Joshua	10	6	8.00	2
Joshua	14	2	8.00	2
Joshua	15	1	8.00	2
Joshua	16	2	8.00	2
Joshua	6	16	8.00	2
Judges	1	17	8.00	2
Judges	16	2	8.00	2
Judges	8	27	8.00	2
Lamentations	1	3	8.00	2
Lamentations	5	11	8.00	2
Leviticus	10	16	8.00	2
Leviticus	14	2	8.00	2
Leviticus	14	54	8.00	2
Leviticus	16	34	8.00	2
Leviticus	19	30	8.00	2
Leviticus	21	17	8.00	2
Leviticus	26	9	8.00	2
Leviticus	6	17	8.00	2
Leviticus	6	2	8.00	2
Leviticus	6	7	8.00	2
Leviticus	7	16	8.00	2
Leviticus	8	13	8.00	2
Luke	1	43	8.00	2
Luke	1	75	8.00	2
Luke	11	33	8.00	2
Luke	11	54	8.00	2
Luke	18	18	8.00	2
Luke	18	3	8.00	2
Luke	21	35	8.00	2
Luke	22	22	8.00	2
Luke	23	16	8.00	2
Luke	23	51	8.00	2
Luke	24	37	8.00	2
Luke	3	37	8.00	2
Luke	4	14	8.00	2
Luke	4	24	8.00	2
Luke	8	12	8.00	2
Luke	9	30	8.00	2
Luke	9	32	8.00	2
Mark	10	13	8.00	2
Mark	10	43	8.00	2
Mark	10	45	8.00	2
Mark	11	18	8.00	2
Mark	13	30	8.00	2
Mark	15	24	8.00	2
Mark	15	26	8.00	2
Mark	3	4	8.00	2
Mark	4	23	8.00	2
Mark	6	56	8.00	2
Mark	7	9	8.00	2
Mark	8	33	8.00	2
Matthew	15	37	8.00	2
Matthew	25	12	8.00	2
Matthew	25	19	8.00	2
Matthew	26	73	8.00	2
Matthew	5	32	8.00	2
Matthew	8	9	8.00	2
Micah	5	11	8.00	2
Nahum	3	18	8.00	2
Nahum	3	9	8.00	2
Nehemiah	13	29	8.00	2
Nehemiah	2	12	8.00	2
Nehemiah	2	2	8.00	2
Nehemiah	4	5	8.00	2
Nehemiah	9	35	8.00	2
Numbers	14	38	8.00	2
Numbers	19	7	8.00	2
Numbers	23	29	8.00	2
Numbers	24	16	8.00	2
Numbers	26	29	8.00	2
Numbers	3	25	8.00	2
Numbers	32	20	8.00	2
Obadiah	1	9	8.00	2
Philemon	1	12	8.00	2
Proverbs	1	17	8.00	2
Proverbs	11	26	8.00	2
Proverbs	13	15	8.00	2
Proverbs	13	6	8.00	2
Proverbs	13	8	8.00	2
Proverbs	17	24	8.00	2
Proverbs	2	15	8.00	2
Proverbs	21	20	8.00	2
Proverbs	22	28	8.00	2
Proverbs	23	35	8.00	2
Proverbs	25	25	8.00	2
Proverbs	29	4	8.00	2
Proverbs	7	10	8.00	2
Proverbs	8	28	8.00	2
Psalms	105	11	8.00	2
Psalms	107	18	8.00	2
Psalms	113	2	8.00	2
Psalms	119	155	8.00	2
Psalms	119	48	8.00	2
Psalms	119	94	8.00	2
Psalms	139	8	8.00	2
Psalms	139	9	8.00	2
Psalms	141	1	8.00	2
Psalms	141	3	8.00	2
Psalms	144	6	8.00	2
Psalms	148	11	8.00	2
Psalms	24	6	8.00	2
Psalms	24	8	8.00	2
Psalms	25	16	8.00	2
Psalms	37	2	8.00	2
Psalms	38	13	8.00	2
Psalms	44	8	8.00	2
Psalms	59	5	8.00	2
Psalms	61	5	8.00	2
Psalms	64	4	8.00	2
Psalms	68	15	8.00	2
Psalms	68	26	8.00	2
Psalms	74	15	8.00	2
Psalms	75	1	8.00	2
Psalms	78	10	8.00	2
Psalms	84	4	8.00	2
Psalms	85	2	8.00	2
Psalms	9	19	8.00	2
Psalms	9	3	8.00	2
Psalms	95	2	8.00	2
Revelation	12	16	8.00	2
Revelation	13	12	8.00	2
Romans	11	9	8.00	2
Romans	8	39	8.00	2
Ruth	4	21	8.00	2
Song of Solomon	3	7	8.00	2
Song of Solomon	5	10	8.00	2
Zechariah	8	7	8.00	2
1 Chronicles	1	35	7.85	2
1 Chronicles	11	2	7.85	2
1 Chronicles	15	26	7.85	2
1 Chronicles	18	1	7.85	2
1 Chronicles	18	12	7.85	2
1 Chronicles	21	12	7.85	2
1 Chronicles	21	29	7.85	2
1 Chronicles	22	18	7.85	2
1 Chronicles	3	1	7.85	2
1 Corinthians	1	6	7.85	2
1 Corinthians	11	14	7.85	2
1 Corinthians	11	29	7.85	2
1 Corinthians	3	17	7.85	2
1 Corinthians	3	2	7.85	2
1 Corinthians	6	1	7.85	2
1 Kings	1	1	7.85	2
1 Kings	10	11	7.85	2
1 Kings	11	40	7.85	2
1 Kings	16	13	7.85	2
1 Kings	18	22	7.85	2
1 Kings	2	8	7.85	2
1 Kings	21	26	7.85	2
1 Kings	21	3	7.85	2
1 Kings	5	13	7.85	2
1 Kings	5	7	7.85	2
1 Kings	6	23	7.85	2
1 Kings	6	35	7.85	2
1 Kings	9	19	7.85	2
1 Peter	3	2	7.85	2
1 Peter	3	5	7.85	2
1 Peter	5	13	7.85	2
1 Samuel	10	22	7.85	2
1 Samuel	10	6	7.85	2
1 Samuel	11	2	7.85	2
1 Samuel	14	52	7.85	2
1 Samuel	17	1	7.85	2
1 Samuel	18	13	7.85	2
1 Samuel	18	8	7.85	2
1 Samuel	21	10	7.85	2
1 Samuel	23	17	7.85	2
1 Samuel	8	6	7.85	2
1 Timothy	3	12	7.85	2
2 Chronicles	12	14	7.85	2
2 Chronicles	14	5	7.85	2
2 Chronicles	21	4	7.85	2
2 Chronicles	22	10	7.85	2
2 Chronicles	26	4	7.85	2
2 Chronicles	27	1	7.85	2
2 Chronicles	31	10	7.85	2
2 Chronicles	35	8	7.85	2
2 Chronicles	4	2	7.85	2
2 Corinthians	11	30	7.85	2
2 Kings	13	6	7.85	2
2 Kings	14	5	7.85	2
2 Kings	16	5	7.85	2
2 Kings	17	33	7.85	2
2 Kings	18	34	7.85	2
2 Kings	2	21	7.85	2
2 Kings	2	5	7.85	2
2 Kings	6	21	7.85	2
2 Kings	9	14	7.85	2
2 Peter	2	16	7.85	2
2 Samuel	1	12	7.85	2
2 Samuel	1	19	7.85	2
2 Samuel	10	8	7.85	2
2 Samuel	18	5	7.85	2
2 Samuel	19	9	7.85	2
2 Samuel	22	2	7.85	2
2 Samuel	22	8	7.85	2
2 Samuel	6	19	7.85	2
2 Samuel	8	13	7.85	2
2 Timothy	2	5	7.85	2
Acts	12	21	7.85	2
Acts	16	40	7.85	2
Acts	19	3	7.85	2
Acts	2	12	7.85	2
Acts	22	15	7.85	2
Acts	23	17	7.85	2
Acts	23	27	7.85	2
Acts	23	8	7.85	2
Acts	27	2	7.85	2
Acts	28	24	7.85	2
Daniel	1	9	7.85	2
Daniel	3	2	7.85	2
Daniel	3	27	7.85	2
Daniel	3	5	7.85	2
Daniel	4	21	7.85	2
Daniel	5	3	7.85	2
Daniel	6	12	7.85	2
Daniel	6	28	7.85	2
Deuteronomy	15	8	7.85	2
Deuteronomy	2	15	7.85	2
Deuteronomy	29	21	7.85	2
Deuteronomy	4	49	7.85	2
Deuteronomy	9	2	7.85	2
Ecclesiastes	10	3	7.85	2
Ecclesiastes	4	13	7.85	2
Ecclesiastes	8	10	7.85	2
Ecclesiastes	8	17	7.85	2
Esther	1	11	7.85	2
Exodus	1	1	7.85	2
Exodus	16	1	7.85	2
Exodus	16	31	7.85	2
Exodus	20	9	7.85	2
Exodus	22	4	7.85	2
Exodus	22	7	7.85	2
Exodus	3	22	7.85	2
Exodus	4	23	7.85	2
Exodus	40	21	7.85	2
Ezekiel	10	9	7.85	2
Ezekiel	12	15	7.85	2
Ezekiel	19	11	7.85	2
Ezekiel	20	25	7.85	2
Ezekiel	23	27	7.85	2
Ezekiel	23	41	7.85	2
Ezekiel	23	49	7.85	2
Ezekiel	25	14	7.85	2
Ezekiel	26	10	7.85	2
Ezekiel	3	8	7.85	2
Ezekiel	34	17	7.85	2
Ezekiel	40	46	7.85	2
Ezekiel	44	21	7.85	2
Ezekiel	44	28	7.85	2
Ezekiel	44	30	7.85	2
Ezekiel	5	6	7.85	2
Ezra	1	4	7.85	2
Ezra	5	5	7.85	2
Ezra	6	11	7.85	2
Ezra	8	35	7.85	2
Genesis	16	2	7.85	2
Genesis	16	6	7.85	2
Genesis	17	11	7.85	2
Genesis	20	12	7.85	2
Genesis	24	7	7.85	2
Genesis	27	33	7.85	2
Genesis	29	13	7.85	2
Genesis	31	50	7.85	2
Genesis	33	10	7.85	2
Genesis	35	25	7.85	2
Genesis	38	29	7.85	2
Genesis	40	14	7.85	2
Genesis	41	32	7.85	2
Genesis	42	24	7.85	2
Genesis	45	19	7.85	2
Genesis	46	10	7.85	2
Hebrews	7	4	7.85	2
Hosea	11	4	7.85	2
Hosea	12	2	7.85	2
Hosea	4	14	7.85	2
Hosea	6	11	7.85	2
Hosea	8	11	7.85	2
Isaiah	13	22	7.85	2
Isaiah	17	6	7.85	2
Isaiah	18	6	7.85	2
Isaiah	19	4	7.85	2
Isaiah	25	12	7.85	2
Isaiah	25	7	7.85	2
Isaiah	28	4	7.85	2
Isaiah	31	7	7.85	2
Isaiah	36	20	7.85	2
Isaiah	39	3	7.85	2
Isaiah	39	6	7.85	2
Isaiah	39	8	7.85	2
James	2	2	7.85	2
Jeremiah	2	33	7.85	2
Jeremiah	20	4	7.85	2
Jeremiah	22	2	7.85	2
Jeremiah	22	22	7.85	2
Jeremiah	28	9	7.85	2
Jeremiah	35	14	7.85	2
Jeremiah	38	22	7.85	2
Jeremiah	44	30	7.85	2
Jeremiah	45	1	7.85	2
Jeremiah	48	31	7.85	2
Jeremiah	48	40	7.85	2
Jeremiah	48	43	7.85	2
Jeremiah	51	40	7.85	2
Jeremiah	52	19	7.85	2
Jeremiah	9	18	7.85	2
Job	1	16	7.85	2
Job	12	17	7.85	2
Job	12	22	7.85	2
Job	15	27	7.85	2
Job	15	32	7.85	2
Job	15	34	7.85	2
Job	17	6	7.85	2
Job	19	11	7.85	2
Job	19	19	7.85	2
Job	23	4	7.85	2
Job	27	20	7.85	2
Job	27	21	7.85	2
Job	29	17	7.85	2
Job	3	8	7.85	2
Job	31	25	7.85	2
Job	31	7	7.85	2
Job	33	23	7.85	2
Job	6	26	7.85	2
Job	8	20	7.85	2
Job	9	18	7.85	2
Joel	2	6	7.85	2
John	1	28	7.85	2
John	11	21	7.85	2
John	11	37	7.85	2
John	13	7	7.85	2
John	16	26	7.85	2
John	18	31	7.85	2
John	2	14	7.85	2
John	20	11	7.85	2
John	4	19	7.85	2
John	6	2	7.85	2
John	8	16	7.85	2
John	9	17	7.85	2
Joshua	10	14	7.85	2
Joshua	11	14	7.85	2
Joshua	13	1	7.85	2
Joshua	13	13	7.85	2
Joshua	19	1	7.85	2
Joshua	19	41	7.85	2
Joshua	22	18	7.85	2
Joshua	22	27	7.85	2
Joshua	24	25	7.85	2
Joshua	9	6	7.85	2
Judges	1	19	7.85	2
Judges	10	13	7.85	2
Judges	14	1	7.85	2
Judges	21	18	7.85	2
Judges	5	18	7.85	2
Lamentations	4	18	7.85	2
Leviticus	1	2	7.85	2
Leviticus	11	47	7.85	2
Leviticus	16	16	7.85	2
Leviticus	17	4	7.85	2
Leviticus	22	4	7.85	2
Leviticus	24	22	7.85	2
Leviticus	8	31	7.85	2
Luke	1	59	7.85	2
Luke	11	40	7.85	2
Luke	12	56	7.85	2
Luke	15	6	7.85	2
Luke	6	15	7.85	2
Luke	8	25	7.85	2
Mark	13	23	7.85	2
Mark	14	25	7.85	2
Mark	4	13	7.85	2
Mark	4	2	7.85	2
Mark	8	4	7.85	2
Matthew	1	8	7.85	2
Matthew	10	4	7.85	2
Matthew	13	1	7.85	2
Matthew	19	24	7.85	2
Matthew	21	10	7.85	2
Matthew	21	4	7.85	2
Matthew	24	12	7.85	2
Matthew	6	17	7.85	2
Matthew	8	34	7.85	2
Nehemiah	10	33	7.85	2
Nehemiah	7	65	7.85	2
Nehemiah	9	24	7.85	2
Numbers	11	34	7.85	2
Numbers	12	13	7.85	2
Numbers	13	3	7.85	2
Numbers	13	31	7.85	2
Numbers	23	26	7.85	2
Numbers	23	3	7.85	2
Numbers	24	11	7.85	2
Numbers	26	61	7.85	2
Numbers	27	3	7.85	2
Numbers	28	19	7.85	2
Numbers	28	2	7.85	2
Numbers	31	30	7.85	2
Numbers	32	29	7.85	2
Numbers	32	9	7.85	2
Numbers	35	12	7.85	2
Numbers	5	19	7.85	2
Proverbs	10	14	7.85	2
Proverbs	10	23	7.85	2
Proverbs	10	5	7.85	2
Proverbs	12	12	7.85	2
Proverbs	12	7	7.85	2
Proverbs	16	22	7.85	2
Proverbs	18	23	7.85	2
Proverbs	19	19	7.85	2
Proverbs	19	24	7.85	2
Proverbs	2	18	7.85	2
Proverbs	20	29	7.85	2
Proverbs	24	14	7.85	2
Proverbs	3	14	7.85	2
Proverbs	30	15	7.85	2
Proverbs	7	17	7.85	2
Proverbs	7	24	7.85	2
Proverbs	7	27	7.85	2
Psalms	1	5	7.85	2
Psalms	10	13	7.85	2
Psalms	102	2	7.85	2
Psalms	104	9	7.85	2
Psalms	105	31	7.85	2
Psalms	114	1	7.85	2
Psalms	115	12	7.85	2
Psalms	118	25	7.85	2
Psalms	119	166	7.85	2
Psalms	136	2	7.85	2
Psalms	141	9	7.85	2
Psalms	148	6	7.85	2
Psalms	21	5	7.85	2
Psalms	31	24	7.85	2
Psalms	33	8	7.85	2
Psalms	41	2	7.85	2
Psalms	44	26	7.85	2
Psalms	47	8	7.85	2
Psalms	49	12	7.85	2
Psalms	49	18	7.85	2
Psalms	50	9	7.85	2
Psalms	53	2	7.85	2
Psalms	59	17	7.85	2
Psalms	6	4	7.85	2
Psalms	60	10	7.85	2
Psalms	71	1	7.85	2
Psalms	75	5	7.85	2
Psalms	76	6	7.85	2
Psalms	78	20	7.85	2
Psalms	83	16	7.85	2
Psalms	83	6	7.85	2
Psalms	86	1	7.85	2
Psalms	86	16	7.85	2
Psalms	89	41	7.85	2
Psalms	9	6	7.85	2
Psalms	92	2	7.85	2
Psalms	92	8	7.85	2
Romans	11	24	7.85	2
Romans	2	18	7.85	2
Song of Solomon	2	8	7.85	2
Zechariah	14	13	7.85	2
Zechariah	14	21	7.85	2
Zechariah	8	22	7.85	2
Zephaniah	2	6	7.85	2
1 Chronicles	12	2	7.70	2
1 Chronicles	12	28	7.70	2
1 Chronicles	19	13	7.70	2
1 Chronicles	19	6	7.70	2
1 Chronicles	9	12	7.70	2
1 Corinthians	16	16	7.70	2
1 Corinthians	8	5	7.70	2
1 John	4	11	7.70	2
1 Kings	15	31	7.70	2
1 Kings	17	13	7.70	2
1 Kings	17	20	7.70	2
1 Kings	2	22	7.70	2
1 Kings	2	9	7.70	2
1 Kings	4	7	7.70	2
1 Kings	5	4	7.70	2
1 Kings	5	5	7.70	2
1 Kings	7	1	7.70	2
1 Kings	7	47	7.70	2
1 Kings	8	12	7.70	2
1 Kings	8	58	7.70	2
1 Peter	3	19	7.70	2
1 Peter	5	14	7.70	2
1 Samuel	1	22	7.70	2
1 Samuel	11	11	7.70	2
1 Samuel	12	14	7.70	2
1 Samuel	16	21	7.70	2
1 Samuel	17	15	7.70	2
1 Samuel	17	42	7.70	2
1 Samuel	18	11	7.70	2
1 Samuel	28	8	7.70	2
1 Samuel	3	10	7.70	2
1 Thessalonians	3	4	7.70	2
2 Chronicles	13	14	7.70	2
2 Chronicles	14	14	7.70	2
2 Chronicles	16	1	7.70	2
2 Chronicles	17	8	7.70	2
2 Chronicles	18	18	7.70	2
2 Chronicles	19	11	7.70	2
2 Chronicles	20	13	7.70	2
2 Chronicles	20	29	7.70	2
2 Chronicles	22	6	7.70	2
2 Chronicles	3	5	7.70	2
2 Chronicles	9	21	7.70	2
2 Corinthians	12	6	7.70	2
2 Corinthians	3	16	7.70	2
2 Kings	15	8	7.70	2
2 Kings	19	8	7.70	2
2 Kings	2	6	7.70	2
2 Kings	24	6	7.70	2
2 Kings	5	19	7.70	2
2 Kings	6	22	7.70	2
2 Kings	8	29	7.70	2
2 Samuel	11	15	7.70	2
2 Samuel	15	19	7.70	2
2 Samuel	19	19	7.70	2
2 Samuel	20	22	7.70	2
2 Samuel	24	2	7.70	2
2 Samuel	3	21	7.70	2
2 Samuel	3	30	7.70	2
2 Samuel	9	3	7.70	2
2 Thessalonians	3	15	7.70	2
2 Thessalonians	3	4	7.70	2
Acts	10	23	7.70	2
Acts	11	22	7.70	2
Acts	20	38	7.70	2
Acts	23	33	7.70	2
Acts	27	18	7.70	2
Acts	28	8	7.70	2
Acts	3	7	7.70	2
Acts	4	3	7.70	2
Acts	7	49	7.70	2
Acts	7	6	7.70	2
Acts	9	29	7.70	2
Amos	6	11	7.70	2
Colossians	4	15	7.70	2
Daniel	1	3	7.70	2
Daniel	10	3	7.70	2
Daniel	11	1	7.70	2
Daniel	3	18	7.70	2
Daniel	8	4	7.70	2
Deuteronomy	1	29	7.70	2
Deuteronomy	11	9	7.70	2
Deuteronomy	19	1	7.70	2
Deuteronomy	19	20	7.70	2
Deuteronomy	2	10	7.70	2
Deuteronomy	2	34	7.70	2
Deuteronomy	21	20	7.70	2
Deuteronomy	30	9	7.70	2
Deuteronomy	33	4	7.70	2
Deuteronomy	4	48	7.70	2
Deuteronomy	7	10	7.70	2
Ecclesiastes	1	4	7.70	2
Ecclesiastes	11	3	7.70	2
Ecclesiastes	3	20	7.70	2
Ecclesiastes	6	7	7.70	2
Ecclesiastes	7	13	7.70	2
Ephesians	2	9	7.70	2
Esther	1	12	7.70	2
Esther	6	8	7.70	2
Esther	7	7	7.70	2
Esther	9	15	7.70	2
Exodus	1	21	7.70	2
Exodus	13	18	7.70	2
Exodus	14	20	7.70	2
Exodus	20	22	7.70	2
Exodus	22	24	7.70	2
Exodus	32	35	7.70	2
Exodus	4	24	7.70	2
Exodus	40	9	7.70	2
Exodus	8	20	7.70	2
Ezekiel	1	15	7.70	2
Ezekiel	1	22	7.70	2
Ezekiel	12	18	7.70	2
Ezekiel	12	28	7.70	2
Ezekiel	16	42	7.70	2
Ezekiel	16	57	7.70	2
Ezekiel	18	9	7.70	2
Ezekiel	20	30	7.70	2
Ezekiel	21	10	7.70	2
Ezekiel	27	2	7.70	2
Ezekiel	28	4	7.70	2
Ezekiel	29	11	7.70	2
Ezekiel	31	14	7.70	2
Ezekiel	36	15	7.70	2
Ezekiel	38	3	7.70	2
Ezekiel	40	21	7.70	2
Ezekiel	40	22	7.70	2
Ezekiel	40	37	7.70	2
Ezekiel	40	39	7.70	2
Ezekiel	40	7	7.70	2
Ezekiel	41	18	7.70	2
Ezekiel	46	5	7.70	2
Ezra	10	10	7.70	2
Ezra	2	3	7.70	2
Galatians	4	24	7.70	2
Galatians	5	9	7.70	2
Genesis	11	3	7.70	2
Genesis	12	11	7.70	2
Genesis	12	18	7.70	2
Genesis	14	23	7.70	2
Genesis	15	19	7.70	2
Genesis	17	2	7.70	2
Genesis	19	9	7.70	2
Genesis	27	43	7.70	2
Genesis	28	2	7.70	2
Genesis	28	8	7.70	2
Genesis	31	48	7.70	2
Genesis	35	12	7.70	2
Genesis	39	3	7.70	2
Genesis	40	3	7.70	2
Genesis	41	33	7.70	2
Genesis	43	16	7.70	2
Genesis	43	28	7.70	2
Genesis	44	14	7.70	2
Genesis	45	10	7.70	2
Genesis	46	16	7.70	2
Genesis	48	7	7.70	2
Haggai	2	20	7.70	2
Hosea	11	9	7.70	2
Hosea	8	2	7.70	2
Hosea	9	17	7.70	2
Isaiah	14	15	7.70	2
Isaiah	2	13	7.70	2
Isaiah	2	6	7.70	2
Isaiah	23	10	7.70	2
Isaiah	23	6	7.70	2
Isaiah	24	20	7.70	2
Isaiah	24	8	7.70	2
Isaiah	30	4	7.70	2
Isaiah	33	8	7.70	2
Isaiah	36	11	7.70	2
Isaiah	38	12	7.70	2
Isaiah	41	20	7.70	2
Isaiah	44	10	7.70	2
Isaiah	66	8	7.70	2
James	2	12	7.70	2
Jeremiah	1	16	7.70	2
Jeremiah	11	18	7.70	2
Jeremiah	12	11	7.70	2
Jeremiah	12	14	7.70	2
Jeremiah	14	5	7.70	2
Jeremiah	18	2	7.70	2
Jeremiah	2	37	7.70	2
Jeremiah	20	16	7.70	2
Jeremiah	22	9	7.70	2
Jeremiah	28	14	7.70	2
Jeremiah	29	2	7.70	2
Jeremiah	32	12	7.70	2
Jeremiah	33	4	7.70	2
Jeremiah	4	21	7.70	2
Jeremiah	42	14	7.70	2
Jeremiah	48	13	7.70	2
Jeremiah	48	42	7.70	2
Jeremiah	51	51	7.70	2
Jeremiah	52	27	7.70	2
Jeremiah	52	9	7.70	2
Job	1	7	7.70	2
Job	10	18	7.70	2
Job	12	20	7.70	2
Job	17	4	7.70	2
Job	18	17	7.70	2
Job	21	13	7.70	2
Job	24	17	7.70	2
Job	27	4	7.70	2
Job	31	40	7.70	2
Job	31	5	7.70	2
Job	32	11	7.70	2
Job	38	34	7.70	2
Job	39	27	7.70	2
Job	5	5	7.70	2
Job	5	7	7.70	2
Job	7	10	7.70	2
Job	8	9	7.70	2
Joel	3	6	7.70	2
John	16	29	7.70	2
John	19	18	7.70	2
John	20	12	7.70	2
John	4	44	7.70	2
Joshua	11	10	7.70	2
Joshua	15	38	7.70	2
Joshua	18	12	7.70	2
Joshua	19	42	7.70	2
Joshua	19	44	7.70	2
Joshua	2	19	7.70	2
Joshua	21	18	7.70	2
Joshua	21	27	7.70	2
Joshua	3	5	7.70	2
Joshua	4	14	7.70	2
Joshua	4	20	7.70	2
Joshua	8	7	7.70	2
Judges	1	4	7.70	2
Judges	10	8	7.70	2
Judges	17	10	7.70	2
Judges	17	6	7.70	2
Judges	8	26	7.70	2
Lamentations	3	33	7.70	2
Lamentations	3	52	7.70	2
Leviticus	15	13	7.70	2
Leviticus	21	13	7.70	2
Leviticus	22	3	7.70	2
Leviticus	5	18	7.70	2
Leviticus	7	29	7.70	2
Leviticus	7	9	7.70	2
Luke	1	73	7.70	2
Luke	11	1	7.70	2
Luke	11	24	7.70	2
Luke	11	48	7.70	2
Luke	17	22	7.70	2
Luke	19	13	7.70	2
Luke	19	39	7.70	2
Luke	20	41	7.70	2
Luke	23	25	7.70	2
Luke	24	16	7.70	2
Luke	24	5	7.70	2
Luke	3	36	7.70	2
Luke	4	27	7.70	2
Luke	5	11	7.70	2
Luke	6	41	7.70	2
Luke	7	2	7.70	2
Luke	7	26	7.70	2
Luke	8	52	7.70	2
Luke	9	18	7.70	2
Luke	9	25	7.70	2
Luke	9	41	7.70	2
Luke	9	52	7.70	2
Mark	1	32	7.70	2
Mark	10	23	7.70	2
Mark	10	51	7.70	2
Mark	11	1	7.70	2
Mark	12	32	7.70	2
Mark	12	40	7.70	2
Mark	15	17	7.70	2
Mark	15	18	7.70	2
Mark	15	3	7.70	2
Mark	3	11	7.70	2
Mark	9	20	7.70	2
Matthew	10	9	7.70	2
Matthew	14	13	7.70	2
Matthew	14	15	7.70	2
Matthew	2	5	7.70	2
Matthew	24	32	7.70	2
Matthew	26	35	7.70	2
Matthew	27	61	7.70	2
Matthew	5	1	7.70	2
Matthew	8	25	7.70	2
Matthew	9	23	7.70	2
Matthew	9	24	7.70	2
Nahum	2	12	7.70	2
Nahum	3	15	7.70	2
Nahum	3	7	7.70	2
Nehemiah	3	17	7.70	2
Numbers	13	23	7.70	2
Numbers	14	42	7.70	2
Numbers	15	15	7.70	2
Numbers	15	19	7.70	2
Numbers	18	24	7.70	2
Numbers	23	18	7.70	2
Numbers	31	17	7.70	2
Numbers	33	36	7.70	2
Numbers	33	4	7.70	2
Proverbs	12	14	7.70	2
Proverbs	12	26	7.70	2
Proverbs	12	6	7.70	2
Proverbs	13	11	7.70	2
Proverbs	14	35	7.70	2
Proverbs	14	5	7.70	2
Proverbs	18	19	7.70	2
Proverbs	23	7	7.70	2
Proverbs	24	6	7.70	2
Proverbs	25	24	7.70	2
Proverbs	26	16	7.70	2
Proverbs	28	7	7.70	2
Proverbs	4	6	7.70	2
Proverbs	6	26	7.70	2
Psalms	105	19	7.70	2
Psalms	105	24	7.70	2
Psalms	107	29	7.70	2
Psalms	109	5	7.70	2
Psalms	11	2	7.70	2
Psalms	116	13	7.70	2
Psalms	119	138	7.70	2
Psalms	119	45	7.70	2
Psalms	121	2	7.70	2
Psalms	125	4	7.70	2
Psalms	132	7	7.70	2
Psalms	135	3	7.70	2
Psalms	150	1	7.70	2
Psalms	18	34	7.70	2
Psalms	21	10	7.70	2
Psalms	24	3	7.70	2
Psalms	44	6	7.70	2
Psalms	45	17	7.70	2
Psalms	47	4	7.70	2
Psalms	70	1	7.70	2
Psalms	78	35	7.70	2
Psalms	78	45	7.70	2
Psalms	78	53	7.70	2
Psalms	79	7	7.70	2
Psalms	86	14	7.70	2
Psalms	9	20	7.70	2
Revelation	16	20	7.70	2
Revelation	2	28	7.70	2
Romans	11	23	7.70	2
Romans	16	3	7.70	2
Romans	3	12	7.70	2
Romans	3	18	7.70	2
Romans	3	7	7.70	2
Ruth	2	2	7.70	2
Ruth	3	9	7.70	2
Song of Solomon	4	14	7.70	2
Song of Solomon	5	6	7.70	2
Zechariah	1	13	7.70	2
Zechariah	5	2	7.70	2
Zechariah	8	2	7.70	2
1 Chronicles	11	3	7.54	2
1 Chronicles	13	9	7.54	2
1 Chronicles	14	9	7.54	2
1 Chronicles	16	35	7.54	2
1 Chronicles	17	13	7.54	2
1 Chronicles	17	27	7.54	2
1 Chronicles	9	29	7.54	2
1 Corinthians	11	16	7.54	2
1 Corinthians	11	4	7.54	2
1 Corinthians	5	10	7.54	2
1 Kings	1	17	7.54	2
1 Kings	11	34	7.54	2
1 Kings	15	21	7.54	2
1 Kings	16	15	7.54	2
1 Kings	17	19	7.54	2
1 Kings	22	36	7.54	2
1 Kings	7	21	7.54	2
1 Kings	7	23	7.54	2
1 Kings	8	28	7.54	2
1 Kings	8	5	7.54	2
1 Kings	9	27	7.54	2
1 Kings	9	9	7.54	2
1 Samuel	1	5	7.54	2
1 Samuel	2	20	7.54	2
1 Samuel	20	33	7.54	2
1 Samuel	27	12	7.54	2
1 Samuel	28	19	7.54	2
1 Samuel	31	7	7.54	2
1 Samuel	9	12	7.54	2
1 Timothy	4	11	7.54	2
2 Chronicles	1	14	7.54	2
2 Chronicles	10	19	7.54	2
2 Chronicles	15	6	7.54	2
2 Chronicles	2	7	7.54	2
2 Chronicles	20	5	7.54	2
2 Chronicles	22	2	7.54	2
2 Chronicles	25	7	7.54	2
2 Chronicles	28	2	7.54	2
2 Chronicles	29	24	7.54	2
2 Chronicles	3	4	7.54	2
2 Chronicles	32	27	7.54	2
2 Chronicles	33	13	7.54	2
2 Chronicles	33	18	7.54	2
2 Chronicles	4	19	7.54	2
2 Chronicles	6	2	7.54	2
2 Corinthians	11	15	7.54	2
2 Kings	10	18	7.54	2
2 Kings	16	15	7.54	2
2 Kings	18	33	7.54	2
2 Kings	18	35	7.54	2
2 Kings	19	16	7.54	2
2 Kings	19	29	7.54	2
2 Kings	19	3	7.54	2
2 Kings	19	36	7.54	2
2 Kings	23	21	7.54	2
2 Kings	4	41	7.54	2
2 Kings	6	8	7.54	2
2 Kings	7	15	7.54	2
2 Kings	8	22	7.54	2
2 Kings	9	35	7.54	2
2 Samuel	14	4	7.54	2
2 Samuel	15	20	7.54	2
2 Samuel	15	24	7.54	2
2 Samuel	20	21	7.54	2
2 Samuel	21	8	7.54	2
2 Samuel	3	14	7.54	2
2 Samuel	9	6	7.54	2
Acts	1	21	7.54	2
Acts	10	46	7.54	2
Acts	13	20	7.54	2
Acts	13	44	7.54	2
Acts	17	15	7.54	2
Acts	19	28	7.54	2
Acts	2	6	7.54	2
Acts	20	10	7.54	2
Acts	26	2	7.54	2
Acts	7	23	7.54	2
Acts	9	8	7.54	2
Colossians	4	11	7.54	2
Daniel	11	32	7.54	2
Daniel	2	9	7.54	2
Daniel	6	3	7.54	2
Daniel	7	11	7.54	2
Daniel	7	6	7.54	2
Daniel	9	15	7.54	2
Deuteronomy	11	6	7.54	2
Deuteronomy	18	16	7.54	2
Deuteronomy	21	19	7.54	2
Deuteronomy	24	6	7.54	2
Deuteronomy	26	14	7.54	2
Deuteronomy	27	17	7.54	2
Deuteronomy	28	18	7.54	2
Deuteronomy	3	2	7.54	2
Deuteronomy	30	4	7.54	2
Deuteronomy	4	47	7.54	2
Deuteronomy	6	11	7.54	2
Deuteronomy	9	19	7.54	2
Ecclesiastes	1	12	7.54	2
Ecclesiastes	2	15	7.54	2
Ecclesiastes	2	2	7.54	2
Ecclesiastes	3	7	7.54	2
Ephesians	4	9	7.54	2
Ephesians	6	22	7.54	2
Esther	1	2	7.54	2
Esther	8	5	7.54	2
Esther	8	6	7.54	2
Exodus	10	23	7.54	2
Exodus	10	7	7.54	2
Exodus	18	15	7.54	2
Exodus	21	28	7.54	2
Exodus	22	2	7.54	2
Exodus	28	15	7.54	2
Exodus	28	9	7.54	2
Exodus	29	25	7.54	2
Exodus	37	23	7.54	2
Exodus	40	29	7.54	2
Exodus	40	5	7.54	2
Exodus	40	6	7.54	2
Exodus	6	5	7.54	2
Exodus	7	10	7.54	2
Exodus	8	2	7.54	2
Ezekiel	11	12	7.54	2
Ezekiel	12	6	7.54	2
Ezekiel	13	5	7.54	2
Ezekiel	16	28	7.54	2
Ezekiel	18	29	7.54	2
Ezekiel	21	23	7.54	2
Ezekiel	23	28	7.54	2
Ezekiel	26	21	7.54	2
Ezekiel	27	16	7.54	2
Ezekiel	27	31	7.54	2
Ezekiel	28	5	7.54	2
Ezekiel	3	21	7.54	2
Ezekiel	33	4	7.54	2
Ezekiel	36	21	7.54	2
Ezekiel	39	26	7.54	2
Ezekiel	40	23	7.54	2
Ezekiel	44	12	7.54	2
Ezekiel	44	16	7.54	2
Ezekiel	45	15	7.54	2
Ezekiel	46	18	7.54	2
Ezekiel	47	11	7.54	2
Ezekiel	47	8	7.54	2
Ezra	10	19	7.54	2
Ezra	5	13	7.54	2
Ezra	5	8	7.54	2
Ezra	7	14	7.54	2
Galatians	2	13	7.54	2
Galatians	3	20	7.54	2
Galatians	4	1	7.54	2
Galatians	6	17	7.54	2
Genesis	2	11	7.54	2
Genesis	2	3	7.54	2
Genesis	21	16	7.54	2
Genesis	23	19	7.54	2
Genesis	24	1	7.54	2
Genesis	24	11	7.54	2
Genesis	24	14	7.54	2
Genesis	3	14	7.54	2
Genesis	3	3	7.54	2
Genesis	32	5	7.54	2
Genesis	35	7	7.54	2
Genesis	37	27	7.54	2
Genesis	42	5	7.54	2
Genesis	44	1	7.54	2
Genesis	44	15	7.54	2
Genesis	46	1	7.54	2
Genesis	46	27	7.54	2
Genesis	46	9	7.54	2
Genesis	47	27	7.54	2
Genesis	48	22	7.54	2
Genesis	5	32	7.54	2
Genesis	7	23	7.54	2
Genesis	9	2	7.54	2
Genesis	9	21	7.54	2
Haggai	2	3	7.54	2
Hebrews	5	10	7.54	2
Hebrews	7	7	7.54	2
Hosea	2	20	7.54	2
Hosea	4	5	7.54	2
Isaiah	24	12	7.54	2
Isaiah	27	2	7.54	2
Isaiah	30	3	7.54	2
Isaiah	32	16	7.54	2
Isaiah	38	15	7.54	2
Isaiah	42	2	7.54	2
Isaiah	45	2	7.54	2
Isaiah	47	11	7.54	2
Isaiah	63	2	7.54	2
Jeremiah	15	11	7.54	2
Jeremiah	16	15	7.54	2
Jeremiah	2	9	7.54	2
Jeremiah	27	15	7.54	2
Jeremiah	3	5	7.54	2
Jeremiah	32	21	7.54	2
Jeremiah	36	21	7.54	2
Jeremiah	36	6	7.54	2
Jeremiah	38	16	7.54	2
Jeremiah	4	16	7.54	2
Jeremiah	40	10	7.54	2
Jeremiah	40	13	7.54	2
Jeremiah	40	5	7.54	2
Jeremiah	41	10	7.54	2
Jeremiah	46	19	7.54	2
Jeremiah	46	7	7.54	2
Jeremiah	47	2	7.54	2
Jeremiah	48	45	7.54	2
Jeremiah	49	32	7.54	2
Jeremiah	50	24	7.54	2
Jeremiah	50	46	7.54	2
Jeremiah	8	17	7.54	2
Jeremiah	9	9	7.54	2
Job	16	13	7.54	2
Job	16	3	7.54	2
Job	17	5	7.54	2
Job	18	2	7.54	2
Job	27	22	7.54	2
Job	30	3	7.54	2
Job	31	34	7.54	2
Job	36	18	7.54	2
Job	36	29	7.54	2
Job	4	12	7.54	2
Job	4	7	7.54	2
Job	40	15	7.54	2
Job	5	16	7.54	2
Job	8	4	7.54	2
Job	9	6	7.54	2
John	11	24	7.54	2
John	11	26	7.54	2
John	12	17	7.54	2
John	16	19	7.54	2
John	18	16	7.54	2
John	19	10	7.54	2
John	3	9	7.54	2
John	4	28	7.54	2
John	5	34	7.54	2
John	7	13	7.54	2
John	7	26	7.54	2
Jonah	4	1	7.54	2
Joshua	10	25	7.54	2
Joshua	10	43	7.54	2
Joshua	13	29	7.54	2
Joshua	13	30	7.54	2
Joshua	13	31	7.54	2
Joshua	18	6	7.54	2
Joshua	2	18	7.54	2
Joshua	2	4	7.54	2
Joshua	21	21	7.54	2
Joshua	4	10	7.54	2
Joshua	5	12	7.54	2
Judges	1	8	7.54	2
Judges	11	31	7.54	2
Judges	18	19	7.54	2
Judges	18	23	7.54	2
Judges	3	6	7.54	2
Judges	6	8	7.54	2
Judges	8	2	7.54	2
Lamentations	3	1	7.54	2
Lamentations	3	27	7.54	2
Lamentations	4	16	7.54	2
Lamentations	4	7	7.54	2
Leviticus	10	13	7.54	2
Leviticus	14	18	7.54	2
Leviticus	15	14	7.54	2
Leviticus	16	24	7.54	2
Leviticus	16	3	7.54	2
Leviticus	18	29	7.54	2
Leviticus	18	4	7.54	2
Leviticus	18	9	7.54	2
Leviticus	2	11	7.54	2
Leviticus	20	8	7.54	2
Leviticus	25	42	7.54	2
Leviticus	25	43	7.54	2
Leviticus	26	38	7.54	2
Leviticus	3	13	7.54	2
Leviticus	6	20	7.54	2
Leviticus	8	1	7.54	2
Leviticus	8	21	7.54	2
Leviticus	8	8	7.54	2
Luke	1	36	7.54	2
Luke	1	49	7.54	2
Luke	10	24	7.54	2
Luke	10	31	7.54	2
Luke	11	37	7.54	2
Luke	12	46	7.54	2
Luke	13	18	7.54	2
Luke	15	12	7.54	2
Luke	21	21	7.54	2
Luke	23	26	7.54	2
Luke	23	3	7.54	2
Luke	3	10	7.54	2
Luke	3	35	7.54	2
Luke	5	12	7.54	2
Luke	6	16	7.54	2
Luke	6	28	7.54	2
Luke	7	40	7.54	2
Luke	7	42	7.54	2
Luke	9	60	7.54	2
Mark	1	17	7.54	2
Mark	1	28	7.54	2
Mark	10	28	7.54	2
Mark	12	31	7.54	2
Mark	12	42	7.54	2
Mark	14	29	7.54	2
Mark	14	43	7.54	2
Mark	15	11	7.54	2
Mark	15	43	7.54	2
Mark	4	17	7.54	2
Mark	5	17	7.54	2
Mark	6	48	7.54	2
Mark	8	6	7.54	2
Matthew	12	1	7.54	2
Matthew	13	2	7.54	2
Matthew	13	3	7.54	2
Matthew	13	32	7.54	2
Matthew	14	8	7.54	2
Matthew	15	1	7.54	2
Matthew	15	31	7.54	2
Matthew	16	12	7.54	2
Matthew	16	20	7.54	2
Matthew	17	11	7.54	2
Matthew	17	27	7.54	2
Matthew	18	32	7.54	2
Matthew	2	18	7.54	2
Matthew	22	14	7.54	2
Matthew	22	22	7.54	2
Matthew	25	44	7.54	2
Matthew	26	32	7.54	2
Matthew	26	70	7.54	2
Matthew	27	6	7.54	2
Matthew	7	3	7.54	2
Matthew	8	14	7.54	2
Matthew	8	19	7.54	2
Matthew	8	28	7.54	2
Matthew	9	10	7.54	2
Micah	1	12	7.54	2
Micah	2	9	7.54	2
Micah	6	13	7.54	2
Nahum	2	8	7.54	2
Nehemiah	10	31	7.54	2
Nehemiah	11	22	7.54	2
Nehemiah	12	47	7.54	2
Nehemiah	13	3	7.54	2
Numbers	10	21	7.54	2
Numbers	18	18	7.54	2
Numbers	18	22	7.54	2
Numbers	19	14	7.54	2
Numbers	21	13	7.54	2
Numbers	22	31	7.54	2
Numbers	22	4	7.54	2
Numbers	22	6	7.54	2
Numbers	24	21	7.54	2
Numbers	26	55	7.54	2
Numbers	32	41	7.54	2
Numbers	35	11	7.54	2
Numbers	35	16	7.54	2
Numbers	4	4	7.54	2
Numbers	6	9	7.54	2
Philippians	1	18	7.54	2
Philippians	4	2	7.54	2
Philemon	1	14	7.54	2
Philemon	1	6	7.54	2
Proverbs	11	15	7.54	2
Proverbs	13	18	7.54	2
Proverbs	13	2	7.54	2
Proverbs	14	27	7.54	2
Proverbs	18	18	7.54	2
Proverbs	19	26	7.54	2
Proverbs	2	11	7.54	2
Proverbs	23	33	7.54	2
Proverbs	24	28	7.54	2
Proverbs	25	6	7.54	2
Proverbs	25	9	7.54	2
Proverbs	28	10	7.54	2
Proverbs	29	7	7.54	2
Proverbs	29	9	7.54	2
Proverbs	30	32	7.54	2
Proverbs	31	28	7.54	2
Proverbs	7	13	7.54	2
Psalms	107	16	7.54	2
Psalms	108	1	7.54	2
Psalms	118	13	7.54	2
Psalms	119	117	7.54	2
Psalms	119	118	7.54	2
Psalms	119	163	7.54	2
Psalms	119	66	7.54	2
Psalms	13	4	7.54	2
Psalms	18	31	7.54	2
Psalms	21	7	7.54	2
Psalms	22	19	7.54	2
Psalms	24	5	7.54	2
Psalms	35	20	7.54	2
Psalms	38	5	7.54	2
Psalms	39	2	7.54	2
Psalms	40	16	7.54	2
Psalms	45	16	7.54	2
Psalms	55	3	7.54	2
Psalms	60	7	7.54	2
Psalms	69	2	7.54	2
Psalms	71	4	7.54	2
Psalms	72	20	7.54	2
Psalms	73	15	7.54	2
Psalms	77	15	7.54	2
Psalms	78	32	7.54	2
Psalms	78	54	7.54	2
Psalms	80	6	7.54	2
Psalms	88	6	7.54	2
Psalms	89	16	7.54	2
Psalms	89	21	7.54	2
Psalms	91	10	7.54	2
Psalms	94	21	7.54	2
Revelation	10	11	7.54	2
Revelation	14	19	7.54	2
Romans	10	19	7.54	2
Romans	12	7	7.54	2
Romans	2	22	7.54	2
Romans	5	16	7.54	2
Romans	7	21	7.54	2
Ruth	1	15	7.54	2
Ruth	3	10	7.54	2
Zechariah	11	14	7.54	2
Zechariah	14	18	7.54	2
Zechariah	2	9	7.54	2
Zechariah	4	14	7.54	2
Zephaniah	1	16	7.54	2
1 Chronicles	1	17	7.38	2
1 Chronicles	1	32	7.38	2
1 Chronicles	1	5	7.38	2
1 Chronicles	11	27	7.38	2
1 Chronicles	13	11	7.38	2
1 Chronicles	16	12	7.38	2
1 Chronicles	17	21	7.38	2
1 Chronicles	2	19	7.38	2
1 Chronicles	2	50	7.38	2
1 Chronicles	2	55	7.38	2
1 Chronicles	21	7	7.38	2
1 Chronicles	23	31	7.38	2
1 Chronicles	25	2	7.38	2
1 Chronicles	26	4	7.38	2
1 Chronicles	29	4	7.38	2
1 Chronicles	3	10	7.38	2
1 Corinthians	6	14	7.38	2
1 Kings	1	50	7.38	2
1 Kings	11	30	7.38	2
1 Kings	11	6	7.38	2
1 Kings	16	25	7.38	2
1 Kings	17	23	7.38	2
1 Kings	2	27	7.38	2
1 Kings	22	21	7.38	2
1 Kings	4	13	7.38	2
1 Kings	7	38	7.38	2
1 Kings	8	18	7.38	2
1 Kings	8	19	7.38	2
1 Kings	8	53	7.38	2
1 Kings	9	11	7.38	2
1 Kings	9	2	7.38	2
1 Samuel	14	36	7.38	2
1 Samuel	15	32	7.38	2
1 Samuel	16	3	7.38	2
1 Samuel	17	50	7.38	2
1 Samuel	18	23	7.38	2
1 Samuel	25	14	7.38	2
1 Samuel	29	4	7.38	2
1 Samuel	29	6	7.38	2
1 Samuel	9	6	7.38	2
1 Thessalonians	5	20	7.38	2
1 Timothy	6	21	7.38	2
2 Chronicles	1	4	7.38	2
2 Chronicles	14	3	7.38	2
2 Chronicles	18	19	7.38	2
2 Chronicles	18	29	7.38	2
2 Chronicles	18	7	7.38	2
2 Chronicles	20	27	7.38	2
2 Chronicles	23	1	7.38	2
2 Chronicles	28	1	7.38	2
2 Chronicles	29	3	7.38	2
2 Chronicles	29	4	7.38	2
2 Chronicles	30	23	7.38	2
2 Chronicles	30	26	7.38	2
2 Chronicles	32	11	7.38	2
2 Chronicles	32	14	7.38	2
2 Chronicles	34	20	7.38	2
2 Chronicles	4	9	7.38	2
2 Chronicles	5	6	7.38	2
2 Chronicles	9	25	7.38	2
2 Corinthians	11	18	7.38	2
2 Corinthians	11	25	7.38	2
2 Corinthians	12	16	7.38	2
2 Kings	11	15	7.38	2
2 Kings	13	11	7.38	2
2 Kings	15	18	7.38	2
2 Kings	16	14	7.38	2
2 Kings	18	20	7.38	2
2 Kings	18	30	7.38	2
2 Kings	18	7	7.38	2
2 Kings	19	32	7.38	2
2 Kings	24	7	7.38	2
2 Kings	25	3	7.38	2
2 Kings	3	3	7.38	2
2 Kings	5	22	7.38	2
2 Kings	6	1	7.38	2
2 Kings	8	26	7.38	2
2 Kings	8	8	7.38	2
2 Samuel	12	8	7.38	2
2 Samuel	13	4	7.38	2
2 Samuel	14	6	7.38	2
2 Samuel	15	13	7.38	2
2 Samuel	15	18	7.38	2
2 Samuel	16	17	7.38	2
2 Samuel	17	24	7.38	2
2 Samuel	2	7	7.38	2
2 Samuel	21	18	7.38	2
2 Samuel	21	20	7.38	2
2 Samuel	22	51	7.38	2
2 Samuel	3	10	7.38	2
2 Timothy	2	7	7.38	2
2 Timothy	4	19	7.38	2
3 John	1	10	7.38	2
Acts	10	10	7.38	2
Acts	11	1	7.38	2
Acts	11	3	7.38	2
Acts	16	8	7.38	2
Acts	19	34	7.38	2
Acts	20	2	7.38	2
Acts	20	8	7.38	2
Acts	23	34	7.38	2
Acts	24	6	7.38	2
Acts	28	3	7.38	2
Acts	4	9	7.38	2
Acts	5	27	7.38	2
Acts	7	43	7.38	2
Acts	8	10	7.38	2
Acts	9	19	7.38	2
Amos	2	13	7.38	2
Amos	5	17	7.38	2
Colossians	2	23	7.38	2
Daniel	2	30	7.38	2
Daniel	2	49	7.38	2
Daniel	3	6	7.38	2
Daniel	6	14	7.38	2
Daniel	8	15	7.38	2
Daniel	9	22	7.38	2
Deuteronomy	1	9	7.38	2
Deuteronomy	12	8	7.38	2
Deuteronomy	14	26	7.38	2
Deuteronomy	14	27	7.38	2
Deuteronomy	28	10	7.38	2
Deuteronomy	3	23	7.38	2
Deuteronomy	4	41	7.38	2
Deuteronomy	5	23	7.38	2
Ecclesiastes	10	13	7.38	2
Ecclesiastes	7	17	7.38	2
Esther	2	21	7.38	2
Esther	2	7	7.38	2
Exodus	2	11	7.38	2
Exodus	22	3	7.38	2
Exodus	29	29	7.38	2
Exodus	30	30	7.38	2
Exodus	40	38	7.38	2
Exodus	7	15	7.38	2
Exodus	9	13	7.38	2
Exodus	9	20	7.38	2
Ezekiel	11	10	7.38	2
Ezekiel	13	14	7.38	2
Ezekiel	14	11	7.38	2
Ezekiel	16	44	7.38	2
Ezekiel	17	19	7.38	2
Ezekiel	21	30	7.38	2
Ezekiel	22	20	7.38	2
Ezekiel	24	22	7.38	2
Ezekiel	26	12	7.38	2
Ezekiel	27	15	7.38	2
Ezekiel	31	1	7.38	2
Ezekiel	35	2	7.38	2
Ezekiel	36	6	7.38	2
Ezekiel	38	17	7.38	2
Ezekiel	41	1	7.38	2
Ezra	3	1	7.38	2
Ezra	4	4	7.38	2
Ezra	9	10	7.38	2
Galatians	1	3	7.38	2
Galatians	6	11	7.38	2
Genesis	11	6	7.38	2
Genesis	16	14	7.38	2
Genesis	16	9	7.38	2
Genesis	19	32	7.38	2
Genesis	24	50	7.38	2
Genesis	25	15	7.38	2
Genesis	25	22	7.38	2
Genesis	25	30	7.38	2
Genesis	27	39	7.38	2
Genesis	29	11	7.38	2
Genesis	30	3	7.38	2
Genesis	31	23	7.38	2
Genesis	31	27	7.38	2
Genesis	31	32	7.38	2
Genesis	31	40	7.38	2
Genesis	36	20	7.38	2
Genesis	4	13	7.38	2
Genesis	4	26	7.38	2
Genesis	43	8	7.38	2
Genesis	45	7	7.38	2
Genesis	45	9	7.38	2
Genesis	9	13	7.38	2
Genesis	9	26	7.38	2
Genesis	9	3	7.38	2
Hebrews	10	6	7.38	2
Hebrews	9	21	7.38	2
Isaiah	14	6	7.38	2
Isaiah	20	6	7.38	2
Isaiah	21	10	7.38	2
Isaiah	27	7	7.38	2
Isaiah	29	4	7.38	2
Isaiah	33	5	7.38	2
Isaiah	36	21	7.38	2
Isaiah	4	6	7.38	2
Isaiah	40	21	7.38	2
Isaiah	41	27	7.38	2
Isaiah	42	23	7.38	2
Isaiah	45	4	7.38	2
Isaiah	47	14	7.38	2
Isaiah	47	15	7.38	2
Isaiah	49	11	7.38	2
Isaiah	57	4	7.38	2
Jeremiah	18	13	7.38	2
Jeremiah	30	13	7.38	2
Jeremiah	30	15	7.38	2
Jeremiah	30	23	7.38	2
Jeremiah	32	42	7.38	2
Jeremiah	36	20	7.38	2
Jeremiah	36	25	7.38	2
Jeremiah	41	8	7.38	2
Jeremiah	42	3	7.38	2
Jeremiah	42	5	7.38	2
Jeremiah	44	29	7.38	2
Jeremiah	48	28	7.38	2
Jeremiah	48	32	7.38	2
Jeremiah	48	46	7.38	2
Jeremiah	49	3	7.38	2
Jeremiah	51	38	7.38	2
Job	11	3	7.38	2
Job	12	19	7.38	2
Job	12	25	7.38	2
Job	12	9	7.38	2
Job	15	31	7.38	2
Job	18	7	7.38	2
Job	20	28	7.38	2
Job	23	2	7.38	2
Job	23	7	7.38	2
Job	30	17	7.38	2
Job	33	31	7.38	2
Job	34	2	7.38	2
Job	37	18	7.38	2
Job	39	19	7.38	2
Job	7	19	7.38	2
Job	8	6	7.38	2
John	18	19	7.38	2
John	18	29	7.38	2
John	20	9	7.38	2
Jonah	1	1	7.38	2
Joshua	10	26	7.38	2
Joshua	11	11	7.38	2
Joshua	11	9	7.38	2
Joshua	15	32	7.38	2
Joshua	17	2	7.38	2
Joshua	19	24	7.38	2
Joshua	20	2	7.38	2
Joshua	21	1	7.38	2
Joshua	21	16	7.38	2
Joshua	23	11	7.38	2
Joshua	23	8	7.38	2
Joshua	24	29	7.38	2
Joshua	4	3	7.38	2
Joshua	5	2	7.38	2
Joshua	6	19	7.38	2
Judges	1	12	7.38	2
Judges	1	29	7.38	2
Judges	14	10	7.38	2
Judges	17	1	7.38	2
Judges	17	13	7.38	2
Judges	2	7	7.38	2
Judges	3	13	7.38	2
Judges	6	32	7.38	2
Judges	6	6	7.38	2
Lamentations	3	14	7.38	2
Lamentations	3	42	7.38	2
Leviticus	13	59	7.38	2
Leviticus	17	8	7.38	2
Leviticus	19	27	7.38	2
Leviticus	20	14	7.38	2
Leviticus	25	36	7.38	2
Leviticus	26	7	7.38	2
Leviticus	4	28	7.38	2
Leviticus	4	32	7.38	2
Leviticus	8	6	7.38	2
Leviticus	9	3	7.38	2
Leviticus	9	6	7.38	2
Luke	1	27	7.38	2
Luke	1	29	7.38	2
Luke	10	33	7.38	2
Luke	16	17	7.38	2
Luke	16	27	7.38	2
Luke	18	38	7.38	2
Luke	2	9	7.38	2
Luke	20	13	7.38	2
Luke	20	45	7.38	2
Luke	24	20	7.38	2
Luke	24	28	7.38	2
Luke	4	15	7.38	2
Luke	6	40	7.38	2
Luke	7	33	7.38	2
Luke	8	29	7.38	2
Luke	8	8	7.38	2
Malachi	2	3	7.38	2
Malachi	3	12	7.38	2
Mark	10	35	7.38	2
Mark	10	38	7.38	2
Mark	11	11	7.38	2
Mark	13	3	7.38	2
Mark	14	34	7.38	2
Mark	14	44	7.38	2
Mark	8	12	7.38	2
Mark	9	24	7.38	2
Matthew	10	11	7.38	2
Matthew	12	10	7.38	2
Matthew	13	7	7.38	2
Matthew	14	17	7.38	2
Matthew	14	25	7.38	2
Matthew	17	23	7.38	2
Matthew	21	45	7.38	2
Matthew	24	17	7.38	2
Matthew	24	50	7.38	2
Matthew	27	41	7.38	2
Matthew	27	53	7.38	2
Matthew	27	66	7.38	2
Matthew	28	17	7.38	2
Matthew	3	5	7.38	2
Matthew	8	27	7.38	2
Micah	3	3	7.38	2
Micah	3	7	7.38	2
Nahum	2	9	7.38	2
Nehemiah	10	9	7.38	2
Nehemiah	3	11	7.38	2
Nehemiah	5	12	7.38	2
Nehemiah	6	14	7.38	2
Numbers	11	5	7.38	2
Numbers	16	34	7.38	2
Numbers	18	17	7.38	2
Numbers	19	2	7.38	2
Numbers	19	21	7.38	2
Numbers	2	14	7.38	2
Numbers	2	2	7.38	2
Numbers	2	25	7.38	2
Numbers	20	26	7.38	2
Numbers	22	12	7.38	2
Numbers	24	15	7.38	2
Numbers	26	33	7.38	2
Numbers	27	19	7.38	2
Numbers	27	23	7.38	2
Numbers	28	14	7.38	2
Numbers	3	2	7.38	2
Numbers	4	23	7.38	2
Numbers	5	15	7.38	2
Numbers	5	3	7.38	2
Numbers	8	16	7.38	2
Numbers	9	10	7.38	2
Proverbs	10	26	7.38	2
Proverbs	16	19	7.38	2
Proverbs	17	18	7.38	2
Proverbs	18	17	7.38	2
Proverbs	19	2	7.38	2
Proverbs	24	3	7.38	2
Proverbs	27	15	7.38	2
Proverbs	28	23	7.38	2
Proverbs	28	5	7.38	2
Proverbs	3	24	7.38	2
Proverbs	4	21	7.38	2
Proverbs	5	4	7.38	2
Proverbs	5	7	7.38	2
Proverbs	6	2	7.38	2
Proverbs	8	33	7.38	2
Proverbs	9	3	7.38	2
Psalms	102	10	7.38	2
Psalms	105	32	7.38	2
Psalms	106	15	7.38	2
Psalms	107	27	7.38	2
Psalms	109	16	7.38	2
Psalms	109	8	7.38	2
Psalms	119	124	7.38	2
Psalms	119	125	7.38	2
Psalms	119	143	7.38	2
Psalms	119	152	7.38	2
Psalms	123	4	7.38	2
Psalms	132	6	7.38	2
Psalms	135	2	7.38	2
Psalms	22	28	7.38	2
Psalms	31	15	7.38	2
Psalms	35	17	7.38	2
Psalms	35	2	7.38	2
Psalms	41	11	7.38	2
Psalms	48	5	7.38	2
Psalms	48	8	7.38	2
Psalms	5	10	7.38	2
Psalms	50	13	7.38	2
Psalms	58	7	7.38	2
Psalms	60	6	7.38	2
Psalms	74	14	7.38	2
Psalms	77	13	7.38	2
Psalms	98	5	7.38	2
Revelation	10	8	7.38	2
Revelation	11	16	7.38	2
Romans	16	6	7.38	2
Romans	5	4	7.38	2
Romans	5	7	7.38	2
Song of Solomon	2	15	7.38	2
Zechariah	2	12	7.38	2
Zechariah	4	1	7.38	2
Zechariah	5	1	7.38	2
Zephaniah	1	2	7.38	2
1 Chronicles	10	1	7.22	2
1 Chronicles	2	6	7.22	2
1 Chronicles	23	6	7.22	2
1 Chronicles	23	7	7.22	2
1 Chronicles	24	14	7.22	2
1 Chronicles	3	12	7.22	2
1 Chronicles	3	17	7.22	2
1 Chronicles	6	2	7.22	2
1 Chronicles	6	22	7.22	2
1 Chronicles	6	4	7.22	2
1 Chronicles	6	49	7.22	2
1 Chronicles	6	77	7.22	2
1 Corinthians	15	15	7.22	2
1 Kings	1	31	7.22	2
1 Kings	1	52	7.22	2
1 Kings	1	9	7.22	2
1 Kings	11	26	7.22	2
1 Kings	13	3	7.22	2
1 Kings	16	11	7.22	2
1 Kings	2	25	7.22	2
1 Kings	5	18	7.22	2
1 Kings	6	19	7.22	2
1 Kings	6	7	7.22	2
1 Kings	6	8	7.22	2
1 Kings	7	46	7.22	2
1 Kings	8	2	7.22	2
1 Samuel	1	8	7.22	2
1 Samuel	11	13	7.22	2
1 Samuel	12	2	7.22	2
1 Samuel	12	8	7.22	2
1 Samuel	14	23	7.22	2
1 Samuel	15	6	7.22	2
1 Samuel	18	28	7.22	2
1 Samuel	21	11	7.22	2
1 Samuel	21	4	7.22	2
1 Samuel	22	19	7.22	2
1 Samuel	24	20	7.22	2
1 Thessalonians	2	1	7.22	2
1 Thessalonians	5	27	7.22	2
2 Chronicles	12	12	7.22	2
2 Chronicles	13	2	7.22	2
2 Chronicles	14	6	7.22	2
2 Chronicles	15	9	7.22	2
2 Chronicles	2	14	7.22	2
2 Chronicles	30	14	7.22	2
2 Chronicles	32	22	7.22	2
2 Chronicles	4	16	7.22	2
2 Chronicles	7	13	7.22	2
2 Chronicles	9	22	7.22	2
2 Corinthians	10	15	7.22	2
2 Corinthians	11	24	7.22	2
2 Corinthians	2	1	7.22	2
2 John	1	11	7.22	2
2 John	1	13	7.22	2
2 Kings	11	9	7.22	2
2 Kings	13	4	7.22	2
2 Kings	16	1	7.22	2
2 Kings	18	23	7.22	2
2 Kings	20	14	7.22	2
2 Kings	23	31	7.22	2
2 Kings	25	12	7.22	2
2 Kings	9	17	7.22	2
2 Samuel	12	22	7.22	2
2 Samuel	15	14	7.22	2
2 Samuel	16	20	7.22	2
2 Samuel	18	24	7.22	2
2 Samuel	18	3	7.22	2
2 Samuel	20	24	7.22	2
2 Samuel	23	14	7.22	2
2 Samuel	23	15	7.22	2
2 Samuel	5	14	7.22	2
2 Timothy	2	8	7.22	2
2 Timothy	3	7	7.22	2
Acts	13	6	7.22	2
Acts	14	10	7.22	2
Acts	24	2	7.22	2
Acts	25	14	7.22	2
Acts	27	21	7.22	2
Acts	28	10	7.22	2
Colossians	2	21	7.22	2
Colossians	4	9	7.22	2
Deuteronomy	1	3	7.22	2
Deuteronomy	13	18	7.22	2
Deuteronomy	18	19	7.22	2
Deuteronomy	19	6	7.22	2
Deuteronomy	2	12	7.22	2
Deuteronomy	2	23	7.22	2
Deuteronomy	2	29	7.22	2
Deuteronomy	28	6	7.22	2
Deuteronomy	33	18	7.22	2
Deuteronomy	5	18	7.22	2
Esther	6	13	7.22	2
Exodus	10	19	7.22	2
Exodus	12	36	7.22	2
Exodus	16	34	7.22	2
Exodus	18	18	7.22	2
Exodus	2	18	7.22	2
Exodus	20	1	7.22	2
Exodus	21	22	7.22	2
Exodus	21	32	7.22	2
Exodus	28	17	7.22	2
Exodus	28	33	7.22	2
Exodus	29	5	7.22	2
Exodus	30	3	7.22	2
Exodus	31	15	7.22	2
Exodus	39	41	7.22	2
Exodus	5	3	7.22	2
Exodus	6	19	7.22	2
Ezekiel	1	5	7.22	2
Ezekiel	30	26	7.22	2
Ezekiel	30	8	7.22	2
Ezekiel	31	2	7.22	2
Ezekiel	32	16	7.22	2
Ezekiel	32	3	7.22	2
Ezekiel	36	11	7.22	2
Ezekiel	37	3	7.22	2
Ezekiel	38	20	7.22	2
Ezekiel	40	20	7.22	2
Ezekiel	40	27	7.22	2
Ezekiel	40	5	7.22	2
Ezekiel	43	10	7.22	2
Ezekiel	43	27	7.22	2
Ezekiel	46	14	7.22	2
Ezra	2	37	7.22	2
Ezra	2	58	7.22	2
Ezra	2	6	7.22	2
Ezra	2	70	7.22	2
Galatians	1	22	7.22	2
Galatians	4	12	7.22	2
Genesis	10	9	7.22	2
Genesis	12	13	7.22	2
Genesis	13	17	7.22	2
Genesis	2	14	7.22	2
Genesis	24	18	7.22	2
Genesis	24	29	7.22	2
Genesis	24	31	7.22	2
Genesis	26	33	7.22	2
Genesis	31	1	7.22	2
Genesis	31	18	7.22	2
Genesis	31	44	7.22	2
Genesis	32	13	7.22	2
Genesis	33	3	7.22	2
Genesis	36	2	7.22	2
Genesis	41	14	7.22	2
Genesis	41	56	7.22	2
Genesis	42	23	7.22	2
Genesis	43	24	7.22	2
Genesis	46	17	7.22	2
Genesis	49	27	7.22	2
Genesis	7	21	7.22	2
Genesis	9	19	7.22	2
Habakkuk	1	14	7.22	2
Habakkuk	2	11	7.22	2
Habakkuk	3	7	7.22	2
Haggai	2	10	7.22	2
Hebrews	10	15	7.22	2
Hebrews	11	23	7.22	2
Hebrews	5	13	7.22	2
Hosea	7	12	7.22	2
Hosea	8	10	7.22	2
Isaiah	17	3	7.22	2
Isaiah	22	21	7.22	2
Isaiah	28	3	7.22	2
Isaiah	36	15	7.22	2
Isaiah	37	27	7.22	2
Isaiah	51	18	7.22	2
Isaiah	63	13	7.22	2
Isaiah	66	7	7.22	2
Isaiah	8	3	7.22	2
James	5	2	7.22	2
Jeremiah	17	24	7.22	2
Jeremiah	22	6	7.22	2
Jeremiah	26	10	7.22	2
Jeremiah	27	11	7.22	2
Jeremiah	32	15	7.22	2
Jeremiah	37	20	7.22	2
Jeremiah	39	7	7.22	2
Jeremiah	42	19	7.22	2
Jeremiah	44	26	7.22	2
Jeremiah	49	28	7.22	2
Jeremiah	9	20	7.22	2
Job	1	2	7.22	2
Job	13	14	7.22	2
Job	13	22	7.22	2
Job	15	4	7.22	2
Job	16	8	7.22	2
Job	22	19	7.22	2
Job	24	24	7.22	2
Job	26	5	7.22	2
Job	4	17	7.22	2
Job	40	5	7.22	2
Job	7	12	7.22	2
Job	7	16	7.22	2
Job	9	31	7.22	2
Joel	1	12	7.22	2
John	1	20	7.22	2
John	11	2	7.22	2
John	11	5	7.22	2
John	12	12	7.22	2
John	12	29	7.22	2
John	18	5	7.22	2
John	3	10	7.22	2
John	4	11	7.22	2
John	4	47	7.22	2
John	5	32	7.22	2
John	6	28	7.22	2
John	8	3	7.22	2
Joshua	1	15	7.22	2
Joshua	10	16	7.22	2
Joshua	10	31	7.22	2
Joshua	13	24	7.22	2
Joshua	15	21	7.22	2
Joshua	15	7	7.22	2
Joshua	21	36	7.22	2
Joshua	23	2	7.22	2
Joshua	3	11	7.22	2
Joshua	4	24	7.22	2
Judges	16	31	7.22	2
Judges	19	6	7.22	2
Judges	19	9	7.22	2
Judges	3	20	7.22	2
Judges	5	24	7.22	2
Judges	6	10	7.22	2
Judges	6	15	7.22	2
Judges	7	15	7.22	2
Judges	7	7	7.22	2
Judges	8	5	7.22	2
Leviticus	14	6	7.22	2
Leviticus	14	7	7.22	2
Leviticus	19	14	7.22	2
Leviticus	23	22	7.22	2
Leviticus	25	17	7.22	2
Leviticus	25	46	7.22	2
Leviticus	26	10	7.22	2
Leviticus	3	6	7.22	2
Leviticus	5	16	7.22	2
Leviticus	5	2	7.22	2
Leviticus	6	10	7.22	2
Leviticus	7	7	7.22	2
Leviticus	8	27	7.22	2
Leviticus	9	12	7.22	2
Luke	1	55	7.22	2
Luke	1	67	7.22	2
Luke	11	5	7.22	2
Luke	13	2	7.22	2
Luke	13	35	7.22	2
Luke	16	30	7.22	2
Luke	18	15	7.22	2
Luke	2	24	7.22	2
Luke	20	40	7.22	2
Luke	22	49	7.22	2
Luke	22	8	7.22	2
Luke	23	22	7.22	2
Luke	23	8	7.22	2
Luke	3	34	7.22	2
Luke	4	12	7.22	2
Luke	4	17	7.22	2
Luke	4	29	7.22	2
Luke	4	39	7.22	2
Luke	6	8	7.22	2
Luke	6	9	7.22	2
Luke	7	19	7.22	2
Luke	8	45	7.22	2
Luke	8	49	7.22	2
Luke	9	3	7.22	2
Malachi	3	4	7.22	2
Mark	1	4	7.22	2
Mark	10	11	7.22	2
Mark	11	27	7.22	2
Mark	13	21	7.22	2
Mark	16	11	7.22	2
Mark	2	25	7.22	2
Mark	4	9	7.22	2
Mark	5	33	7.22	2
Mark	6	31	7.22	2
Mark	7	31	7.22	2
Mark	9	17	7.22	2
Matthew	10	36	7.22	2
Matthew	11	17	7.22	2
Matthew	12	37	7.22	2
Matthew	12	49	7.22	2
Matthew	13	58	7.22	2
Matthew	14	6	7.22	2
Matthew	27	30	7.22	2
Matthew	3	13	7.22	2
Matthew	4	15	7.22	2
Matthew	6	29	7.22	2
Matthew	7	9	7.22	2
Matthew	9	26	7.22	2
Micah	5	6	7.22	2
Nehemiah	13	2	7.22	2
Nehemiah	5	2	7.22	2
Nehemiah	6	11	7.22	2
Nehemiah	7	11	7.22	2
Numbers	11	31	7.22	2
Numbers	16	33	7.22	2
Numbers	18	14	7.22	2
Numbers	18	3	7.22	2
Numbers	20	15	7.22	2
Numbers	20	2	7.22	2
Numbers	23	12	7.22	2
Numbers	29	39	7.22	2
Numbers	3	17	7.22	2
Numbers	34	17	7.22	2
Numbers	5	6	7.22	2
Numbers	9	11	7.22	2
Philippians	4	12	7.22	2
Proverbs	11	29	7.22	2
Proverbs	2	13	7.22	2
Proverbs	20	5	7.22	2
Proverbs	21	16	7.22	2
Proverbs	23	21	7.22	2
Proverbs	24	27	7.22	2
Proverbs	3	29	7.22	2
Proverbs	6	13	7.22	2
Proverbs	6	35	7.22	2
Psalms	101	7	7.22	2
Psalms	106	18	7.22	2
Psalms	109	1	7.22	2
Psalms	109	21	7.22	2
Psalms	116	4	7.22	2
Psalms	119	122	7.22	2
Psalms	119	148	7.22	2
Psalms	119	78	7.22	2
Psalms	128	5	7.22	2
Psalms	129	6	7.22	2
Psalms	132	15	7.22	2
Psalms	137	3	7.22	2
Psalms	139	16	7.22	2
Psalms	18	17	7.22	2
Psalms	25	19	7.22	2
Psalms	26	12	7.22	2
Psalms	31	10	7.22	2
Psalms	33	17	7.22	2
Psalms	37	8	7.22	2
Psalms	38	21	7.22	2
Psalms	44	16	7.22	2
Psalms	49	9	7.22	2
Psalms	59	9	7.22	2
Psalms	68	13	7.22	2
Psalms	68	32	7.22	2
Psalms	70	3	7.22	2
Psalms	73	16	7.22	2
Psalms	8	9	7.22	2
Psalms	89	23	7.22	2
Psalms	94	9	7.22	2
Psalms	95	5	7.22	2
Romans	11	21	7.22	2
Romans	4	7	7.22	2
Ruth	2	11	7.22	2
Ruth	3	12	7.22	2
Song of Solomon	5	7	7.22	2
Song of Solomon	7	1	7.22	2
Song of Solomon	7	4	7.22	2
Zephaniah	2	10	7.22	2
1 Chronicles	1	38	7.06	2
1 Chronicles	11	30	7.06	2
1 Chronicles	2	54	7.06	2
1 Chronicles	21	14	7.06	2
1 Chronicles	27	24	7.06	2
1 Chronicles	9	25	7.06	2
1 Corinthians	12	31	7.06	2
1 Corinthians	13	6	7.06	2
1 Corinthians	16	17	7.06	2
1 Corinthians	7	28	7.06	2
1 Kings	14	17	7.06	2
1 Kings	18	28	7.06	2
1 Kings	19	5	7.06	2
1 Kings	22	26	7.06	2
1 Kings	4	4	7.06	2
1 Kings	5	17	7.06	2
1 Kings	7	49	7.06	2
1 Samuel	1	2	7.06	2
1 Samuel	11	7	7.06	2
1 Samuel	12	13	7.06	2
1 Samuel	14	2	7.06	2
1 Samuel	14	3	7.06	2
1 Samuel	14	31	7.06	2
1 Samuel	2	33	7.06	2
1 Samuel	20	7	7.06	2
1 Samuel	21	3	7.06	2
1 Samuel	23	22	7.06	2
1 Samuel	25	37	7.06	2
1 Samuel	26	16	7.06	2
1 Samuel	27	2	7.06	2
1 Samuel	30	18	7.06	2
1 Samuel	30	22	7.06	2
1 Samuel	4	13	7.06	2
1 Samuel	4	18	7.06	2
1 Samuel	6	6	7.06	2
1 Thessalonians	1	4	7.06	2
1 Timothy	6	7	7.06	2
2 Chronicles	10	16	7.06	2
2 Chronicles	13	3	7.06	2
2 Chronicles	14	13	7.06	2
2 Chronicles	15	1	7.06	2
2 Chronicles	18	16	7.06	2
2 Chronicles	2	1	7.06	2
2 Chronicles	20	14	7.06	2
2 Chronicles	28	17	7.06	2
2 Chronicles	32	32	7.06	2
2 Chronicles	4	7	7.06	2
2 Chronicles	5	2	7.06	2
2 Chronicles	6	7	7.06	2
2 Chronicles	7	12	7.06	2
2 Chronicles	9	10	7.06	2
2 Chronicles	9	27	7.06	2
2 Corinthians	11	19	7.06	2
2 Corinthians	3	13	7.06	2
2 Kings	1	13	7.06	2
2 Kings	1	17	7.06	2
2 Kings	10	26	7.06	2
2 Kings	14	22	7.06	2
2 Kings	16	6	7.06	2
2 Kings	19	13	7.06	2
2 Kings	19	27	7.06	2
2 Kings	2	19	7.06	2
2 Kings	23	20	7.06	2
2 Kings	8	24	7.06	2
2 Kings	9	8	7.06	2
2 Samuel	10	18	7.06	2
2 Samuel	14	28	7.06	2
2 Samuel	19	26	7.06	2
2 Samuel	19	5	7.06	2
2 Samuel	21	12	7.06	2
2 Samuel	22	16	7.06	2
2 Samuel	22	32	7.06	2
2 Samuel	22	7	7.06	2
2 Samuel	23	9	7.06	2
2 Samuel	8	11	7.06	2
2 Thessalonians	2	7	7.06	2
Acts	11	16	7.06	2
Acts	16	4	7.06	2
Acts	2	15	7.06	2
Acts	25	13	7.06	2
Acts	26	21	7.06	2
Acts	26	4	7.06	2
Acts	27	20	7.06	2
Acts	8	25	7.06	2
Acts	8	31	7.06	2
Acts	8	7	7.06	2
Acts	9	7	7.06	2
Amos	1	5	7.06	2
Amos	5	23	7.06	2
Amos	6	14	7.06	2
Daniel	10	10	7.06	2
Daniel	4	11	7.06	2
Daniel	5	27	7.06	2
Deuteronomy	1	2	7.06	2
Deuteronomy	10	2	7.06	2
Deuteronomy	12	20	7.06	2
Deuteronomy	17	15	7.06	2
Deuteronomy	18	5	7.06	2
Deuteronomy	2	26	7.06	2
Deuteronomy	21	8	7.06	2
Deuteronomy	26	11	7.06	2
Deuteronomy	28	13	7.06	2
Deuteronomy	3	20	7.06	2
Deuteronomy	32	50	7.06	2
Deuteronomy	33	20	7.06	2
Deuteronomy	33	7	7.06	2
Deuteronomy	8	9	7.06	2
Ecclesiastes	11	10	7.06	2
Ecclesiastes	11	5	7.06	2
Ecclesiastes	4	6	7.06	2
Ecclesiastes	5	12	7.06	2
Ecclesiastes	7	7	7.06	2
Ephesians	6	2	7.06	2
Esther	1	20	7.06	2
Esther	3	7	7.06	2
Esther	5	9	7.06	2
Esther	6	4	7.06	2
Exodus	10	9	7.06	2
Exodus	11	1	7.06	2
Exodus	11	3	7.06	2
Exodus	12	17	7.06	2
Exodus	16	16	7.06	2
Exodus	21	20	7.06	2
Exodus	31	14	7.06	2
Exodus	34	2	7.06	2
Exodus	34	24	7.06	2
Exodus	39	28	7.06	2
Exodus	6	21	7.06	2
Ezekiel	21	27	7.06	2
Ezekiel	21	4	7.06	2
Ezekiel	23	10	7.06	2
Ezekiel	27	20	7.06	2
Ezekiel	27	28	7.06	2
Ezekiel	27	9	7.06	2
Ezekiel	32	27	7.06	2
Ezekiel	32	30	7.06	2
Ezekiel	38	18	7.06	2
Ezekiel	39	13	7.06	2
Ezekiel	40	34	7.06	2
Ezekiel	43	26	7.06	2
Ezekiel	44	5	7.06	2
Ezekiel	45	10	7.06	2
Ezekiel	5	1	7.06	2
Ezekiel	7	17	7.06	2
Ezra	6	1	7.06	2
Ezra	6	15	7.06	2
Galatians	6	5	7.06	2
Genesis	1	16	7.06	2
Genesis	1	5	7.06	2
Genesis	12	12	7.06	2
Genesis	13	4	7.06	2
Genesis	17	22	7.06	2
Genesis	18	13	7.06	2
Genesis	18	30	7.06	2
Genesis	2	20	7.06	2
Genesis	2	5	7.06	2
Genesis	21	13	7.06	2
Genesis	24	59	7.06	2
Genesis	25	26	7.06	2
Genesis	3	18	7.06	2
Genesis	3	23	7.06	2
Genesis	30	18	7.06	2
Genesis	31	34	7.06	2
Genesis	33	19	7.06	2
Genesis	34	14	7.06	2
Genesis	35	17	7.06	2
Genesis	35	26	7.06	2
Genesis	41	50	7.06	2
Genesis	43	12	7.06	2
Genesis	45	22	7.06	2
Genesis	45	6	7.06	2
Genesis	46	13	7.06	2
Genesis	47	13	7.06	2
Genesis	49	26	7.06	2
Genesis	50	25	7.06	2
Genesis	6	18	7.06	2
Genesis	7	16	7.06	2
Habakkuk	2	12	7.06	2
Hosea	10	15	7.06	2
Isaiah	10	10	7.06	2
Isaiah	16	10	7.06	2
Isaiah	17	11	7.06	2
Isaiah	18	2	7.06	2
Isaiah	22	11	7.06	2
Isaiah	22	23	7.06	2
Isaiah	24	11	7.06	2
Isaiah	38	8	7.06	2
Isaiah	41	26	7.06	2
Isaiah	43	15	7.06	2
Isaiah	43	16	7.06	2
Isaiah	48	19	7.06	2
Isaiah	6	4	7.06	2
Isaiah	7	21	7.06	2
Isaiah	8	15	7.06	2
Jeremiah	13	24	7.06	2
Jeremiah	17	17	7.06	2
Jeremiah	17	26	7.06	2
Jeremiah	18	6	7.06	2
Jeremiah	20	6	7.06	2
Jeremiah	25	19	7.06	2
Jeremiah	28	13	7.06	2
Jeremiah	31	24	7.06	2
Jeremiah	33	1	7.06	2
Jeremiah	35	11	7.06	2
Jeremiah	38	26	7.06	2
Jeremiah	40	1	7.06	2
Jeremiah	42	16	7.06	2
Jeremiah	42	17	7.06	2
Jeremiah	46	3	7.06	2
Jeremiah	48	3	7.06	2
Jeremiah	48	39	7.06	2
Jeremiah	51	46	7.06	2
Jeremiah	6	4	7.06	2
Job	1	9	7.06	2
Job	13	13	7.06	2
Job	20	9	7.06	2
Job	22	30	7.06	2
Job	29	15	7.06	2
Job	29	19	7.06	2
Job	3	10	7.06	2
Job	3	13	7.06	2
Job	31	27	7.06	2
Job	33	6	7.06	2
Job	35	12	7.06	2
Job	35	6	7.06	2
Job	37	6	7.06	2
Job	6	10	7.06	2
Job	9	15	7.06	2
Job	9	9	7.06	2
John	1	2	7.06	2
John	10	8	7.06	2
John	12	4	7.06	2
John	21	19	7.06	2
John	21	25	7.06	2
John	4	27	7.06	2
John	8	49	7.06	2
John	8	50	7.06	2
Joshua	1	14	7.06	2
Joshua	13	19	7.06	2
Joshua	14	14	7.06	2
Joshua	15	31	7.06	2
Joshua	15	6	7.06	2
Joshua	21	45	7.06	2
Joshua	24	18	7.06	2
Judges	19	10	7.06	2
Judges	19	23	7.06	2
Judges	20	2	7.06	2
Lamentations	3	4	7.06	2
Leviticus	11	40	7.06	2
Leviticus	16	5	7.06	2
Leviticus	17	14	7.06	2
Leviticus	18	23	7.06	2
Leviticus	18	28	7.06	2
Leviticus	19	23	7.06	2
Leviticus	19	9	7.06	2
Leviticus	23	15	7.06	2
Leviticus	24	2	7.06	2
Leviticus	24	23	7.06	2
Leviticus	25	8	7.06	2
Leviticus	4	12	7.06	2
Leviticus	4	14	7.06	2
Leviticus	6	9	7.06	2
Leviticus	8	29	7.06	2
Leviticus	9	2	7.06	2
Leviticus	9	8	7.06	2
Luke	1	22	7.06	2
Luke	1	42	7.06	2
Luke	1	66	7.06	2
Luke	17	37	7.06	2
Luke	18	10	7.06	2
Luke	23	55	7.06	2
Luke	3	31	7.06	2
Luke	6	29	7.06	2
Luke	6	30	7.06	2
Luke	7	28	7.06	2
Luke	9	50	7.06	2
Luke	9	61	7.06	2
Mark	10	16	7.06	2
Mark	14	35	7.06	2
Mark	4	30	7.06	2
Mark	5	21	7.06	2
Mark	7	24	7.06	2
Mark	9	6	7.06	2
Matthew	11	16	7.06	2
Matthew	13	18	7.06	2
Matthew	13	25	7.06	2
Matthew	2	8	7.06	2
Matthew	20	2	7.06	2
Matthew	24	41	7.06	2
Matthew	26	60	7.06	2
Matthew	27	17	7.06	2
Matthew	5	2	7.06	2
Matthew	5	47	7.06	2
Matthew	6	28	7.06	2
Micah	5	15	7.06	2
Nahum	3	12	7.06	2
Nahum	3	17	7.06	2
Nehemiah	3	5	7.06	2
Nehemiah	4	6	7.06	2
Nehemiah	6	2	7.06	2
Nehemiah	8	6	7.06	2
Nehemiah	9	28	7.06	2
Numbers	1	11	7.06	2
Numbers	1	2	7.06	2
Numbers	13	6	7.06	2
Numbers	16	2	7.06	2
Numbers	17	7	7.06	2
Numbers	21	32	7.06	2
Numbers	22	11	7.06	2
Numbers	24	3	7.06	2
Numbers	3	39	7.06	2
Numbers	30	8	7.06	2
Numbers	31	9	7.06	2
Numbers	33	48	7.06	2
Numbers	33	49	7.06	2
Numbers	9	3	7.06	2
Obadiah	1	15	7.06	2
Obadiah	1	5	7.06	2
Proverbs	10	6	7.06	2
Proverbs	13	1	7.06	2
Proverbs	23	31	7.06	2
Proverbs	24	7	7.06	2
Psalms	116	5	7.06	2
Psalms	119	135	7.06	2
Psalms	119	157	7.06	2
Psalms	125	2	7.06	2
Psalms	129	5	7.06	2
Psalms	135	18	7.06	2
Psalms	25	20	7.06	2
Psalms	25	22	7.06	2
Psalms	26	5	7.06	2
Psalms	39	8	7.06	2
Psalms	47	3	7.06	2
Psalms	50	20	7.06	2
Psalms	59	2	7.06	2
Psalms	68	14	7.06	2
Psalms	69	18	7.06	2
Psalms	69	36	7.06	2
Psalms	74	20	7.06	2
Psalms	80	11	7.06	2
Psalms	81	9	7.06	2
Psalms	87	4	7.06	2
Psalms	89	32	7.06	2
Psalms	91	12	7.06	2
Psalms	91	6	7.06	2
Revelation	15	5	7.06	2
Revelation	21	25	7.06	2
Revelation	8	8	7.06	2
Revelation	9	5	7.06	2
Romans	1	6	7.06	2
Romans	14	22	7.06	2
Romans	4	14	7.06	2
Ruth	4	19	7.06	2
Song of Solomon	8	13	7.06	2
Zechariah	1	2	7.06	2
1 Chronicles	11	7	6.90	2
1 Chronicles	12	1	6.90	2
1 Chronicles	15	15	6.90	2
1 Chronicles	16	9	6.90	2
1 Chronicles	18	5	6.90	2
1 Chronicles	24	3	6.90	2
1 Chronicles	24	6	6.90	2
1 Chronicles	3	11	6.90	2
1 Chronicles	3	2	6.90	2
1 Chronicles	6	14	6.90	2
1 Corinthians	11	17	6.90	2
1 Corinthians	12	21	6.90	2
1 Corinthians	16	12	6.90	2
1 Corinthians	16	23	6.90	2
1 John	3	6	6.90	2
1 Kings	11	24	6.90	2
1 Kings	12	10	6.90	2
1 Kings	12	30	6.90	2
1 Kings	13	8	6.90	2
1 Kings	16	18	6.90	2
1 Kings	16	2	6.90	2
1 Kings	16	29	6.90	2
1 Kings	2	36	6.90	2
1 Kings	20	23	6.90	2
1 Kings	4	33	6.90	2
1 Kings	8	62	6.90	2
1 Kings	9	5	6.90	2
1 Peter	2	3	6.90	2
1 Samuel	14	32	6.90	2
1 Samuel	14	37	6.90	2
1 Samuel	14	50	6.90	2
1 Samuel	17	20	6.90	2
1 Samuel	17	51	6.90	2
1 Samuel	18	30	6.90	2
1 Samuel	22	5	6.90	2
1 Samuel	24	2	6.90	2
1 Samuel	25	35	6.90	2
1 Samuel	26	24	6.90	2
1 Samuel	3	14	6.90	2
1 Samuel	9	2	6.90	2
2 Chronicles	11	14	6.90	2
2 Chronicles	18	3	6.90	2
2 Chronicles	20	36	6.90	2
2 Chronicles	25	4	6.90	2
2 Chronicles	26	23	6.90	2
2 Chronicles	28	13	6.90	2
2 Chronicles	33	5	6.90	2
2 Chronicles	35	11	6.90	2
2 Chronicles	35	21	6.90	2
2 Chronicles	6	26	6.90	2
2 Chronicles	6	3	6.90	2
2 Chronicles	8	12	6.90	2
2 Corinthians	1	7	6.90	2
2 Corinthians	13	7	6.90	2
2 Corinthians	6	12	6.90	2
2 Corinthians	8	10	6.90	2
2 Kings	11	21	6.90	2
2 Kings	12	15	6.90	2
2 Kings	14	13	6.90	2
2 Kings	15	9	6.90	2
2 Kings	17	1	6.90	2
2 Kings	19	18	6.90	2
2 Kings	19	25	6.90	2
2 Kings	2	4	6.90	2
2 Kings	25	8	6.90	2
2 Kings	4	43	6.90	2
2 Samuel	10	14	6.90	2
2 Samuel	15	36	6.90	2
2 Samuel	3	16	6.90	2
2 Samuel	3	8	6.90	2
2 Samuel	5	10	6.90	2
2 Thessalonians	3	17	6.90	2
Acts	10	37	6.90	2
Acts	15	27	6.90	2
Acts	19	19	6.90	2
Amos	3	14	6.90	2
Daniel	2	11	6.90	2
Daniel	5	8	6.90	2
Daniel	6	17	6.90	2
Deuteronomy	10	10	6.90	2
Deuteronomy	12	15	6.90	2
Deuteronomy	14	8	6.90	2
Deuteronomy	17	13	6.90	2
Deuteronomy	27	24	6.90	2
Deuteronomy	28	31	6.90	2
Deuteronomy	28	39	6.90	2
Deuteronomy	4	38	6.90	2
Deuteronomy	8	4	6.90	2
Ecclesiastes	1	8	6.90	2
Ecclesiastes	10	5	6.90	2
Ecclesiastes	8	9	6.90	2
Ecclesiastes	9	13	6.90	2
Exodus	18	22	6.90	2
Exodus	22	16	6.90	2
Exodus	26	7	6.90	2
Exodus	30	33	6.90	2
Exodus	31	1	6.90	2
Exodus	34	8	6.90	2
Exodus	35	30	6.90	2
Exodus	38	3	6.90	2
Exodus	4	19	6.90	2
Exodus	4	29	6.90	2
Exodus	40	13	6.90	2
Exodus	6	30	6.90	2
Exodus	8	3	6.90	2
Exodus	9	21	6.90	2
Ezekiel	10	16	6.90	2
Ezekiel	11	7	6.90	2
Ezekiel	13	17	6.90	2
Ezekiel	16	13	6.90	2
Ezekiel	21	13	6.90	2
Ezekiel	22	3	6.90	2
Ezekiel	23	12	6.90	2
Ezekiel	24	11	6.90	2
Ezekiel	27	32	6.90	2
Ezekiel	27	34	6.90	2
Ezekiel	32	1	6.90	2
Ezekiel	32	23	6.90	2
Ezekiel	33	5	6.90	2
Ezekiel	39	2	6.90	2
Ezekiel	40	31	6.90	2
Ezekiel	40	32	6.90	2
Ezekiel	41	6	6.90	2
Ezekiel	42	4	6.90	2
Ezekiel	43	11	6.90	2
Ezekiel	45	4	6.90	2
Ezekiel	47	14	6.90	2
Ezra	2	36	6.90	2
Ezra	2	59	6.90	2
Ezra	5	3	6.90	2
Galatians	3	18	6.90	2
Genesis	1	7	6.90	2
Genesis	16	15	6.90	2
Genesis	16	3	6.90	2
Genesis	19	21	6.90	2
Genesis	24	13	6.90	2
Genesis	24	4	6.90	2
Genesis	26	10	6.90	2
Genesis	26	25	6.90	2
Genesis	27	34	6.90	2
Genesis	28	9	6.90	2
Genesis	29	1	6.90	2
Genesis	31	2	6.90	2
Genesis	35	6	6.90	2
Genesis	36	6	6.90	2
Genesis	38	10	6.90	2
Genesis	4	15	6.90	2
Genesis	40	5	6.90	2
Genesis	44	27	6.90	2
Genesis	44	32	6.90	2
Genesis	45	28	6.90	2
Genesis	9	11	6.90	2
Haggai	2	15	6.90	2
Hebrews	11	30	6.90	2
Hebrews	4	4	6.90	2
Hosea	2	7	6.90	2
Hosea	3	3	6.90	2
Isaiah	14	5	6.90	2
Isaiah	16	1	6.90	2
Isaiah	19	20	6.90	2
Isaiah	21	6	6.90	2
Isaiah	23	15	6.90	2
Isaiah	3	13	6.90	2
Isaiah	3	2	6.90	2
Isaiah	36	2	6.90	2
Isaiah	37	9	6.90	2
Isaiah	38	7	6.90	2
Isaiah	41	28	6.90	2
Isaiah	64	2	6.90	2
James	2	7	6.90	2
Jeremiah	11	23	6.90	2
Jeremiah	15	9	6.90	2
Jeremiah	17	12	6.90	2
Jeremiah	21	8	6.90	2
Jeremiah	25	24	6.90	2
Jeremiah	25	32	6.90	2
Jeremiah	27	10	6.90	2
Jeremiah	31	36	6.90	2
Jeremiah	34	19	6.90	2
Jeremiah	4	17	6.90	2
Jeremiah	40	12	6.90	2
Jeremiah	46	13	6.90	2
Jeremiah	48	8	6.90	2
Jeremiah	49	27	6.90	2
Jeremiah	50	30	6.90	2
Jeremiah	51	3	6.90	2
Jeremiah	6	21	6.90	2
Job	12	18	6.90	2
Job	14	12	6.90	2
Job	17	10	6.90	2
Job	19	28	6.90	2
Job	22	11	6.90	2
Job	30	15	6.90	2
Job	6	30	6.90	2
Job	9	27	6.90	2
Joel	1	17	6.90	2
John	1	48	6.90	2
John	10	13	6.90	2
John	12	2	6.90	2
John	18	13	6.90	2
John	2	1	6.90	2
John	4	3	6.90	2
John	5	1	6.90	2
John	6	7	6.90	2
John	7	50	6.90	2
Joshua	11	16	6.90	2
Joshua	11	22	6.90	2
Joshua	13	21	6.90	2
Joshua	13	25	6.90	2
Joshua	14	9	6.90	2
Joshua	15	34	6.90	2
Joshua	19	15	6.90	2
Joshua	20	3	6.90	2
Joshua	22	13	6.90	2
Joshua	24	31	6.90	2
Joshua	24	8	6.90	2
Joshua	6	3	6.90	2
Joshua	7	16	6.90	2
Joshua	8	24	6.90	2
Joshua	9	10	6.90	2
Judges	10	12	6.90	2
Judges	11	21	6.90	2
Judges	12	3	6.90	2
Judges	14	2	6.90	2
Judges	15	11	6.90	2
Judges	16	17	6.90	2
Judges	21	25	6.90	2
Judges	5	12	6.90	2
Judges	5	5	6.90	2
Judges	7	9	6.90	2
Judges	8	24	6.90	2
Lamentations	5	6	6.90	2
Leviticus	14	21	6.90	2
Leviticus	15	29	6.90	2
Leviticus	16	28	6.90	2
Leviticus	18	27	6.90	2
Leviticus	18	6	6.90	2
Leviticus	22	16	6.90	2
Leviticus	24	15	6.90	2
Leviticus	4	22	6.90	2
Luke	10	15	6.90	2
Luke	12	43	6.90	2
Luke	12	9	6.90	2
Luke	17	23	6.90	2
Luke	19	29	6.90	2
Luke	2	47	6.90	2
Luke	23	33	6.90	2
Luke	4	30	6.90	2
Luke	7	15	6.90	2
Luke	8	5	6.90	2
Luke	9	19	6.90	2
Luke	9	29	6.90	2
Mark	1	6	6.90	2
Mark	12	34	6.90	2
Mark	14	32	6.90	2
Mark	15	25	6.90	2
Mark	16	3	6.90	2
Mark	2	23	6.90	2
Mark	3	13	6.90	2
Mark	4	22	6.90	2
Mark	4	40	6.90	2
Mark	5	5	6.90	2
Mark	6	52	6.90	2
Mark	7	1	6.90	2
Mark	7	26	6.90	2
Mark	8	30	6.90	2
Mark	9	28	6.90	2
Mark	9	4	6.90	2
Matthew	17	15	6.90	2
Matthew	20	34	6.90	2
Matthew	23	28	6.90	2
Matthew	27	44	6.90	2
Matthew	27	48	6.90	2
Matthew	5	15	6.90	2
Matthew	9	3	6.90	2
Micah	1	7	6.90	2
Nahum	1	13	6.90	2
Nahum	3	14	6.90	2
Nehemiah	11	16	6.90	2
Nehemiah	11	2	6.90	2
Nehemiah	12	30	6.90	2
Nehemiah	3	3	6.90	2
Numbers	11	20	6.90	2
Numbers	12	5	6.90	2
Numbers	15	28	6.90	2
Numbers	19	6	6.90	2
Numbers	20	17	6.90	2
Numbers	21	1	6.90	2
Numbers	21	30	6.90	2
Numbers	26	38	6.90	2
Numbers	29	11	6.90	2
Numbers	29	8	6.90	2
Numbers	3	1	6.90	2
Numbers	31	15	6.90	2
Numbers	34	13	6.90	2
Numbers	4	28	6.90	2
Numbers	6	20	6.90	2
Numbers	8	11	6.90	2
Numbers	8	2	6.90	2
Numbers	9	12	6.90	2
Obadiah	1	19	6.90	2
Proverbs	12	28	6.90	2
Proverbs	13	25	6.90	2
Proverbs	14	13	6.90	2
Proverbs	16	29	6.90	2
Proverbs	26	21	6.90	2
Proverbs	26	6	6.90	2
Proverbs	27	17	6.90	2
Proverbs	27	24	6.90	2
Proverbs	29	10	6.90	2
Proverbs	31	27	6.90	2
Proverbs	4	17	6.90	2
Proverbs	5	19	6.90	2
Proverbs	9	2	6.90	2
Psalms	104	18	6.90	2
Psalms	115	18	6.90	2
Psalms	116	6	6.90	2
Psalms	119	102	6.90	2
Psalms	119	171	6.90	2
Psalms	119	175	6.90	2
Psalms	119	61	6.90	2
Psalms	136	11	6.90	2
Psalms	136	16	6.90	2
Psalms	136	19	6.90	2
Psalms	139	18	6.90	2
Psalms	140	10	6.90	2
Psalms	145	16	6.90	2
Psalms	21	2	6.90	2
Psalms	26	7	6.90	2
Psalms	4	7	6.90	2
Psalms	40	15	6.90	2
Psalms	49	19	6.90	2
Psalms	49	20	6.90	2
Psalms	6	3	6.90	2
Psalms	74	4	6.90	2
Psalms	75	2	6.90	2
Psalms	76	8	6.90	2
Psalms	78	69	6.90	2
Psalms	88	7	6.90	2
Revelation	17	9	6.90	2
Revelation	20	5	6.90	2
Revelation	21	21	6.90	2
Romans	1	15	6.90	2
Romans	10	13	6.90	2
Romans	13	2	6.90	2
Romans	13	5	6.90	2
Romans	15	23	6.90	2
Romans	4	23	6.90	2
Romans	6	5	6.90	2
Romans	7	15	6.90	2
Romans	8	21	6.90	2
Romans	9	13	6.90	2
Song of Solomon	1	13	6.90	2
Song of Solomon	1	14	6.90	2
Song of Solomon	8	1	6.90	2
Song of Solomon	8	4	6.90	2
Titus	1	12	6.90	2
Zechariah	12	7	6.90	2
Zechariah	14	11	6.90	2
Zechariah	6	2	6.90	2
Zechariah	6	8	6.90	2
Zechariah	8	10	6.90	2
1 Chronicles	11	1	6.73	2
1 Chronicles	16	2	6.73	2
1 Chronicles	2	15	6.73	2
1 Chronicles	2	23	6.73	2
1 Chronicles	21	3	6.73	2
1 Chronicles	24	4	6.73	2
1 Chronicles	26	10	6.73	2
1 Chronicles	26	29	6.73	2
1 Chronicles	27	33	6.73	2
1 Chronicles	9	1	6.73	2
1 Chronicles	9	10	6.73	2
1 Chronicles	9	11	6.73	2
1 Corinthians	13	3	6.73	2
1 Corinthians	14	2	6.73	2
1 Corinthians	15	41	6.73	2
1 Corinthians	15	43	6.73	2
1 Corinthians	6	3	6.73	2
1 Corinthians	7	20	6.73	2
1 Corinthians	7	23	6.73	2
1 Kings	1	11	6.73	2
1 Kings	10	14	6.73	2
1 Kings	10	18	6.73	2
1 Kings	11	9	6.73	2
1 Kings	14	12	6.73	2
1 Kings	14	5	6.73	2
1 Kings	15	22	6.73	2
1 Kings	15	23	6.73	2
1 Kings	16	19	6.73	2
1 Kings	17	3	6.73	2
1 Kings	18	41	6.73	2
1 Kings	2	37	6.73	2
1 Kings	20	27	6.73	2
1 Kings	20	38	6.73	2
1 Kings	3	16	6.73	2
1 Kings	3	8	6.73	2
1 Kings	6	2	6.73	2
1 Kings	7	45	6.73	2
1 Kings	9	16	6.73	2
1 Samuel	12	6	6.73	2
1 Samuel	13	10	6.73	2
1 Samuel	15	12	6.73	2
1 Samuel	18	27	6.73	2
1 Samuel	19	12	6.73	2
1 Samuel	20	16	6.73	2
1 Samuel	20	32	6.73	2
1 Samuel	21	2	6.73	2
1 Samuel	22	15	6.73	2
1 Samuel	27	6	6.73	2
1 Samuel	3	6	6.73	2
1 Samuel	30	25	6.73	2
1 Samuel	30	5	6.73	2
1 Samuel	4	15	6.73	2
1 Samuel	4	16	6.73	2
1 Samuel	4	2	6.73	2
1 Samuel	4	20	6.73	2
1 Samuel	6	12	6.73	2
1 Samuel	6	7	6.73	2
1 Samuel	9	15	6.73	2
2 Chronicles	11	21	6.73	2
2 Chronicles	11	6	6.73	2
2 Chronicles	12	16	6.73	2
2 Chronicles	15	13	6.73	2
2 Chronicles	18	15	6.73	2
2 Chronicles	2	18	6.73	2
2 Chronicles	23	4	6.73	2
2 Chronicles	25	27	6.73	2
2 Chronicles	26	14	6.73	2
2 Chronicles	27	3	6.73	2
2 Chronicles	29	7	6.73	2
2 Chronicles	30	4	6.73	2
2 Chronicles	34	19	6.73	2
2 Chronicles	34	29	6.73	2
2 Chronicles	36	3	6.73	2
2 Chronicles	36	4	6.73	2
2 Chronicles	8	7	6.73	2
2 Chronicles	9	4	6.73	2
2 Chronicles	9	9	6.73	2
2 Corinthians	1	16	6.73	2
2 Corinthians	9	14	6.73	2
2 Kings	1	12	6.73	2
2 Kings	10	1	6.73	2
2 Kings	10	11	6.73	2
2 Kings	11	18	6.73	2
2 Kings	11	19	6.73	2
2 Kings	11	5	6.73	2
2 Kings	14	3	6.73	2
2 Kings	15	4	6.73	2
2 Kings	18	12	6.73	2
2 Kings	19	14	6.73	2
2 Kings	20	13	6.73	2
2 Kings	3	18	6.73	2
2 Kings	3	2	6.73	2
2 Kings	6	10	6.73	2
2 Kings	7	4	6.73	2
2 Peter	1	18	6.73	2
2 Samuel	10	2	6.73	2
2 Samuel	11	14	6.73	2
2 Samuel	11	25	6.73	2
2 Samuel	11	6	6.73	2
2 Samuel	14	24	6.73	2
2 Samuel	17	16	6.73	2
2 Samuel	17	20	6.73	2
2 Samuel	19	43	6.73	2
2 Samuel	20	16	6.73	2
2 Samuel	23	18	6.73	2
2 Samuel	23	39	6.73	2
2 Samuel	5	20	6.73	2
2 Samuel	7	26	6.73	2
2 Thessalonians	3	18	6.73	2
2 Timothy	4	13	6.73	2
Acts	10	13	6.73	2
Acts	11	8	6.73	2
Acts	13	25	6.73	2
Acts	17	34	6.73	2
Acts	20	13	6.73	2
Acts	20	3	6.73	2
Acts	22	29	6.73	2
Acts	25	26	6.73	2
Acts	27	38	6.73	2
Acts	4	14	6.73	2
Acts	4	18	6.73	2
Acts	5	25	6.73	2
Acts	5	37	6.73	2
Acts	6	2	6.73	2
Acts	9	38	6.73	2
Amos	4	5	6.73	2
Daniel	1	21	6.73	2
Daniel	1	5	6.73	2
Daniel	11	19	6.73	2
Daniel	7	26	6.73	2
Daniel	8	5	6.73	2
Deuteronomy	16	6	6.73	2
Deuteronomy	16	8	6.73	2
Deuteronomy	2	21	6.73	2
Deuteronomy	21	14	6.73	2
Deuteronomy	22	19	6.73	2
Deuteronomy	27	23	6.73	2
Deuteronomy	27	3	6.73	2
Deuteronomy	28	60	6.73	2
Deuteronomy	3	26	6.73	2
Deuteronomy	5	17	6.73	2
Deuteronomy	9	27	6.73	2
Ecclesiastes	1	1	6.73	2
Ecclesiastes	11	8	6.73	2
Ecclesiastes	2	8	6.73	2
Ecclesiastes	3	18	6.73	2
Esther	2	17	6.73	2
Esther	6	11	6.73	2
Exodus	10	27	6.73	2
Exodus	12	40	6.73	2
Exodus	15	18	6.73	2
Exodus	17	11	6.73	2
Exodus	18	16	6.73	2
Exodus	25	6	6.73	2
Exodus	28	14	6.73	2
Exodus	28	38	6.73	2
Exodus	29	20	6.73	2
Exodus	29	40	6.73	2
Exodus	29	44	6.73	2
Exodus	31	2	6.73	2
Exodus	39	13	6.73	2
Exodus	40	4	6.73	2
Exodus	5	22	6.73	2
Exodus	7	16	6.73	2
Exodus	8	21	6.73	2
Exodus	9	26	6.73	2
Ezekiel	11	9	6.73	2
Ezekiel	13	13	6.73	2
Ezekiel	13	21	6.73	2
Ezekiel	14	23	6.73	2
Ezekiel	16	17	6.73	2
Ezekiel	17	21	6.73	2
Ezekiel	17	6	6.73	2
Ezekiel	22	8	6.73	2
Ezekiel	23	1	6.73	2
Ezekiel	25	9	6.73	2
Ezekiel	26	14	6.73	2
Ezekiel	3	19	6.73	2
Ezekiel	3	24	6.73	2
Ezekiel	30	6	6.73	2
Ezekiel	32	11	6.73	2
Ezekiel	32	29	6.73	2
Ezekiel	38	15	6.73	2
Ezekiel	39	20	6.73	2
Ezekiel	42	20	6.73	2
Ezekiel	43	9	6.73	2
Ezekiel	46	12	6.73	2
Ezekiel	9	2	6.73	2
Ezra	1	9	6.73	2
Ezra	5	1	6.73	2
Ezra	6	21	6.73	2
Genesis	10	18	6.73	2
Genesis	12	14	6.73	2
Genesis	14	17	6.73	2
Genesis	16	12	6.73	2
Genesis	18	24	6.73	2
Genesis	19	16	6.73	2
Genesis	19	8	6.73	2
Genesis	2	22	6.73	2
Genesis	24	56	6.73	2
Genesis	24	62	6.73	2
Genesis	25	24	6.73	2
Genesis	28	16	6.73	2
Genesis	29	4	6.73	2
Genesis	30	15	6.73	2
Genesis	30	5	6.73	2
Genesis	31	39	6.73	2
Genesis	32	25	6.73	2
Genesis	36	1	6.73	2
Genesis	37	32	6.73	2
Genesis	4	16	6.73	2
Genesis	43	19	6.73	2
Genesis	43	29	6.73	2
Genesis	43	9	6.73	2
Genesis	44	17	6.73	2
Genesis	45	27	6.73	2
Genesis	46	15	6.73	2
Genesis	46	26	6.73	2
Genesis	50	15	6.73	2
Genesis	8	4	6.73	2
Habakkuk	1	3	6.73	2
Habakkuk	3	4	6.73	2
Hebrews	2	5	6.73	2
Hosea	3	2	6.73	2
Isaiah	1	14	6.73	2
Isaiah	15	8	6.73	2
Isaiah	18	5	6.73	2
Isaiah	19	25	6.73	2
Isaiah	2	7	6.73	2
Isaiah	2	9	6.73	2
Isaiah	26	14	6.73	2
Isaiah	28	10	6.73	2
Isaiah	29	1	6.73	2
Isaiah	3	6	6.73	2
Isaiah	36	19	6.73	2
Isaiah	37	21	6.73	2
Isaiah	37	8	6.73	2
Isaiah	57	2	6.73	2
Jeremiah	25	28	6.73	2
Jeremiah	28	4	6.73	2
Jeremiah	31	2	6.73	2
Jeremiah	32	32	6.73	2
Jeremiah	39	18	6.73	2
Jeremiah	42	8	6.73	2
Jeremiah	45	3	6.73	2
Jeremiah	49	21	6.73	2
Jeremiah	49	9	6.73	2
Jeremiah	50	32	6.73	2
Jeremiah	51	41	6.73	2
Jeremiah	52	14	6.73	2
Jeremiah	7	15	6.73	2
Job	13	9	6.73	2
Job	15	23	6.73	2
Job	19	10	6.73	2
Job	20	22	6.73	2
Job	20	24	6.73	2
Job	21	19	6.73	2
Job	21	2	6.73	2
Job	21	23	6.73	2
Job	22	7	6.73	2
Job	23	6	6.73	2
Job	24	12	6.73	2
Job	26	2	6.73	2
Job	28	18	6.73	2
Job	29	18	6.73	2
Job	29	2	6.73	2
Job	3	23	6.73	2
Job	31	17	6.73	2
Job	32	15	6.73	2
Job	33	12	6.73	2
Job	34	23	6.73	2
Job	35	7	6.73	2
Job	38	15	6.73	2
Job	38	37	6.73	2
Job	4	21	6.73	2
Job	6	21	6.73	2
Job	6	25	6.73	2
John	12	9	6.73	2
John	14	11	6.73	2
John	16	15	6.73	2
John	2	22	6.73	2
John	3	4	6.73	2
John	5	31	6.73	2
John	5	38	6.73	2
John	5	9	6.73	2
John	6	10	6.73	2
John	6	19	6.73	2
John	6	4	6.73	2
John	7	10	6.73	2
John	9	27	6.73	2
Joshua	1	18	6.73	2
Joshua	1	3	6.73	2
Joshua	10	37	6.73	2
Joshua	10	39	6.73	2
Joshua	10	5	6.73	2
Joshua	11	12	6.73	2
Joshua	11	17	6.73	2
Joshua	13	12	6.73	2
Joshua	15	28	6.73	2
Joshua	15	45	6.73	2
Joshua	15	47	6.73	2
Joshua	19	22	6.73	2
Joshua	21	3	6.73	2
Joshua	22	1	6.73	2
Joshua	24	30	6.73	2
Judges	10	9	6.73	2
Judges	11	39	6.73	2
Judges	13	18	6.73	2
Judges	13	8	6.73	2
Judges	17	3	6.73	2
Judges	17	4	6.73	2
Judges	21	4	6.73	2
Judges	5	22	6.73	2
Judges	5	3	6.73	2
Judges	6	26	6.73	2
Judges	9	19	6.73	2
Lamentations	3	3	6.73	2
Lamentations	3	50	6.73	2
Lamentations	5	9	6.73	2
Leviticus	11	28	6.73	2
Leviticus	15	12	6.73	2
Leviticus	15	32	6.73	2
Leviticus	16	31	6.73	2
Leviticus	18	16	6.73	2
Leviticus	19	33	6.73	2
Leviticus	2	14	6.73	2
Leviticus	20	15	6.73	2
Leviticus	5	12	6.73	2
Leviticus	5	8	6.73	2
Leviticus	6	15	6.73	2
Leviticus	6	18	6.73	2
Leviticus	7	3	6.73	2
Leviticus	7	31	6.73	2
Leviticus	7	37	6.73	2
Leviticus	8	25	6.73	2
Luke	10	3	6.73	2
Luke	11	34	6.73	2
Luke	13	26	6.73	2
Luke	2	20	6.73	2
Luke	2	31	6.73	2
Luke	2	41	6.73	2
Luke	20	25	6.73	2
Luke	21	32	6.73	2
Luke	22	4	6.73	2
Luke	23	21	6.73	2
Luke	24	17	6.73	2
Luke	24	22	6.73	2
Luke	24	34	6.73	2
Luke	4	31	6.73	2
Luke	5	26	6.73	2
Luke	6	1	6.73	2
Luke	6	23	6.73	2
Luke	7	23	6.73	2
Luke	8	32	6.73	2
Luke	9	39	6.73	2
Luke	9	53	6.73	2
Mark	1	22	6.73	2
Mark	11	20	6.73	2
Mark	14	26	6.73	2
Mark	14	6	6.73	2
Mark	15	37	6.73	2
Mark	4	8	6.73	2
Mark	5	15	6.73	2
Mark	5	40	6.73	2
Mark	6	16	6.73	2
Mark	7	13	6.73	2
Mark	7	6	6.73	2
Matthew	14	16	6.73	2
Matthew	14	7	6.73	2
Matthew	15	34	6.73	2
Matthew	18	30	6.73	2
Matthew	20	30	6.73	2
Matthew	22	4	6.73	2
Matthew	25	8	6.73	2
Matthew	26	51	6.73	2
Matthew	28	11	6.73	2
Matthew	3	14	6.73	2
Matthew	5	35	6.73	2
Matthew	8	23	6.73	2
Matthew	9	32	6.73	2
Nehemiah	10	14	6.73	2
Nehemiah	11	4	6.73	2
Nehemiah	12	28	6.73	2
Nehemiah	12	31	6.73	2
Nehemiah	13	8	6.73	2
Nehemiah	3	16	6.73	2
Nehemiah	3	29	6.73	2
Nehemiah	4	10	6.73	2
Nehemiah	7	40	6.73	2
Numbers	1	47	6.73	2
Numbers	1	9	6.73	2
Numbers	10	18	6.73	2
Numbers	10	2	6.73	2
Numbers	13	2	6.73	2
Numbers	18	16	6.73	2
Numbers	19	12	6.73	2
Numbers	19	9	6.73	2
Numbers	2	9	6.73	2
Numbers	21	25	6.73	2
Numbers	22	28	6.73	2
Numbers	25	18	6.73	2
Numbers	25	8	6.73	2
Numbers	26	1	6.73	2
Numbers	26	51	6.73	2
Numbers	28	10	6.73	2
Numbers	29	6	6.73	2
Numbers	3	3	6.73	2
Numbers	3	4	6.73	2
Numbers	31	14	6.73	2
Numbers	35	15	6.73	2
Numbers	35	6	6.73	2
Numbers	36	13	6.73	2
Numbers	5	27	6.73	2
Numbers	7	84	6.73	2
Philippians	2	27	6.73	2
Philippians	4	15	6.73	2
Philemon	1	17	6.73	2
Philemon	1	25	6.73	2
Proverbs	10	3	6.73	2
Proverbs	12	5	6.73	2
Proverbs	14	2	6.73	2
Proverbs	16	15	6.73	2
Proverbs	17	19	6.73	2
Proverbs	18	2	6.73	2
Proverbs	19	10	6.73	2
Proverbs	21	12	6.73	2
Proverbs	23	20	6.73	2
Proverbs	23	9	6.73	2
Proverbs	26	27	6.73	2
Proverbs	29	21	6.73	2
Proverbs	30	22	6.73	2
Proverbs	7	16	6.73	2
Proverbs	9	14	6.73	2
Proverbs	9	5	6.73	2
Psalms	102	5	6.73	2
Psalms	104	26	6.73	2
Psalms	105	30	6.73	2
Psalms	105	38	6.73	2
Psalms	107	32	6.73	2
Psalms	108	9	6.73	2
Psalms	109	23	6.73	2
Psalms	118	11	6.73	2
Psalms	118	23	6.73	2
Psalms	119	31	6.73	2
Psalms	121	4	6.73	2
Psalms	139	15	6.73	2
Psalms	147	15	6.73	2
Psalms	149	8	6.73	2
Psalms	28	5	6.73	2
Psalms	29	5	6.73	2
Psalms	34	20	6.73	2
Psalms	37	33	6.73	2
Psalms	41	8	6.73	2
Psalms	44	10	6.73	2
Psalms	52	3	6.73	2
Psalms	55	5	6.73	2
Psalms	59	4	6.73	2
Psalms	60	4	6.73	2
Psalms	7	10	6.73	2
Psalms	72	5	6.73	2
Psalms	74	8	6.73	2
Psalms	78	39	6.73	2
Psalms	78	46	6.73	2
Psalms	83	11	6.73	2
Psalms	83	5	6.73	2
Psalms	84	5	6.73	2
Psalms	99	8	6.73	2
Revelation	12	13	6.73	2
Romans	13	10	6.73	2
Romans	9	29	6.73	2
Ruth	1	9	6.73	2
Song of Solomon	2	6	6.73	2
Song of Solomon	4	15	6.73	2
Song of Solomon	4	3	6.73	2
Song of Solomon	5	14	6.73	2
Song of Solomon	7	3	6.73	2
Zechariah	12	4	6.73	2
Zechariah	5	11	6.73	2
1 Chronicles	16	38	6.56	2
1 Chronicles	17	10	6.56	2
1 Chronicles	17	23	6.56	2
1 Chronicles	20	1	6.56	2
1 Chronicles	21	9	6.56	2
1 Chronicles	29	27	6.56	2
1 Chronicles	4	18	6.56	2
1 Corinthians	11	21	6.56	2
1 Corinthians	4	20	6.56	2
1 Kings	1	24	6.56	2
1 Kings	11	14	6.56	2
1 Kings	11	28	6.56	2
1 Kings	14	11	6.56	2
1 Kings	15	2	6.56	2
1 Kings	15	28	6.56	2
1 Kings	15	33	6.56	2
1 Kings	16	26	6.56	2
1 Kings	16	4	6.56	2
1 Kings	20	36	6.56	2
1 Kings	20	4	6.56	2
1 Kings	22	18	6.56	2
1 Kings	22	30	6.56	2
1 Kings	22	4	6.56	2
1 Kings	22	7	6.56	2
1 Kings	6	9	6.56	2
1 Samuel	18	29	6.56	2
1 Samuel	26	17	6.56	2
1 Samuel	3	15	6.56	2
1 Timothy	5	11	6.56	2
2 Chronicles	14	7	6.56	2
2 Chronicles	15	16	6.56	2
2 Chronicles	17	7	6.56	2
2 Chronicles	19	10	6.56	2
2 Chronicles	2	13	6.56	2
2 Chronicles	2	16	6.56	2
2 Chronicles	24	24	6.56	2
2 Chronicles	33	16	6.56	2
2 Chronicles	34	15	6.56	2
2 Chronicles	7	9	6.56	2
2 Chronicles	9	20	6.56	2
2 Corinthians	13	8	6.56	2
2 Kings	10	20	6.56	2
2 Kings	12	4	6.56	2
2 Kings	13	10	6.56	2
2 Kings	14	12	6.56	2
2 Kings	17	29	6.56	2
2 Kings	18	25	6.56	2
2 Kings	4	30	6.56	2
2 Kings	9	15	6.56	2
2 Samuel	15	16	6.56	2
2 Samuel	15	37	6.56	2
2 Samuel	17	29	6.56	2
2 Samuel	18	28	6.56	2
2 Samuel	2	5	6.56	2
2 Samuel	8	12	6.56	2
Acts	10	29	6.56	2
Acts	22	7	6.56	2
Acts	25	2	6.56	2
Acts	28	18	6.56	2
Acts	7	40	6.56	2
Acts	9	42	6.56	2
Acts	9	43	6.56	2
Amos	2	11	6.56	2
Amos	7	15	6.56	2
Daniel	2	32	6.56	2
Daniel	3	8	6.56	2
Daniel	8	22	6.56	2
Deuteronomy	1	25	6.56	2
Deuteronomy	2	37	6.56	2
Deuteronomy	24	10	6.56	2
Deuteronomy	31	24	6.56	2
Deuteronomy	33	24	6.56	2
Deuteronomy	5	21	6.56	2
Deuteronomy	8	13	6.56	2
Ecclesiastes	11	7	6.56	2
Ephesians	6	16	6.56	2
Esther	1	22	6.56	2
Esther	1	6	6.56	2
Esther	2	19	6.56	2
Esther	4	3	6.56	2
Esther	6	6	6.56	2
Esther	8	16	6.56	2
Esther	9	2	6.56	2
Esther	9	4	6.56	2
Exodus	1	8	6.56	2
Exodus	10	2	6.56	2
Exodus	12	21	6.56	2
Exodus	12	24	6.56	2
Exodus	12	7	6.56	2
Exodus	17	5	6.56	2
Exodus	18	13	6.56	2
Exodus	19	22	6.56	2
Exodus	2	3	6.56	2
Exodus	29	6	6.56	2
Exodus	33	4	6.56	2
Exodus	35	18	6.56	2
Exodus	35	35	6.56	2
Exodus	36	2	6.56	2
Exodus	37	16	6.56	2
Exodus	4	8	6.56	2
Exodus	9	12	6.56	2
Ezekiel	1	12	6.56	2
Ezekiel	1	6	6.56	2
Ezekiel	18	11	6.56	2
Ezekiel	2	1	6.56	2
Ezekiel	23	18	6.56	2
Ezekiel	23	26	6.56	2
Ezekiel	33	13	6.56	2
Ezekiel	33	9	6.56	2
Ezekiel	35	6	6.56	2
Ezekiel	38	13	6.56	2
Ezekiel	42	15	6.56	2
Ezekiel	44	17	6.56	2
Ezekiel	44	20	6.56	2
Ezra	3	5	6.56	2
Galatians	1	23	6.56	2
Galatians	3	6	6.56	2
Genesis	10	14	6.56	2
Genesis	10	20	6.56	2
Genesis	11	1	6.56	2
Genesis	14	10	6.56	2
Genesis	19	25	6.56	2
Genesis	21	25	6.56	2
Genesis	25	5	6.56	2
Genesis	26	11	6.56	2
Genesis	30	43	6.56	2
Genesis	34	10	6.56	2
Genesis	41	12	6.56	2
Genesis	41	26	6.56	2
Genesis	41	9	6.56	2
Genesis	42	35	6.56	2
Genesis	43	7	6.56	2
Genesis	46	24	6.56	2
Genesis	49	21	6.56	2
Genesis	8	10	6.56	2
Habakkuk	2	10	6.56	2
Haggai	1	13	6.56	2
Hebrews	12	27	6.56	2
Hebrews	3	19	6.56	2
Hebrews	7	8	6.56	2
Hosea	4	4	6.56	2
Isaiah	3	19	6.56	2
Isaiah	37	6	6.56	2
Isaiah	38	20	6.56	2
Isaiah	38	6	6.56	2
Isaiah	52	4	6.56	2
Isaiah	7	16	6.56	2
Isaiah	7	22	6.56	2
Jeremiah	10	18	6.56	2
Jeremiah	11	6	6.56	2
Jeremiah	12	8	6.56	2
Jeremiah	18	9	6.56	2
Jeremiah	24	2	6.56	2
Jeremiah	26	22	6.56	2
Jeremiah	27	19	6.56	2
Jeremiah	32	22	6.56	2
Jeremiah	34	5	6.56	2
Jeremiah	36	5	6.56	2
Jeremiah	36	9	6.56	2
Jeremiah	43	4	6.56	2
Jeremiah	50	26	6.56	2
Jeremiah	51	16	6.56	2
Jeremiah	51	18	6.56	2
Jeremiah	51	2	6.56	2
Jeremiah	51	49	6.56	2
Jeremiah	52	11	6.56	2
Jeremiah	52	21	6.56	2
Jeremiah	52	26	6.56	2
Jeremiah	7	19	6.56	2
Job	1	22	6.56	2
Job	10	20	6.56	2
Job	13	18	6.56	2
Job	15	7	6.56	2
Job	16	22	6.56	2
Job	17	7	6.56	2
Job	18	21	6.56	2
Job	19	22	6.56	2
Job	20	25	6.56	2
Job	21	26	6.56	2
Job	24	20	6.56	2
Job	28	20	6.56	2
Job	30	21	6.56	2
Job	30	25	6.56	2
Job	31	32	6.56	2
Job	32	9	6.56	2
Job	33	11	6.56	2
Job	34	15	6.56	2
Job	34	24	6.56	2
Job	37	9	6.56	2
Job	38	17	6.56	2
Job	38	31	6.56	2
Job	9	21	6.56	2
Job	9	33	6.56	2
Joel	1	2	6.56	2
Joel	1	6	6.56	2
John	11	15	6.56	2
John	14	24	6.56	2
John	19	37	6.56	2
John	6	17	6.56	2
John	6	25	6.56	2
John	9	14	6.56	2
Joshua	10	33	6.56	2
Joshua	13	7	6.56	2
Joshua	15	4	6.56	2
Joshua	19	30	6.56	2
Joshua	21	34	6.56	2
Joshua	24	21	6.56	2
Joshua	24	7	6.56	2
Joshua	4	2	6.56	2
Joshua	5	11	6.56	2
Joshua	6	13	6.56	2
Joshua	6	27	6.56	2
Joshua	7	20	6.56	2
Judges	12	5	6.56	2
Judges	4	13	6.56	2
Judges	5	21	6.56	2
Judges	6	25	6.56	2
Judges	6	37	6.56	2
Judges	8	21	6.56	2
Judges	8	35	6.56	2
Judges	8	8	6.56	2
Lamentations	2	22	6.56	2
Lamentations	3	10	6.56	2
Lamentations	3	43	6.56	2
Lamentations	3	66	6.56	2
Lamentations	5	3	6.56	2
Leviticus	11	32	6.56	2
Leviticus	14	12	6.56	2
Leviticus	18	20	6.56	2
Leviticus	21	15	6.56	2
Leviticus	23	14	6.56	2
Leviticus	4	15	6.56	2
Leviticus	8	17	6.56	2
Leviticus	8	22	6.56	2
Luke	11	46	6.56	2
Luke	15	15	6.56	2
Luke	2	12	6.56	2
Luke	20	27	6.56	2
Luke	22	14	6.56	2
Luke	24	11	6.56	2
Luke	4	10	6.56	2
Luke	4	26	6.56	2
Luke	4	5	6.56	2
Luke	5	13	6.56	2
Luke	6	49	6.56	2
Luke	8	53	6.56	2
Luke	9	57	6.56	2
Mark	1	23	6.56	2
Mark	12	18	6.56	2
Mark	13	10	6.56	2
Mark	14	68	6.56	2
Mark	15	46	6.56	2
Mark	4	18	6.56	2
Mark	6	13	6.56	2
Matthew	10	31	6.56	2
Matthew	11	4	6.56	2
Matthew	13	37	6.56	2
Matthew	15	26	6.56	2
Matthew	2	15	6.56	2
Matthew	23	9	6.56	2
Matthew	25	20	6.56	2
Matthew	25	29	6.56	2
Matthew	5	38	6.56	2
Matthew	6	27	6.56	2
Micah	6	11	6.56	2
Nehemiah	1	2	6.56	2
Nehemiah	2	20	6.56	2
Nehemiah	3	6	6.56	2
Nehemiah	3	9	6.56	2
Nehemiah	6	6	6.56	2
Nehemiah	7	6	6.56	2
Nehemiah	8	12	6.56	2
Numbers	16	14	6.56	2
Numbers	17	4	6.56	2
Numbers	21	34	6.56	2
Numbers	24	6	6.56	2
Numbers	25	5	6.56	2
Numbers	26	14	6.56	2
Numbers	28	15	6.56	2
Numbers	28	18	6.56	2
Numbers	29	13	6.56	2
Numbers	36	1	6.56	2
Numbers	6	25	6.56	2
Proverbs	11	12	6.56	2
Proverbs	12	21	6.56	2
Proverbs	2	21	6.56	2
Proverbs	21	11	6.56	2
Proverbs	21	22	6.56	2
Proverbs	24	32	6.56	2
Proverbs	26	18	6.56	2
Proverbs	28	11	6.56	2
Proverbs	29	20	6.56	2
Proverbs	29	24	6.56	2
Proverbs	5	5	6.56	2
Proverbs	7	2	6.56	2
Proverbs	8	4	6.56	2
Psalms	106	42	6.56	2
Psalms	119	112	6.56	2
Psalms	119	141	6.56	2
Psalms	119	76	6.56	2
Psalms	119	82	6.56	2
Psalms	120	6	6.56	2
Psalms	135	13	6.56	2
Psalms	136	6	6.56	2
Psalms	139	3	6.56	2
Psalms	140	6	6.56	2
Psalms	147	18	6.56	2
Psalms	148	12	6.56	2
Psalms	18	9	6.56	2
Psalms	35	14	6.56	2
Psalms	41	3	6.56	2
Psalms	59	15	6.56	2
Psalms	65	11	6.56	2
Psalms	66	17	6.56	2
Psalms	69	6	6.56	2
Psalms	76	9	6.56	2
Psalms	78	6	6.56	2
Psalms	78	66	6.56	2
Psalms	80	18	6.56	2
Psalms	88	17	6.56	2
Revelation	9	9	6.56	2
Ruth	1	22	6.56	2
Ruth	4	14	6.56	2
Song of Solomon	8	7	6.56	2
Titus	3	13	6.56	2
Zechariah	12	9	6.56	2
1 Chronicles	1	29	6.39	2
1 Chronicles	12	19	6.39	2
1 Chronicles	15	29	6.39	2
1 Chronicles	16	28	6.39	2
1 Chronicles	2	9	6.39	2
1 Chronicles	22	2	6.39	2
1 Chronicles	23	19	6.39	2
1 Chronicles	23	26	6.39	2
1 Chronicles	26	14	6.39	2
1 Chronicles	28	3	6.39	2
1 Chronicles	4	24	6.39	2
1 Chronicles	6	66	6.39	2
1 Chronicles	6	71	6.39	2
1 Chronicles	8	12	6.39	2
1 Chronicles	9	19	6.39	2
1 Corinthians	1	25	6.39	2
1 Corinthians	11	5	6.39	2
1 Corinthians	12	30	6.39	2
1 Corinthians	13	10	6.39	2
1 Corinthians	13	9	6.39	2
1 Corinthians	14	18	6.39	2
1 Corinthians	15	17	6.39	2
1 Corinthians	16	18	6.39	2
1 Corinthians	3	4	6.39	2
1 Kings	1	23	6.39	2
1 Kings	1	40	6.39	2
1 Kings	12	6	6.39	2
1 Kings	17	10	6.39	2
1 Kings	20	32	6.39	2
1 Kings	6	15	6.39	2
1 Kings	6	31	6.39	2
1 Kings	6	38	6.39	2
1 Kings	7	20	6.39	2
1 Kings	7	40	6.39	2
1 Kings	7	8	6.39	2
1 Kings	9	25	6.39	2
1 Peter	1	9	6.39	2
1 Samuel	10	25	6.39	2
1 Samuel	17	33	6.39	2
1 Samuel	2	4	6.39	2
1 Samuel	21	6	6.39	2
1 Samuel	23	12	6.39	2
1 Samuel	28	1	6.39	2
1 Samuel	28	21	6.39	2
1 Samuel	30	12	6.39	2
1 Samuel	30	24	6.39	2
1 Thessalonians	4	4	6.39	2
2 Chronicles	1	15	6.39	2
2 Chronicles	11	20	6.39	2
2 Chronicles	13	16	6.39	2
2 Chronicles	14	12	6.39	2
2 Chronicles	22	8	6.39	2
2 Chronicles	23	8	6.39	2
2 Chronicles	25	17	6.39	2
2 Chronicles	29	2	6.39	2
2 Chronicles	30	16	6.39	2
2 Chronicles	32	9	6.39	2
2 Chronicles	34	6	6.39	2
2 Chronicles	35	6	6.39	2
2 Chronicles	4	6	6.39	2
2 Chronicles	8	5	6.39	2
2 Corinthians	13	12	6.39	2
2 Corinthians	9	4	6.39	2
2 Kings	1	4	6.39	2
2 Kings	13	5	6.39	2
2 Kings	14	23	6.39	2
2 Kings	15	37	6.39	2
2 Kings	17	27	6.39	2
2 Kings	17	35	6.39	2
2 Kings	17	8	6.39	2
2 Kings	19	31	6.39	2
2 Kings	19	6	6.39	2
2 Kings	21	1	6.39	2
2 Kings	23	35	6.39	2
2 Kings	24	8	6.39	2
2 Kings	5	17	6.39	2
2 Kings	7	17	6.39	2
2 Kings	9	5	6.39	2
2 Samuel	1	25	6.39	2
2 Samuel	18	12	6.39	2
2 Samuel	18	31	6.39	2
2 Samuel	19	21	6.39	2
2 Samuel	19	37	6.39	2
2 Samuel	2	9	6.39	2
2 Samuel	20	26	6.39	2
2 Samuel	6	1	6.39	2
Acts	16	33	6.39	2
Acts	16	36	6.39	2
Acts	19	5	6.39	2
Acts	2	26	6.39	2
Acts	2	3	6.39	2
Acts	2	43	6.39	2
Acts	21	37	6.39	2
Acts	26	27	6.39	2
Acts	26	30	6.39	2
Acts	27	29	6.39	2
Colossians	3	7	6.39	2
Colossians	4	14	6.39	2
Daniel	1	6	6.39	2
Daniel	11	18	6.39	2
Daniel	11	28	6.39	2
Daniel	12	5	6.39	2
Deuteronomy	1	40	6.39	2
Deuteronomy	1	6	6.39	2
Deuteronomy	11	30	6.39	2
Deuteronomy	13	8	6.39	2
Deuteronomy	22	5	6.39	2
Deuteronomy	24	18	6.39	2
Deuteronomy	25	9	6.39	2
Deuteronomy	26	16	6.39	2
Deuteronomy	28	57	6.39	2
Deuteronomy	3	10	6.39	2
Deuteronomy	3	5	6.39	2
Deuteronomy	5	11	6.39	2
Deuteronomy	5	3	6.39	2
Ecclesiastes	2	13	6.39	2
Ecclesiastes	7	23	6.39	2
Ecclesiastes	8	14	6.39	2
Ecclesiastes	8	7	6.39	2
Ephesians	6	3	6.39	2
Esther	2	18	6.39	2
Esther	9	20	6.39	2
Esther	9	21	6.39	2
Exodus	1	12	6.39	2
Exodus	2	2	6.39	2
Exodus	2	25	6.39	2
Exodus	22	8	6.39	2
Exodus	23	26	6.39	2
Exodus	25	4	6.39	2
Exodus	26	14	6.39	2
Exodus	26	37	6.39	2
Exodus	3	3	6.39	2
Exodus	36	37	6.39	2
Exodus	39	27	6.39	2
Exodus	7	21	6.39	2
Exodus	8	32	6.39	2
Exodus	9	34	6.39	2
Ezekiel	1	16	6.39	2
Ezekiel	1	17	6.39	2
Ezekiel	1	7	6.39	2
Ezekiel	16	26	6.39	2
Ezekiel	16	62	6.39	2
Ezekiel	17	17	6.39	2
Ezekiel	19	6	6.39	2
Ezekiel	2	2	6.39	2
Ezekiel	20	19	6.39	2
Ezekiel	21	19	6.39	2
Ezekiel	23	16	6.39	2
Ezekiel	23	32	6.39	2
Ezekiel	24	9	6.39	2
Ezekiel	27	23	6.39	2
Ezekiel	30	2	6.39	2
Ezekiel	33	15	6.39	2
Ezekiel	33	19	6.39	2
Ezekiel	34	21	6.39	2
Ezekiel	36	30	6.39	2
Ezekiel	39	8	6.39	2
Ezekiel	40	28	6.39	2
Ezekiel	40	33	6.39	2
Ezekiel	40	45	6.39	2
Ezekiel	41	13	6.39	2
Ezekiel	44	24	6.39	2
Ezekiel	6	6	6.39	2
Ezekiel	7	7	6.39	2
Ezekiel	8	7	6.39	2
Ezra	1	11	6.39	2
Ezra	7	26	6.39	2
Ezra	8	23	6.39	2
Galatians	1	18	6.39	2
Galatians	1	5	6.39	2
Galatians	4	10	6.39	2
Galatians	6	18	6.39	2
Genesis	11	10	6.39	2
Genesis	12	17	6.39	2
Genesis	14	8	6.39	2
Genesis	17	18	6.39	2
Genesis	18	9	6.39	2
Genesis	19	12	6.39	2
Genesis	30	4	6.39	2
Genesis	37	23	6.39	2
Genesis	38	18	6.39	2
Genesis	38	5	6.39	2
Genesis	40	12	6.39	2
Genesis	40	23	6.39	2
Genesis	41	11	6.39	2
Genesis	41	52	6.39	2
Genesis	42	34	6.39	2
Genesis	43	5	6.39	2
Genesis	45	2	6.39	2
Genesis	47	25	6.39	2
Genesis	49	31	6.39	2
Genesis	7	2	6.39	2
Habakkuk	1	1	6.39	2
Habakkuk	1	10	6.39	2
Hebrews	11	18	6.39	2
Hebrews	11	22	6.39	2
Hosea	10	11	6.39	2
Hosea	10	7	6.39	2
Isaiah	26	6	6.39	2
Isaiah	37	25	6.39	2
Isaiah	37	32	6.39	2
Isaiah	44	4	6.39	2
Isaiah	64	12	6.39	2
Isaiah	8	11	6.39	2
Jeremiah	27	16	6.39	2
Jeremiah	29	1	6.39	2
Jeremiah	31	5	6.39	2
Jeremiah	33	2	6.39	2
Jeremiah	35	13	6.39	2
Jeremiah	35	19	6.39	2
Jeremiah	42	4	6.39	2
Jeremiah	44	10	6.39	2
Jeremiah	52	15	6.39	2
Job	14	17	6.39	2
Job	17	3	6.39	2
Job	21	32	6.39	2
Job	24	4	6.39	2
Job	25	3	6.39	2
Job	29	23	6.39	2
Job	36	12	6.39	2
Job	37	16	6.39	2
Job	4	1	6.39	2
Job	42	9	6.39	2
Job	9	29	6.39	2
Joel	1	7	6.39	2
Joel	2	7	6.39	2
John	11	36	6.39	2
John	18	10	6.39	2
John	18	26	6.39	2
John	18	39	6.39	2
John	21	9	6.39	2
John	3	1	6.39	2
John	4	40	6.39	2
John	6	49	6.39	2
John	7	44	6.39	2
Jonah	3	3	6.39	2
Joshua	1	13	6.39	2
Joshua	10	13	6.39	2
Joshua	10	38	6.39	2
Joshua	12	22	6.39	2
Joshua	15	15	6.39	2
Joshua	15	51	6.39	2
Joshua	15	62	6.39	2
Joshua	18	14	6.39	2
Joshua	19	17	6.39	2
Joshua	19	4	6.39	2
Joshua	2	7	6.39	2
Joshua	24	22	6.39	2
Joshua	4	23	6.39	2
Joshua	8	14	6.39	2
Judges	11	20	6.39	2
Judges	11	27	6.39	2
Judges	13	7	6.39	2
Judges	20	15	6.39	2
Judges	21	2	6.39	2
Judges	4	7	6.39	2
Lamentations	1	22	6.39	2
Lamentations	3	41	6.39	2
Lamentations	3	5	6.39	2
Lamentations	5	15	6.39	2
Leviticus	15	2	6.39	2
Leviticus	17	13	6.39	2
Leviticus	20	19	6.39	2
Leviticus	22	27	6.39	2
Leviticus	23	8	6.39	2
Leviticus	24	19	6.39	2
Leviticus	25	38	6.39	2
Leviticus	5	10	6.39	2
Leviticus	5	9	6.39	2
Luke	1	65	6.39	2
Luke	11	22	6.39	2
Luke	11	7	6.39	2
Luke	12	6	6.39	2
Luke	13	9	6.39	2
Luke	17	32	6.39	2
Luke	18	16	6.39	2
Luke	18	17	6.39	2
Luke	2	48	6.39	2
Luke	22	18	6.39	2
Luke	22	51	6.39	2
Luke	22	70	6.39	2
Luke	23	53	6.39	2
Luke	24	12	6.39	2
Luke	24	2	6.39	2
Luke	6	6	6.39	2
Luke	9	11	6.39	2
Luke	9	21	6.39	2
Malachi	1	5	6.39	2
Mark	1	19	6.39	2
Mark	1	26	6.39	2
Mark	1	5	6.39	2
Mark	1	8	6.39	2
Mark	13	1	6.39	2
Mark	14	18	6.39	2
Mark	15	23	6.39	2
Mark	16	10	6.39	2
Mark	2	16	6.39	2
Mark	3	9	6.39	2
Mark	5	30	6.39	2
Mark	6	38	6.39	2
Mark	8	28	6.39	2
Mark	9	10	6.39	2
Mark	9	35	6.39	2
Matthew	18	24	6.39	2
Matthew	18	34	6.39	2
Matthew	19	20	6.39	2
Matthew	20	13	6.39	2
Matthew	23	3	6.39	2
Matthew	24	47	6.39	2
Matthew	26	50	6.39	2
Matthew	27	14	6.39	2
Matthew	8	18	6.39	2
Nehemiah	12	22	6.39	2
Nehemiah	12	37	6.39	2
Nehemiah	12	46	6.39	2
Nehemiah	3	19	6.39	2
Nehemiah	3	23	6.39	2
Nehemiah	7	8	6.39	2
Numbers	1	12	6.39	2
Numbers	1	13	6.39	2
Numbers	1	14	6.39	2
Numbers	1	15	6.39	2
Numbers	11	14	6.39	2
Numbers	16	16	6.39	2
Numbers	16	18	6.39	2
Numbers	16	7	6.39	2
Numbers	17	2	6.39	2
Numbers	19	17	6.39	2
Numbers	2	32	6.39	2
Numbers	20	6	6.39	2
Numbers	21	15	6.39	2
Numbers	28	27	6.39	2
Numbers	4	14	6.39	2
Numbers	8	15	6.39	2
Numbers	9	17	6.39	2
Numbers	9	19	6.39	2
Philippians	1	2	6.39	2
Proverbs	12	27	6.39	2
Proverbs	12	3	6.39	2
Proverbs	14	4	6.39	2
Proverbs	15	6	6.39	2
Proverbs	20	17	6.39	2
Proverbs	21	5	6.39	2
Proverbs	21	8	6.39	2
Proverbs	23	12	6.39	2
Proverbs	24	19	6.39	2
Proverbs	25	16	6.39	2
Proverbs	27	8	6.39	2
Proverbs	4	8	6.39	2
Psalms	102	23	6.39	2
Psalms	104	11	6.39	2
Psalms	104	25	6.39	2
Psalms	104	31	6.39	2
Psalms	108	12	6.39	2
Psalms	114	6	6.39	2
Psalms	119	156	6.39	2
Psalms	119	23	6.39	2
Psalms	141	10	6.39	2
Psalms	144	8	6.39	2
Psalms	147	4	6.39	2
Psalms	17	9	6.39	2
Psalms	26	3	6.39	2
Psalms	34	21	6.39	2
Psalms	52	4	6.39	2
Psalms	52	9	6.39	2
Psalms	56	10	6.39	2
Psalms	6	9	6.39	2
Psalms	68	22	6.39	2
Psalms	79	3	6.39	2
Psalms	80	9	6.39	2
Psalms	81	14	6.39	2
Psalms	94	11	6.39	2
Revelation	6	3	6.39	2
Ruth	4	5	6.39	2
Song of Solomon	8	12	6.39	2
Zechariah	12	12	6.39	2
Zechariah	14	6	6.39	2
Zephaniah	1	1	6.39	2
1 Chronicles	11	20	6.21	2
1 Chronicles	11	28	6.21	2
1 Chronicles	13	7	6.21	2
1 Chronicles	17	16	6.21	2
1 Chronicles	17	9	6.21	2
1 Chronicles	21	18	6.21	2
1 Chronicles	23	27	6.21	2
1 Chronicles	28	17	6.21	2
1 Chronicles	29	7	6.21	2
1 Chronicles	3	19	6.21	2
1 Chronicles	4	39	6.21	2
1 Chronicles	6	50	6.21	2
1 Chronicles	8	34	6.21	2
1 Chronicles	9	22	6.21	2
1 Corinthians	11	8	6.21	2
1 Corinthians	14	29	6.21	2
1 Corinthians	3	20	6.21	2
1 Corinthians	8	12	6.21	2
1 Kings	1	19	6.21	2
1 Kings	1	6	6.21	2
1 Kings	15	16	6.21	2
1 Kings	16	27	6.21	2
1 Kings	16	5	6.21	2
1 Kings	21	24	6.21	2
1 Kings	22	10	6.21	2
1 Kings	22	2	6.21	2
1 Kings	22	46	6.21	2
1 Kings	7	36	6.21	2
1 Kings	8	57	6.21	2
1 Samuel	1	16	6.21	2
1 Samuel	1	9	6.21	2
1 Samuel	13	15	6.21	2
1 Samuel	15	15	6.21	2
1 Samuel	16	9	6.21	2
1 Samuel	17	32	6.21	2
1 Samuel	26	11	6.21	2
1 Samuel	26	2	6.21	2
1 Samuel	29	9	6.21	2
1 Samuel	3	3	6.21	2
1 Samuel	5	8	6.21	2
1 Samuel	7	13	6.21	2
1 Samuel	8	15	6.21	2
1 Samuel	8	9	6.21	2
1 Samuel	9	11	6.21	2
1 Timothy	5	24	6.21	2
1 Timothy	5	7	6.21	2
2 Chronicles	11	23	6.21	2
2 Chronicles	12	3	6.21	2
2 Chronicles	17	1	6.21	2
2 Chronicles	17	9	6.21	2
2 Chronicles	18	25	6.21	2
2 Chronicles	25	20	6.21	2
2 Chronicles	26	20	6.21	2
2 Chronicles	30	7	6.21	2
2 Chronicles	33	25	6.21	2
2 Chronicles	34	18	6.21	2
2 Chronicles	6	1	6.21	2
2 Chronicles	7	4	6.21	2
2 Chronicles	8	1	6.21	2
2 Chronicles	9	31	6.21	2
2 Corinthians	4	9	6.21	2
2 Kings	10	27	6.21	2
2 Kings	11	2	6.21	2
2 Kings	14	19	6.21	2
2 Kings	15	27	6.21	2
2 Kings	17	32	6.21	2
2 Kings	17	36	6.21	2
2 Kings	18	29	6.21	2
2 Kings	18	32	6.21	2
2 Kings	22	1	6.21	2
2 Kings	22	5	6.21	2
2 Kings	25	10	6.21	2
2 Kings	25	19	6.21	2
2 Kings	4	2	6.21	2
2 Kings	4	7	6.21	2
2 Kings	6	9	6.21	2
2 Kings	8	3	6.21	2
2 Samuel	14	23	6.21	2
2 Samuel	16	22	6.21	2
2 Samuel	17	15	6.21	2
2 Samuel	18	22	6.21	2
2 Samuel	18	7	6.21	2
2 Samuel	19	8	6.21	2
2 Samuel	20	4	6.21	2
2 Samuel	22	49	6.21	2
2 Samuel	5	17	6.21	2
2 Samuel	7	7	6.21	2
2 Timothy	4	21	6.21	2
Acts	12	15	6.21	2
Acts	19	35	6.21	2
Acts	21	17	6.21	2
Acts	22	9	6.21	2
Acts	27	11	6.21	2
Acts	27	12	6.21	2
Acts	27	14	6.21	2
Acts	3	23	6.21	2
Acts	7	21	6.21	2
Amos	4	8	6.21	2
Colossians	4	8	6.21	2
Daniel	11	38	6.21	2
Daniel	11	4	6.21	2
Daniel	2	25	6.21	2
Daniel	2	3	6.21	2
Daniel	3	21	6.21	2
Daniel	4	6	6.21	2
Daniel	8	12	6.21	2
Deuteronomy	1	13	6.21	2
Deuteronomy	11	7	6.21	2
Deuteronomy	12	4	6.21	2
Deuteronomy	15	1	6.21	2
Deuteronomy	15	2	6.21	2
Deuteronomy	19	18	6.21	2
Deuteronomy	19	4	6.21	2
Deuteronomy	2	1	6.21	2
Deuteronomy	25	15	6.21	2
Deuteronomy	25	16	6.21	2
Deuteronomy	27	25	6.21	2
Deuteronomy	28	20	6.21	2
Deuteronomy	28	45	6.21	2
Deuteronomy	3	6	6.21	2
Deuteronomy	32	28	6.21	2
Deuteronomy	32	38	6.21	2
Deuteronomy	5	10	6.21	2
Ecclesiastes	1	9	6.21	2
Ecclesiastes	10	11	6.21	2
Ecclesiastes	4	16	6.21	2
Ecclesiastes	5	14	6.21	2
Ecclesiastes	5	17	6.21	2
Ecclesiastes	5	19	6.21	2
Esther	2	23	6.21	2
Esther	8	12	6.21	2
Exodus	10	24	6.21	2
Exodus	11	9	6.21	2
Exodus	14	23	6.21	2
Exodus	14	26	6.21	2
Exodus	24	2	6.21	2
Exodus	25	29	6.21	2
Exodus	26	35	6.21	2
Exodus	29	15	6.21	2
Exodus	29	19	6.21	2
Exodus	29	21	6.21	2
Exodus	29	28	6.21	2
Exodus	30	19	6.21	2
Exodus	39	30	6.21	2
Exodus	39	6	6.21	2
Exodus	5	4	6.21	2
Exodus	7	2	6.21	2
Exodus	8	16	6.21	2
Exodus	9	1	6.21	2
Exodus	9	2	6.21	2
Exodus	9	22	6.21	2
Ezekiel	1	11	6.21	2
Ezekiel	10	22	6.21	2
Ezekiel	10	3	6.21	2
Ezekiel	11	23	6.21	2
Ezekiel	12	11	6.21	2
Ezekiel	12	20	6.21	2
Ezekiel	12	24	6.21	2
Ezekiel	22	22	6.21	2
Ezekiel	23	14	6.21	2
Ezekiel	27	25	6.21	2
Ezekiel	28	21	6.21	2
Ezekiel	31	4	6.21	2
Ezekiel	32	22	6.21	2
Ezekiel	38	1	6.21	2
Ezekiel	38	14	6.21	2
Ezekiel	38	5	6.21	2
Ezekiel	39	3	6.21	2
Ezekiel	4	17	6.21	2
Ezekiel	40	26	6.21	2
Ezekiel	40	36	6.21	2
Ezekiel	43	1	6.21	2
Ezekiel	44	2	6.21	2
Ezekiel	45	1	6.21	2
Ezekiel	45	20	6.21	2
Ezekiel	47	18	6.21	2
Ezekiel	48	30	6.21	2
Ezekiel	48	31	6.21	2
Ezra	10	5	6.21	2
Ezra	10	6	6.21	2
Ezra	4	11	6.21	2
Ezra	5	14	6.21	2
Ezra	7	16	6.21	2
Genesis	1	22	6.21	2
Genesis	10	29	6.21	2
Genesis	13	1	6.21	2
Genesis	19	7	6.21	2
Genesis	24	65	6.21	2
Genesis	25	11	6.21	2
Genesis	27	35	6.21	2
Genesis	29	15	6.21	2
Genesis	29	21	6.21	2
Genesis	34	12	6.21	2
Genesis	38	1	6.21	2
Genesis	41	30	6.21	2
Genesis	41	44	6.21	2
Genesis	42	11	6.21	2
Genesis	43	27	6.21	2
Genesis	48	20	6.21	2
Genesis	49	16	6.21	2
Genesis	50	5	6.21	2
Genesis	7	8	6.21	2
Hebrews	12	7	6.21	2
Hebrews	13	25	6.21	2
Hosea	14	7	6.21	2
Isaiah	1	27	6.21	2
Isaiah	19	21	6.21	2
Isaiah	33	11	6.21	2
Isaiah	36	12	6.21	2
Isaiah	39	2	6.21	2
Isaiah	41	7	6.21	2
Isaiah	43	12	6.21	2
Isaiah	44	15	6.21	2
Isaiah	54	12	6.21	2
Isaiah	65	7	6.21	2
James	3	12	6.21	2
Jeremiah	1	4	6.21	2
Jeremiah	10	19	6.21	2
Jeremiah	18	19	6.21	2
Jeremiah	22	4	6.21	2
Jeremiah	25	7	6.21	2
Jeremiah	26	14	6.21	2
Jeremiah	29	17	6.21	2
Jeremiah	29	20	6.21	2
Jeremiah	33	18	6.21	2
Jeremiah	34	15	6.21	2
Jeremiah	34	18	6.21	2
Jeremiah	38	13	6.21	2
Jeremiah	4	26	6.21	2
Jeremiah	43	13	6.21	2
Jeremiah	43	3	6.21	2
Jeremiah	44	7	6.21	2
Jeremiah	48	25	6.21	2
Jeremiah	49	36	6.21	2
Jeremiah	5	16	6.21	2
Jeremiah	50	16	6.21	2
Jeremiah	51	60	6.21	2
Job	1	13	6.21	2
Job	11	4	6.21	2
Job	12	24	6.21	2
Job	13	11	6.21	2
Job	13	12	6.21	2
Job	13	8	6.21	2
Job	17	16	6.21	2
Job	20	26	6.21	2
Job	21	21	6.21	2
Job	26	11	6.21	2
Job	27	1	6.21	2
Job	33	7	6.21	2
Job	34	8	6.21	2
Job	36	15	6.21	2
Job	36	3	6.21	2
Job	36	4	6.21	2
Job	39	25	6.21	2
Job	5	21	6.21	2
John	1	30	6.21	2
John	12	7	6.21	2
John	14	5	6.21	2
John	19	42	6.21	2
John	21	6	6.21	2
John	6	8	6.21	2
John	8	13	6.21	2
John	9	21	6.21	2
Joshua	15	18	6.21	2
Joshua	15	2	6.21	2
Joshua	15	61	6.21	2
Joshua	2	15	6.21	2
Joshua	8	17	6.21	2
Joshua	8	9	6.21	2
Judges	13	14	6.21	2
Judges	14	20	6.21	2
Judges	16	16	6.21	2
Judges	19	18	6.21	2
Judges	19	21	6.21	2
Judges	19	24	6.21	2
Judges	21	21	6.21	2
Judges	3	28	6.21	2
Judges	6	23	6.21	2
Judges	7	20	6.21	2
Judges	9	28	6.21	2
Judges	9	9	6.21	2
Lamentations	1	17	6.21	2
Lamentations	3	13	6.21	2
Lamentations	5	5	6.21	2
Leviticus	1	6	6.21	2
Leviticus	11	20	6.21	2
Leviticus	14	14	6.21	2
Leviticus	14	49	6.21	2
Leviticus	16	26	6.21	2
Leviticus	21	23	6.21	2
Leviticus	23	38	6.21	2
Leviticus	25	18	6.21	2
Leviticus	25	26	6.21	2
Leviticus	26	37	6.21	2
Leviticus	3	4	6.21	2
Luke	1	64	6.21	2
Luke	10	30	6.21	2
Luke	12	3	6.21	2
Luke	12	40	6.21	2
Luke	12	54	6.21	2
Luke	17	2	6.21	2
Luke	2	8	6.21	2
Luke	20	36	6.21	2
Luke	22	17	6.21	2
Luke	22	60	6.21	2
Luke	23	32	6.21	2
Luke	24	21	6.21	2
Luke	24	38	6.21	2
Luke	4	38	6.21	2
Luke	8	16	6.21	2
Luke	8	42	6.21	2
Luke	9	14	6.21	2
Luke	9	17	6.21	2
Mark	10	4	6.21	2
Mark	11	32	6.21	2
Mark	12	15	6.21	2
Mark	14	31	6.21	2
Mark	14	64	6.21	2
Mark	15	38	6.21	2
Mark	2	9	6.21	2
Mark	3	17	6.21	2
Mark	5	2	6.21	2
Mark	5	39	6.21	2
Mark	6	15	6.21	2
Mark	6	39	6.21	2
Mark	7	29	6.21	2
Mark	8	19	6.21	2
Mark	8	8	6.21	2
Mark	9	21	6.21	2
Matthew	1	19	6.21	2
Matthew	11	10	6.21	2
Matthew	11	13	6.21	2
Matthew	19	14	6.21	2
Matthew	19	7	6.21	2
Matthew	23	6	6.21	2
Matthew	26	12	6.21	2
Matthew	27	64	6.21	2
Matthew	28	15	6.21	2
Matthew	4	20	6.21	2
Matthew	5	37	6.21	2
Matthew	9	31	6.21	2
Nehemiah	13	6	6.21	2
Nehemiah	3	13	6.21	2
Nehemiah	3	27	6.21	2
Nehemiah	3	31	6.21	2
Nehemiah	4	16	6.21	2
Nehemiah	6	17	6.21	2
Nehemiah	7	4	6.21	2
Nehemiah	7	57	6.21	2
Nehemiah	8	8	6.21	2
Numbers	1	18	6.21	2
Numbers	1	22	6.21	2
Numbers	1	6	6.21	2
Numbers	14	16	6.21	2
Numbers	14	19	6.21	2
Numbers	20	3	6.21	2
Numbers	22	32	6.21	2
Numbers	26	2	6.21	2
Numbers	31	54	6.21	2
Numbers	32	32	6.21	2
Numbers	35	24	6.21	2
Numbers	4	31	6.21	2
Numbers	6	13	6.21	2
Numbers	6	15	6.21	2
Numbers	6	18	6.21	2
Philippians	1	16	6.21	2
Philippians	2	24	6.21	2
Philemon	1	13	6.21	2
Proverbs	1	21	6.21	2
Proverbs	10	32	6.21	2
Proverbs	17	7	6.21	2
Proverbs	18	20	6.21	2
Proverbs	20	27	6.21	2
Proverbs	21	18	6.21	2
Proverbs	27	18	6.21	2
Proverbs	30	33	6.21	2
Proverbs	4	24	6.21	2
Proverbs	5	20	6.21	2
Proverbs	5	6	6.21	2
Proverbs	7	11	6.21	2
Proverbs	7	25	6.21	2
Proverbs	8	27	6.21	2
Psalms	105	13	6.21	2
Psalms	105	29	6.21	2
Psalms	108	11	6.21	2
Psalms	109	7	6.21	2
Psalms	119	107	6.21	2
Psalms	119	110	6.21	2
Psalms	119	119	6.21	2
Psalms	119	167	6.21	2
Psalms	119	39	6.21	2
Psalms	139	24	6.21	2
Psalms	148	10	6.21	2
Psalms	25	17	6.21	2
Psalms	36	10	6.21	2
Psalms	50	19	6.21	2
Psalms	60	2	6.21	2
Psalms	65	13	6.21	2
Psalms	68	27	6.21	2
Psalms	68	28	6.21	2
Psalms	7	13	6.21	2
Psalms	74	19	6.21	2
Psalms	77	12	6.21	2
Psalms	78	17	6.21	2
Psalms	78	50	6.21	2
Psalms	78	67	6.21	2
Psalms	83	15	6.21	2
Psalms	94	5	6.21	2
Revelation	3	16	6.21	2
Revelation	9	12	6.21	2
Romans	7	1	6.21	2
Song of Solomon	2	2	6.21	2
Song of Solomon	6	7	6.21	2
Song of Solomon	8	2	6.21	2
Titus	3	15	6.21	2
Zechariah	6	14	6.21	2
Zechariah	8	11	6.21	2
1 Chronicles	1	7	6.03	2
1 Chronicles	1	8	6.03	2
1 Chronicles	11	19	6.03	2
1 Chronicles	12	15	6.03	2
1 Chronicles	17	8	6.03	2
1 Chronicles	18	13	6.03	2
1 Chronicles	18	2	6.03	2
1 Chronicles	2	18	6.03	2
1 Chronicles	2	2	6.03	2
1 Chronicles	20	4	6.03	2
1 Chronicles	21	22	6.03	2
1 Chronicles	27	25	6.03	2
1 Chronicles	3	16	6.03	2
1 Chronicles	3	4	6.03	2
1 Chronicles	5	23	6.03	2
1 Chronicles	6	17	6.03	2
1 Chronicles	6	67	6.03	2
1 Chronicles	9	14	6.03	2
1 Chronicles	9	20	6.03	2
1 Corinthians	12	14	6.03	2
1 Corinthians	12	20	6.03	2
1 Corinthians	7	34	6.03	2
1 Kings	1	29	6.03	2
1 Kings	11	15	6.03	2
1 Kings	12	14	6.03	2
1 Kings	13	26	6.03	2
1 Kings	14	14	6.03	2
1 Kings	14	25	6.03	2
1 Kings	14	27	6.03	2
1 Kings	15	11	6.03	2
1 Kings	18	44	6.03	2
1 Kings	2	17	6.03	2
1 Kings	21	12	6.03	2
1 Kings	21	18	6.03	2
1 Kings	22	51	6.03	2
1 Kings	4	32	6.03	2
1 Kings	4	34	6.03	2
1 Kings	8	4	6.03	2
1 Kings	8	7	6.03	2
1 Kings	8	8	6.03	2
1 Kings	9	10	6.03	2
1 Samuel	10	23	6.03	2
1 Samuel	11	5	6.03	2
1 Samuel	13	12	6.03	2
1 Samuel	16	22	6.03	2
1 Samuel	17	8	6.03	2
1 Samuel	18	20	6.03	2
1 Samuel	19	15	6.03	2
1 Samuel	19	23	6.03	2
1 Samuel	2	31	6.03	2
1 Samuel	20	38	6.03	2
1 Samuel	22	3	6.03	2
1 Samuel	25	31	6.03	2
1 Samuel	25	44	6.03	2
1 Samuel	28	16	6.03	2
1 Samuel	28	17	6.03	2
1 Samuel	28	2	6.03	2
1 Samuel	30	13	6.03	2
1 Samuel	31	11	6.03	2
1 Samuel	31	3	6.03	2
1 Samuel	4	19	6.03	2
2 Chronicles	1	9	6.03	2
2 Chronicles	12	8	6.03	2
2 Chronicles	13	10	6.03	2
2 Chronicles	13	18	6.03	2
2 Chronicles	16	4	6.03	2
2 Chronicles	18	5	6.03	2
2 Chronicles	2	3	6.03	2
2 Chronicles	23	11	6.03	2
2 Chronicles	26	22	6.03	2
2 Chronicles	27	4	6.03	2
2 Chronicles	28	19	6.03	2
2 Chronicles	3	8	6.03	2
2 Chronicles	30	13	6.03	2
2 Chronicles	34	9	6.03	2
2 Chronicles	35	10	6.03	2
2 Chronicles	36	23	6.03	2
2 Chronicles	4	22	6.03	2
2 Chronicles	5	11	6.03	2
2 Chronicles	6	27	6.03	2
2 Chronicles	6	33	6.03	2
2 Chronicles	6	38	6.03	2
2 Chronicles	7	7	6.03	2
2 Chronicles	8	4	6.03	2
2 Chronicles	9	8	6.03	2
2 Corinthians	3	2	6.03	2
2 Kings	10	13	6.03	2
2 Kings	12	13	6.03	2
2 Kings	14	16	6.03	2
2 Kings	14	6	6.03	2
2 Kings	15	6	6.03	2
2 Kings	16	2	6.03	2
2 Kings	17	11	6.03	2
2 Kings	18	8	6.03	2
2 Kings	20	7	6.03	2
2 Kings	21	5	6.03	2
2 Kings	22	18	6.03	2
2 Kings	22	3	6.03	2
2 Kings	23	24	6.03	2
2 Kings	24	18	6.03	2
2 Kings	3	1	6.03	2
2 Kings	3	7	6.03	2
2 Kings	6	23	6.03	2
2 Kings	6	27	6.03	2
2 Kings	7	9	6.03	2
2 Kings	8	27	6.03	2
2 Peter	2	8	6.03	2
2 Samuel	11	21	6.03	2
2 Samuel	11	4	6.03	2
2 Samuel	12	17	6.03	2
2 Samuel	13	13	6.03	2
2 Samuel	13	15	6.03	2
2 Samuel	14	22	6.03	2
2 Samuel	14	3	6.03	2
2 Samuel	14	30	6.03	2
2 Samuel	15	11	6.03	2
2 Samuel	17	21	6.03	2
2 Samuel	17	5	6.03	2
2 Samuel	20	20	6.03	2
2 Samuel	3	13	6.03	2
2 Samuel	3	18	6.03	2
2 Samuel	3	36	6.03	2
2 Samuel	4	5	6.03	2
2 Samuel	7	3	6.03	2
2 Samuel	7	6	6.03	2
2 Samuel	8	8	6.03	2
2 Thessalonians	3	2	6.03	2
2 Timothy	3	9	6.03	2
2 Timothy	4	15	6.03	2
Acts	10	5	6.03	2
Acts	10	6	6.03	2
Acts	11	27	6.03	2
Acts	15	15	6.03	2
Acts	17	21	6.03	2
Acts	18	22	6.03	2
Acts	22	26	6.03	2
Acts	23	7	6.03	2
Acts	25	22	6.03	2
Acts	26	3	6.03	2
Acts	27	13	6.03	2
Acts	7	29	6.03	2
Acts	8	11	6.03	2
Acts	9	25	6.03	2
Acts	9	26	6.03	2
Amos	5	1	6.03	2
Amos	8	6	6.03	2
Daniel	1	19	6.03	2
Daniel	3	7	6.03	2
Daniel	5	15	6.03	2
Deuteronomy	1	21	6.03	2
Deuteronomy	11	32	6.03	2
Deuteronomy	17	19	6.03	2
Deuteronomy	2	32	6.03	2
Deuteronomy	20	6	6.03	2
Deuteronomy	21	13	6.03	2
Deuteronomy	23	1	6.03	2
Deuteronomy	27	12	6.03	2
Deuteronomy	27	2	6.03	2
Deuteronomy	3	13	6.03	2
Deuteronomy	3	15	6.03	2
Deuteronomy	3	18	6.03	2
Deuteronomy	3	3	6.03	2
Deuteronomy	31	22	6.03	2
Deuteronomy	33	16	6.03	2
Deuteronomy	33	23	6.03	2
Deuteronomy	8	8	6.03	2
Deuteronomy	9	10	6.03	2
Ecclesiastes	1	18	6.03	2
Ecclesiastes	10	17	6.03	2
Ecclesiastes	12	3	6.03	2
Esther	1	21	6.03	2
Esther	1	4	6.03	2
Esther	2	12	6.03	2
Esther	5	2	6.03	2
Esther	8	3	6.03	2
Esther	9	14	6.03	2
Esther	9	17	6.03	2
Exodus	11	6	6.03	2
Exodus	14	12	6.03	2
Exodus	14	3	6.03	2
Exodus	16	32	6.03	2
Exodus	18	23	6.03	2
Exodus	18	8	6.03	2
Exodus	2	1	6.03	2
Exodus	20	25	6.03	2
Exodus	21	23	6.03	2
Exodus	25	12	6.03	2
Exodus	25	28	6.03	2
Exodus	28	11	6.03	2
Exodus	29	26	6.03	2
Exodus	29	33	6.03	2
Exodus	35	11	6.03	2
Exodus	35	31	6.03	2
Exodus	36	3	6.03	2
Exodus	39	15	6.03	2
Exodus	39	33	6.03	2
Exodus	40	19	6.03	2
Exodus	40	35	6.03	2
Exodus	5	14	6.03	2
Exodus	5	7	6.03	2
Exodus	6	29	6.03	2
Exodus	9	6	6.03	2
Ezekiel	1	8	6.03	2
Ezekiel	12	9	6.03	2
Ezekiel	15	4	6.03	2
Ezekiel	16	7	6.03	2
Ezekiel	18	22	6.03	2
Ezekiel	18	5	6.03	2
Ezekiel	23	48	6.03	2
Ezekiel	26	6	6.03	2
Ezekiel	30	9	6.03	2
Ezekiel	33	29	6.03	2
Ezekiel	34	7	6.03	2
Ezekiel	41	16	6.03	2
Ezekiel	43	24	6.03	2
Ezekiel	43	8	6.03	2
Ezekiel	44	1	6.03	2
Ezekiel	44	3	6.03	2
Ezekiel	44	8	6.03	2
Ezekiel	45	21	6.03	2
Ezekiel	46	13	6.03	2
Ezekiel	46	7	6.03	2
Ezekiel	48	29	6.03	2
Ezekiel	5	3	6.03	2
Ezekiel	6	5	6.03	2
Ezekiel	7	11	6.03	2
Ezra	2	62	6.03	2
Ezra	2	69	6.03	2
Ezra	2	7	6.03	2
Ezra	4	19	6.03	2
Ezra	6	4	6.03	2
Ezra	7	8	6.03	2
Ezra	8	24	6.03	2
Galatians	4	2	6.03	2
Galatians	4	31	6.03	2
Genesis	10	13	6.03	2
Genesis	13	3	6.03	2
Genesis	21	18	6.03	2
Genesis	21	8	6.03	2
Genesis	22	8	6.03	2
Genesis	23	6	6.03	2
Genesis	24	24	6.03	2
Genesis	24	30	6.03	2
Genesis	24	32	6.03	2
Genesis	26	29	6.03	2
Genesis	26	30	6.03	2
Genesis	29	6	6.03	2
Genesis	31	21	6.03	2
Genesis	31	45	6.03	2
Genesis	36	18	6.03	2
Genesis	37	9	6.03	2
Genesis	39	14	6.03	2
Genesis	42	1	6.03	2
Genesis	44	33	6.03	2
Genesis	49	11	6.03	2
Genesis	9	15	6.03	2
Haggai	1	8	6.03	2
Hebrews	3	4	6.03	2
Hebrews	7	5	6.03	2
Hosea	12	9	6.03	2
Hosea	2	22	6.03	2
Hosea	2	4	6.03	2
Hosea	4	19	6.03	2
Hosea	9	13	6.03	2
Isaiah	10	11	6.03	2
Isaiah	10	21	6.03	2
Isaiah	15	6	6.03	2
Isaiah	19	6	6.03	2
Isaiah	32	19	6.03	2
Isaiah	36	13	6.03	2
Isaiah	36	16	6.03	2
Isaiah	36	7	6.03	2
Isaiah	37	13	6.03	2
Isaiah	38	16	6.03	2
Isaiah	41	9	6.03	2
Isaiah	49	17	6.03	2
Isaiah	50	3	6.03	2
Isaiah	7	12	6.03	2
Jeremiah	10	20	6.03	2
Jeremiah	10	4	6.03	2
Jeremiah	13	20	6.03	2
Jeremiah	16	20	6.03	2
Jeremiah	17	25	6.03	2
Jeremiah	2	29	6.03	2
Jeremiah	23	27	6.03	2
Jeremiah	23	31	6.03	2
Jeremiah	27	20	6.03	2
Jeremiah	29	28	6.03	2
Jeremiah	29	3	6.03	2
Jeremiah	30	2	6.03	2
Jeremiah	30	5	6.03	2
Jeremiah	34	4	6.03	2
Jeremiah	38	20	6.03	2
Jeremiah	39	16	6.03	2
Jeremiah	48	5	6.03	2
Jeremiah	6	2	6.03	2
Job	10	22	6.03	2
Job	14	15	6.03	2
Job	16	15	6.03	2
Job	17	15	6.03	2
Job	24	10	6.03	2
Job	24	5	6.03	2
Job	26	8	6.03	2
Job	3	11	6.03	2
Job	30	28	6.03	2
Job	32	1	6.03	2
Job	37	19	6.03	2
Job	39	9	6.03	2
Job	5	27	6.03	2
Job	6	27	6.03	2
Job	9	14	6.03	2
Job	9	23	6.03	2
Joel	3	10	6.03	2
John	11	10	6.03	2
John	11	38	6.03	2
John	18	27	6.03	2
John	18	8	6.03	2
John	2	12	6.03	2
John	2	3	6.03	2
John	2	6	6.03	2
John	3	12	6.03	2
John	4	12	6.03	2
John	4	31	6.03	2
John	4	38	6.03	2
John	4	8	6.03	2
John	6	12	6.03	2
John	7	21	6.03	2
John	8	1	6.03	2
John	9	10	6.03	2
John	9	26	6.03	2
Jonah	1	10	6.03	2
Jonah	3	1	6.03	2
Jonah	3	7	6.03	2
Joshua	10	22	6.03	2
Joshua	13	18	6.03	2
Joshua	13	2	6.03	2
Joshua	14	4	6.03	2
Joshua	17	12	6.03	2
Joshua	17	18	6.03	2
Joshua	18	5	6.03	2
Joshua	19	12	6.03	2
Joshua	19	46	6.03	2
Joshua	22	7	6.03	2
Joshua	24	5	6.03	2
Joshua	3	4	6.03	2
Joshua	4	8	6.03	2
Joshua	6	12	6.03	2
Joshua	8	27	6.03	2
Joshua	8	28	6.03	2
Joshua	8	4	6.03	2
Judges	11	12	6.03	2
Judges	11	13	6.03	2
Judges	11	3	6.03	2
Judges	13	21	6.03	2
Judges	16	19	6.03	2
Judges	16	4	6.03	2
Judges	19	12	6.03	2
Judges	20	16	6.03	2
Judges	20	5	6.03	2
Judges	4	21	6.03	2
Judges	6	16	6.03	2
Judges	9	38	6.03	2
Judges	9	48	6.03	2
Lamentations	3	2	6.03	2
Lamentations	3	28	6.03	2
Lamentations	3	34	6.03	2
Lamentations	5	13	6.03	2
Leviticus	10	7	6.03	2
Leviticus	11	46	6.03	2
Leviticus	14	13	6.03	2
Leviticus	15	25	6.03	2
Leviticus	16	22	6.03	2
Leviticus	2	15	6.03	2
Leviticus	2	5	6.03	2
Leviticus	22	23	6.03	2
Leviticus	22	29	6.03	2
Leviticus	22	6	6.03	2
Leviticus	27	15	6.03	2
Leviticus	27	21	6.03	2
Leviticus	27	9	6.03	2
Leviticus	7	25	6.03	2
Leviticus	8	36	6.03	2
Luke	1	8	6.03	2
Luke	12	38	6.03	2
Luke	12	49	6.03	2
Luke	14	10	6.03	2
Luke	19	21	6.03	2
Luke	2	50	6.03	2
Luke	20	15	6.03	2
Luke	20	28	6.03	2
Luke	22	15	6.03	2
Luke	22	55	6.03	2
Luke	22	56	6.03	2
Luke	22	58	6.03	2
Luke	23	13	6.03	2
Luke	23	20	6.03	2
Luke	23	24	6.03	2
Luke	23	45	6.03	2
Luke	3	38	6.03	2
Luke	4	28	6.03	2
Luke	4	33	6.03	2
Luke	6	34	6.03	2
Luke	6	42	6.03	2
Luke	7	24	6.03	2
Luke	8	30	6.03	2
Luke	8	51	6.03	2
Luke	9	12	6.03	2
Luke	9	33	6.03	2
Luke	9	55	6.03	2
Mark	10	36	6.03	2
Mark	10	40	6.03	2
Mark	11	2	6.03	2
Mark	12	2	6.03	2
Mark	12	37	6.03	2
Mark	13	2	6.03	2
Mark	14	63	6.03	2
Mark	14	71	6.03	2
Mark	3	20	6.03	2
Mark	3	34	6.03	2
Mark	4	35	6.03	2
Mark	4	37	6.03	2
Mark	5	29	6.03	2
Mark	5	3	6.03	2
Mark	6	27	6.03	2
Mark	6	54	6.03	2
Mark	6	55	6.03	2
Mark	7	8	6.03	2
Mark	9	18	6.03	2
Mark	9	30	6.03	2
Matthew	11	1	6.03	2
Matthew	11	30	6.03	2
Matthew	14	26	6.03	2
Matthew	15	25	6.03	2
Matthew	15	5	6.03	2
Matthew	20	12	6.03	2
Matthew	20	31	6.03	2
Matthew	21	18	6.03	2
Matthew	22	10	6.03	2
Matthew	24	33	6.03	2
Matthew	25	42	6.03	2
Matthew	26	58	6.03	2
Matthew	26	72	6.03	2
Matthew	5	24	6.03	2
Matthew	7	20	6.03	2
Matthew	7	29	6.03	2
Micah	1	5	6.03	2
Micah	2	8	6.03	2
Micah	5	9	6.03	2
Nehemiah	10	34	6.03	2
Nehemiah	10	39	6.03	2
Nehemiah	12	38	6.03	2
Nehemiah	3	28	6.03	2
Nehemiah	7	12	6.03	2
Nehemiah	8	13	6.03	2
Numbers	1	3	6.03	2
Numbers	1	32	6.03	2
Numbers	1	8	6.03	2
Numbers	11	12	6.03	2
Numbers	12	11	6.03	2
Numbers	14	36	6.03	2
Numbers	14	43	6.03	2
Numbers	15	7	6.03	2
Numbers	16	31	6.03	2
Numbers	16	4	6.03	2
Numbers	18	32	6.03	2
Numbers	2	12	6.03	2
Numbers	2	16	6.03	2
Numbers	2	5	6.03	2
Numbers	21	14	6.03	2
Numbers	22	3	6.03	2
Numbers	23	15	6.03	2
Numbers	25	15	6.03	2
Numbers	26	23	6.03	2
Numbers	27	2	6.03	2
Numbers	33	8	6.03	2
Numbers	34	12	6.03	2
Numbers	4	27	6.03	2
Numbers	4	6	6.03	2
Numbers	4	9	6.03	2
Numbers	5	29	6.03	2
Numbers	5	9	6.03	2
Numbers	9	1	6.03	2
Obadiah	1	20	6.03	2
Philippians	1	22	6.03	2
Proverbs	11	19	6.03	2
Proverbs	11	9	6.03	2
Proverbs	14	3	6.03	2
Proverbs	16	13	6.03	2
Proverbs	17	20	6.03	2
Proverbs	21	29	6.03	2
Proverbs	22	20	6.03	2
Proverbs	24	24	6.03	2
Proverbs	26	17	6.03	2
Proverbs	3	26	6.03	2
Proverbs	31	26	6.03	2
Proverbs	7	14	6.03	2
Psalms	102	22	6.03	2
Psalms	105	18	6.03	2
Psalms	118	16	6.03	2
Psalms	119	100	6.03	2
Psalms	119	154	6.03	2
Psalms	119	17	6.03	2
Psalms	119	43	6.03	2
Psalms	119	44	6.03	2
Psalms	119	64	6.03	2
Psalms	122	4	6.03	2
Psalms	122	9	6.03	2
Psalms	126	6	6.03	2
Psalms	131	2	6.03	2
Psalms	135	11	6.03	2
Psalms	139	4	6.03	2
Psalms	141	8	6.03	2
Psalms	22	5	6.03	2
Psalms	31	16	6.03	2
Psalms	33	21	6.03	2
Psalms	36	12	6.03	2
Psalms	41	7	6.03	2
Psalms	51	13	6.03	2
Psalms	66	15	6.03	2
Psalms	66	7	6.03	2
Psalms	7	7	6.03	2
Psalms	77	9	6.03	2
Psalms	78	26	6.03	2
Psalms	78	27	6.03	2
Psalms	78	44	6.03	2
Psalms	80	13	6.03	2
Psalms	80	17	6.03	2
Psalms	81	5	6.03	2
Psalms	82	8	6.03	2
Psalms	84	3	6.03	2
Psalms	85	3	6.03	2
Psalms	86	6	6.03	2
Psalms	87	7	6.03	2
Revelation	12	2	6.03	2
Revelation	16	4	6.03	2
Revelation	9	14	6.03	2
Romans	11	18	6.03	2
Romans	3	14	6.03	2
Romans	7	10	6.03	2
Romans	7	20	6.03	2
Romans	8	8	6.03	2
Ruth	1	21	6.03	2
Ruth	4	17	6.03	2
Song of Solomon	1	1	6.03	2
Song of Solomon	2	11	6.03	2
Song of Solomon	6	5	6.03	2
Zechariah	1	20	6.03	2
Zechariah	11	9	6.03	2
Zechariah	14	14	6.03	2
Zechariah	6	3	6.03	2
1 Chronicles	11	11	5.85	2
1 Chronicles	12	33	5.85	2
1 Chronicles	16	24	5.85	2
1 Chronicles	16	29	5.85	2
1 Chronicles	16	6	5.85	2
1 Chronicles	23	25	5.85	2
1 Chronicles	26	23	5.85	2
1 Chronicles	26	30	5.85	2
1 Corinthians	12	25	5.85	2
1 Corinthians	12	9	5.85	2
1 Corinthians	13	11	5.85	2
1 Corinthians	14	32	5.85	2
1 Corinthians	6	17	5.85	2
1 John	5	15	5.85	2
1 Kings	12	27	5.85	2
1 Kings	13	22	5.85	2
1 Kings	20	43	5.85	2
1 Kings	21	15	5.85	2
1 Kings	6	37	5.85	2
1 Kings	8	21	5.85	2
1 Kings	8	34	5.85	2
1 Samuel	13	17	5.85	2
1 Samuel	14	48	5.85	2
1 Samuel	18	15	5.85	2
1 Samuel	18	4	5.85	2
1 Samuel	23	11	5.85	2
1 Samuel	24	5	5.85	2
1 Samuel	26	25	5.85	2
1 Samuel	27	3	5.85	2
1 Samuel	31	12	5.85	2
1 Samuel	6	21	5.85	2
1 Timothy	4	9	5.85	2
2 Chronicles	13	15	5.85	2
2 Chronicles	13	4	5.85	2
2 Chronicles	2	17	5.85	2
2 Chronicles	20	9	5.85	2
2 Chronicles	21	15	5.85	2
2 Chronicles	21	19	5.85	2
2 Chronicles	3	3	5.85	2
2 Chronicles	30	3	5.85	2
2 Chronicles	35	18	5.85	2
2 Chronicles	6	4	5.85	2
2 Chronicles	7	2	5.85	2
2 Chronicles	9	26	5.85	2
2 Corinthians	11	33	5.85	2
2 Kings	10	5	5.85	2
2 Kings	13	20	5.85	2
2 Kings	14	28	5.85	2
2 Kings	16	20	5.85	2
2 Kings	18	3	5.85	2
2 Kings	20	19	5.85	2
2 Kings	22	7	5.85	2
2 Kings	23	17	5.85	2
2 Kings	4	9	5.85	2
2 Kings	8	19	5.85	2
2 Samuel	12	30	5.85	2
2 Samuel	13	31	5.85	2
2 Samuel	14	7	5.85	2
2 Samuel	18	32	5.85	2
2 Samuel	19	12	5.85	2
2 Samuel	19	16	5.85	2
2 Samuel	21	21	5.85	2
2 Samuel	22	17	5.85	2
2 Samuel	22	20	5.85	2
2 Samuel	8	5	5.85	2
2 Timothy	4	9	5.85	2
Acts	14	13	5.85	2
Acts	17	19	5.85	2
Acts	17	22	5.85	2
Acts	21	10	5.85	2
Acts	21	34	5.85	2
Acts	22	2	5.85	2
Acts	27	22	5.85	2
Acts	27	26	5.85	2
Acts	27	4	5.85	2
Acts	27	41	5.85	2
Acts	27	6	5.85	2
Acts	4	35	5.85	2
Acts	5	35	5.85	2
Acts	8	19	5.85	2
Acts	9	35	5.85	2
Amos	3	3	5.85	2
Amos	6	9	5.85	2
Colossians	4	16	5.85	2
Daniel	1	12	5.85	2
Daniel	11	13	5.85	2
Daniel	5	13	5.85	2
Daniel	6	2	5.85	2
Daniel	6	5	5.85	2
Deuteronomy	1	32	5.85	2
Deuteronomy	12	29	5.85	2
Deuteronomy	15	20	5.85	2
Deuteronomy	2	18	5.85	2
Deuteronomy	20	5	5.85	2
Deuteronomy	22	30	5.85	2
Deuteronomy	24	12	5.85	2
Deuteronomy	25	2	5.85	2
Deuteronomy	26	7	5.85	2
Deuteronomy	4	14	5.85	2
Deuteronomy	5	25	5.85	2
Deuteronomy	7	20	5.85	2
Ecclesiastes	3	13	5.85	2
Ecclesiastes	7	28	5.85	2
Esther	10	2	5.85	2
Exodus	1	9	5.85	2
Exodus	10	15	5.85	2
Exodus	10	26	5.85	2
Exodus	13	20	5.85	2
Exodus	22	27	5.85	2
Exodus	29	12	5.85	2
Exodus	34	4	5.85	2
Exodus	35	10	5.85	2
Exodus	37	6	5.85	2
Exodus	37	7	5.85	2
Exodus	40	23	5.85	2
Exodus	6	24	5.85	2
Exodus	8	12	5.85	2
Ezekiel	16	18	5.85	2
Ezekiel	16	40	5.85	2
Ezekiel	17	14	5.85	2
Ezekiel	17	7	5.85	2
Ezekiel	20	27	5.85	2
Ezekiel	22	1	5.85	2
Ezekiel	22	4	5.85	2
Ezekiel	27	19	5.85	2
Ezekiel	27	21	5.85	2
Ezekiel	28	10	5.85	2
Ezekiel	30	11	5.85	2
Ezekiel	32	26	5.85	2
Ezekiel	4	7	5.85	2
Ezekiel	41	15	5.85	2
Ezekiel	41	22	5.85	2
Ezekiel	41	26	5.85	2
Ezekiel	44	6	5.85	2
Ezekiel	45	11	5.85	2
Ezekiel	45	18	5.85	2
Ezekiel	45	6	5.85	2
Ezekiel	46	4	5.85	2
Ezekiel	48	15	5.85	2
Ezekiel	5	4	5.85	2
Ezra	2	31	5.85	2
Ezra	2	40	5.85	2
Ezra	6	5	5.85	2
Ezra	8	36	5.85	2
Galatians	2	17	5.85	2
Galatians	4	30	5.85	2
Genesis	1	10	5.85	2
Genesis	1	8	5.85	2
Genesis	10	8	5.85	2
Genesis	12	9	5.85	2
Genesis	14	16	5.85	2
Genesis	15	3	5.85	2
Genesis	2	25	5.85	2
Genesis	26	13	5.85	2
Genesis	26	20	5.85	2
Genesis	27	25	5.85	2
Genesis	30	24	5.85	2
Genesis	30	29	5.85	2
Genesis	30	33	5.85	2
Genesis	30	8	5.85	2
Genesis	31	36	5.85	2
Genesis	31	49	5.85	2
Genesis	33	1	5.85	2
Genesis	34	13	5.85	2
Genesis	42	2	5.85	2
Genesis	43	2	5.85	2
Genesis	46	23	5.85	2
Genesis	46	5	5.85	2
Genesis	47	30	5.85	2
Genesis	49	19	5.85	2
Genesis	50	18	5.85	2
Genesis	50	2	5.85	2
Genesis	7	22	5.85	2
Hebrews	1	4	5.85	2
Hebrews	6	5	5.85	2
Isaiah	11	8	5.85	2
Isaiah	15	7	5.85	2
Isaiah	30	24	5.85	2
Isaiah	37	15	5.85	2
Isaiah	40	16	5.85	2
Isaiah	49	16	5.85	2
Isaiah	51	14	5.85	2
Isaiah	9	10	5.85	2
Jeremiah	13	11	5.85	2
Jeremiah	14	6	5.85	2
Jeremiah	25	16	5.85	2
Jeremiah	29	29	5.85	2
Jeremiah	31	17	5.85	2
Jeremiah	36	27	5.85	2
Jeremiah	40	14	5.85	2
Jeremiah	48	6	5.85	2
Jeremiah	52	16	5.85	2
Job	1	14	5.85	2
Job	21	4	5.85	2
Job	24	1	5.85	2
Job	28	24	5.85	2
Job	28	25	5.85	2
Job	31	10	5.85	2
Job	34	37	5.85	2
Job	34	6	5.85	2
Job	36	10	5.85	2
Job	37	10	5.85	2
Job	37	7	5.85	2
Job	38	36	5.85	2
Job	42	13	5.85	2
Job	42	17	5.85	2
Job	5	24	5.85	2
Job	6	5	5.85	2
John	1	8	5.85	2
John	18	30	5.85	2
John	18	32	5.85	2
John	19	40	5.85	2
John	2	2	5.85	2
John	2	8	5.85	2
John	3	22	5.85	2
John	7	27	5.85	2
John	8	4	5.85	2
Joshua	1	17	5.85	2
Joshua	13	22	5.85	2
Joshua	15	16	5.85	2
Joshua	17	7	5.85	2
Joshua	18	22	5.85	2
Joshua	18	26	5.85	2
Joshua	21	2	5.85	2
Joshua	21	39	5.85	2
Joshua	8	15	5.85	2
Joshua	8	31	5.85	2
Judges	1	34	5.85	2
Judges	11	10	5.85	2
Judges	13	4	5.85	2
Judges	14	18	5.85	2
Judges	15	6	5.85	2
Judges	19	20	5.85	2
Judges	2	15	5.85	2
Judges	20	25	5.85	2
Judges	20	7	5.85	2
Judges	21	11	5.85	2
Judges	4	16	5.85	2
Judges	7	3	5.85	2
Judges	8	28	5.85	2
Judges	9	13	5.85	2
Judges	9	46	5.85	2
Lamentations	3	29	5.85	2
Lamentations	5	22	5.85	2
Leviticus	11	41	5.85	2
Leviticus	13	1	5.85	2
Leviticus	19	7	5.85	2
Leviticus	20	21	5.85	2
Leviticus	21	12	5.85	2
Leviticus	27	13	5.85	2
Leviticus	4	5	5.85	2
Leviticus	7	23	5.85	2
Leviticus	8	3	5.85	2
Luke	12	13	5.85	2
Luke	12	58	5.85	2
Luke	12	7	5.85	2
Luke	16	28	5.85	2
Luke	17	19	5.85	2
Luke	17	25	5.85	2
Luke	18	41	5.85	2
Luke	19	2	5.85	2
Luke	19	30	5.85	2
Luke	19	32	5.85	2
Luke	2	35	5.85	2
Luke	20	39	5.85	2
Luke	21	13	5.85	2
Luke	22	40	5.85	2
Luke	3	12	5.85	2
Luke	3	15	5.85	2
Luke	3	20	5.85	2
Luke	5	15	5.85	2
Luke	6	3	5.85	2
Luke	7	3	5.85	2
Luke	9	58	5.85	2
Mark	1	29	5.85	2
Mark	10	31	5.85	2
Mark	11	10	5.85	2
Mark	11	12	5.85	2
Mark	11	7	5.85	2
Mark	3	12	5.85	2
Mark	3	23	5.85	2
Mark	4	20	5.85	2
Mark	4	29	5.85	2
Mark	5	9	5.85	2
Mark	7	20	5.85	2
Mark	7	25	5.85	2
Mark	9	34	5.85	2
Matthew	12	11	5.85	2
Matthew	12	5	5.85	2
Matthew	12	9	5.85	2
Matthew	14	34	5.85	2
Matthew	15	39	5.85	2
Matthew	18	2	5.85	2
Matthew	24	26	5.85	2
Matthew	26	44	5.85	2
Nahum	3	11	5.85	2
Nehemiah	13	19	5.85	2
Nehemiah	3	12	5.85	2
Nehemiah	3	14	5.85	2
Nehemiah	3	32	5.85	2
Numbers	15	31	5.85	2
Numbers	15	8	5.85	2
Numbers	17	8	5.85	2
Numbers	2	33	5.85	2
Numbers	20	19	5.85	2
Numbers	28	12	5.85	2
Numbers	28	9	5.85	2
Numbers	31	22	5.85	2
Numbers	31	27	5.85	2
Numbers	33	35	5.85	2
Numbers	35	27	5.85	2
Numbers	6	12	5.85	2
Numbers	6	6	5.85	2
Philippians	2	28	5.85	2
Philippians	4	16	5.85	2
Philippians	4	21	5.85	2
Proverbs	11	11	5.85	2
Proverbs	11	7	5.85	2
Proverbs	15	25	5.85	2
Proverbs	15	30	5.85	2
Proverbs	17	21	5.85	2
Proverbs	19	4	5.85	2
Proverbs	26	1	5.85	2
Proverbs	27	21	5.85	2
Proverbs	29	18	5.85	2
Proverbs	29	6	5.85	2
Proverbs	29	8	5.85	2
Proverbs	30	3	5.85	2
Proverbs	4	9	5.85	2
Psalms	108	8	5.85	2
Psalms	109	15	5.85	2
Psalms	118	21	5.85	2
Psalms	119	169	5.85	2
Psalms	119	22	5.85	2
Psalms	126	4	5.85	2
Psalms	132	3	5.85	2
Psalms	135	17	5.85	2
Psalms	147	16	5.85	2
Psalms	19	5	5.85	2
Psalms	20	2	5.85	2
Psalms	20	9	5.85	2
Psalms	29	6	5.85	2
Psalms	31	4	5.85	2
Psalms	37	15	5.85	2
Psalms	38	10	5.85	2
Psalms	38	7	5.85	2
Psalms	49	5	5.85	2
Psalms	69	24	5.85	2
Psalms	89	22	5.85	2
Psalms	89	37	5.85	2
Psalms	89	40	5.85	2
Revelation	21	26	5.85	2
Revelation	9	16	5.85	2
Revelation	9	21	5.85	2
Romans	16	10	5.85	2
Romans	2	14	5.85	2
Ruth	2	3	5.85	2
Ruth	4	7	5.85	2
Song of Solomon	3	2	5.85	2
Song of Solomon	7	6	5.85	2
Zechariah	14	17	5.85	2
1 Chronicles	10	14	5.66	2
1 Chronicles	11	26	5.66	2
1 Chronicles	11	41	5.66	2
1 Chronicles	17	5	5.66	2
1 Chronicles	18	14	5.66	2
1 Chronicles	18	16	5.66	2
1 Chronicles	21	24	5.66	2
1 Chronicles	23	2	5.66	2
1 Chronicles	29	8	5.66	2
1 Chronicles	3	9	5.66	2
1 Chronicles	6	37	5.66	2
1 Chronicles	6	44	5.66	2
1 Chronicles	8	1	5.66	2
1 Corinthians	1	14	5.66	2
1 Corinthians	12	18	5.66	2
1 Corinthians	15	19	5.66	2
1 Corinthians	7	9	5.66	2
1 Corinthians	9	14	5.66	2
1 Kings	1	30	5.66	2
1 Kings	10	17	5.66	2
1 Kings	10	24	5.66	2
1 Kings	12	8	5.66	2
1 Kings	14	30	5.66	2
1 Kings	15	19	5.66	2
1 Kings	17	7	5.66	2
1 Kings	2	1	5.66	2
1 Kings	22	50	5.66	2
1 Kings	3	15	5.66	2
1 Kings	3	2	5.66	2
1 Kings	5	11	5.66	2
1 Kings	5	14	5.66	2
1 Kings	5	9	5.66	2
1 Kings	6	10	5.66	2
1 Kings	8	17	5.66	2
1 Kings	8	31	5.66	2
1 Kings	8	42	5.66	2
1 Samuel	1	21	5.66	2
1 Samuel	13	16	5.66	2
1 Samuel	14	29	5.66	2
1 Samuel	20	5	5.66	2
1 Samuel	23	13	5.66	2
1 Samuel	5	12	5.66	2
1 Samuel	6	14	5.66	2
1 Samuel	8	1	5.66	2
1 Samuel	9	4	5.66	2
2 Chronicles	10	17	5.66	2
2 Chronicles	12	5	5.66	2
2 Chronicles	13	22	5.66	2
2 Chronicles	14	1	5.66	2
2 Chronicles	18	26	5.66	2
2 Chronicles	21	11	5.66	2
2 Chronicles	21	3	5.66	2
2 Chronicles	24	1	5.66	2
2 Chronicles	33	22	5.66	2
2 Chronicles	34	8	5.66	2
2 Chronicles	5	1	5.66	2
2 Chronicles	7	18	5.66	2
2 Chronicles	8	18	5.66	2
2 Chronicles	8	2	5.66	2
2 Corinthians	12	17	5.66	2
2 Kings	10	25	5.66	2
2 Kings	10	7	5.66	2
2 Kings	15	14	5.66	2
2 Kings	20	12	5.66	2
2 Kings	20	6	5.66	2
2 Kings	21	14	5.66	2
2 Kings	25	16	5.66	2
2 Kings	3	26	5.66	2
2 Kings	4	25	5.66	2
2 Kings	4	4	5.66	2
2 Kings	6	6	5.66	2
2 Kings	8	10	5.66	2
2 Kings	9	21	5.66	2
2 Samuel	1	4	5.66	2
2 Samuel	11	13	5.66	2
2 Samuel	23	29	5.66	2
Acts	20	5	5.66	2
Acts	4	37	5.66	2
Acts	7	13	5.66	2
Acts	7	47	5.66	2
Acts	9	9	5.66	2
Amos	3	11	5.66	2
Amos	5	20	5.66	2
Amos	8	1	5.66	2
Daniel	11	7	5.66	2
Daniel	2	17	5.66	2
Daniel	2	39	5.66	2
Daniel	4	13	5.66	2
Daniel	4	15	5.66	2
Deuteronomy	1	11	5.66	2
Deuteronomy	11	27	5.66	2
Deuteronomy	13	12	5.66	2
Deuteronomy	14	28	5.66	2
Deuteronomy	16	5	5.66	2
Deuteronomy	20	11	5.66	2
Deuteronomy	22	7	5.66	2
Deuteronomy	25	7	5.66	2
Deuteronomy	27	8	5.66	2
Deuteronomy	28	44	5.66	2
Deuteronomy	29	27	5.66	2
Deuteronomy	30	11	5.66	2
Deuteronomy	32	33	5.66	2
Deuteronomy	33	22	5.66	2
Deuteronomy	6	21	5.66	2
Deuteronomy	6	25	5.66	2
Ecclesiastes	2	21	5.66	2
Ecclesiastes	2	9	5.66	2
Ecclesiastes	4	2	5.66	2
Ecclesiastes	7	22	5.66	2
Exodus	1	6	5.66	2
Exodus	14	9	5.66	2
Exodus	16	14	5.66	2
Exodus	2	4	5.66	2
Exodus	25	11	5.66	2
Exodus	26	19	5.66	2
Exodus	29	41	5.66	2
Exodus	30	8	5.66	2
Exodus	32	16	5.66	2
Exodus	39	10	5.66	2
Exodus	39	36	5.66	2
Exodus	40	18	5.66	2
Exodus	40	7	5.66	2
Exodus	5	19	5.66	2
Ezekiel	1	19	5.66	2
Ezekiel	1	20	5.66	2
Ezekiel	10	20	5.66	2
Ezekiel	11	6	5.66	2
Ezekiel	13	15	5.66	2
Ezekiel	16	2	5.66	2
Ezekiel	16	29	5.66	2
Ezekiel	16	54	5.66	2
Ezekiel	16	9	5.66	2
Ezekiel	19	13	5.66	2
Ezekiel	23	24	5.66	2
Ezekiel	26	19	5.66	2
Ezekiel	32	12	5.66	2
Ezekiel	32	17	5.66	2
Ezekiel	32	9	5.66	2
Ezekiel	36	38	5.66	2
Ezekiel	41	23	5.66	2
Ezekiel	42	10	5.66	2
Ezekiel	46	6	5.66	2
Ezekiel	8	14	5.66	2
Ezekiel	8	2	5.66	2
Ezra	10	18	5.66	2
Ezra	10	4	5.66	2
Ezra	2	61	5.66	2
Ezra	6	13	5.66	2
Ezra	6	19	5.66	2
Ezra	8	1	5.66	2
Ezra	8	15	5.66	2
Galatians	3	3	5.66	2
Genesis	1	24	5.66	2
Genesis	10	28	5.66	2
Genesis	10	3	5.66	2
Genesis	19	13	5.66	2
Genesis	23	20	5.66	2
Genesis	23	7	5.66	2
Genesis	24	42	5.66	2
Genesis	25	31	5.66	2
Genesis	29	34	5.66	2
Genesis	31	16	5.66	2
Genesis	35	28	5.66	2
Genesis	37	21	5.66	2
Genesis	41	57	5.66	2
Genesis	42	25	5.66	2
Genesis	43	21	5.66	2
Genesis	44	23	5.66	2
Genesis	44	30	5.66	2
Genesis	44	31	5.66	2
Genesis	45	13	5.66	2
Genesis	45	21	5.66	2
Genesis	49	15	5.66	2
Genesis	5	21	5.66	2
Genesis	7	5	5.66	2
Haggai	1	10	5.66	2
Hebrews	11	14	5.66	2
Hosea	1	5	5.66	2
Hosea	13	12	5.66	2
Isaiah	23	11	5.66	2
Isaiah	23	16	5.66	2
Isaiah	28	23	5.66	2
Isaiah	30	5	5.66	2
Isaiah	43	23	5.66	2
Isaiah	5	27	5.66	2
Isaiah	7	25	5.66	2
James	2	3	5.66	2
James	3	4	5.66	2
Jeremiah	1	13	5.66	2
Jeremiah	13	19	5.66	2
Jeremiah	14	16	5.66	2
Jeremiah	16	14	5.66	2
Jeremiah	16	2	5.66	2
Jeremiah	16	3	5.66	2
Jeremiah	20	18	5.66	2
Jeremiah	22	25	5.66	2
Jeremiah	23	40	5.66	2
Jeremiah	27	17	5.66	2
Jeremiah	37	9	5.66	2
Jeremiah	4	29	5.66	2
Jeremiah	44	9	5.66	2
Jeremiah	49	26	5.66	2
Jeremiah	49	8	5.66	2
Jeremiah	51	55	5.66	2
Jeremiah	52	25	5.66	2
Jeremiah	7	32	5.66	2
Job	10	17	5.66	2
Job	11	18	5.66	2
Job	11	8	5.66	2
Job	13	6	5.66	2
Job	19	9	5.66	2
Job	20	10	5.66	2
Job	22	14	5.66	2
Job	27	18	5.66	2
Job	34	35	5.66	2
Job	36	23	5.66	2
Job	36	31	5.66	2
Job	38	29	5.66	2
Job	39	1	5.66	2
Job	41	10	5.66	2
Job	8	14	5.66	2
Job	8	16	5.66	2
Job	9	11	5.66	2
Job	9	26	5.66	2
Joel	1	20	5.66	2
John	12	11	5.66	2
John	18	15	5.66	2
John	20	18	5.66	2
John	20	24	5.66	2
John	20	8	5.66	2
John	21	4	5.66	2
John	4	32	5.66	2
John	8	5	5.66	2
John	9	2	5.66	2
John	9	32	5.66	2
Jonah	4	4	5.66	2
Joshua	12	17	5.66	2
Joshua	13	15	5.66	2
Joshua	18	21	5.66	2
Joshua	18	7	5.66	2
Joshua	19	10	5.66	2
Joshua	19	40	5.66	2
Joshua	22	12	5.66	2
Joshua	9	4	5.66	2
Judges	1	13	5.66	2
Judges	1	35	5.66	2
Judges	18	11	5.66	2
Judges	19	29	5.66	2
Judges	2	22	5.66	2
Judges	2	9	5.66	2
Judges	20	17	5.66	2
Judges	20	29	5.66	2
Judges	5	15	5.66	2
Lamentations	3	47	5.66	2
Lamentations	3	6	5.66	2
Lamentations	3	9	5.66	2
Leviticus	1	15	5.66	2
Leviticus	10	4	5.66	2
Leviticus	11	19	5.66	2
Leviticus	11	2	5.66	2
Leviticus	11	7	5.66	2
Leviticus	15	24	5.66	2
Leviticus	18	15	5.66	2
Leviticus	20	20	5.66	2
Leviticus	24	7	5.66	2
Leviticus	25	28	5.66	2
Leviticus	6	1	5.66	2
Leviticus	9	15	5.66	2
Luke	17	21	5.66	2
Luke	17	30	5.66	2
Luke	17	34	5.66	2
Luke	17	8	5.66	2
Luke	19	26	5.66	2
Luke	19	35	5.66	2
Luke	24	35	5.66	2
Luke	24	39	5.66	2
Luke	7	1	5.66	2
Luke	8	23	5.66	2
Luke	9	6	5.66	2
Malachi	2	16	5.66	2
Mark	14	21	5.66	2
Mark	14	40	5.66	2
Mark	14	67	5.66	2
Mark	4	14	5.66	2
Mark	4	21	5.66	2
Mark	4	31	5.66	2
Mark	6	53	5.66	2
Mark	8	29	5.66	2
Mark	9	27	5.66	2
Mark	9	48	5.66	2
Matthew	15	17	5.66	2
Matthew	17	3	5.66	2
Matthew	19	11	5.66	2
Matthew	22	30	5.66	2
Matthew	22	36	5.66	2
Matthew	26	20	5.66	2
Matthew	28	6	5.66	2
Matthew	6	20	5.66	2
Micah	1	10	5.66	2
Nehemiah	11	31	5.66	2
Nehemiah	12	17	5.66	2
Nehemiah	12	36	5.66	2
Nehemiah	13	9	5.66	2
Nehemiah	3	21	5.66	2
Nehemiah	5	6	5.66	2
Nehemiah	7	26	5.66	2
Numbers	11	13	5.66	2
Numbers	15	34	5.66	2
Numbers	16	27	5.66	2
Numbers	23	13	5.66	2
Numbers	23	28	5.66	2
Numbers	23	30	5.66	2
Numbers	24	19	5.66	2
Numbers	26	12	5.66	2
Numbers	26	22	5.66	2
Numbers	26	34	5.66	2
Numbers	26	48	5.66	2
Numbers	28	17	5.66	2
Numbers	3	30	5.66	2
Numbers	30	3	5.66	2
Numbers	31	24	5.66	2
Numbers	6	14	5.66	2
Proverbs	12	20	5.66	2
Proverbs	13	7	5.66	2
Proverbs	2	14	5.66	2
Proverbs	22	7	5.66	2
Proverbs	25	3	5.66	2
Proverbs	3	20	5.66	2
Proverbs	3	22	5.66	2
Proverbs	31	22	5.66	2
Proverbs	5	9	5.66	2
Psalms	103	16	5.66	2
Psalms	105	12	5.66	2
Psalms	110	7	5.66	2
Psalms	118	7	5.66	2
Psalms	118	9	5.66	2
Psalms	119	164	5.66	2
Psalms	119	3	5.66	2
Psalms	119	55	5.66	2
Psalms	119	84	5.66	2
Psalms	129	2	5.66	2
Psalms	135	16	5.66	2
Psalms	16	7	5.66	2
Psalms	18	18	5.66	2
Psalms	19	6	5.66	2
Psalms	33	14	5.66	2
Psalms	37	38	5.66	2
Psalms	44	25	5.66	2
Psalms	46	8	5.66	2
Psalms	60	11	5.66	2
Psalms	69	25	5.66	2
Psalms	7	5	5.66	2
Psalms	70	4	5.66	2
Psalms	87	6	5.66	2
Psalms	88	5	5.66	2
Psalms	98	6	5.66	2
Revelation	12	8	5.66	2
Revelation	17	11	5.66	2
Revelation	21	20	5.66	2
Romans	11	31	5.66	2
Romans	7	19	5.66	2
Romans	7	3	5.66	2
Zechariah	6	6	5.66	2
Zechariah	7	1	5.66	2
Zechariah	9	6	5.66	2
1 Chronicles	1	11	5.47	2
1 Chronicles	10	4	5.47	2
1 Chronicles	11	23	5.47	2
1 Chronicles	11	4	5.47	2
1 Chronicles	14	4	5.47	2
1 Chronicles	15	21	5.47	2
1 Chronicles	16	11	5.47	2
1 Chronicles	16	26	5.47	2
1 Chronicles	18	7	5.47	2
1 Chronicles	2	21	5.47	2
1 Chronicles	23	30	5.47	2
1 Chronicles	24	20	5.47	2
1 Chronicles	25	7	5.47	2
1 Chronicles	26	12	5.47	2
1 Chronicles	26	21	5.47	2
1 Chronicles	27	4	5.47	2
1 Chronicles	4	21	5.47	2
1 Chronicles	5	25	5.47	2
1 Chronicles	6	55	5.47	2
1 Chronicles	7	13	5.47	2
1 Chronicles	7	14	5.47	2
1 Chronicles	9	18	5.47	2
1 Corinthians	14	14	5.47	2
1 Corinthians	15	28	5.47	2
1 Corinthians	15	7	5.47	2
1 Corinthians	2	5	5.47	2
1 Corinthians	7	35	5.47	2
1 Kings	12	13	5.47	2
1 Kings	12	33	5.47	2
1 Kings	14	1	5.47	2
1 Kings	15	6	5.47	2
1 Kings	15	8	5.47	2
1 Kings	16	14	5.47	2
1 Kings	18	33	5.47	2
1 Kings	18	9	5.47	2
1 Kings	20	39	5.47	2
1 Kings	22	41	5.47	2
1 Kings	22	5	5.47	2
1 Kings	5	8	5.47	2
1 Kings	6	4	5.47	2
1 Kings	7	13	5.47	2
1 Samuel	1	4	5.47	2
1 Samuel	1	7	5.47	2
1 Samuel	11	8	5.47	2
1 Samuel	13	18	5.47	2
1 Samuel	14	49	5.47	2
1 Samuel	17	40	5.47	2
1 Samuel	20	9	5.47	2
1 Samuel	23	15	5.47	2
1 Samuel	23	20	5.47	2
1 Samuel	24	22	5.47	2
1 Samuel	27	11	5.47	2
1 Samuel	28	14	5.47	2
1 Samuel	29	2	5.47	2
1 Samuel	3	8	5.47	2
1 Samuel	30	10	5.47	2
1 Samuel	30	9	5.47	2
1 Samuel	9	20	5.47	2
1 Timothy	5	16	5.47	2
2 Chronicles	1	11	5.47	2
2 Chronicles	1	6	5.47	2
2 Chronicles	11	11	5.47	2
2 Chronicles	13	13	5.47	2
2 Chronicles	18	30	5.47	2
2 Chronicles	23	15	5.47	2
2 Chronicles	24	5	5.47	2
2 Chronicles	26	13	5.47	2
2 Chronicles	29	28	5.47	2
2 Chronicles	3	15	5.47	2
2 Chronicles	3	7	5.47	2
2 Chronicles	30	25	5.47	2
2 Chronicles	34	12	5.47	2
2 Chronicles	35	20	5.47	2
2 Chronicles	6	23	5.47	2
2 Chronicles	9	14	5.47	2
2 Corinthians	10	14	5.47	2
2 Corinthians	13	13	5.47	2
2 Corinthians	8	11	5.47	2
2 Kings	10	17	5.47	2
2 Kings	12	21	5.47	2
2 Kings	14	1	5.47	2
2 Kings	14	11	5.47	2
2 Kings	15	1	5.47	2
2 Kings	15	13	5.47	2
2 Kings	17	10	5.47	2
2 Kings	18	19	5.47	2
2 Kings	19	26	5.47	2
2 Kings	19	30	5.47	2
2 Kings	25	15	5.47	2
2 Kings	3	14	5.47	2
2 Kings	3	16	5.47	2
2 Kings	3	27	5.47	2
2 Kings	4	36	5.47	2
2 Kings	5	23	5.47	2
2 Samuel	10	16	5.47	2
2 Samuel	11	8	5.47	2
2 Samuel	12	21	5.47	2
2 Samuel	13	20	5.47	2
2 Samuel	15	21	5.47	2
2 Samuel	15	3	5.47	2
2 Samuel	18	4	5.47	2
2 Samuel	19	14	5.47	2
2 Samuel	20	15	5.47	2
2 Samuel	21	19	5.47	2
2 Samuel	22	31	5.47	2
2 Samuel	22	34	5.47	2
2 Samuel	24	22	5.47	2
2 Samuel	3	33	5.47	2
2 Samuel	7	20	5.47	2
Acts	10	24	5.47	2
Acts	16	2	5.47	2
Acts	17	12	5.47	2
Acts	17	7	5.47	2
Acts	18	13	5.47	2
Acts	21	36	5.47	2
Acts	22	6	5.47	2
Acts	23	24	5.47	2
Acts	24	3	5.47	2
Acts	25	23	5.47	2
Acts	25	24	5.47	2
Acts	25	6	5.47	2
Acts	26	12	5.47	2
Acts	27	33	5.47	2
Acts	27	44	5.47	2
Acts	27	7	5.47	2
Acts	27	9	5.47	2
Acts	28	1	5.47	2
Amos	3	13	5.47	2
Amos	7	5	5.47	2
Colossians	4	4	5.47	2
Daniel	11	25	5.47	2
Daniel	2	6	5.47	2
Daniel	4	33	5.47	2
Daniel	7	17	5.47	2
Daniel	8	1	5.47	2
Deuteronomy	1	26	5.47	2
Deuteronomy	12	14	5.47	2
Deuteronomy	14	7	5.47	2
Deuteronomy	19	12	5.47	2
Deuteronomy	19	8	5.47	2
Deuteronomy	20	17	5.47	2
Deuteronomy	20	19	5.47	2
Deuteronomy	23	25	5.47	2
Deuteronomy	25	18	5.47	2
Deuteronomy	27	21	5.47	2
Deuteronomy	27	5	5.47	2
Deuteronomy	3	21	5.47	2
Deuteronomy	32	3	5.47	2
Deuteronomy	7	14	5.47	2
Ecclesiastes	1	11	5.47	2
Ecclesiastes	1	15	5.47	2
Ecclesiastes	10	10	5.47	2
Ecclesiastes	10	15	5.47	2
Ecclesiastes	10	7	5.47	2
Ecclesiastes	12	12	5.47	2
Ecclesiastes	2	7	5.47	2
Ecclesiastes	6	6	5.47	2
Esther	6	2	5.47	2
Exodus	12	44	5.47	2
Exodus	16	13	5.47	2
Exodus	18	3	5.47	2
Exodus	18	9	5.47	2
Exodus	19	24	5.47	2
Exodus	20	26	5.47	2
Exodus	22	19	5.47	2
Exodus	29	23	5.47	2
Exodus	30	15	5.47	2
Exodus	30	16	5.47	2
Exodus	30	28	5.47	2
Exodus	30	29	5.47	2
Exodus	36	20	5.47	2
Exodus	36	38	5.47	2
Exodus	38	25	5.47	2
Exodus	39	37	5.47	2
Exodus	4	25	5.47	2
Exodus	40	30	5.47	2
Exodus	40	36	5.47	2
Exodus	5	13	5.47	2
Exodus	6	4	5.47	2
Exodus	7	14	5.47	2
Exodus	7	20	5.47	2
Exodus	7	7	5.47	2
Ezekiel	1	9	5.47	2
Ezekiel	12	1	5.47	2
Ezekiel	15	3	5.47	2
Ezekiel	16	12	5.47	2
Ezekiel	17	8	5.47	2
Ezekiel	19	9	5.47	2
Ezekiel	23	36	5.47	2
Ezekiel	23	42	5.47	2
Ezekiel	27	27	5.47	2
Ezekiel	28	14	5.47	2
Ezekiel	31	10	5.47	2
Ezekiel	31	9	5.47	2
Ezekiel	34	15	5.47	2
Ezekiel	36	18	5.47	2
Ezekiel	37	18	5.47	2
Ezekiel	43	25	5.47	2
Ezekiel	44	13	5.47	2
Ezekiel	48	10	5.47	2
Ezekiel	48	8	5.47	2
Ezekiel	6	10	5.47	2
Ezekiel	7	21	5.47	2
Ezekiel	7	22	5.47	2
Ezekiel	8	15	5.47	2
Ezra	10	8	5.47	2
Ezra	2	65	5.47	2
Ezra	6	2	5.47	2
Ezra	8	28	5.47	2
Galatians	3	25	5.47	2
Genesis	10	16	5.47	2
Genesis	15	8	5.47	2
Genesis	20	16	5.47	2
Genesis	22	21	5.47	2
Genesis	23	15	5.47	2
Genesis	23	18	5.47	2
Genesis	28	17	5.47	2
Genesis	28	21	5.47	2
Genesis	30	20	5.47	2
Genesis	30	25	5.47	2
Genesis	31	52	5.47	2
Genesis	33	9	5.47	2
Genesis	36	7	5.47	2
Genesis	36	9	5.47	2
Genesis	38	13	5.47	2
Genesis	42	16	5.47	2
Genesis	42	28	5.47	2
Genesis	46	6	5.47	2
Genesis	48	18	5.47	2
Genesis	49	30	5.47	2
Genesis	5	2	5.47	2
Genesis	9	18	5.47	2
Habakkuk	1	11	5.47	2
Haggai	1	15	5.47	2
Hebrews	10	2	5.47	2
Hebrews	13	19	5.47	2
Hebrews	4	5	5.47	2
Hebrews	6	3	5.47	2
Hosea	11	6	5.47	2
Hosea	9	14	5.47	2
Isaiah	1	22	5.47	2
Isaiah	14	30	5.47	2
Isaiah	23	14	5.47	2
Isaiah	23	7	5.47	2
Isaiah	33	18	5.47	2
Isaiah	44	11	5.47	2
Isaiah	59	15	5.47	2
Isaiah	62	9	5.47	2
Isaiah	8	2	5.47	2
James	2	11	5.47	2
Jeremiah	1	3	5.47	2
Jeremiah	16	7	5.47	2
Jeremiah	22	26	5.47	2
Jeremiah	23	26	5.47	2
Jeremiah	23	34	5.47	2
Jeremiah	27	13	5.47	2
Jeremiah	27	22	5.47	2
Jeremiah	29	9	5.47	2
Jeremiah	31	16	5.47	2
Jeremiah	31	21	5.47	2
Jeremiah	32	10	5.47	2
Jeremiah	34	1	5.47	2
Jeremiah	34	10	5.47	2
Jeremiah	34	7	5.47	2
Jeremiah	36	19	5.47	2
Jeremiah	36	22	5.47	2
Jeremiah	36	8	5.47	2
Jeremiah	38	15	5.47	2
Jeremiah	43	5	5.47	2
Jeremiah	43	8	5.47	2
Jeremiah	44	18	5.47	2
Jeremiah	46	4	5.47	2
Jeremiah	49	35	5.47	2
Jeremiah	50	10	5.47	2
Jeremiah	51	5	5.47	2
Jeremiah	6	3	5.47	2
Jeremiah	7	17	5.47	2
Job	1	4	5.47	2
Job	12	7	5.47	2
Job	15	12	5.47	2
Job	21	28	5.47	2
Job	28	15	5.47	2
Job	30	19	5.47	2
Job	32	4	5.47	2
Job	33	22	5.47	2
Job	36	32	5.47	2
Job	39	7	5.47	2
Job	5	22	5.47	2
Job	6	6	5.47	2
Job	8	1	5.47	2
Joel	2	24	5.47	2
John	10	22	5.47	2
John	11	23	5.47	2
John	13	22	5.47	2
John	13	5	5.47	2
John	14	14	5.47	2
John	16	10	5.47	2
John	20	30	5.47	2
John	4	53	5.47	2
John	5	10	5.47	2
Joshua	10	36	5.47	2
Joshua	12	18	5.47	2
Joshua	12	6	5.47	2
Joshua	15	50	5.47	2
Joshua	15	54	5.47	2
Joshua	19	3	5.47	2
Joshua	21	20	5.47	2
Joshua	21	22	5.47	2
Joshua	22	25	5.47	2
Joshua	24	13	5.47	2
Joshua	8	30	5.47	2
Joshua	9	21	5.47	2
Jude	1	2	5.47	2
Judges	1	15	5.47	2
Judges	1	2	5.47	2
Judges	12	6	5.47	2
Judges	15	19	5.47	2
Judges	18	28	5.47	2
Judges	19	16	5.47	2
Judges	2	21	5.47	2
Judges	20	35	5.47	2
Judges	20	8	5.47	2
Judges	3	5	5.47	2
Judges	7	25	5.47	2
Judges	8	22	5.47	2
Lamentations	2	12	5.47	2
Lamentations	3	46	5.47	2
Leviticus	11	27	5.47	2
Leviticus	13	44	5.47	2
Leviticus	14	30	5.47	2
Leviticus	16	1	5.47	2
Leviticus	16	13	5.47	2
Leviticus	17	5	5.47	2
Leviticus	18	18	5.47	2
Leviticus	2	12	5.47	2
Leviticus	23	29	5.47	2
Leviticus	23	33	5.47	2
Leviticus	23	37	5.47	2
Leviticus	24	12	5.47	2
Leviticus	4	16	5.47	2
Leviticus	5	4	5.47	2
Leviticus	6	27	5.47	2
Leviticus	8	11	5.47	2
Leviticus	9	19	5.47	2
Luke	1	14	5.47	2
Luke	1	38	5.47	2
Luke	12	18	5.47	2
Luke	12	25	5.47	2
Luke	12	44	5.47	2
Luke	16	3	5.47	2
Luke	17	7	5.47	2
Luke	18	39	5.47	2
Luke	19	24	5.47	2
Luke	19	5	5.47	2
Luke	21	7	5.47	2
Luke	22	25	5.47	2
Luke	22	48	5.47	2
Luke	23	10	5.47	2
Luke	23	7	5.47	2
Luke	24	13	5.47	2
Luke	24	18	5.47	2
Luke	4	20	5.47	2
Luke	4	3	5.47	2
Luke	5	19	5.47	2
Luke	7	46	5.47	2
Luke	9	43	5.47	2
Luke	9	56	5.47	2
Mark	1	13	5.47	2
Mark	11	14	5.47	2
Mark	12	43	5.47	2
Mark	12	9	5.47	2
Mark	13	17	5.47	2
Mark	13	6	5.47	2
Mark	14	19	5.47	2
Mark	14	20	5.47	2
Mark	15	14	5.47	2
Mark	15	20	5.47	2
Mark	15	36	5.47	2
Mark	15	7	5.47	2
Mark	3	8	5.47	2
Mark	5	8	5.47	2
Mark	6	42	5.47	2
Mark	6	49	5.47	2
Mark	8	18	5.47	2
Mark	9	14	5.47	2
Mark	9	15	5.47	2
Matthew	14	9	5.47	2
Matthew	15	35	5.47	2
Matthew	17	18	5.47	2
Matthew	17	26	5.47	2
Matthew	21	8	5.47	2
Matthew	23	1	5.47	2
Matthew	24	40	5.47	2
Matthew	25	3	5.47	2
Matthew	25	9	5.47	2
Matthew	26	19	5.47	2
Matthew	26	43	5.47	2
Matthew	26	62	5.47	2
Matthew	27	47	5.47	2
Nehemiah	11	14	5.47	2
Nehemiah	12	35	5.47	2
Nehemiah	2	14	5.47	2
Nehemiah	3	20	5.47	2
Nehemiah	4	11	5.47	2
Numbers	1	16	5.47	2
Numbers	10	3	5.47	2
Numbers	11	18	5.47	2
Numbers	11	2	5.47	2
Numbers	11	26	5.47	2
Numbers	11	35	5.47	2
Numbers	12	15	5.47	2
Numbers	13	17	5.47	2
Numbers	15	10	5.47	2
Numbers	15	33	5.47	2
Numbers	16	29	5.47	2
Numbers	16	48	5.47	2
Numbers	21	16	5.47	2
Numbers	21	27	5.47	2
Numbers	22	37	5.47	2
Numbers	26	15	5.47	2
Numbers	26	53	5.47	2
Numbers	26	63	5.47	2
Numbers	3	23	5.47	2
Numbers	30	12	5.47	2
Numbers	30	5	5.47	2
Numbers	31	20	5.47	2
Numbers	32	12	5.47	2
Numbers	33	37	5.47	2
Numbers	33	47	5.47	2
Numbers	4	24	5.47	2
Numbers	4	33	5.47	2
Numbers	4	37	5.47	2
Numbers	5	31	5.47	2
Numbers	7	48	5.47	2
Numbers	7	54	5.47	2
Proverbs	1	2	5.47	2
Proverbs	10	30	5.47	2
Proverbs	13	5	5.47	2
Proverbs	14	22	5.47	2
Proverbs	14	9	5.47	2
Proverbs	2	17	5.47	2
Proverbs	20	13	5.47	2
Proverbs	26	5	5.47	2
Proverbs	30	21	5.47	2
Proverbs	30	25	5.47	2
Proverbs	30	31	5.47	2
Proverbs	7	26	5.47	2
Proverbs	8	9	5.47	2
Psalms	102	21	5.47	2
Psalms	104	28	5.47	2
Psalms	108	3	5.47	2
Psalms	11	3	5.47	2
Psalms	111	3	5.47	2
Psalms	117	2	5.47	2
Psalms	119	146	5.47	2
Psalms	119	161	5.47	2
Psalms	119	50	5.47	2
Psalms	119	88	5.47	2
Psalms	147	7	5.47	2
Psalms	148	7	5.47	2
Psalms	22	10	5.47	2
Psalms	22	3	5.47	2
Psalms	31	21	5.47	2
Psalms	41	10	5.47	2
Psalms	48	13	5.47	2
Psalms	48	9	5.47	2
Psalms	55	11	5.47	2
Psalms	68	21	5.47	2
Psalms	71	16	5.47	2
Psalms	83	14	5.47	2
Psalms	89	45	5.47	2
Romans	6	10	5.47	2
Romans	9	9	5.47	2
Ruth	1	6	5.47	2
Ruth	2	23	5.47	2
Ruth	3	1	5.47	2
Ruth	3	11	5.47	2
Ruth	4	12	5.47	2
Song of Solomon	2	4	5.47	2
Song of Solomon	5	4	5.47	2
Zechariah	1	21	5.47	2
Zechariah	3	5	5.47	2
Zechariah	5	9	5.47	2
Zechariah	7	6	5.47	2
1 Chronicles	1	4	5.28	2
1 Chronicles	10	8	5.28	2
1 Chronicles	11	29	5.28	2
1 Chronicles	12	16	5.28	2
1 Chronicles	12	35	5.28	2
1 Chronicles	12	40	5.28	2
1 Chronicles	14	10	5.28	2
1 Chronicles	14	14	5.28	2
1 Chronicles	14	17	5.28	2
1 Chronicles	16	10	5.28	2
1 Chronicles	16	15	5.28	2
1 Chronicles	18	15	5.28	2
1 Chronicles	2	11	5.28	2
1 Chronicles	2	52	5.28	2
1 Chronicles	21	2	5.28	2
1 Chronicles	24	8	5.28	2
1 Chronicles	28	13	5.28	2
1 Chronicles	28	15	5.28	2
1 Chronicles	28	21	5.28	2
1 Chronicles	28	8	5.28	2
1 Chronicles	4	32	5.28	2
1 Chronicles	4	9	5.28	2
1 Chronicles	5	24	5.28	2
1 Chronicles	5	3	5.28	2
1 Chronicles	6	20	5.28	2
1 Chronicles	6	68	5.28	2
1 Chronicles	9	40	5.28	2
1 Corinthians	1	16	5.28	2
1 Corinthians	11	10	5.28	2
1 Corinthians	11	11	5.28	2
1 Corinthians	14	36	5.28	2
1 Corinthians	15	13	5.28	2
1 Corinthians	15	35	5.28	2
1 Corinthians	16	6	5.28	2
1 Corinthians	6	4	5.28	2
1 Corinthians	6	8	5.28	2
1 John	5	8	5.28	2
1 Kings	1	26	5.28	2
1 Kings	1	45	5.28	2
1 Kings	12	17	5.28	2
1 Kings	12	19	5.28	2
1 Kings	13	17	5.28	2
1 Kings	13	5	5.28	2
1 Kings	14	6	5.28	2
1 Kings	16	20	5.28	2
1 Kings	2	15	5.28	2
1 Kings	2	21	5.28	2
1 Kings	20	12	5.28	2
1 Kings	20	33	5.28	2
1 Kings	21	5	5.28	2
1 Kings	22	12	5.28	2
1 Kings	22	37	5.28	2
1 Kings	4	1	5.28	2
1 Kings	9	14	5.28	2
1 Kings	9	17	5.28	2
1 Samuel	10	20	5.28	2
1 Samuel	11	9	5.28	2
1 Samuel	14	5	5.28	2
1 Samuel	15	20	5.28	2
1 Samuel	15	4	5.28	2
1 Samuel	16	10	5.28	2
1 Samuel	16	23	5.28	2
1 Samuel	17	17	5.28	2
1 Samuel	17	29	5.28	2
1 Samuel	17	52	5.28	2
1 Samuel	20	2	5.28	2
1 Samuel	22	10	5.28	2
1 Samuel	22	12	5.28	2
1 Samuel	23	1	5.28	2
1 Samuel	24	21	5.28	2
1 Samuel	25	5	5.28	2
1 Samuel	26	12	5.28	2
1 Samuel	29	11	5.28	2
1 Samuel	3	16	5.28	2
1 Samuel	30	11	5.28	2
1 Samuel	30	3	5.28	2
1 Samuel	31	9	5.28	2
1 Samuel	4	6	5.28	2
1 Samuel	4	7	5.28	2
2 Chronicles	1	5	5.28	2
2 Chronicles	10	6	5.28	2
2 Chronicles	10	8	5.28	2
2 Chronicles	11	2	5.28	2
2 Chronicles	13	8	5.28	2
2 Chronicles	15	18	5.28	2
2 Chronicles	17	17	5.28	2
2 Chronicles	18	12	5.28	2
2 Chronicles	18	14	5.28	2
2 Chronicles	18	23	5.28	2
2 Chronicles	18	33	5.28	2
2 Chronicles	20	19	5.28	2
2 Chronicles	21	10	5.28	2
2 Chronicles	21	8	5.28	2
2 Chronicles	23	18	5.28	2
2 Chronicles	24	7	5.28	2
2 Chronicles	24	9	5.28	2
2 Chronicles	25	5	5.28	2
2 Chronicles	26	17	5.28	2
2 Chronicles	26	7	5.28	2
2 Chronicles	28	10	5.28	2
2 Chronicles	29	1	5.28	2
2 Chronicles	29	18	5.28	2
2 Chronicles	29	27	5.28	2
2 Chronicles	29	29	5.28	2
2 Chronicles	29	32	5.28	2
2 Chronicles	32	17	5.28	2
2 Chronicles	34	30	5.28	2
2 Chronicles	34	33	5.28	2
2 Chronicles	4	14	5.28	2
2 Chronicles	4	18	5.28	2
2 Chronicles	5	10	5.28	2
2 Chronicles	6	5	5.28	2
2 Corinthians	3	15	5.28	2
2 Corinthians	5	3	5.28	2
2 Corinthians	8	18	5.28	2
2 Kings	10	34	5.28	2
2 Kings	13	13	5.28	2
2 Kings	13	19	5.28	2
2 Kings	16	17	5.28	2
2 Kings	16	18	5.28	2
2 Kings	18	27	5.28	2
2 Kings	2	17	5.28	2
2 Kings	2	25	5.28	2
2 Kings	2	7	5.28	2
2 Kings	20	21	5.28	2
2 Kings	20	4	5.28	2
2 Kings	21	21	5.28	2
2 Kings	21	26	5.28	2
2 Kings	22	15	5.28	2
2 Kings	4	24	5.28	2
2 Kings	4	26	5.28	2
2 Kings	4	28	5.28	2
2 Kings	4	31	5.28	2
2 Kings	6	19	5.28	2
2 Kings	7	16	5.28	2
2 Kings	9	31	5.28	2
2 Samuel	1	24	5.28	2
2 Samuel	10	3	5.28	2
2 Samuel	10	9	5.28	2
2 Samuel	12	3	5.28	2
2 Samuel	13	26	5.28	2
2 Samuel	13	29	5.28	2
2 Samuel	14	12	5.28	2
2 Samuel	16	14	5.28	2
2 Samuel	16	18	5.28	2
2 Samuel	17	28	5.28	2
2 Samuel	19	20	5.28	2
2 Samuel	19	30	5.28	2
2 Samuel	19	31	5.28	2
2 Samuel	2	16	5.28	2
2 Samuel	22	44	5.28	2
2 Samuel	22	48	5.28	2
2 Samuel	23	16	5.28	2
2 Samuel	23	17	5.28	2
2 Samuel	23	30	5.28	2
2 Samuel	24	24	5.28	2
2 Samuel	3	20	5.28	2
2 Samuel	3	4	5.28	2
2 Samuel	4	12	5.28	2
2 Samuel	4	3	5.28	2
2 Samuel	5	25	5.28	2
2 Samuel	6	10	5.28	2
2 Samuel	9	13	5.28	2
Acts	11	5	5.28	2
Acts	13	35	5.28	2
Acts	14	12	5.28	2
Acts	14	24	5.28	2
Acts	16	7	5.28	2
Acts	19	27	5.28	2
Acts	23	32	5.28	2
Acts	25	21	5.28	2
Acts	25	4	5.28	2
Acts	27	42	5.28	2
Acts	28	6	5.28	2
Acts	3	20	5.28	2
Acts	3	8	5.28	2
Acts	5	16	5.28	2
Acts	5	23	5.28	2
Acts	9	32	5.28	2
Acts	9	37	5.28	2
Amos	4	12	5.28	2
Amos	6	13	5.28	2
Daniel	1	18	5.28	2
Daniel	10	17	5.28	2
Daniel	11	6	5.28	2
Daniel	3	20	5.28	2
Daniel	4	24	5.28	2
Daniel	7	16	5.28	2
Daniel	7	3	5.28	2
Deuteronomy	1	43	5.28	2
Deuteronomy	1	46	5.28	2
Deuteronomy	10	5	5.28	2
Deuteronomy	11	4	5.28	2
Deuteronomy	15	14	5.28	2
Deuteronomy	16	7	5.28	2
Deuteronomy	18	11	5.28	2
Deuteronomy	22	9	5.28	2
Deuteronomy	28	16	5.28	2
Deuteronomy	28	42	5.28	2
Deuteronomy	32	12	5.28	2
Deuteronomy	33	11	5.28	2
Deuteronomy	33	15	5.28	2
Deuteronomy	4	46	5.28	2
Deuteronomy	5	19	5.28	2
Deuteronomy	9	20	5.28	2
Ecclesiastes	10	2	5.28	2
Ecclesiastes	4	3	5.28	2
Ecclesiastes	5	6	5.28	2
Ecclesiastes	5	9	5.28	2
Ecclesiastes	6	1	5.28	2
Ecclesiastes	8	6	5.28	2
Esther	1	7	5.28	2
Esther	2	4	5.28	2
Esther	5	10	5.28	2
Esther	7	5	5.28	2
Esther	9	13	5.28	2
Esther	9	5	5.28	2
Exodus	1	20	5.28	2
Exodus	10	14	5.28	2
Exodus	11	2	5.28	2
Exodus	15	5	5.28	2
Exodus	16	33	5.28	2
Exodus	18	10	5.28	2
Exodus	18	27	5.28	2
Exodus	19	13	5.28	2
Exodus	22	6	5.28	2
Exodus	25	14	5.28	2
Exodus	26	15	5.28	2
Exodus	26	29	5.28	2
Exodus	26	3	5.28	2
Exodus	27	10	5.28	2
Exodus	31	11	5.28	2
Exodus	32	18	5.28	2
Exodus	32	29	5.28	2
Exodus	32	3	5.28	2
Exodus	35	6	5.28	2
Exodus	4	30	5.28	2
Exodus	40	25	5.28	2
Exodus	40	28	5.28	2
Exodus	40	32	5.28	2
Exodus	40	33	5.28	2
Exodus	5	18	5.28	2
Exodus	6	22	5.28	2
Exodus	7	23	5.28	2
Exodus	8	1	5.28	2
Exodus	8	24	5.28	2
Exodus	8	9	5.28	2
Ezekiel	14	16	5.28	2
Ezekiel	14	18	5.28	2
Ezekiel	16	32	5.28	2
Ezekiel	16	56	5.28	2
Ezekiel	17	11	5.28	2
Ezekiel	18	10	5.28	2
Ezekiel	20	34	5.28	2
Ezekiel	21	15	5.28	2
Ezekiel	22	21	5.28	2
Ezekiel	24	12	5.28	2
Ezekiel	24	8	5.28	2
Ezekiel	30	20	5.28	2
Ezekiel	35	7	5.28	2
Ezekiel	37	12	5.28	2
Ezekiel	37	7	5.28	2
Ezekiel	4	9	5.28	2
Ezekiel	40	19	5.28	2
Ezekiel	40	44	5.28	2
Ezekiel	41	25	5.28	2
Ezekiel	44	11	5.28	2
Ezekiel	44	18	5.28	2
Ezekiel	45	2	5.28	2
Ezekiel	45	23	5.28	2
Ezekiel	46	8	5.28	2
Ezekiel	47	16	5.28	2
Ezra	10	21	5.28	2
Ezra	10	31	5.28	2
Ezra	2	11	5.28	2
Ezra	4	23	5.28	2
Ezra	5	17	5.28	2
Ezra	7	13	5.28	2
Ezra	7	20	5.28	2
Galatians	4	20	5.28	2
Genesis	1	25	5.28	2
Genesis	11	12	5.28	2
Genesis	13	5	5.28	2
Genesis	15	4	5.28	2
Genesis	19	37	5.28	2
Genesis	2	16	5.28	2
Genesis	21	26	5.28	2
Genesis	22	23	5.28	2
Genesis	23	17	5.28	2
Genesis	24	49	5.28	2
Genesis	24	6	5.28	2
Genesis	25	28	5.28	2
Genesis	26	23	5.28	2
Genesis	27	13	5.28	2
Genesis	27	24	5.28	2
Genesis	28	6	5.28	2
Genesis	28	7	5.28	2
Genesis	29	22	5.28	2
Genesis	30	19	5.28	2
Genesis	31	26	5.28	2
Genesis	32	4	5.28	2
Genesis	33	2	5.28	2
Genesis	34	1	5.28	2
Genesis	34	23	5.28	2
Genesis	34	31	5.28	2
Genesis	36	3	5.28	2
Genesis	36	5	5.28	2
Genesis	37	1	5.28	2
Genesis	40	1	5.28	2
Genesis	41	27	5.28	2
Genesis	41	47	5.28	2
Genesis	41	49	5.28	2
Genesis	41	55	5.28	2
Genesis	42	19	5.28	2
Genesis	43	15	5.28	2
Genesis	44	26	5.28	2
Genesis	44	28	5.28	2
Genesis	44	7	5.28	2
Genesis	48	13	5.28	2
Genesis	5	27	5.28	2
Genesis	5	5	5.28	2
Genesis	50	11	5.28	2
Genesis	50	3	5.28	2
Genesis	6	1	5.28	2
Genesis	7	10	5.28	2
Habakkuk	1	9	5.28	2
Hebrews	12	8	5.28	2
Hosea	5	9	5.28	2
Isaiah	1	12	5.28	2
Isaiah	12	5	5.28	2
Isaiah	14	14	5.28	2
Isaiah	19	19	5.28	2
Isaiah	23	2	5.28	2
Isaiah	23	3	5.28	2
Isaiah	23	4	5.28	2
Isaiah	28	27	5.28	2
Isaiah	3	25	5.28	2
Isaiah	32	10	5.28	2
Isaiah	32	12	5.28	2
Isaiah	33	12	5.28	2
Isaiah	33	21	5.28	2
Isaiah	36	10	5.28	2
Isaiah	43	17	5.28	2
James	3	7	5.28	2
Jeremiah	11	2	5.28	2
Jeremiah	11	3	5.28	2
Jeremiah	17	19	5.28	2
Jeremiah	21	6	5.28	2
Jeremiah	26	4	5.28	2
Jeremiah	29	16	5.28	2
Jeremiah	32	16	5.28	2
Jeremiah	36	28	5.28	2
Jeremiah	37	11	5.28	2
Jeremiah	38	21	5.28	2
Jeremiah	41	16	5.28	2
Jeremiah	42	6	5.28	2
Jeremiah	44	13	5.28	2
Jeremiah	46	15	5.28	2
Jeremiah	50	25	5.28	2
Jeremiah	51	26	5.28	2
Jeremiah	51	4	5.28	2
Jeremiah	8	13	5.28	2
Jeremiah	9	13	5.28	2
Job	13	23	5.28	2
Job	15	17	5.28	2
Job	15	29	5.28	2
Job	16	7	5.28	2
Job	20	14	5.28	2
Job	20	16	5.28	2
Job	20	20	5.28	2
Job	20	3	5.28	2
Job	21	34	5.28	2
Job	29	24	5.28	2
Job	3	14	5.28	2
Job	3	19	5.28	2
Job	3	3	5.28	2
Job	30	20	5.28	2
Job	31	20	5.28	2
Job	31	37	5.28	2
Job	31	8	5.28	2
Job	32	19	5.28	2
Job	33	10	5.28	2
Job	33	20	5.28	2
Job	33	5	5.28	2
Job	33	8	5.28	2
Job	34	27	5.28	2
Job	34	36	5.28	2
Job	36	11	5.28	2
Job	36	17	5.28	2
Job	36	24	5.28	2
Job	37	5	5.28	2
Job	38	16	5.28	2
Job	39	13	5.28	2
Job	39	17	5.28	2
Job	4	2	5.28	2
Job	40	20	5.28	2
Job	6	28	5.28	2
Job	7	14	5.28	2
Job	9	28	5.28	2
Joel	2	9	5.28	2
John	12	33	5.28	2
John	17	7	5.28	2
John	2	9	5.28	2
John	21	14	5.28	2
John	5	13	5.28	2
John	7	4	5.28	2
John	7	43	5.28	2
John	8	25	5.28	2
John	9	11	5.28	2
Jonah	1	12	5.28	2
Jonah	1	15	5.28	2
Joshua	10	19	5.28	2
Joshua	10	32	5.28	2
Joshua	10	9	5.28	2
Joshua	11	18	5.28	2
Joshua	12	12	5.28	2
Joshua	12	13	5.28	2
Joshua	13	10	5.28	2
Joshua	15	14	5.28	2
Joshua	15	56	5.28	2
Joshua	18	11	5.28	2
Joshua	2	22	5.28	2
Joshua	20	6	5.28	2
Joshua	22	9	5.28	2
Joshua	4	5	5.28	2
Joshua	7	14	5.28	2
Joshua	7	17	5.28	2
Joshua	8	12	5.28	2
Joshua	9	13	5.28	2
Judges	1	18	5.28	2
Judges	1	28	5.28	2
Judges	1	30	5.28	2
Judges	11	15	5.28	2
Judges	11	25	5.28	2
Judges	13	16	5.28	2
Judges	16	30	5.28	2
Judges	18	15	5.28	2
Judges	18	25	5.28	2
Judges	19	19	5.28	2
Judges	20	47	5.28	2
Judges	21	7	5.28	2
Judges	4	9	5.28	2
Judges	6	27	5.28	2
Judges	7	11	5.28	2
Judges	8	17	5.28	2
Lamentations	3	45	5.28	2
Lamentations	4	14	5.28	2
Lamentations	5	14	5.28	2
Leviticus	11	13	5.28	2
Leviticus	11	31	5.28	2
Leviticus	11	33	5.28	2
Leviticus	11	39	5.28	2
Leviticus	12	1	5.28	2
Leviticus	13	3	5.28	2
Leviticus	14	16	5.28	2
Leviticus	14	20	5.28	2
Leviticus	14	51	5.28	2
Leviticus	15	10	5.28	2
Leviticus	19	29	5.28	2
Leviticus	2	16	5.28	2
Leviticus	20	1	5.28	2
Leviticus	20	12	5.28	2
Leviticus	20	16	5.28	2
Leviticus	22	14	5.28	2
Leviticus	23	20	5.28	2
Leviticus	23	35	5.28	2
Leviticus	23	39	5.28	2
Leviticus	25	1	5.28	2
Leviticus	26	46	5.28	2
Leviticus	27	17	5.28	2
Leviticus	8	26	5.28	2
Luke	10	34	5.28	2
Luke	11	19	5.28	2
Luke	12	28	5.28	2
Luke	13	21	5.28	2
Luke	13	22	5.28	2
Luke	14	28	5.28	2
Luke	15	11	5.28	2
Luke	15	14	5.28	2
Luke	15	9	5.28	2
Luke	19	16	5.28	2
Luke	19	20	5.28	2
Luke	20	34	5.28	2
Luke	22	59	5.28	2
Luke	23	48	5.28	2
Luke	3	27	5.28	2
Luke	4	9	5.28	2
Luke	5	28	5.28	2
Luke	5	33	5.28	2
Luke	6	10	5.28	2
Luke	6	31	5.28	2
Luke	6	39	5.28	2
Luke	7	4	5.28	2
Luke	7	8	5.28	2
Luke	7	9	5.28	2
Luke	8	19	5.28	2
Luke	8	56	5.28	2
Luke	8	7	5.28	2
Luke	9	16	5.28	2
Luke	9	31	5.28	2
Luke	9	38	5.28	2
Luke	9	4	5.28	2
Luke	9	9	5.28	2
Mark	1	12	5.28	2
Mark	1	37	5.28	2
Mark	10	47	5.28	2
Mark	11	3	5.28	2
Mark	13	8	5.28	2
Mark	14	17	5.28	2
Mark	14	53	5.28	2
Mark	15	10	5.28	2
Mark	15	44	5.28	2
Mark	15	6	5.28	2
Mark	16	8	5.28	2
Mark	2	10	5.28	2
Mark	2	26	5.28	2
Mark	4	15	5.28	2
Mark	4	6	5.28	2
Mark	5	13	5.28	2
Mark	5	19	5.28	2
Mark	5	4	5.28	2
Mark	5	42	5.28	2
Mark	6	4	5.28	2
Mark	6	8	5.28	2
Mark	8	13	5.28	2
Mark	8	16	5.28	2
Mark	9	40	5.28	2
Matthew	12	27	5.28	2
Matthew	13	45	5.28	2
Matthew	13	5	5.28	2
Matthew	14	10	5.28	2
Matthew	14	24	5.28	2
Matthew	16	7	5.28	2
Matthew	18	26	5.28	2
Matthew	19	1	5.28	2
Matthew	19	12	5.28	2
Matthew	2	4	5.28	2
Matthew	20	6	5.28	2
Matthew	21	37	5.28	2
Matthew	21	40	5.28	2
Matthew	21	6	5.28	2
Matthew	22	33	5.28	2
Matthew	23	18	5.28	2
Matthew	25	2	5.28	2
Matthew	26	46	5.28	2
Matthew	27	9	5.28	2
Matthew	28	4	5.28	2
Nehemiah	11	10	5.28	2
Nehemiah	11	12	5.28	2
Nehemiah	12	26	5.28	2
Nehemiah	13	13	5.28	2
Nehemiah	2	5	5.28	2
Nehemiah	3	8	5.28	2
Nehemiah	6	12	5.28	2
Nehemiah	6	5	5.28	2
Nehemiah	7	16	5.28	2
Nehemiah	7	39	5.28	2
Nehemiah	7	64	5.28	2
Numbers	1	20	5.28	2
Numbers	1	42	5.28	2
Numbers	13	4	5.28	2
Numbers	14	7	5.28	2
Numbers	16	47	5.28	2
Numbers	16	6	5.28	2
Numbers	17	3	5.28	2
Numbers	19	5	5.28	2
Numbers	2	17	5.28	2
Numbers	2	7	5.28	2
Numbers	21	17	5.28	2
Numbers	21	26	5.28	2
Numbers	22	13	5.28	2
Numbers	22	19	5.28	2
Numbers	22	23	5.28	2
Numbers	22	36	5.28	2
Numbers	23	4	5.28	2
Numbers	26	28	5.28	2
Numbers	28	7	5.28	2
Numbers	3	21	5.28	2
Numbers	3	33	5.28	2
Numbers	3	8	5.28	2
Numbers	31	12	5.28	2
Numbers	31	29	5.28	2
Numbers	31	49	5.28	2
Numbers	31	7	5.28	2
Numbers	34	18	5.28	2
Numbers	34	4	5.28	2
Numbers	34	7	5.28	2
Numbers	35	34	5.28	2
Numbers	4	11	5.28	2
Numbers	4	2	5.28	2
Numbers	4	30	5.28	2
Numbers	4	47	5.28	2
Numbers	6	10	5.28	2
Numbers	7	17	5.28	2
Numbers	8	10	5.28	2
Philippians	4	23	5.28	2
Proverbs	1	3	5.28	2
Proverbs	11	17	5.28	2
Proverbs	11	23	5.28	2
Proverbs	17	28	5.28	2
Proverbs	19	28	5.28	2
Proverbs	20	11	5.28	2
Proverbs	22	1	5.28	2
Proverbs	24	34	5.28	2
Proverbs	25	4	5.28	2
Proverbs	27	11	5.28	2
Proverbs	27	6	5.28	2
Proverbs	31	23	5.28	2
Proverbs	31	31	5.28	2
Proverbs	31	5	5.28	2
Proverbs	5	13	5.28	2
Proverbs	8	21	5.28	2
Psalms	103	18	5.28	2
Psalms	103	21	5.28	2
Psalms	103	7	5.28	2
Psalms	106	27	5.28	2
Psalms	107	39	5.28	2
Psalms	108	2	5.28	2
Psalms	119	65	5.28	2
Psalms	122	3	5.28	2
Psalms	129	3	5.28	2
Psalms	132	10	5.28	2
Psalms	136	21	5.28	2
Psalms	137	9	5.28	2
Psalms	149	9	5.28	2
Psalms	18	24	5.28	2
Psalms	18	29	5.28	2
Psalms	18	38	5.28	2
Psalms	38	17	5.28	2
Psalms	44	15	5.28	2
Psalms	49	2	5.28	2
Psalms	55	14	5.28	2
Psalms	59	14	5.28	2
Psalms	66	2	5.28	2
Psalms	69	5	5.28	2
Psalms	78	21	5.28	2
Psalms	78	31	5.28	2
Psalms	78	48	5.28	2
Psalms	88	16	5.28	2
Psalms	89	44	5.28	2
Psalms	90	15	5.28	2
Psalms	99	2	5.28	2
Revelation	17	10	5.28	2
Revelation	7	6	5.28	2
Revelation	7	8	5.28	2
Romans	16	11	5.28	2
Romans	16	9	5.28	2
Romans	3	17	5.28	2
Romans	4	10	5.28	2
Romans	7	17	5.28	2
Song of Solomon	1	17	5.28	2
Song of Solomon	4	4	5.28	2
Song of Solomon	5	11	5.28	2
Song of Solomon	7	11	5.28	2
Song of Solomon	7	7	5.28	2
Song of Solomon	8	8	5.28	2
Zechariah	9	7	5.28	2
Zephaniah	1	11	5.28	2
Zephaniah	3	18	5.28	2
1 Chronicles	11	14	5.08	2
1 Chronicles	12	29	5.08	2
1 Chronicles	13	6	5.08	2
1 Chronicles	2	53	5.08	2
1 Chronicles	21	17	5.08	2
1 Chronicles	26	24	5.08	2
1 Chronicles	27	5	5.08	2
1 Chronicles	28	7	5.08	2
1 Chronicles	4	1	5.08	2
1 Chronicles	4	41	5.08	2
1 Chronicles	5	10	5.08	2
1 Chronicles	6	10	5.08	2
1 Chronicles	7	6	5.08	2
1 Chronicles	9	23	5.08	2
1 Corinthians	10	29	5.08	2
1 Corinthians	14	22	5.08	2
1 Corinthians	15	11	5.08	2
1 Corinthians	7	37	5.08	2
1 Kings	12	2	5.08	2
1 Kings	14	3	5.08	2
1 Kings	15	32	5.08	2
1 Kings	16	32	5.08	2
1 Kings	17	14	5.08	2
1 Kings	2	13	5.08	2
1 Kings	2	6	5.08	2
1 Kings	20	7	5.08	2
1 Kings	5	16	5.08	2
1 Kings	7	9	5.08	2
1 Samuel	13	1	5.08	2
1 Samuel	13	11	5.08	2
1 Samuel	14	21	5.08	2
1 Samuel	14	25	5.08	2
1 Samuel	18	16	5.08	2
1 Samuel	18	9	5.08	2
1 Samuel	20	1	5.08	2
1 Samuel	24	16	5.08	2
1 Samuel	25	30	5.08	2
1 Samuel	25	7	5.08	2
1 Samuel	31	6	5.08	2
1 Samuel	9	3	5.08	2
2 Chronicles	17	6	5.08	2
2 Chronicles	18	10	5.08	2
2 Chronicles	20	11	5.08	2
2 Chronicles	21	2	5.08	2
2 Chronicles	22	9	5.08	2
2 Chronicles	35	23	5.08	2
2 Chronicles	6	32	5.08	2
2 Corinthians	3	10	5.08	2
2 Kings	1	1	5.08	2
2 Kings	10	24	5.08	2
2 Kings	13	17	5.08	2
2 Kings	15	7	5.08	2
2 Kings	22	10	5.08	2
2 Kings	9	6	5.08	2
2 Peter	2	11	5.08	2
2 Samuel	1	10	5.08	2
2 Samuel	10	11	5.08	2
2 Samuel	2	13	5.08	2
2 Samuel	2	17	5.08	2
2 Samuel	20	7	5.08	2
2 Samuel	3	12	5.08	2
2 Samuel	3	24	5.08	2
2 Samuel	8	7	5.08	2
2 Thessalonians	1	2	5.08	2
2 Thessalonians	2	6	5.08	2
3 John	1	7	5.08	2
Acts	1	19	5.08	2
Acts	1	23	5.08	2
Acts	11	9	5.08	2
Acts	19	32	5.08	2
Acts	21	7	5.08	2
Acts	22	8	5.08	2
Acts	24	20	5.08	2
Acts	24	26	5.08	2
Acts	25	15	5.08	2
Acts	27	17	5.08	2
Acts	28	11	5.08	2
Acts	28	7	5.08	2
Acts	8	6	5.08	2
Colossians	3	21	5.08	2
Daniel	3	10	5.08	2
Daniel	6	15	5.08	2
Deuteronomy	1	12	5.08	2
Deuteronomy	14	5	5.08	2
Deuteronomy	15	18	5.08	2
Deuteronomy	2	20	5.08	2
Deuteronomy	2	28	5.08	2
Deuteronomy	20	15	5.08	2
Deuteronomy	20	7	5.08	2
Deuteronomy	22	26	5.08	2
Deuteronomy	24	5	5.08	2
Deuteronomy	25	6	5.08	2
Deuteronomy	27	22	5.08	2
Deuteronomy	27	9	5.08	2
Deuteronomy	29	26	5.08	2
Deuteronomy	30	10	5.08	2
Ecclesiastes	11	4	5.08	2
Ecclesiastes	3	9	5.08	2
Ecclesiastes	4	7	5.08	2
Ecclesiastes	7	27	5.08	2
Esther	2	20	5.08	2
Esther	8	4	5.08	2
Esther	9	24	5.08	2
Exodus	10	5	5.08	2
Exodus	12	46	5.08	2
Exodus	15	27	5.08	2
Exodus	23	5	5.08	2
Exodus	29	31	5.08	2
Exodus	30	26	5.08	2
Exodus	35	19	5.08	2
Exodus	35	23	5.08	2
Exodus	35	26	5.08	2
Exodus	37	9	5.08	2
Exodus	40	8	5.08	2
Exodus	6	11	5.08	2
Exodus	6	15	5.08	2
Exodus	8	29	5.08	2
Exodus	9	9	5.08	2
Ezekiel	1	18	5.08	2
Ezekiel	1	27	5.08	2
Ezekiel	10	15	5.08	2
Ezekiel	11	15	5.08	2
Ezekiel	23	21	5.08	2
Ezekiel	27	14	5.08	2
Ezekiel	28	18	5.08	2
Ezekiel	30	23	5.08	2
Ezekiel	32	25	5.08	2
Ezekiel	36	7	5.08	2
Ezekiel	4	10	5.08	2
Ezekiel	40	35	5.08	2
Ezekiel	42	14	5.08	2
Ezekiel	45	24	5.08	2
Ezekiel	45	8	5.08	2
Ezekiel	48	28	5.08	2
Genesis	11	28	5.08	2
Genesis	13	6	5.08	2
Genesis	14	12	5.08	2
Genesis	19	20	5.08	2
Genesis	19	31	5.08	2
Genesis	19	36	5.08	2
Genesis	22	7	5.08	2
Genesis	24	28	5.08	2
Genesis	29	17	5.08	2
Genesis	29	27	5.08	2
Genesis	30	14	5.08	2
Genesis	30	35	5.08	2
Genesis	31	28	5.08	2
Genesis	31	37	5.08	2
Genesis	31	5	5.08	2
Genesis	31	6	5.08	2
Genesis	34	24	5.08	2
Genesis	39	12	5.08	2
Genesis	42	32	5.08	2
Genesis	44	29	5.08	2
Genesis	44	9	5.08	2
Genesis	46	19	5.08	2
Genesis	47	3	5.08	2
Genesis	7	14	5.08	2
Genesis	9	20	5.08	2
Hebrews	10	9	5.08	2
Hosea	12	14	5.08	2
Isaiah	16	12	5.08	2
Isaiah	19	12	5.08	2
Isaiah	21	14	5.08	2
Isaiah	23	5	5.08	2
Isaiah	3	3	5.08	2
Isaiah	32	4	5.08	2
Isaiah	38	2	5.08	2
Jeremiah	26	12	5.08	2
Jeremiah	27	1	5.08	2
Jeremiah	36	16	5.08	2
Jeremiah	40	15	5.08	2
Jeremiah	41	11	5.08	2
Jeremiah	46	16	5.08	2
Jeremiah	49	33	5.08	2
Jeremiah	49	4	5.08	2
Jeremiah	50	22	5.08	2
Jeremiah	7	7	5.08	2
Job	19	12	5.08	2
Job	21	22	5.08	2
Job	3	9	5.08	2
Job	31	14	5.08	2
Job	37	13	5.08	2
Job	37	17	5.08	2
Job	4	6	5.08	2
John	11	17	5.08	2
John	11	18	5.08	2
John	12	18	5.08	2
John	18	14	5.08	2
John	18	18	5.08	2
John	2	21	5.08	2
John	5	3	5.08	2
John	7	11	5.08	2
John	8	18	5.08	2
Joshua	10	21	5.08	2
Joshua	11	15	5.08	2
Joshua	12	23	5.08	2
Joshua	13	20	5.08	2
Joshua	15	17	5.08	2
Joshua	19	8	5.08	2
Joshua	19	9	5.08	2
Joshua	20	5	5.08	2
Joshua	21	23	5.08	2
Joshua	22	31	5.08	2
Joshua	22	34	5.08	2
Joshua	23	9	5.08	2
Joshua	3	12	5.08	2
Joshua	9	20	5.08	2
Judges	10	18	5.08	2
Judges	11	1	5.08	2
Judges	11	17	5.08	2
Judges	13	19	5.08	2
Judges	19	30	5.08	2
Judges	21	8	5.08	2
Judges	6	39	5.08	2
Judges	8	6	5.08	2
Judges	9	29	5.08	2
Leviticus	11	29	5.08	2
Leviticus	22	32	5.08	2
Leviticus	24	21	5.08	2
Leviticus	25	22	5.08	2
Leviticus	7	32	5.08	2
Luke	1	60	5.08	2
Luke	17	17	5.08	2
Luke	18	23	5.08	2
Luke	19	6	5.08	2
Luke	2	27	5.08	2
Luke	20	18	5.08	2
Luke	24	53	5.08	2
Luke	3	13	5.08	2
Luke	5	3	5.08	2
Luke	5	4	5.08	2
Luke	7	41	5.08	2
Luke	7	45	5.08	2
Luke	7	49	5.08	2
Luke	8	31	5.08	2
Luke	8	44	5.08	2
Luke	9	20	5.08	2
Mark	10	42	5.08	2
Mark	14	28	5.08	2
Mark	14	47	5.08	2
Mark	2	18	5.08	2
Mark	5	26	5.08	2
Mark	5	27	5.08	2
Mark	8	5	5.08	2
Mark	9	5	5.08	2
Matthew	13	28	5.08	2
Matthew	18	9	5.08	2
Matthew	21	7	5.08	2
Matthew	22	1	5.08	2
Matthew	22	8	5.08	2
Matthew	23	11	5.08	2
Matthew	26	1	5.08	2
Matthew	27	21	5.08	2
Micah	7	12	5.08	2
Nahum	3	6	5.08	2
Nehemiah	13	21	5.08	2
Nehemiah	3	4	5.08	2
Nehemiah	4	12	5.08	2
Nehemiah	4	15	5.08	2
Nehemiah	6	15	5.08	2
Nehemiah	6	3	5.08	2
Nehemiah	7	34	5.08	2
Nehemiah	7	7	5.08	2
Numbers	1	49	5.08	2
Numbers	14	39	5.08	2
Numbers	15	27	5.08	2
Numbers	16	17	5.08	2
Numbers	2	34	5.08	2
Numbers	20	22	5.08	2
Numbers	26	41	5.08	2
Numbers	26	54	5.08	2
Numbers	26	60	5.08	2
Numbers	28	30	5.08	2
Numbers	29	35	5.08	2
Numbers	32	36	5.08	2
Numbers	35	21	5.08	2
Numbers	5	18	5.08	2
Numbers	7	42	5.08	2
Numbers	8	4	5.08	2
Philippians	1	5	5.08	2
Philemon	1	11	5.08	2
Proverbs	13	23	5.08	2
Proverbs	14	33	5.08	2
Proverbs	15	21	5.08	2
Proverbs	16	26	5.08	2
Proverbs	17	11	5.08	2
Proverbs	19	8	5.08	2
Proverbs	23	28	5.08	2
Proverbs	27	13	5.08	2
Proverbs	31	1	5.08	2
Proverbs	6	30	5.08	2
Proverbs	7	12	5.08	2
Psalms	101	4	5.08	2
Psalms	104	10	5.08	2
Psalms	108	13	5.08	2
Psalms	113	6	5.08	2
Psalms	116	10	5.08	2
Psalms	116	19	5.08	2
Psalms	122	7	5.08	2
Psalms	127	5	5.08	2
Psalms	129	4	5.08	2
Psalms	66	8	5.08	2
Psalms	68	23	5.08	2
Psalms	76	4	5.08	2
Psalms	78	9	5.08	2
Psalms	82	7	5.08	2
Psalms	89	42	5.08	2
Psalms	95	4	5.08	2
Revelation	21	17	5.08	2
Revelation	5	7	5.08	2
Romans	16	22	5.08	2
Romans	2	26	5.08	2
Song of Solomon	7	13	5.08	2
Zechariah	4	3	5.08	2
Zechariah	4	5	5.08	2
Zechariah	5	6	5.08	2
1 Chronicles	1	51	4.87	2
1 Chronicles	16	23	4.87	2
1 Chronicles	18	6	4.87	2
1 Chronicles	19	16	4.87	2
1 Chronicles	2	24	4.87	2
1 Chronicles	2	5	4.87	2
1 Chronicles	26	22	4.87	2
1 Chronicles	26	31	4.87	2
1 Chronicles	4	28	4.87	2
1 Chronicles	6	78	4.87	2
1 Chronicles	7	24	4.87	2
1 Chronicles	9	16	4.87	2
1 Corinthians	12	22	4.87	2
1 Corinthians	14	11	4.87	2
1 Corinthians	14	30	4.87	2
1 Corinthians	7	38	4.87	2
1 Corinthians	9	8	4.87	2
1 Kings	10	7	4.87	2
1 Kings	13	30	4.87	2
1 Kings	15	15	4.87	2
1 Kings	18	37	4.87	2
1 Kings	20	24	4.87	2
1 Kings	4	11	4.87	2
1 Kings	5	15	4.87	2
1 Kings	6	27	4.87	2
1 Kings	8	45	4.87	2
1 Samuel	1	18	4.87	2
1 Samuel	10	3	4.87	2
1 Samuel	12	15	4.87	2
1 Samuel	14	33	4.87	2
1 Samuel	14	4	4.87	2
1 Samuel	16	20	4.87	2
1 Samuel	2	32	4.87	2
1 Samuel	20	29	4.87	2
1 Samuel	21	7	4.87	2
1 Samuel	25	19	4.87	2
1 Samuel	28	9	4.87	2
1 Samuel	29	5	4.87	2
1 Samuel	4	22	4.87	2
1 Samuel	5	7	4.87	2
1 Samuel	8	14	4.87	2
1 Samuel	9	17	4.87	2
1 Timothy	1	8	4.87	2
1 Timothy	2	13	4.87	2
2 Chronicles	17	2	4.87	2
2 Chronicles	2	2	4.87	2
2 Chronicles	20	33	4.87	2
2 Chronicles	25	1	4.87	2
2 Chronicles	32	18	4.87	2
2 Chronicles	34	22	4.87	2
2 Chronicles	35	4	4.87	2
2 Corinthians	9	3	4.87	2
2 Kings	10	35	4.87	2
2 Kings	12	11	4.87	2
2 Kings	16	19	4.87	2
2 Kings	18	10	4.87	2
2 Kings	18	24	4.87	2
2 Kings	20	10	4.87	2
2 Kings	20	18	4.87	2
2 Kings	3	10	4.87	2
2 Kings	4	12	4.87	2
2 Kings	4	18	4.87	2
2 Kings	9	10	4.87	2
2 Kings	9	19	4.87	2
2 Samuel	1	15	4.87	2
2 Samuel	10	19	4.87	2
2 Samuel	12	23	4.87	2
2 Samuel	13	11	4.87	2
2 Samuel	13	14	4.87	2
2 Samuel	16	3	4.87	2
2 Samuel	17	19	4.87	2
2 Samuel	2	2	4.87	2
2 Samuel	2	23	4.87	2
2 Samuel	2	28	4.87	2
2 Samuel	20	14	4.87	2
2 Samuel	22	5	4.87	2
2 Samuel	23	28	4.87	2
2 Samuel	5	12	4.87	2
2 Samuel	6	15	4.87	2
Acts	10	26	4.87	2
Acts	11	4	4.87	2
Acts	12	9	4.87	2
Acts	23	18	4.87	2
Acts	27	5	4.87	2
Acts	5	6	4.87	2
Acts	8	33	4.87	2
Acts	8	8	4.87	2
Acts	9	18	4.87	2
Daniel	11	11	4.87	2
Daniel	11	43	4.87	2
Daniel	2	29	4.87	2
Daniel	3	11	4.87	2
Daniel	4	16	4.87	2
Deuteronomy	15	5	4.87	2
Deuteronomy	17	4	4.87	2
Deuteronomy	20	13	4.87	2
Deuteronomy	21	4	4.87	2
Deuteronomy	30	12	4.87	2
Deuteronomy	30	8	4.87	2
Deuteronomy	31	25	4.87	2
Deuteronomy	31	30	4.87	2
Ecclesiastes	3	15	4.87	2
Ecclesiastes	6	8	4.87	2
Ecclesiastes	7	6	4.87	2
Esther	5	13	4.87	2
Esther	9	30	4.87	2
Exodus	11	10	4.87	2
Exodus	12	25	4.87	2
Exodus	2	6	4.87	2
Exodus	21	15	4.87	2
Exodus	21	30	4.87	2
Exodus	25	13	4.87	2
Exodus	26	32	4.87	2
Exodus	29	11	4.87	2
Exodus	29	34	4.87	2
Exodus	33	23	4.87	2
Exodus	4	9	4.87	2
Exodus	40	10	4.87	2
Exodus	7	12	4.87	2
Exodus	7	18	4.87	2
Exodus	8	23	4.87	2
Exodus	8	25	4.87	2
Exodus	8	26	4.87	2
Ezekiel	10	17	4.87	2
Ezekiel	11	2	4.87	2
Ezekiel	14	10	4.87	2
Ezekiel	14	6	4.87	2
Ezekiel	21	24	4.87	2
Ezekiel	21	32	4.87	2
Ezekiel	23	23	4.87	2
Ezekiel	25	4	4.87	2
Ezekiel	26	8	4.87	2
Ezekiel	30	17	4.87	2
Ezekiel	35	8	4.87	2
Ezekiel	36	9	4.87	2
Ezekiel	37	10	4.87	2
Ezekiel	6	4	4.87	2
Ezra	10	22	4.87	2
Ezra	2	25	4.87	2
Ezra	2	55	4.87	2
Ezra	4	5	4.87	2
Ezra	5	16	4.87	2
Ezra	8	2	4.87	2
Genesis	1	19	4.87	2
Genesis	1	21	4.87	2
Genesis	15	10	4.87	2
Genesis	15	20	4.87	2
Genesis	16	4	4.87	2
Genesis	17	9	4.87	2
Genesis	18	16	4.87	2
Genesis	2	12	4.87	2
Genesis	20	4	4.87	2
Genesis	21	20	4.87	2
Genesis	23	10	4.87	2
Genesis	24	43	4.87	2
Genesis	26	26	4.87	2
Genesis	27	12	4.87	2
Genesis	27	19	4.87	2
Genesis	27	8	4.87	2
Genesis	29	24	4.87	2
Genesis	3	21	4.87	2
Genesis	30	23	4.87	2
Genesis	31	10	4.87	2
Genesis	36	4	4.87	2
Genesis	37	13	4.87	2
Genesis	37	30	4.87	2
Genesis	38	30	4.87	2
Genesis	40	2	4.87	2
Genesis	40	22	4.87	2
Genesis	42	20	4.87	2
Genesis	46	14	4.87	2
Habakkuk	3	1	4.87	2
Hebrews	6	14	4.87	2
Hebrews	6	9	4.87	2
Isaiah	10	19	4.87	2
Isaiah	17	8	4.87	2
Isaiah	19	9	4.87	2
Isaiah	33	19	4.87	2
Isaiah	57	13	4.87	2
Isaiah	7	7	4.87	2
James	2	24	4.87	2
Jeremiah	27	21	4.87	2
Jeremiah	29	5	4.87	2
Jeremiah	37	16	4.87	2
Jeremiah	41	18	4.87	2
Jeremiah	43	6	4.87	2
Jeremiah	43	9	4.87	2
Jeremiah	49	10	4.87	2
Jeremiah	50	18	4.87	2
Jeremiah	51	21	4.87	2
Jeremiah	51	59	4.87	2
Job	1	18	4.87	2
Job	11	15	4.87	2
Job	11	19	4.87	2
Job	12	5	4.87	2
Job	13	16	4.87	2
Job	14	6	4.87	2
Job	16	14	4.87	2
Job	19	14	4.87	2
Job	19	5	4.87	2
Job	20	6	4.87	2
Job	21	9	4.87	2
Job	24	21	4.87	2
Job	27	15	4.87	2
Job	28	26	4.87	2
Job	29	1	4.87	2
Job	29	25	4.87	2
Job	3	18	4.87	2
Job	33	32	4.87	2
Job	4	16	4.87	2
Job	8	15	4.87	2
Joel	2	21	4.87	2
John	13	30	4.87	2
John	4	41	4.87	2
John	4	54	4.87	2
John	7	14	4.87	2
John	9	33	4.87	2
John	9	38	4.87	2
Jonah	2	10	4.87	2
Jonah	2	5	4.87	2
Joshua	13	26	4.87	2
Joshua	17	4	4.87	2
Joshua	18	23	4.87	2
Joshua	19	36	4.87	2
Joshua	2	17	4.87	2
Joshua	21	7	4.87	2
Joshua	22	10	4.87	2
Joshua	24	17	4.87	2
Joshua	9	18	4.87	2
Judges	11	16	4.87	2
Judges	12	4	4.87	2
Judges	15	1	4.87	2
Judges	18	9	4.87	2
Judges	20	46	4.87	2
Judges	8	3	4.87	2
Judges	8	32	4.87	2
Judges	9	17	4.87	2
Judges	9	57	4.87	2
Lamentations	3	63	4.87	2
Lamentations	5	19	4.87	2
Leviticus	11	5	4.87	2
Leviticus	15	7	4.87	2
Leviticus	16	32	4.87	2
Leviticus	18	7	4.87	2
Leviticus	21	18	4.87	2
Leviticus	25	31	4.87	2
Leviticus	25	34	4.87	2
Leviticus	25	53	4.87	2
Leviticus	4	33	4.87	2
Luke	11	17	4.87	2
Luke	11	26	4.87	2
Luke	12	27	4.87	2
Luke	14	24	4.87	2
Luke	14	8	4.87	2
Luke	15	25	4.87	2
Luke	18	19	4.87	2
Luke	18	25	4.87	2
Luke	18	30	4.87	2
Luke	19	28	4.87	2
Luke	2	16	4.87	2
Luke	22	16	4.87	2
Luke	22	23	4.87	2
Luke	24	23	4.87	2
Luke	4	19	4.87	2
Luke	5	16	4.87	2
Luke	5	18	4.87	2
Luke	7	43	4.87	2
Luke	8	26	4.87	2
Luke	8	4	4.87	2
Mark	11	19	4.87	2
Mark	11	28	4.87	2
Mark	16	13	4.87	2
Mark	2	11	4.87	2
Mark	2	21	4.87	2
Mark	3	1	4.87	2
Mark	3	29	4.87	2
Mark	4	5	4.87	2
Mark	5	36	4.87	2
Mark	9	42	4.87	2
Matthew	15	27	4.87	2
Matthew	19	9	4.87	2
Matthew	20	29	4.87	2
Matthew	22	41	4.87	2
Matthew	23	10	4.87	2
Matthew	27	15	4.87	2
Matthew	4	14	4.87	2
Matthew	8	22	4.87	2
Matthew	9	17	4.87	2
Micah	5	14	4.87	2
Nehemiah	11	18	4.87	2
Nehemiah	11	24	4.87	2
Nehemiah	11	35	4.87	2
Nehemiah	12	40	4.87	2
Nehemiah	12	42	4.87	2
Nehemiah	5	10	4.87	2
Nehemiah	6	10	4.87	2
Nehemiah	7	1	4.87	2
Nehemiah	7	37	4.87	2
Nehemiah	7	60	4.87	2
Numbers	10	36	4.87	2
Numbers	15	16	4.87	2
Numbers	15	9	4.87	2
Numbers	18	10	4.87	2
Numbers	18	27	4.87	2
Numbers	2	20	4.87	2
Numbers	2	29	4.87	2
Numbers	21	35	4.87	2
Numbers	22	22	4.87	2
Numbers	23	11	4.87	2
Numbers	24	23	4.87	2
Numbers	26	26	4.87	2
Numbers	27	7	4.87	2
Numbers	28	22	4.87	2
Numbers	28	5	4.87	2
Numbers	3	15	4.87	2
Numbers	3	18	4.87	2
Numbers	3	46	4.87	2
Numbers	33	3	4.87	2
Numbers	7	18	4.87	2
Numbers	8	17	4.87	2
Numbers	8	21	4.87	2
Proverbs	14	11	4.87	2
Proverbs	21	17	4.87	2
Proverbs	24	26	4.87	2
Proverbs	25	1	4.87	2
Proverbs	30	27	4.87	2
Proverbs	30	29	4.87	2
Proverbs	5	23	4.87	2
Proverbs	8	7	4.87	2
Psalms	102	6	4.87	2
Psalms	104	12	4.87	2
Psalms	106	31	4.87	2
Psalms	107	26	4.87	2
Psalms	107	36	4.87	2
Psalms	109	30	4.87	2
Psalms	119	172	4.87	2
Psalms	119	95	4.87	2
Psalms	29	4	4.87	2
Psalms	30	8	4.87	2
Psalms	54	6	4.87	2
Psalms	59	6	4.87	2
Psalms	66	11	4.87	2
Psalms	80	2	4.87	2
Psalms	85	11	4.87	2
Psalms	85	7	4.87	2
Revelation	13	9	4.87	2
Romans	11	10	4.87	2
Romans	14	16	4.87	2
Romans	4	22	4.87	2
Romans	6	7	4.87	2
Ruth	4	20	4.87	2
Ruth	4	22	4.87	2
Song of Solomon	2	5	4.87	2
1 Chronicles	1	12	4.66	2
1 Chronicles	1	30	4.66	2
1 Chronicles	1	41	4.66	2
1 Chronicles	11	22	4.66	2
1 Chronicles	14	13	4.66	2
1 Chronicles	17	14	4.66	2
1 Chronicles	17	22	4.66	2
1 Chronicles	17	24	4.66	2
1 Chronicles	17	7	4.66	2
1 Chronicles	2	42	4.66	2
1 Chronicles	20	5	4.66	2
1 Chronicles	21	6	4.66	2
1 Chronicles	23	29	4.66	2
1 Chronicles	23	8	4.66	2
1 Chronicles	24	30	4.66	2
1 Chronicles	26	15	4.66	2
1 Chronicles	27	12	4.66	2
1 Chronicles	27	17	4.66	2
1 Chronicles	5	16	4.66	2
1 Chronicles	5	19	4.66	2
1 Chronicles	5	9	4.66	2
1 Chronicles	6	76	4.66	2
1 Chronicles	9	27	4.66	2
1 Chronicles	9	4	4.66	2
1 Corinthians	14	35	4.66	2
1 Corinthians	15	16	4.66	2
1 Corinthians	15	29	4.66	2
1 Corinthians	16	7	4.66	2
1 Kings	1	10	4.66	2
1 Kings	1	2	4.66	2
1 Kings	11	42	4.66	2
1 Kings	12	12	4.66	2
1 Kings	12	21	4.66	2
1 Kings	12	5	4.66	2
1 Kings	12	7	4.66	2
1 Kings	13	7	4.66	2
1 Kings	15	10	4.66	2
1 Kings	15	17	4.66	2
1 Kings	16	28	4.66	2
1 Kings	18	43	4.66	2
1 Kings	21	16	4.66	2
1 Kings	7	24	4.66	2
1 Kings	8	3	4.66	2
1 Kings	8	52	4.66	2
1 Samuel	13	22	4.66	2
1 Samuel	13	8	4.66	2
1 Samuel	14	22	4.66	2
1 Samuel	17	35	4.66	2
1 Samuel	2	16	4.66	2
1 Samuel	20	6	4.66	2
1 Samuel	22	16	4.66	2
1 Samuel	23	27	4.66	2
1 Samuel	28	11	4.66	2
1 Samuel	30	2	4.66	2
1 Samuel	30	21	4.66	2
1 Samuel	31	13	4.66	2
1 Samuel	6	3	4.66	2
1 Samuel	8	18	4.66	2
1 Samuel	8	4	4.66	2
1 Samuel	9	25	4.66	2
1 Timothy	3	13	4.66	2
1 Timothy	3	14	4.66	2
2 Chronicles	11	9	4.66	2
2 Chronicles	15	14	4.66	2
2 Chronicles	19	4	4.66	2
2 Chronicles	22	5	4.66	2
2 Chronicles	23	20	4.66	2
2 Chronicles	23	6	4.66	2
2 Chronicles	26	21	4.66	2
2 Chronicles	29	16	4.66	2
2 Chronicles	29	35	4.66	2
2 Chronicles	31	6	4.66	2
2 Chronicles	32	3	4.66	2
2 Chronicles	33	24	4.66	2
2 Chronicles	35	17	4.66	2
2 Chronicles	36	8	4.66	2
2 Chronicles	5	3	4.66	2
2 Chronicles	9	13	4.66	2
2 Chronicles	9	24	4.66	2
2 Corinthians	11	8	4.66	2
2 Kings	11	20	4.66	2
2 Kings	12	9	4.66	2
2 Kings	13	1	4.66	2
2 Kings	15	23	4.66	2
2 Kings	15	3	4.66	2
2 Kings	17	28	4.66	2
2 Kings	2	13	4.66	2
2 Kings	21	19	4.66	2
2 Kings	25	29	4.66	2
2 Kings	5	21	4.66	2
2 Samuel	13	34	4.66	2
2 Samuel	14	33	4.66	2
2 Samuel	22	26	4.66	2
2 Samuel	22	36	4.66	2
2 Samuel	22	45	4.66	2
2 Samuel	23	10	4.66	2
2 Samuel	23	27	4.66	2
2 Samuel	24	5	4.66	2
2 Samuel	5	15	4.66	2
2 Samuel	7	4	4.66	2
2 Timothy	1	17	4.66	2
Acts	10	16	4.66	2
Acts	12	8	4.66	2
Acts	14	20	4.66	2
Acts	15	33	4.66	2
Acts	2	18	4.66	2
Acts	21	29	4.66	2
Acts	26	15	4.66	2
Acts	27	19	4.66	2
Acts	27	40	4.66	2
Acts	7	31	4.66	2
Amos	5	26	4.66	2
Daniel	2	31	4.66	2
Daniel	2	7	4.66	2
Daniel	4	26	4.66	2
Daniel	4	4	4.66	2
Deuteronomy	1	24	4.66	2
Deuteronomy	18	6	4.66	2
Deuteronomy	2	16	4.66	2
Deuteronomy	2	27	4.66	2
Deuteronomy	21	6	4.66	2
Deuteronomy	21	9	4.66	2
Deuteronomy	22	1	4.66	2
Deuteronomy	23	6	4.66	2
Deuteronomy	29	13	4.66	2
Deuteronomy	29	16	4.66	2
Deuteronomy	29	8	4.66	2
Deuteronomy	3	29	4.66	2
Deuteronomy	32	44	4.66	2
Deuteronomy	33	14	4.66	2
Deuteronomy	8	20	4.66	2
Ecclesiastes	2	12	4.66	2
Ecclesiastes	3	10	4.66	2
Ecclesiastes	3	2	4.66	2
Ecclesiastes	7	24	4.66	2
Esther	3	14	4.66	2
Esther	6	14	4.66	2
Esther	8	7	4.66	2
Esther	9	27	4.66	2
Exodus	1	19	4.66	2
Exodus	10	6	4.66	2
Exodus	10	8	4.66	2
Exodus	16	27	4.66	2
Exodus	18	17	4.66	2
Exodus	2	17	4.66	2
Exodus	22	10	4.66	2
Exodus	22	30	4.66	2
Exodus	24	14	4.66	2
Exodus	25	27	4.66	2
Exodus	26	25	4.66	2
Exodus	26	26	4.66	2
Exodus	29	16	4.66	2
Exodus	29	3	4.66	2
Exodus	33	22	4.66	2
Exodus	35	4	4.66	2
Exodus	39	40	4.66	2
Exodus	5	16	4.66	2
Exodus	5	17	4.66	2
Exodus	5	5	4.66	2
Exodus	9	19	4.66	2
Ezekiel	1	14	4.66	2
Ezekiel	10	11	4.66	2
Ezekiel	10	12	4.66	2
Ezekiel	10	6	4.66	2
Ezekiel	10	7	4.66	2
Ezekiel	13	4	4.66	2
Ezekiel	15	8	4.66	2
Ezekiel	16	21	4.66	2
Ezekiel	19	7	4.66	2
Ezekiel	20	17	4.66	2
Ezekiel	20	36	4.66	2
Ezekiel	20	48	4.66	2
Ezekiel	23	17	4.66	2
Ezekiel	24	26	4.66	2
Ezekiel	26	4	4.66	2
Ezekiel	27	33	4.66	2
Ezekiel	27	8	4.66	2
Ezekiel	3	3	4.66	2
Ezekiel	3	5	4.66	2
Ezekiel	30	22	4.66	2
Ezekiel	33	32	4.66	2
Ezekiel	40	10	4.66	2
Ezekiel	40	38	4.66	2
Ezekiel	40	47	4.66	2
Ezekiel	41	12	4.66	2
Ezekiel	43	13	4.66	2
Ezekiel	43	20	4.66	2
Ezekiel	44	14	4.66	2
Ezekiel	45	19	4.66	2
Ezekiel	45	5	4.66	2
Ezekiel	47	19	4.66	2
Ezekiel	47	20	4.66	2
Ezekiel	47	3	4.66	2
Ezekiel	47	7	4.66	2
Ezra	1	8	4.66	2
Ezra	10	28	4.66	2
Ezra	2	39	4.66	2
Ezra	4	16	4.66	2
Ezra	8	26	4.66	2
Genesis	11	24	4.66	2
Genesis	13	12	4.66	2
Genesis	18	26	4.66	2
Genesis	19	38	4.66	2
Genesis	21	3	4.66	2
Genesis	25	16	4.66	2
Genesis	25	33	4.66	2
Genesis	26	15	4.66	2
Genesis	26	16	4.66	2
Genesis	26	18	4.66	2
Genesis	27	20	4.66	2
Genesis	27	31	4.66	2
Genesis	30	17	4.66	2
Genesis	35	15	4.66	2
Genesis	35	24	4.66	2
Genesis	36	13	4.66	2
Genesis	36	33	4.66	2
Genesis	37	12	4.66	2
Genesis	37	22	4.66	2
Genesis	4	21	4.66	2
Genesis	4	24	4.66	2
Genesis	40	21	4.66	2
Genesis	43	18	4.66	2
Genesis	43	25	4.66	2
Genesis	44	13	4.66	2
Genesis	45	18	4.66	2
Genesis	46	28	4.66	2
Genesis	46	32	4.66	2
Genesis	47	4	4.66	2
Genesis	47	8	4.66	2
Genesis	50	21	4.66	2
Genesis	8	12	4.66	2
Hebrews	4	10	4.66	2
Hebrews	9	16	4.66	2
Isaiah	14	10	4.66	2
Isaiah	14	7	4.66	2
Isaiah	21	7	4.66	2
Isaiah	22	17	4.66	2
Isaiah	29	8	4.66	2
Isaiah	33	13	4.66	2
Isaiah	37	34	4.66	2
Isaiah	38	21	4.66	2
Jeremiah	18	4	4.66	2
Jeremiah	20	13	4.66	2
Jeremiah	28	11	4.66	2
Jeremiah	32	25	4.66	2
Jeremiah	32	31	4.66	2
Jeremiah	41	17	4.66	2
Jeremiah	43	1	4.66	2
Jeremiah	46	12	4.66	2
Jeremiah	46	20	4.66	2
Jeremiah	51	54	4.66	2
Jeremiah	52	2	4.66	2
Jeremiah	52	30	4.66	2
Job	14	19	4.66	2
Job	15	11	4.66	2
Job	15	18	4.66	2
Job	15	24	4.66	2
Job	16	16	4.66	2
Job	19	17	4.66	2
Job	21	25	4.66	2
Job	23	9	4.66	2
Job	24	19	4.66	2
Job	27	19	4.66	2
Job	29	10	4.66	2
Job	29	22	4.66	2
Job	29	4	4.66	2
Job	31	18	4.66	2
Job	31	30	4.66	2
Job	33	21	4.66	2
Job	34	25	4.66	2
Job	35	5	4.66	2
Job	40	3	4.66	2
Job	5	1	4.66	2
Job	6	8	4.66	2
Job	7	9	4.66	2
Joel	3	7	4.66	2
John	1	44	4.66	2
John	13	12	4.66	2
John	14	4	4.66	2
John	19	27	4.66	2
John	19	33	4.66	2
John	2	20	4.66	2
John	20	4	4.66	2
John	20	5	4.66	2
John	21	3	4.66	2
John	4	2	4.66	2
John	6	59	4.66	2
John	6	6	4.66	2
John	6	71	4.66	2
John	9	15	4.66	2
Joshua	10	41	4.66	2
Joshua	12	5	4.66	2
Joshua	12	8	4.66	2
Joshua	15	36	4.66	2
Joshua	15	49	4.66	2
Joshua	19	2	4.66	2
Joshua	19	43	4.66	2
Joshua	19	5	4.66	2
Joshua	19	50	4.66	2
Joshua	21	14	4.66	2
Joshua	21	24	4.66	2
Joshua	22	26	4.66	2
Joshua	24	16	4.66	2
Joshua	8	18	4.66	2
Joshua	8	22	4.66	2
Joshua	9	25	4.66	2
Judges	1	14	4.66	2
Judges	10	11	4.66	2
Judges	16	10	4.66	2
Judges	18	12	4.66	2
Judges	19	2	4.66	2
Judges	19	3	4.66	2
Judges	2	5	4.66	2
Judges	20	10	4.66	2
Judges	20	13	4.66	2
Judges	20	32	4.66	2
Judges	21	13	4.66	2
Judges	3	21	4.66	2
Judges	5	25	4.66	2
Judges	6	18	4.66	2
Judges	7	4	4.66	2
Judges	8	15	4.66	2
Judges	8	16	4.66	2
Lamentations	3	11	4.66	2
Lamentations	3	51	4.66	2
Lamentations	3	61	4.66	2
Leviticus	11	10	4.66	2
Leviticus	11	22	4.66	2
Leviticus	11	43	4.66	2
Leviticus	13	51	4.66	2
Leviticus	14	1	4.66	2
Leviticus	16	20	4.66	2
Leviticus	17	16	4.66	2
Leviticus	18	17	4.66	2
Leviticus	21	20	4.66	2
Leviticus	23	12	4.66	2
Leviticus	24	9	4.66	2
Leviticus	25	13	4.66	2
Leviticus	25	48	4.66	2
Leviticus	3	15	4.66	2
Leviticus	7	13	4.66	2
Luke	10	36	4.66	2
Luke	12	41	4.66	2
Luke	12	52	4.66	2
Luke	12	55	4.66	2
Luke	12	59	4.66	2
Luke	13	20	4.66	2
Luke	14	17	4.66	2
Luke	14	5	4.66	2
Luke	17	13	4.66	2
Luke	19	15	4.66	2
Luke	20	38	4.66	2
Luke	21	29	4.66	2
Luke	22	65	4.66	2
Luke	23	9	4.66	2
Luke	24	33	4.66	2
Luke	5	9	4.66	2
Luke	6	5	4.66	2
Luke	7	31	4.66	2
Luke	7	48	4.66	2
Luke	8	34	4.66	2
Luke	8	40	4.66	2
Luke	8	50	4.66	2
Luke	9	36	4.66	2
Mark	1	38	4.66	2
Mark	10	5	4.66	2
Mark	14	15	4.66	2
Mark	14	4	4.66	2
Mark	14	5	4.66	2
Mark	2	2	4.66	2
Mark	3	27	4.66	2
Mark	4	25	4.66	2
Mark	4	7	4.66	2
Mark	5	20	4.66	2
Mark	6	1	4.66	2
Mark	6	22	4.66	2
Mark	7	11	4.66	2
Mark	7	19	4.66	2
Mark	9	36	4.66	2
Matthew	12	12	4.66	2
Matthew	13	26	4.66	2
Matthew	13	4	4.66	2
Matthew	14	32	4.66	2
Matthew	16	15	4.66	2
Matthew	18	27	4.66	2
Matthew	20	32	4.66	2
Matthew	21	2	4.66	2
Matthew	21	3	4.66	2
Matthew	22	19	4.66	2
Matthew	24	46	4.66	2
Matthew	26	16	4.66	2
Matthew	26	22	4.66	2
Matthew	26	8	4.66	2
Matthew	27	36	4.66	2
Matthew	4	22	4.66	2
Matthew	7	8	4.66	2
Matthew	9	5	4.66	2
Nehemiah	10	30	4.66	2
Nehemiah	11	20	4.66	2
Nehemiah	11	23	4.66	2
Nehemiah	11	6	4.66	2
Nehemiah	11	9	4.66	2
Nehemiah	13	18	4.66	2
Nehemiah	3	25	4.66	2
Nehemiah	4	17	4.66	2
Nehemiah	6	16	4.66	2
Nehemiah	7	15	4.66	2
Nehemiah	7	22	4.66	2
Numbers	13	1	4.66	2
Numbers	14	20	4.66	2
Numbers	15	18	4.66	2
Numbers	15	2	4.66	2
Numbers	15	22	4.66	2
Numbers	15	41	4.66	2
Numbers	16	39	4.66	2
Numbers	19	4	4.66	2
Numbers	2	22	4.66	2
Numbers	2	27	4.66	2
Numbers	20	18	4.66	2
Numbers	21	18	4.66	2
Numbers	25	3	4.66	2
Numbers	26	25	4.66	2
Numbers	26	37	4.66	2
Numbers	26	44	4.66	2
Numbers	33	1	4.66	2
Numbers	35	10	4.66	2
Numbers	4	25	4.66	2
Numbers	5	12	4.66	2
Numbers	7	24	4.66	2
Numbers	7	36	4.66	2
Numbers	7	60	4.66	2
Numbers	7	66	4.66	2
Numbers	7	72	4.66	2
Numbers	7	78	4.66	2
Obadiah	1	13	4.66	2
Philippians	3	11	4.66	2
Proverbs	14	19	4.66	2
Proverbs	14	34	4.66	2
Proverbs	15	15	4.66	2
Proverbs	17	26	4.66	2
Proverbs	17	4	4.66	2
Proverbs	2	9	4.66	2
Proverbs	22	18	4.66	2
Proverbs	25	26	4.66	2
Proverbs	26	22	4.66	2
Proverbs	26	9	4.66	2
Proverbs	30	10	4.66	2
Proverbs	31	9	4.66	2
Proverbs	5	10	4.66	2
Proverbs	8	8	4.66	2
Psalms	104	23	4.66	2
Psalms	105	22	4.66	2
Psalms	107	3	4.66	2
Psalms	108	5	4.66	2
Psalms	109	26	4.66	2
Psalms	113	1	4.66	2
Psalms	119	108	4.66	2
Psalms	119	52	4.66	2
Psalms	150	2	4.66	2
Psalms	17	2	4.66	2
Psalms	41	4	4.66	2
Psalms	49	8	4.66	2
Psalms	55	18	4.66	2
Psalms	55	19	4.66	2
Psalms	59	8	4.66	2
Psalms	66	14	4.66	2
Psalms	69	11	4.66	2
Psalms	77	8	4.66	2
Psalms	78	16	4.66	2
Psalms	78	62	4.66	2
Psalms	78	63	4.66	2
Psalms	86	7	4.66	2
Psalms	94	13	4.66	2
Psalms	94	19	4.66	2
Psalms	96	12	4.66	2
Revelation	13	17	4.66	2
Revelation	2	15	4.66	2
Revelation	6	5	4.66	2
Ruth	1	18	4.66	2
Ruth	1	8	4.66	2
Ruth	4	6	4.66	2
Zechariah	13	5	4.66	2
Zechariah	6	4	4.66	2
Zechariah	8	15	4.66	2
1 Chronicles	1	20	4.44	2
1 Chronicles	1	28	4.44	2
1 Chronicles	1	34	4.44	2
1 Chronicles	1	9	4.44	2
1 Chronicles	11	25	4.44	2
1 Chronicles	11	40	4.44	2
1 Chronicles	12	20	4.44	2
1 Chronicles	12	22	4.44	2
1 Chronicles	12	37	4.44	2
1 Chronicles	13	10	4.44	2
1 Chronicles	13	12	4.44	2
1 Chronicles	15	20	4.44	2
1 Chronicles	15	22	4.44	2
1 Chronicles	16	13	4.44	2
1 Chronicles	16	3	4.44	2
1 Chronicles	17	2	4.44	2
1 Chronicles	17	20	4.44	2
1 Chronicles	17	3	4.44	2
1 Chronicles	18	10	4.44	2
1 Chronicles	19	9	4.44	2
1 Chronicles	2	45	4.44	2
1 Chronicles	2	49	4.44	2
1 Chronicles	21	13	4.44	2
1 Chronicles	21	8	4.44	2
1 Chronicles	22	17	4.44	2
1 Chronicles	23	14	4.44	2
1 Chronicles	23	15	4.44	2
1 Chronicles	23	22	4.44	2
1 Chronicles	24	19	4.44	2
1 Chronicles	24	7	4.44	2
1 Chronicles	26	32	4.44	2
1 Chronicles	26	8	4.44	2
1 Chronicles	27	16	4.44	2
1 Chronicles	27	18	4.44	2
1 Chronicles	3	14	4.44	2
1 Chronicles	4	14	4.44	2
1 Chronicles	4	43	4.44	2
1 Chronicles	5	18	4.44	2
1 Chronicles	6	29	4.44	2
1 Chronicles	6	48	4.44	2
1 Chronicles	6	57	4.44	2
1 Chronicles	6	63	4.44	2
1 Chronicles	6	80	4.44	2
1 Chronicles	8	13	4.44	2
1 Chronicles	9	13	4.44	2
1 Chronicles	9	24	4.44	2
1 Chronicles	9	5	4.44	2
1 Chronicles	9	6	4.44	2
1 Corinthians	11	6	4.44	2
1 Corinthians	14	31	4.44	2
1 Corinthians	14	8	4.44	2
1 Corinthians	14	9	4.44	2
1 Corinthians	15	46	4.44	2
1 Corinthians	7	30	4.44	2
1 Kings	1	16	4.44	2
1 Kings	1	3	4.44	2
1 Kings	1	32	4.44	2
1 Kings	10	3	4.44	2
1 Kings	10	6	4.44	2
1 Kings	11	39	4.44	2
1 Kings	13	20	4.44	2
1 Kings	14	18	4.44	2
1 Kings	14	4	4.44	2
1 Kings	16	6	4.44	2
1 Kings	18	32	4.44	2
1 Kings	18	7	4.44	2
1 Kings	2	20	4.44	2
1 Kings	2	39	4.44	2
1 Kings	20	14	4.44	2
1 Kings	20	29	4.44	2
1 Kings	20	41	4.44	2
1 Kings	20	6	4.44	2
1 Kings	21	17	4.44	2
1 Kings	22	32	4.44	2
1 Kings	22	38	4.44	2
1 Kings	22	52	4.44	2
1 Kings	3	3	4.44	2
1 Kings	4	2	4.44	2
1 Kings	4	28	4.44	2
1 Kings	6	22	4.44	2
1 Kings	8	24	4.44	2
1 Kings	9	18	4.44	2
1 Samuel	11	12	4.44	2
1 Samuel	14	13	4.44	2
1 Samuel	14	26	4.44	2
1 Samuel	14	9	4.44	2
1 Samuel	17	54	4.44	2
1 Samuel	19	17	4.44	2
1 Samuel	20	21	4.44	2
1 Samuel	20	26	4.44	2
1 Samuel	22	11	4.44	2
1 Samuel	22	22	4.44	2
1 Samuel	23	24	4.44	2
1 Samuel	23	5	4.44	2
1 Samuel	25	11	4.44	2
1 Samuel	27	4	4.44	2
1 Samuel	28	23	4.44	2
1 Samuel	28	5	4.44	2
1 Samuel	30	20	4.44	2
1 Samuel	31	8	4.44	2
1 Samuel	8	17	4.44	2
1 Samuel	9	26	4.44	2
1 Timothy	5	18	4.44	2
2 Chronicles	1	8	4.44	2
2 Chronicles	11	12	4.44	2
2 Chronicles	11	7	4.44	2
2 Chronicles	13	1	4.44	2
2 Chronicles	13	19	4.44	2
2 Chronicles	14	10	4.44	2
2 Chronicles	14	4	4.44	2
2 Chronicles	16	11	4.44	2
2 Chronicles	16	6	4.44	2
2 Chronicles	18	17	4.44	2
2 Chronicles	18	20	4.44	2
2 Chronicles	18	27	4.44	2
2 Chronicles	18	4	4.44	2
2 Chronicles	2	9	4.44	2
2 Chronicles	20	35	4.44	2
2 Chronicles	20	37	4.44	2
2 Chronicles	20	8	4.44	2
2 Chronicles	22	11	4.44	2
2 Chronicles	23	17	4.44	2
2 Chronicles	23	19	4.44	2
2 Chronicles	23	9	4.44	2
2 Chronicles	24	11	4.44	2
2 Chronicles	24	12	4.44	2
2 Chronicles	24	27	4.44	2
2 Chronicles	25	10	4.44	2
2 Chronicles	25	12	4.44	2
2 Chronicles	25	13	4.44	2
2 Chronicles	26	11	4.44	2
2 Chronicles	26	15	4.44	2
2 Chronicles	27	2	4.44	2
2 Chronicles	28	12	4.44	2
2 Chronicles	28	25	4.44	2
2 Chronicles	28	4	4.44	2
2 Chronicles	29	14	4.44	2
2 Chronicles	29	20	4.44	2
2 Chronicles	29	23	4.44	2
2 Chronicles	3	10	4.44	2
2 Chronicles	3	17	4.44	2
2 Chronicles	3	9	4.44	2
2 Chronicles	31	13	4.44	2
2 Chronicles	32	4	4.44	2
2 Chronicles	33	8	4.44	2
2 Chronicles	34	13	4.44	2
2 Chronicles	34	26	4.44	2
2 Chronicles	35	12	4.44	2
2 Chronicles	35	13	4.44	2
2 Chronicles	4	21	4.44	2
2 Chronicles	6	14	4.44	2
2 Chronicles	6	21	4.44	2
2 Chronicles	6	22	4.44	2
2 Chronicles	6	39	4.44	2
2 Chronicles	6	42	4.44	2
2 Chronicles	8	17	4.44	2
2 Chronicles	9	5	4.44	2
2 Chronicles	9	7	4.44	2
2 Corinthians	12	4	4.44	2
2 Corinthians	2	2	4.44	2
2 Corinthians	8	17	4.44	2
2 Kings	1	15	4.44	2
2 Kings	10	19	4.44	2
2 Kings	10	22	4.44	2
2 Kings	11	16	4.44	2
2 Kings	11	8	4.44	2
2 Kings	12	14	4.44	2
2 Kings	14	24	4.44	2
2 Kings	15	36	4.44	2
2 Kings	15	38	4.44	2
2 Kings	16	11	4.44	2
2 Kings	17	22	4.44	2
2 Kings	19	11	4.44	2
2 Kings	19	33	4.44	2
2 Kings	2	20	4.44	2
2 Kings	20	2	4.44	2
2 Kings	20	9	4.44	2
2 Kings	21	20	4.44	2
2 Kings	21	22	4.44	2
2 Kings	21	23	4.44	2
2 Kings	21	24	4.44	2
2 Kings	24	11	4.44	2
2 Kings	3	12	4.44	2
2 Kings	4	3	4.44	2
2 Kings	4	37	4.44	2
2 Kings	6	13	4.44	2
2 Kings	7	7	4.44	2
2 Kings	9	28	4.44	2
2 Samuel	1	1	4.44	2
2 Samuel	1	27	4.44	2
2 Samuel	1	9	4.44	2
2 Samuel	10	4	4.44	2
2 Samuel	12	12	4.44	2
2 Samuel	12	20	4.44	2
2 Samuel	13	32	4.44	2
2 Samuel	13	38	4.44	2
2 Samuel	14	27	4.44	2
2 Samuel	15	28	4.44	2
2 Samuel	18	11	4.44	2
2 Samuel	19	7	4.44	2
2 Samuel	21	10	4.44	2
2 Samuel	21	22	4.44	2
2 Samuel	22	29	4.44	2
2 Samuel	22	38	4.44	2
2 Samuel	22	40	4.44	2
2 Samuel	22	41	4.44	2
2 Samuel	22	50	4.44	2
2 Samuel	22	9	4.44	2
2 Samuel	3	17	4.44	2
2 Samuel	3	37	4.44	2
2 Samuel	5	8	4.44	2
2 Samuel	7	17	4.44	2
2 Samuel	9	11	4.44	2
Acts	10	12	4.44	2
Acts	12	10	4.44	2
Acts	12	13	4.44	2
Acts	12	18	4.44	2
Acts	13	28	4.44	2
Acts	13	37	4.44	2
Acts	15	30	4.44	2
Acts	17	20	4.44	2
Acts	19	31	4.44	2
Acts	19	38	4.44	2
Acts	19	40	4.44	2
Acts	21	1	4.44	2
Acts	23	20	4.44	2
Acts	24	4	4.44	2
Acts	25	18	4.44	2
Acts	25	5	4.44	2
Acts	27	30	4.44	2
Acts	7	25	4.44	2
Acts	8	23	4.44	2
Amos	2	16	4.44	2
Amos	5	9	4.44	2
Amos	6	7	4.44	2
Amos	8	12	4.44	2
Colossians	4	13	4.44	2
Daniel	10	15	4.44	2
Daniel	11	24	4.44	2
Daniel	11	26	4.44	2
Daniel	11	44	4.44	2
Daniel	2	24	4.44	2
Daniel	2	26	4.44	2
Daniel	2	33	4.44	2
Daniel	3	22	4.44	2
Daniel	3	30	4.44	2
Daniel	4	29	4.44	2
Deuteronomy	1	23	4.44	2
Deuteronomy	1	27	4.44	2
Deuteronomy	1	5	4.44	2
Deuteronomy	10	3	4.44	2
Deuteronomy	16	15	4.44	2
Deuteronomy	16	20	4.44	2
Deuteronomy	18	14	4.44	2
Deuteronomy	18	17	4.44	2
Deuteronomy	2	11	4.44	2
Deuteronomy	21	11	4.44	2
Deuteronomy	22	4	4.44	2
Deuteronomy	23	15	4.44	2
Deuteronomy	23	2	4.44	2
Deuteronomy	24	4	4.44	2
Deuteronomy	26	3	4.44	2
Deuteronomy	27	14	4.44	2
Deuteronomy	27	18	4.44	2
Deuteronomy	29	14	4.44	2
Deuteronomy	29	17	4.44	2
Deuteronomy	29	6	4.44	2
Deuteronomy	33	6	4.44	2
Deuteronomy	4	44	4.44	2
Deuteronomy	5	13	4.44	2
Deuteronomy	9	11	4.44	2
Ecclesiastes	10	18	4.44	2
Ecclesiastes	10	6	4.44	2
Ecclesiastes	2	20	4.44	2
Ecclesiastes	3	21	4.44	2
Ecclesiastes	7	10	4.44	2
Ecclesiastes	7	14	4.44	2
Ecclesiastes	7	21	4.44	2
Ecclesiastes	9	4	4.44	2
Ecclesiastes	9	6	4.44	2
Ephesians	5	29	4.44	2
Esther	1	13	4.44	2
Esther	1	16	4.44	2
Esther	1	5	4.44	2
Esther	2	2	4.44	2
Esther	4	8	4.44	2
Esther	6	9	4.44	2
Esther	8	1	4.44	2
Exodus	10	11	4.44	2
Exodus	10	22	4.44	2
Exodus	13	13	4.44	2
Exodus	14	7	4.44	2
Exodus	16	19	4.44	2
Exodus	18	14	4.44	2
Exodus	18	2	4.44	2
Exodus	19	17	4.44	2
Exodus	21	10	4.44	2
Exodus	21	26	4.44	2
Exodus	21	34	4.44	2
Exodus	21	7	4.44	2
Exodus	23	30	4.44	2
Exodus	25	7	4.44	2
Exodus	28	22	4.44	2
Exodus	28	31	4.44	2
Exodus	28	5	4.44	2
Exodus	29	32	4.44	2
Exodus	30	14	4.44	2
Exodus	30	24	4.44	2
Exodus	30	5	4.44	2
Exodus	31	7	4.44	2
Exodus	33	7	4.44	2
Exodus	34	3	4.44	2
Exodus	35	13	4.44	2
Exodus	35	8	4.44	2
Exodus	38	17	4.44	2
Exodus	38	2	4.44	2
Exodus	39	2	4.44	2
Exodus	39	8	4.44	2
Exodus	40	27	4.44	2
Exodus	5	23	4.44	2
Exodus	6	17	4.44	2
Exodus	7	9	4.44	2
Exodus	8	17	4.44	2
Ezekiel	11	25	4.44	2
Ezekiel	12	10	4.44	2
Ezekiel	12	19	4.44	2
Ezekiel	16	19	4.44	2
Ezekiel	19	5	4.44	2
Ezekiel	20	10	4.44	2
Ezekiel	23	13	4.44	2
Ezekiel	24	18	4.44	2
Ezekiel	26	5	4.44	2
Ezekiel	27	18	4.44	2
Ezekiel	27	29	4.44	2
Ezekiel	28	8	4.44	2
Ezekiel	29	15	4.44	2
Ezekiel	29	7	4.44	2
Ezekiel	32	15	4.44	2
Ezekiel	32	20	4.44	2
Ezekiel	34	1	4.44	2
Ezekiel	35	11	4.44	2
Ezekiel	36	13	4.44	2
Ezekiel	37	13	4.44	2
Ezekiel	39	12	4.44	2
Ezekiel	4	4	4.44	2
Ezekiel	4	5	4.44	2
Ezekiel	4	6	4.44	2
Ezekiel	40	12	4.44	2
Ezekiel	40	48	4.44	2
Ezekiel	41	5	4.44	2
Ezekiel	42	5	4.44	2
Ezekiel	45	7	4.44	2
Ezekiel	46	11	4.44	2
Ezekiel	46	19	4.44	2
Ezekiel	47	22	4.44	2
Ezekiel	5	9	4.44	2
Ezekiel	7	25	4.44	2
Ezra	10	14	4.44	2
Ezra	10	26	4.44	2
Ezra	10	7	4.44	2
Ezra	2	14	4.44	2
Ezra	2	66	4.44	2
Ezra	4	10	4.44	2
Ezra	6	9	4.44	2
Ezra	7	22	4.44	2
Ezra	8	11	4.44	2
Ezra	8	16	4.44	2
Ezra	8	27	4.44	2
Ezra	8	29	4.44	2
Ezra	8	4	4.44	2
Ezra	8	7	4.44	2
Genesis	11	26	4.44	2
Genesis	13	11	4.44	2
Genesis	17	24	4.44	2
Genesis	19	27	4.44	2
Genesis	21	4	4.44	2
Genesis	21	5	4.44	2
Genesis	21	7	4.44	2
Genesis	22	19	4.44	2
Genesis	22	24	4.44	2
Genesis	22	4	4.44	2
Genesis	23	3	4.44	2
Genesis	23	5	4.44	2
Genesis	24	37	4.44	2
Genesis	24	51	4.44	2
Genesis	24	55	4.44	2
Genesis	25	34	4.44	2
Genesis	27	15	4.44	2
Genesis	27	18	4.44	2
Genesis	27	26	4.44	2
Genesis	27	3	4.44	2
Genesis	27	38	4.44	2
Genesis	29	19	4.44	2
Genesis	29	23	4.44	2
Genesis	29	28	4.44	2
Genesis	30	10	4.44	2
Genesis	30	7	4.44	2
Genesis	31	17	4.44	2
Genesis	31	20	4.44	2
Genesis	31	35	4.44	2
Genesis	31	47	4.44	2
Genesis	32	18	4.44	2
Genesis	32	31	4.44	2
Genesis	34	19	4.44	2
Genesis	36	22	4.44	2
Genesis	37	10	4.44	2
Genesis	37	17	4.44	2
Genesis	39	17	4.44	2
Genesis	39	22	4.44	2
Genesis	4	17	4.44	2
Genesis	40	7	4.44	2
Genesis	41	29	4.44	2
Genesis	41	48	4.44	2
Genesis	41	6	4.44	2
Genesis	42	26	4.44	2
Genesis	42	33	4.44	2
Genesis	42	37	4.44	2
Genesis	43	33	4.44	2
Genesis	43	4	4.44	2
Genesis	44	5	4.44	2
Genesis	45	3	4.44	2
Genesis	47	1	4.44	2
Genesis	48	11	4.44	2
Genesis	49	2	4.44	2
Genesis	6	19	4.44	2
Genesis	7	12	4.44	2
Genesis	7	15	4.44	2
Genesis	8	9	4.44	2
Genesis	9	16	4.44	2
Habakkuk	3	9	4.44	2
Haggai	2	1	4.44	2
Haggai	2	12	4.44	2
Hebrews	10	13	4.44	2
Hebrews	11	15	4.44	2
Hebrews	7	15	4.44	2
Hosea	12	5	4.44	2
Hosea	2	16	4.44	2
Hosea	7	15	4.44	2
Hosea	7	8	4.44	2
Hosea	9	5	4.44	2
Isaiah	1	30	4.44	2
Isaiah	10	31	4.44	2
Isaiah	2	14	4.44	2
Isaiah	21	17	4.44	2
Isaiah	22	10	4.44	2
Isaiah	22	15	4.44	2
Isaiah	22	19	4.44	2
Isaiah	22	8	4.44	2
Isaiah	29	3	4.44	2
Isaiah	37	37	4.44	2
Isaiah	40	14	4.44	2
Isaiah	57	8	4.44	2
James	2	16	4.44	2
Jeremiah	1	12	4.44	2
Jeremiah	11	12	4.44	2
Jeremiah	13	12	4.44	2
Jeremiah	16	8	4.44	2
Jeremiah	18	14	4.44	2
Jeremiah	2	1	4.44	2
Jeremiah	22	7	4.44	2
Jeremiah	25	36	4.44	2
Jeremiah	28	8	4.44	2
Jeremiah	35	1	4.44	2
Jeremiah	35	10	4.44	2
Jeremiah	36	17	4.44	2
Jeremiah	37	12	4.44	2
Jeremiah	37	18	4.44	2
Jeremiah	38	19	4.44	2
Jeremiah	38	3	4.44	2
Jeremiah	39	11	4.44	2
Jeremiah	4	15	4.44	2
Jeremiah	4	25	4.44	2
Jeremiah	40	3	4.44	2
Jeremiah	46	23	4.44	2
Jeremiah	48	17	4.44	2
Jeremiah	49	31	4.44	2
Jeremiah	51	23	4.44	2
Jeremiah	52	34	4.44	2
Jeremiah	8	20	4.44	2
Job	10	6	4.44	2
Job	12	15	4.44	2
Job	13	19	4.44	2
Job	15	9	4.44	2
Job	17	8	4.44	2
Job	19	16	4.44	2
Job	19	29	4.44	2
Job	21	10	4.44	2
Job	21	12	4.44	2
Job	24	15	4.44	2
Job	24	7	4.44	2
Job	25	2	4.44	2
Job	26	9	4.44	2
Job	28	21	4.44	2
Job	3	22	4.44	2
Job	30	12	4.44	2
Job	30	14	4.44	2
Job	30	31	4.44	2
Job	31	39	4.44	2
Job	33	17	4.44	2
Job	33	2	4.44	2
Job	34	30	4.44	2
Job	34	4	4.44	2
Job	37	14	4.44	2
Job	38	19	4.44	2
Job	38	27	4.44	2
Job	4	20	4.44	2
Job	4	4	4.44	2
Job	40	1	4.44	2
Job	41	25	4.44	2
Job	42	4	4.44	2
Job	5	6	4.44	2
Job	6	16	4.44	2
Job	6	22	4.44	2
Job	6	3	4.44	2
Job	9	5	4.44	2
John	1	39	4.44	2
John	16	9	4.44	2
John	19	20	4.44	2
John	19	21	4.44	2
John	19	32	4.44	2
John	19	8	4.44	2
John	21	23	4.44	2
John	3	24	4.44	2
John	3	7	4.44	2
John	6	21	4.44	2
John	6	36	4.44	2
John	7	53	4.44	2
Jonah	1	8	4.44	2
Jonah	4	6	4.44	2
Jonah	4	7	4.44	2
Joshua	10	27	4.44	2
Joshua	10	35	4.44	2
Joshua	12	19	4.44	2
Joshua	13	4	4.44	2
Joshua	15	12	4.44	2
Joshua	15	41	4.44	2
Joshua	15	53	4.44	2
Joshua	15	57	4.44	2
Joshua	17	8	4.44	2
Joshua	18	18	4.44	2
Joshua	18	19	4.44	2
Joshua	18	8	4.44	2
Joshua	19	11	4.44	2
Joshua	2	3	4.44	2
Joshua	21	31	4.44	2
Joshua	22	19	4.44	2
Joshua	4	16	4.44	2
Joshua	9	19	4.44	2
Judges	1	11	4.44	2
Judges	10	1	4.44	2
Judges	11	23	4.44	2
Judges	12	9	4.44	2
Judges	13	23	4.44	2
Judges	14	11	4.44	2
Judges	14	3	4.44	2
Judges	20	11	4.44	2
Judges	20	34	4.44	2
Judges	20	36	4.44	2
Judges	20	40	4.44	2
Judges	21	12	4.44	2
Judges	21	19	4.44	2
Judges	3	19	4.44	2
Judges	3	29	4.44	2
Judges	4	12	4.44	2
Judges	4	5	4.44	2
Judges	5	26	4.44	2
Judges	5	28	4.44	2
Judges	7	18	4.44	2
Judges	7	23	4.44	2
Judges	8	20	4.44	2
Judges	9	18	4.44	2
Lamentations	3	58	4.44	2
Leviticus	1	7	4.44	2
Leviticus	11	23	4.44	2
Leviticus	12	4	4.44	2
Leviticus	13	27	4.44	2
Leviticus	13	30	4.44	2
Leviticus	15	16	4.44	2
Leviticus	15	17	4.44	2
Leviticus	15	27	4.44	2
Leviticus	17	3	4.44	2
Leviticus	17	6	4.44	2
Leviticus	19	10	4.44	2
Leviticus	21	14	4.44	2
Leviticus	22	21	4.44	2
Leviticus	23	16	4.44	2
Leviticus	25	14	4.44	2
Leviticus	25	27	4.44	2
Leviticus	25	40	4.44	2
Leviticus	25	44	4.44	2
Leviticus	25	51	4.44	2
Leviticus	27	3	4.44	2
Leviticus	4	19	4.44	2
Leviticus	5	19	4.44	2
Leviticus	5	5	4.44	2
Leviticus	6	3	4.44	2
Leviticus	7	14	4.44	2
Leviticus	7	2	4.44	2
Leviticus	8	16	4.44	2
Leviticus	8	34	4.44	2
Leviticus	9	10	4.44	2
Luke	1	21	4.44	2
Luke	1	24	4.44	2
Luke	1	63	4.44	2
Luke	11	30	4.44	2
Luke	12	53	4.44	2
Luke	15	31	4.44	2
Luke	16	21	4.44	2
Luke	16	5	4.44	2
Luke	17	4	4.44	2
Luke	18	21	4.44	2
Luke	18	5	4.44	2
Luke	19	1	4.44	2
Luke	19	3	4.44	2
Luke	2	42	4.44	2
Luke	20	14	4.44	2
Luke	20	22	4.44	2
Luke	20	23	4.44	2
Luke	20	24	4.44	2
Luke	20	5	4.44	2
Luke	21	2	4.44	2
Luke	21	38	4.44	2
Luke	22	13	4.44	2
Luke	23	54	4.44	2
Luke	24	14	4.44	2
Luke	24	9	4.44	2
Luke	4	21	4.44	2
Luke	4	6	4.44	2
Luke	5	7	4.44	2
Luke	6	33	4.44	2
Luke	7	25	4.44	2
Luke	7	27	4.44	2
Luke	8	46	4.44	2
Luke	9	47	4.44	2
Mark	1	9	4.44	2
Mark	10	18	4.44	2
Mark	10	20	4.44	2
Mark	10	41	4.44	2
Mark	10	49	4.44	2
Mark	11	21	4.44	2
Mark	11	30	4.44	2
Mark	14	2	4.44	2
Mark	14	23	4.44	2
Mark	14	60	4.44	2
Mark	14	70	4.44	2
Mark	15	12	4.44	2
Mark	2	4	4.44	2
Mark	4	28	4.44	2
Mark	4	3	4.44	2
Mark	5	24	4.44	2
Mark	6	10	4.44	2
Mark	6	25	4.44	2
Mark	6	33	4.44	2
Mark	7	27	4.44	2
Mark	7	5	4.44	2
Mark	8	1	4.44	2
Mark	9	13	4.44	2
Mark	9	39	4.44	2
Mark	9	47	4.44	2
Matthew	12	8	4.44	2
Matthew	14	11	4.44	2
Matthew	15	20	4.44	2
Matthew	17	16	4.44	2
Matthew	17	4	4.44	2
Matthew	19	2	4.44	2
Matthew	20	8	4.44	2
Matthew	21	24	4.44	2
Matthew	21	27	4.44	2
Matthew	23	21	4.44	2
Matthew	24	8	4.44	2
Matthew	25	4	4.44	2
Matthew	26	10	4.44	2
Matthew	27	16	4.44	2
Matthew	27	31	4.44	2
Matthew	27	58	4.44	2
Matthew	5	26	4.44	2
Matthew	5	36	4.44	2
Matthew	6	21	4.44	2
Matthew	7	17	4.44	2
Matthew	8	1	4.44	2
Matthew	8	31	4.44	2
Matthew	8	33	4.44	2
Matthew	8	6	4.44	2
Micah	1	14	4.44	2
Nahum	1	12	4.44	2
Nahum	2	4	4.44	2
Nahum	3	3	4.44	2
Nehemiah	11	19	4.44	2
Nehemiah	11	5	4.44	2
Nehemiah	11	7	4.44	2
Nehemiah	12	13	4.44	2
Nehemiah	12	19	4.44	2
Nehemiah	12	25	4.44	2
Nehemiah	12	45	4.44	2
Nehemiah	12	7	4.44	2
Nehemiah	13	24	4.44	2
Nehemiah	13	30	4.44	2
Nehemiah	2	7	4.44	2
Nehemiah	3	10	4.44	2
Nehemiah	3	24	4.44	2
Nehemiah	7	19	4.44	2
Nehemiah	7	30	4.44	2
Nehemiah	7	33	4.44	2
Nehemiah	7	35	4.44	2
Nehemiah	7	43	4.44	2
Nehemiah	7	45	4.44	2
Nehemiah	7	46	4.44	2
Nehemiah	7	5	4.44	2
Nehemiah	7	61	4.44	2
Nehemiah	7	63	4.44	2
Nehemiah	7	9	4.44	2
Numbers	1	21	4.44	2
Numbers	1	26	4.44	2
Numbers	1	28	4.44	2
Numbers	1	30	4.44	2
Numbers	1	36	4.44	2
Numbers	1	40	4.44	2
Numbers	1	54	4.44	2
Numbers	10	31	4.44	2
Numbers	10	6	4.44	2
Numbers	11	8	4.44	2
Numbers	14	32	4.44	2
Numbers	14	4	4.44	2
Numbers	14	40	4.44	2
Numbers	15	20	4.44	2
Numbers	15	36	4.44	2
Numbers	16	10	4.44	2
Numbers	19	22	4.44	2
Numbers	19	8	4.44	2
Numbers	2	24	4.44	2
Numbers	2	31	4.44	2
Numbers	20	25	4.44	2
Numbers	22	16	4.44	2
Numbers	22	2	4.44	2
Numbers	24	22	4.44	2
Numbers	24	25	4.44	2
Numbers	25	17	4.44	2
Numbers	26	42	4.44	2
Numbers	29	16	4.44	2
Numbers	29	2	4.44	2
Numbers	29	32	4.44	2
Numbers	31	1	4.44	2
Numbers	31	28	4.44	2
Numbers	31	41	4.44	2
Numbers	32	18	4.44	2
Numbers	32	19	4.44	2
Numbers	32	40	4.44	2
Numbers	32	5	4.44	2
Numbers	33	17	4.44	2
Numbers	33	2	4.44	2
Numbers	33	20	4.44	2
Numbers	33	50	4.44	2
Numbers	33	51	4.44	2
Numbers	34	1	4.44	2
Numbers	34	15	4.44	2
Numbers	35	14	4.44	2
Numbers	36	2	4.44	2
Numbers	36	7	4.44	2
Numbers	4	1	4.44	2
Numbers	4	35	4.44	2
Numbers	4	49	4.44	2
Numbers	4	8	4.44	2
Numbers	6	21	4.44	2
Numbers	7	3	4.44	2
Numbers	7	8	4.44	2
Numbers	8	1	4.44	2
Numbers	8	6	4.44	2
Numbers	9	8	4.44	2
Philippians	1	17	4.44	2
Philippians	1	26	4.44	2
Proverbs	14	18	4.44	2
Proverbs	16	10	4.44	2
Proverbs	2	20	4.44	2
Proverbs	23	32	4.44	2
Proverbs	24	18	4.44	2
Proverbs	24	2	4.44	2
Proverbs	25	20	4.44	2
Proverbs	26	7	4.44	2
Proverbs	27	14	4.44	2
Proverbs	29	19	4.44	2
Proverbs	30	26	4.44	2
Proverbs	31	21	4.44	2
Proverbs	31	24	4.44	2
Proverbs	31	29	4.44	2
Proverbs	4	2	4.44	2
Proverbs	5	16	4.44	2
Proverbs	6	10	4.44	2
Proverbs	6	11	4.44	2
Proverbs	7	18	4.44	2
Proverbs	8	2	4.44	2
Proverbs	8	25	4.44	2
Proverbs	8	26	4.44	2
Proverbs	8	30	4.44	2
Proverbs	8	31	4.44	2
Psalms	102	8	4.44	2
Psalms	104	8	4.44	2
Psalms	105	10	4.44	2
Psalms	105	21	4.44	2
Psalms	109	12	4.44	2
Psalms	109	24	4.44	2
Psalms	114	2	4.44	2
Psalms	115	7	4.44	2
Psalms	118	4	4.44	2
Psalms	121	6	4.44	2
Psalms	124	2	4.44	2
Psalms	127	4	4.44	2
Psalms	13	2	4.44	2
Psalms	136	12	4.44	2
Psalms	136	24	4.44	2
Psalms	137	2	4.44	2
Psalms	138	5	4.44	2
Psalms	139	12	4.44	2
Psalms	140	13	4.44	2
Psalms	141	6	4.44	2
Psalms	147	13	4.44	2
Psalms	148	9	4.44	2
Psalms	17	11	4.44	2
Psalms	2	3	4.44	2
Psalms	27	7	4.44	2
Psalms	38	15	4.44	2
Psalms	55	2	4.44	2
Psalms	69	31	4.44	2
Psalms	73	10	4.44	2
Psalms	73	4	4.44	2
Psalms	74	21	4.44	2
Psalms	78	29	4.44	2
Psalms	78	7	4.44	2
Psalms	78	72	4.44	2
Psalms	83	12	4.44	2
Psalms	84	8	4.44	2
Psalms	86	2	4.44	2
Psalms	88	11	4.44	2
Psalms	89	31	4.44	2
Psalms	90	6	4.44	2
Psalms	94	10	4.44	2
Revelation	18	14	4.44	2
Revelation	2	22	4.44	2
Revelation	7	5	4.44	2
Revelation	8	11	4.44	2
Revelation	8	9	4.44	2
Revelation	9	19	4.44	2
Romans	11	19	4.44	2
Ruth	2	18	4.44	2
Ruth	2	7	4.44	2
Ruth	4	4	4.44	2
Song of Solomon	1	16	4.44	2
Song of Solomon	3	8	4.44	2
Song of Solomon	5	15	4.44	2
Song of Solomon	7	8	4.44	2
Song of Solomon	8	10	4.44	2
Zechariah	1	11	4.44	2
Zechariah	11	13	4.44	2
Zechariah	14	15	4.44	2
Zechariah	4	12	4.44	2
Zechariah	6	7	4.44	2
Zechariah	8	18	4.44	2
1 Chronicles	14	12	4.22	2
1 Chronicles	14	16	4.22	2
1 Chronicles	14	7	4.22	2
1 Chronicles	16	31	4.22	2
1 Chronicles	20	2	4.22	2
1 Chronicles	23	17	4.22	2
1 Chronicles	27	28	4.22	2
1 Chronicles	27	7	4.22	2
1 Chronicles	28	18	4.22	2
1 Chronicles	7	1	4.22	2
1 Chronicles	7	28	4.22	2
1 Chronicles	7	29	4.22	2
1 Corinthians	11	13	4.22	2
1 Corinthians	14	17	4.22	2
1 Corinthians	14	27	4.22	2
1 Corinthians	15	37	4.22	2
1 Corinthians	3	15	4.22	2
1 Kings	1	37	4.22	2
1 Kings	12	18	4.22	2
1 Kings	13	31	4.22	2
1 Kings	13	9	4.22	2
1 Kings	17	17	4.22	2
1 Kings	17	22	4.22	2
1 Kings	5	12	4.22	2
1 Kings	7	26	4.22	2
1 Kings	9	23	4.22	2
1 Samuel	10	18	4.22	2
1 Samuel	14	8	4.22	2
1 Samuel	15	14	4.22	2
1 Samuel	17	2	4.22	2
1 Samuel	23	28	4.22	2
1 Samuel	29	3	4.22	2
1 Samuel	8	20	4.22	2
1 Thessalonians	3	1	4.22	2
1 Timothy	2	12	4.22	2
2 Chronicles	11	4	4.22	2
2 Chronicles	26	2	4.22	2
2 Chronicles	30	20	4.22	2
2 Corinthians	12	3	4.22	2
2 Kings	13	18	4.22	2
2 Kings	4	34	4.22	2
2 Kings	8	4	4.22	2
2 Kings	9	20	4.22	2
2 Samuel	14	26	4.22	2
2 Samuel	16	15	4.22	2
2 Samuel	17	4	4.22	2
2 Samuel	19	17	4.22	2
2 Samuel	19	25	4.22	2
2 Samuel	2	3	4.22	2
2 Samuel	22	21	4.22	2
2 Samuel	22	35	4.22	2
2 Samuel	7	28	4.22	2
2 Samuel	7	29	4.22	2
2 Samuel	9	2	4.22	2
2 Samuel	9	4	4.22	2
3 John	1	2	4.22	2
Acts	21	32	4.22	2
Acts	23	28	4.22	2
Acts	25	17	4.22	2
Acts	27	36	4.22	2
Amos	7	11	4.22	2
Daniel	10	4	4.22	2
Daniel	11	9	4.22	2
Deuteronomy	1	41	4.22	2
Deuteronomy	1	42	4.22	2
Deuteronomy	10	7	4.22	2
Deuteronomy	16	4	4.22	2
Deuteronomy	2	6	4.22	2
Deuteronomy	21	3	4.22	2
Deuteronomy	23	23	4.22	2
Deuteronomy	3	4	4.22	2
Deuteronomy	33	19	4.22	2
Ecclesiastes	1	5	4.22	2
Ecclesiastes	8	3	4.22	2
Esther	4	13	4.22	2
Esther	9	7	4.22	2
Exodus	10	18	4.22	2
Exodus	13	7	4.22	2
Exodus	16	20	4.22	2
Exodus	16	5	4.22	2
Exodus	16	9	4.22	2
Exodus	30	38	4.22	2
Exodus	32	33	4.22	2
Exodus	35	34	4.22	2
Ezekiel	11	8	4.22	2
Ezekiel	12	5	4.22	2
Ezekiel	25	10	4.22	2
Ezekiel	27	36	4.22	2
Ezekiel	30	7	4.22	2
Ezekiel	32	13	4.22	2
Ezekiel	39	24	4.22	2
Ezekiel	4	8	4.22	2
Ezekiel	41	9	4.22	2
Ezekiel	43	22	4.22	2
Ezekiel	44	25	4.22	2
Ezekiel	48	21	4.22	2
Ezekiel	9	1	4.22	2
Ezra	2	15	4.22	2
Ezra	5	9	4.22	2
Ezra	8	20	4.22	2
Genesis	1	13	4.22	2
Genesis	12	15	4.22	2
Genesis	15	21	4.22	2
Genesis	20	14	4.22	2
Genesis	21	30	4.22	2
Genesis	24	33	4.22	2
Genesis	25	25	4.22	2
Genesis	26	9	4.22	2
Genesis	27	11	4.22	2
Genesis	27	9	4.22	2
Genesis	29	10	4.22	2
Genesis	29	29	4.22	2
Genesis	29	9	4.22	2
Genesis	31	8	4.22	2
Genesis	32	27	4.22	2
Genesis	34	20	4.22	2
Genesis	35	21	4.22	2
Genesis	36	24	4.22	2
Genesis	36	28	4.22	2
Genesis	37	24	4.22	2
Genesis	4	19	4.22	2
Genesis	40	4	4.22	2
Genesis	41	34	4.22	2
Genesis	41	7	4.22	2
Genesis	42	4	4.22	2
Genesis	46	30	4.22	2
Genesis	46	31	4.22	2
Genesis	47	31	4.22	2
Genesis	50	1	4.22	2
Genesis	6	20	4.22	2
Genesis	9	27	4.22	2
Hebrews	12	19	4.22	2
Hosea	6	8	4.22	2
Isaiah	24	9	4.22	2
Isaiah	28	20	4.22	2
Isaiah	31	2	4.22	2
Isaiah	33	3	4.22	2
Isaiah	40	23	4.22	2
Isaiah	44	13	4.22	2
Jeremiah	17	22	4.22	2
Jeremiah	30	20	4.22	2
Jeremiah	42	12	4.22	2
Jeremiah	44	3	4.22	2
Job	17	12	4.22	2
Job	18	13	4.22	2
Job	21	24	4.22	2
Job	23	16	4.22	2
Job	30	5	4.22	2
Job	31	28	4.22	2
Job	33	25	4.22	2
Job	36	21	4.22	2
Job	38	35	4.22	2
Job	6	24	4.22	2
Job	6	7	4.22	2
Joel	1	19	4.22	2
John	1	35	4.22	2
John	1	50	4.22	2
John	2	15	4.22	2
John	4	26	4.22	2
John	9	25	4.22	2
Joshua	16	8	4.22	2
Joshua	19	26	4.22	2
Joshua	21	9	4.22	2
Joshua	6	10	4.22	2
Joshua	6	23	4.22	2
Joshua	6	9	4.22	2
Joshua	8	19	4.22	2
Joshua	9	11	4.22	2
Judges	1	26	4.22	2
Judges	12	15	4.22	2
Judges	14	16	4.22	2
Judges	14	8	4.22	2
Judges	17	8	4.22	2
Judges	18	6	4.22	2
Judges	20	21	4.22	2
Judges	20	48	4.22	2
Judges	7	10	4.22	2
Judges	8	19	4.22	2
Lamentations	3	17	4.22	2
Lamentations	5	4	4.22	2
Leviticus	16	17	4.22	2
Leviticus	22	31	4.22	2
Leviticus	26	45	4.22	2
Leviticus	7	17	4.22	2
Leviticus	8	19	4.22	2
Luke	14	35	4.22	2
Luke	19	4	4.22	2
Luke	2	2	4.22	2
Luke	22	62	4.22	2
Luke	5	24	4.22	2
Luke	6	2	4.22	2
Luke	7	32	4.22	2
Luke	7	35	4.22	2
Luke	7	36	4.22	2
Mark	11	13	4.22	2
Mark	12	3	4.22	2
Mark	14	39	4.22	2
Mark	2	19	4.22	2
Mark	3	14	4.22	2
Mark	5	1	4.22	2
Mark	7	4	4.22	2
Matthew	16	2	4.22	2
Matthew	25	28	4.22	2
Matthew	27	33	4.22	2
Matthew	27	65	4.22	2
Matthew	6	3	4.22	2
Matthew	9	25	4.22	2
Nehemiah	13	11	4.22	2
Nehemiah	6	13	4.22	2
Nehemiah	7	20	4.22	2
Numbers	14	44	4.22	2
Numbers	16	24	4.22	2
Numbers	26	11	4.22	2
Numbers	26	35	4.22	2
Numbers	3	9	4.22	2
Numbers	30	7	4.22	2
Numbers	32	26	4.22	2
Numbers	33	5	4.22	2
Numbers	35	28	4.22	2
Numbers	36	4	4.22	2
Numbers	4	20	4.22	2
Proverbs	10	17	4.22	2
Proverbs	11	22	4.22	2
Proverbs	13	19	4.22	2
Proverbs	23	30	4.22	2
Proverbs	24	8	4.22	2
Proverbs	31	7	4.22	2
Psalms	102	14	4.22	2
Psalms	118	24	4.22	2
Psalms	119	150	4.22	2
Psalms	119	28	4.22	2
Psalms	33	15	4.22	2
Psalms	61	6	4.22	2
Psalms	61	8	4.22	2
Psalms	8	8	4.22	2
Revelation	14	16	4.22	2
Romans	15	11	4.22	2
Ruth	2	14	4.22	2
Ruth	3	7	4.22	2
Ruth	4	15	4.22	2
Song of Solomon	3	10	4.22	2
Song of Solomon	6	6	4.22	2
Zechariah	3	6	4.22	2
Zechariah	5	7	4.22	2
1 Chronicles	1	19	3.98	2
1 Chronicles	11	13	3.98	2
1 Chronicles	11	16	3.98	2
1 Chronicles	11	31	3.98	2
1 Chronicles	14	11	3.98	2
1 Chronicles	14	2	3.98	2
1 Chronicles	16	40	3.98	2
1 Chronicles	17	6	3.98	2
1 Chronicles	2	25	3.98	2
1 Chronicles	23	18	3.98	2
1 Chronicles	26	28	3.98	2
1 Chronicles	5	6	3.98	2
1 Chronicles	6	28	3.98	2
1 Chronicles	7	30	3.98	2
1 Chronicles	9	32	3.98	2
1 Kings	1	46	3.98	2
1 Kings	16	23	3.98	2
1 Kings	7	29	3.98	2
1 Kings	8	40	3.98	2
1 Kings	8	49	3.98	2
1 Samuel	17	11	3.98	2
1 Samuel	19	14	3.98	2
1 Samuel	20	15	3.98	2
1 Samuel	25	15	3.98	2
1 Samuel	26	3	3.98	2
1 Samuel	5	5	3.98	2
1 Samuel	7	2	3.98	2
1 Samuel	8	2	3.98	2
1 Thessalonians	5	28	3.98	2
2 Chronicles	1	16	3.98	2
2 Chronicles	20	4	3.98	2
2 Chronicles	32	6	3.98	2
2 Chronicles	6	11	3.98	2
2 Chronicles	8	10	3.98	2
2 Chronicles	9	28	3.98	2
2 Corinthians	2	5	3.98	2
2 Kings	15	2	3.98	2
2 Kings	23	1	3.98	2
2 Kings	4	35	3.98	2
2 Kings	7	8	3.98	2
2 Kings	9	23	3.98	2
2 Kings	9	29	3.98	2
2 Samuel	1	18	3.98	2
2 Samuel	10	10	3.98	2
2 Samuel	14	9	3.98	2
2 Samuel	15	29	3.98	2
2 Samuel	15	4	3.98	2
2 Samuel	15	5	3.98	2
2 Samuel	17	18	3.98	2
2 Samuel	19	40	3.98	2
2 Samuel	2	22	3.98	2
2 Samuel	22	30	3.98	2
2 Samuel	22	37	3.98	2
2 Samuel	22	4	3.98	2
2 Samuel	23	26	3.98	2
2 Samuel	23	38	3.98	2
2 Samuel	3	25	3.98	2
2 Samuel	3	32	3.98	2
2 Samuel	4	6	3.98	2
2 Samuel	9	9	3.98	2
Acts	16	11	3.98	2
Acts	18	7	3.98	2
Acts	22	11	3.98	2
Acts	24	19	3.98	2
Acts	25	20	3.98	2
Daniel	11	15	3.98	2
Daniel	11	34	3.98	2
Deuteronomy	1	22	3.98	2
Deuteronomy	11	15	3.98	2
Deuteronomy	12	24	3.98	2
Deuteronomy	13	2	3.98	2
Deuteronomy	15	6	3.98	2
Deuteronomy	22	28	3.98	2
Deuteronomy	22	6	3.98	2
Deuteronomy	25	12	3.98	2
Deuteronomy	26	13	3.98	2
Deuteronomy	32	52	3.98	2
Deuteronomy	6	24	3.98	2
Ecclesiastes	12	2	3.98	2
Ecclesiastes	2	5	3.98	2
Ecclesiastes	4	5	3.98	2
Ecclesiastes	7	16	3.98	2
Esther	2	8	3.98	2
Esther	8	13	3.98	2
Exodus	12	42	3.98	2
Exodus	17	10	3.98	2
Exodus	17	12	3.98	2
Exodus	26	34	3.98	2
Exodus	35	12	3.98	2
Exodus	4	3	3.98	2
Exodus	40	31	3.98	2
Exodus	5	10	3.98	2
Exodus	6	13	3.98	2
Exodus	9	5	3.98	2
Ezekiel	13	20	3.98	2
Ezekiel	16	55	3.98	2
Ezekiel	26	18	3.98	2
Ezekiel	26	9	3.98	2
Ezekiel	28	19	3.98	2
Ezekiel	30	25	3.98	2
Ezekiel	33	16	3.98	2
Ezekiel	40	49	3.98	2
Ezekiel	41	10	3.98	2
Ezekiel	46	9	3.98	2
Ezra	2	22	3.98	2
Ezra	2	33	3.98	2
Ezra	2	5	3.98	2
Ezra	2	8	3.98	2
Ezra	4	6	3.98	2
Ezra	8	13	3.98	2
Ezra	8	3	3.98	2
Genesis	1	23	3.98	2
Genesis	14	24	3.98	2
Genesis	17	27	3.98	2
Genesis	19	30	3.98	2
Genesis	24	16	3.98	2
Genesis	24	40	3.98	2
Genesis	24	54	3.98	2
Genesis	24	61	3.98	2
Genesis	24	8	3.98	2
Genesis	27	16	3.98	2
Genesis	27	23	3.98	2
Genesis	30	11	3.98	2
Genesis	34	4	3.98	2
Genesis	36	12	3.98	2
Genesis	38	25	3.98	2
Genesis	7	19	3.98	2
Genesis	8	16	3.98	2
Genesis	8	2	3.98	2
Hebrews	9	17	3.98	2
Isaiah	22	24	3.98	2
Isaiah	63	14	3.98	2
James	1	24	3.98	2
James	3	3	3.98	2
Jeremiah	12	17	3.98	2
Jeremiah	38	27	3.98	2
Jeremiah	41	7	3.98	2
Jeremiah	41	9	3.98	2
Jeremiah	46	8	3.98	2
Jeremiah	48	23	3.98	2
Jeremiah	5	13	3.98	2
Jeremiah	51	22	3.98	2
Job	15	28	3.98	2
Job	22	4	3.98	2
Job	28	5	3.98	2
Job	29	20	3.98	2
Job	31	11	3.98	2
Job	31	2	3.98	2
Job	37	12	3.98	2
Job	37	8	3.98	2
Job	38	33	3.98	2
Job	40	19	3.98	2
John	12	14	3.98	2
John	4	17	3.98	2
John	4	18	3.98	2
Joshua	10	20	3.98	2
Joshua	11	13	3.98	2
Joshua	12	14	3.98	2
Joshua	18	15	3.98	2
Joshua	18	4	3.98	2
Joshua	19	13	3.98	2
Joshua	3	2	3.98	2
Joshua	3	8	3.98	2
Joshua	4	13	3.98	2
Joshua	8	34	3.98	2
Joshua	9	8	3.98	2
Judges	11	19	3.98	2
Judges	13	17	3.98	2
Judges	15	20	3.98	2
Judges	18	10	3.98	2
Judges	2	8	3.98	2
Judges	20	31	3.98	2
Judges	21	6	3.98	2
Judges	6	19	3.98	2
Judges	6	7	3.98	2
Judges	7	14	3.98	2
Judges	7	5	3.98	2
Lamentations	3	59	3.98	2
Leviticus	10	15	3.98	2
Leviticus	14	15	3.98	2
Leviticus	14	44	3.98	2
Leviticus	15	1	3.98	2
Leviticus	22	33	3.98	2
Leviticus	24	3	3.98	2
Leviticus	27	10	3.98	2
Leviticus	7	8	3.98	2
Leviticus	8	28	3.98	2
Luke	10	6	3.98	2
Luke	13	19	3.98	2
Luke	14	6	3.98	2
Luke	22	12	3.98	2
Luke	4	42	3.98	2
Luke	5	23	3.98	2
Luke	5	37	3.98	2
Mark	15	22	3.98	2
Matthew	12	26	3.98	2
Matthew	12	6	3.98	2
Matthew	13	53	3.98	2
Matthew	18	13	3.98	2
Matthew	27	8	3.98	2
Matthew	28	13	3.98	2
Matthew	8	15	3.98	2
Nahum	2	6	3.98	2
Nehemiah	11	28	3.98	2
Nehemiah	7	13	3.98	2
Nehemiah	7	36	3.98	2
Numbers	11	7	3.98	2
Numbers	15	40	3.98	2
Numbers	18	30	3.98	2
Numbers	22	21	3.98	2
Numbers	3	41	3.98	2
Numbers	31	47	3.98	2
Numbers	32	16	3.98	2
Numbers	34	19	3.98	2
Numbers	5	14	3.98	2
Numbers	6	3	3.98	2
Philippians	1	30	3.98	2
Proverbs	10	16	3.98	2
Proverbs	21	15	3.98	2
Proverbs	21	26	3.98	2
Proverbs	23	3	3.98	2
Psalms	105	7	3.98	2
Psalms	109	27	3.98	2
Psalms	119	149	3.98	2
Psalms	24	10	3.98	2
Psalms	33	4	3.98	2
Psalms	73	21	3.98	2
Revelation	5	3	3.98	2
Revelation	6	7	3.98	2
Romans	15	21	3.98	2
Ruth	1	5	3.98	2
Ruth	2	15	3.98	2
Ruth	3	2	3.98	2
Song of Solomon	2	12	3.98	2
Song of Solomon	5	12	3.98	2
1 Chronicles	1	13	3.74	2
1 Chronicles	1	37	3.74	2
1 Chronicles	1	43	3.74	2
1 Chronicles	1	6	3.74	2
1 Chronicles	10	10	3.74	2
1 Chronicles	11	12	3.74	2
1 Chronicles	11	37	3.74	2
1 Chronicles	13	14	3.74	2
1 Chronicles	14	5	3.74	2
1 Chronicles	15	8	3.74	2
1 Chronicles	16	32	3.74	2
1 Chronicles	17	25	3.74	2
1 Chronicles	18	8	3.74	2
1 Chronicles	18	9	3.74	2
1 Chronicles	2	17	3.74	2
1 Chronicles	2	7	3.74	2
1 Chronicles	20	3	3.74	2
1 Chronicles	23	20	3.74	2
1 Chronicles	24	10	3.74	2
1 Chronicles	24	26	3.74	2
1 Chronicles	26	16	3.74	2
1 Chronicles	27	11	3.74	2
1 Chronicles	27	13	3.74	2
1 Chronicles	27	2	3.74	2
1 Chronicles	27	27	3.74	2
1 Chronicles	3	8	3.74	2
1 Chronicles	4	13	3.74	2
1 Chronicles	5	22	3.74	2
1 Chronicles	6	53	3.74	2
1 Chronicles	7	12	3.74	2
1 Chronicles	9	15	3.74	2
1 Chronicles	9	36	3.74	2
1 Corinthians	12	29	3.74	2
1 Corinthians	7	11	3.74	2
1 Corinthians	7	3	3.74	2
1 Corinthians	7	33	3.74	2
1 Kings	10	12	3.74	2
1 Kings	18	20	3.74	2
1 Kings	19	12	3.74	2
1 Kings	19	7	3.74	2
1 Kings	2	42	3.74	2
1 Kings	20	20	3.74	2
1 Kings	20	40	3.74	2
1 Kings	6	24	3.74	2
1 Kings	6	34	3.74	2
1 Kings	7	41	3.74	2
1 Kings	8	26	3.74	2
1 Samuel	10	9	3.74	2
1 Samuel	17	21	3.74	2
1 Samuel	17	41	3.74	2
1 Samuel	17	5	3.74	2
1 Samuel	17	7	3.74	2
1 Samuel	19	1	3.74	2
1 Samuel	20	12	3.74	2
1 Samuel	20	18	3.74	2
1 Samuel	20	22	3.74	2
1 Samuel	21	12	3.74	2
1 Samuel	23	25	3.74	2
1 Samuel	24	1	3.74	2
1 Samuel	25	4	3.74	2
1 Samuel	27	9	3.74	2
2 Chronicles	10	1	3.74	2
2 Chronicles	18	8	3.74	2
2 Chronicles	18	9	3.74	2
2 Chronicles	19	9	3.74	2
2 Chronicles	22	12	3.74	2
2 Chronicles	23	3	3.74	2
2 Chronicles	26	3	3.74	2
2 Chronicles	29	26	3.74	2
2 Chronicles	29	9	3.74	2
2 Chronicles	33	17	3.74	2
2 Chronicles	34	5	3.74	2
2 Chronicles	4	5	3.74	2
2 Chronicles	5	5	3.74	2
2 Chronicles	6	29	3.74	2
2 Corinthians	13	6	3.74	2
2 Kings	1	11	3.74	2
2 Kings	16	12	3.74	2
2 Kings	18	2	3.74	2
2 Kings	23	8	3.74	2
2 Kings	24	19	3.74	2
2 Kings	24	5	3.74	2
2 Kings	25	20	3.74	2
2 Kings	25	24	3.74	2
2 Kings	3	17	3.74	2
2 Kings	7	18	3.74	2
2 Kings	8	11	3.74	2
2 Kings	8	5	3.74	2
2 Samuel	1	13	3.74	2
2 Samuel	10	15	3.74	2
2 Samuel	12	15	3.74	2
2 Samuel	13	18	3.74	2
2 Samuel	18	23	3.74	2
2 Samuel	22	10	3.74	2
2 Samuel	22	11	3.74	2
2 Samuel	22	27	3.74	2
2 Samuel	22	33	3.74	2
2 Samuel	23	24	3.74	2
2 Samuel	23	25	3.74	2
2 Samuel	24	23	3.74	2
2 Samuel	24	7	3.74	2
3 John	1	13	3.74	2
Acts	10	20	3.74	2
Acts	12	14	3.74	2
Acts	16	21	3.74	2
Acts	19	37	3.74	2
Acts	20	15	3.74	2
Acts	21	35	3.74	2
Acts	3	4	3.74	2
Acts	7	1	3.74	2
Amos	3	5	3.74	2
Daniel	1	16	3.74	2
Daniel	11	37	3.74	2
Daniel	11	5	3.74	2
Daniel	5	24	3.74	2
Deuteronomy	13	7	3.74	2
Deuteronomy	15	17	3.74	2
Deuteronomy	2	33	3.74	2
Deuteronomy	22	23	3.74	2
Deuteronomy	24	3	3.74	2
Deuteronomy	27	11	3.74	2
Deuteronomy	27	7	3.74	2
Deuteronomy	28	5	3.74	2
Deuteronomy	28	55	3.74	2
Deuteronomy	4	42	3.74	2
Deuteronomy	5	20	3.74	2
Deuteronomy	7	17	3.74	2
Ecclesiastes	9	17	3.74	2
Esther	2	10	3.74	2
Esther	2	14	3.74	2
Esther	9	11	3.74	2
Exodus	12	50	3.74	2
Exodus	19	2	3.74	2
Exodus	2	5	3.74	2
Exodus	25	24	3.74	2
Exodus	26	5	3.74	2
Exodus	27	19	3.74	2
Exodus	30	11	3.74	2
Exodus	32	23	3.74	2
Exodus	32	5	3.74	2
Exodus	33	21	3.74	2
Exodus	37	4	3.74	2
Exodus	39	5	3.74	2
Exodus	9	10	3.74	2
Exodus	9	8	3.74	2
Ezekiel	13	1	3.74	2
Ezekiel	15	1	3.74	2
Ezekiel	19	4	3.74	2
Ezekiel	19	8	3.74	2
Ezekiel	23	6	3.74	2
Ezekiel	27	11	3.74	2
Ezekiel	27	5	3.74	2
Ezekiel	28	15	3.74	2
Ezekiel	30	15	3.74	2
Ezekiel	37	5	3.74	2
Ezekiel	37	6	3.74	2
Ezekiel	40	14	3.74	2
Ezekiel	40	9	3.74	2
Ezekiel	41	2	3.74	2
Ezekiel	43	14	3.74	2
Ezekiel	43	15	3.74	2
Ezekiel	45	3	3.74	2
Ezekiel	46	16	3.74	2
Ezekiel	46	21	3.74	2
Ezekiel	47	17	3.74	2
Ezekiel	48	22	3.74	2
Ezekiel	7	1	3.74	2
Ezra	2	10	3.74	2
Ezra	2	12	3.74	2
Ezra	2	13	3.74	2
Ezra	2	17	3.74	2
Ezra	2	19	3.74	2
Ezra	2	24	3.74	2
Ezra	2	26	3.74	2
Ezra	2	28	3.74	2
Ezra	2	29	3.74	2
Ezra	2	34	3.74	2
Ezra	2	41	3.74	2
Ezra	2	64	3.74	2
Ezra	3	6	3.74	2
Ezra	3	9	3.74	2
Ezra	5	12	3.74	2
Genesis	1	18	3.74	2
Genesis	1	4	3.74	2
Genesis	11	32	3.74	2
Genesis	14	21	3.74	2
Genesis	15	11	3.74	2
Genesis	22	5	3.74	2
Genesis	24	45	3.74	2
Genesis	24	64	3.74	2
Genesis	27	30	3.74	2
Genesis	27	7	3.74	2
Genesis	30	26	3.74	2
Genesis	32	16	3.74	2
Genesis	33	14	3.74	2
Genesis	34	11	3.74	2
Genesis	34	15	3.74	2
Genesis	34	21	3.74	2
Genesis	36	14	3.74	2
Genesis	36	25	3.74	2
Genesis	36	40	3.74	2
Genesis	38	20	3.74	2
Genesis	39	10	3.74	2
Genesis	40	18	3.74	2
Genesis	41	28	3.74	2
Genesis	42	10	3.74	2
Genesis	47	19	3.74	2
Genesis	49	17	3.74	2
Genesis	6	10	3.74	2
Haggai	2	14	3.74	2
Hosea	11	3	3.74	2
Hosea	9	2	3.74	2
Isaiah	16	4	3.74	2
Isaiah	19	17	3.74	2
Isaiah	22	3	3.74	2
Isaiah	25	11	3.74	2
Isaiah	30	31	3.74	2
Isaiah	30	32	3.74	2
Isaiah	40	20	3.74	2
Jeremiah	11	9	3.74	2
Jeremiah	13	9	3.74	2
Jeremiah	18	3	3.74	2
Jeremiah	31	30	3.74	2
Jeremiah	31	39	3.74	2
Jeremiah	32	1	3.74	2
Jeremiah	35	7	3.74	2
Jeremiah	37	2	3.74	2
Jeremiah	38	10	3.74	2
Jeremiah	39	13	3.74	2
Jeremiah	4	12	3.74	2
Jeremiah	42	11	3.74	2
Jeremiah	42	7	3.74	2
Jeremiah	47	7	3.74	2
Jeremiah	48	35	3.74	2
Jeremiah	48	9	3.74	2
Jeremiah	49	14	3.74	2
Jeremiah	49	30	3.74	2
Jeremiah	52	32	3.74	2
Jeremiah	7	1	3.74	2
Job	14	9	3.74	2
Job	18	12	3.74	2
Job	18	3	3.74	2
Job	19	18	3.74	2
Job	22	1	3.74	2
Job	28	22	3.74	2
Job	28	8	3.74	2
Job	29	21	3.74	2
Job	34	33	3.74	2
Job	36	33	3.74	2
Job	37	4	3.74	2
Job	39	22	3.74	2
Job	40	13	3.74	2
Job	40	6	3.74	2
Job	41	2	3.74	2
Job	41	4	3.74	2
Job	8	11	3.74	2
Joel	2	29	3.74	2
John	10	6	3.74	2
John	11	22	3.74	2
John	11	7	3.74	2
John	13	11	3.74	2
John	21	13	3.74	2
John	4	13	3.74	2
John	6	13	3.74	2
John	6	20	3.74	2
Jonah	1	11	3.74	2
Joshua	1	12	3.74	2
Joshua	10	4	3.74	2
Joshua	15	46	3.74	2
Joshua	17	13	3.74	2
Joshua	18	3	3.74	2
Joshua	19	35	3.74	2
Joshua	19	38	3.74	2
Joshua	2	21	3.74	2
Joshua	2	5	3.74	2
Joshua	2	8	3.74	2
Joshua	21	4	3.74	2
Joshua	22	11	3.74	2
Joshua	22	33	3.74	2
Joshua	7	18	3.74	2
Judges	1	36	3.74	2
Judges	11	5	3.74	2
Judges	11	8	3.74	2
Judges	15	4	3.74	2
Judges	16	13	3.74	2
Judges	18	20	3.74	2
Judges	18	30	3.74	2
Judges	18	8	3.74	2
Judges	19	5	3.74	2
Judges	2	6	3.74	2
Judges	4	22	3.74	2
Judges	6	20	3.74	2
Lamentations	3	20	3.74	2
Leviticus	11	11	3.74	2
Leviticus	11	26	3.74	2
Leviticus	13	47	3.74	2
Leviticus	14	3	3.74	2
Leviticus	14	31	3.74	2
Leviticus	15	28	3.74	2
Leviticus	16	10	3.74	2
Leviticus	16	8	3.74	2
Leviticus	16	9	3.74	2
Leviticus	17	2	3.74	2
Leviticus	18	11	3.74	2
Leviticus	18	2	3.74	2
Leviticus	22	13	3.74	2
Leviticus	23	11	3.74	2
Leviticus	24	6	3.74	2
Leviticus	25	15	3.74	2
Leviticus	25	24	3.74	2
Leviticus	25	50	3.74	2
Leviticus	25	55	3.74	2
Leviticus	25	6	3.74	2
Leviticus	27	16	3.74	2
Leviticus	27	18	3.74	2
Leviticus	27	31	3.74	2
Leviticus	27	8	3.74	2
Leviticus	5	14	3.74	2
Leviticus	8	24	3.74	2
Luke	1	44	3.74	2
Luke	1	62	3.74	2
Luke	10	14	3.74	2
Luke	10	37	3.74	2
Luke	11	35	3.74	2
Luke	17	11	3.74	2
Luke	17	35	3.74	2
Luke	18	36	3.74	2
Luke	20	26	3.74	2
Luke	20	3	3.74	2
Luke	22	10	3.74	2
Luke	23	37	3.74	2
Luke	24	15	3.74	2
Luke	7	20	3.74	2
Luke	9	37	3.74	2
Malachi	2	12	3.74	2
Mark	10	1	3.74	2
Mark	10	22	3.74	2
Mark	10	48	3.74	2
Mark	13	25	3.74	2
Mark	13	29	3.74	2
Mark	14	48	3.74	2
Mark	15	5	3.74	2
Mark	15	9	3.74	2
Mark	2	24	3.74	2
Mark	4	36	3.74	2
Mark	5	18	3.74	2
Mark	5	31	3.74	2
Mark	8	21	3.74	2
Mark	8	25	3.74	2
Mark	8	27	3.74	2
Mark	9	45	3.74	2
Matthew	12	13	3.74	2
Matthew	14	18	3.74	2
Matthew	17	7	3.74	2
Matthew	18	22	3.74	2
Matthew	6	15	3.74	2
Matthew	7	4	3.74	2
Matthew	9	21	3.74	2
Micah	5	12	3.74	2
Nahum	2	7	3.74	2
Nehemiah	1	7	3.74	2
Nehemiah	12	12	3.74	2
Nehemiah	2	9	3.74	2
Nehemiah	4	18	3.74	2
Nehemiah	4	8	3.74	2
Nehemiah	7	10	3.74	2
Nehemiah	7	17	3.74	2
Nehemiah	7	44	3.74	2
Nehemiah	8	15	3.74	2
Numbers	10	20	3.74	2
Numbers	10	34	3.74	2
Numbers	18	29	3.74	2
Numbers	19	10	3.74	2
Numbers	19	3	3.74	2
Numbers	2	13	3.74	2
Numbers	2	4	3.74	2
Numbers	20	23	3.74	2
Numbers	25	12	3.74	2
Numbers	26	18	3.74	2
Numbers	26	21	3.74	2
Numbers	26	43	3.74	2
Numbers	26	47	3.74	2
Numbers	26	50	3.74	2
Numbers	26	7	3.74	2
Numbers	28	31	3.74	2
Numbers	32	24	3.74	2
Numbers	33	15	3.74	2
Numbers	33	46	3.74	2
Numbers	34	9	3.74	2
Numbers	4	21	3.74	2
Numbers	7	30	3.74	2
Numbers	7	86	3.74	2
Numbers	8	13	3.74	2
Numbers	8	18	3.74	2
Numbers	8	8	3.74	2
Numbers	9	5	3.74	2
Numbers	9	7	3.74	2
Proverbs	14	25	3.74	2
Proverbs	20	30	3.74	2
Proverbs	22	27	3.74	2
Proverbs	23	14	3.74	2
Proverbs	23	8	3.74	2
Proverbs	26	8	3.74	2
Proverbs	29	13	3.74	2
Proverbs	30	18	3.74	2
Proverbs	6	27	3.74	2
Proverbs	7	4	3.74	2
Proverbs	8	12	3.74	2
Proverbs	8	24	3.74	2
Psalms	100	2	3.74	2
Psalms	102	7	3.74	2
Psalms	119	79	3.74	2
Psalms	136	26	3.74	2
Psalms	136	8	3.74	2
Psalms	26	10	3.74	2
Psalms	30	10	3.74	2
Psalms	33	22	3.74	2
Psalms	35	3	3.74	2
Psalms	38	22	3.74	2
Psalms	65	10	3.74	2
Psalms	68	10	3.74	2
Psalms	74	6	3.74	2
Psalms	88	12	3.74	2
Psalms	89	25	3.74	2
Psalms	94	22	3.74	2
Revelation	14	17	3.74	2
Romans	16	13	3.74	2
Ruth	4	3	3.74	2
1 Chronicles	1	45	3.48	2
1 Chronicles	1	53	3.48	2
1 Chronicles	10	5	3.48	2
1 Chronicles	10	9	3.48	2
1 Chronicles	11	17	3.48	2
1 Chronicles	11	21	3.48	2
1 Chronicles	11	5	3.48	2
1 Chronicles	12	25	3.48	2
1 Chronicles	12	27	3.48	2
1 Chronicles	13	2	3.48	2
1 Chronicles	13	3	3.48	2
1 Chronicles	14	15	3.48	2
1 Chronicles	14	3	3.48	2
1 Chronicles	15	10	3.48	2
1 Chronicles	15	23	3.48	2
1 Chronicles	15	5	3.48	2
1 Chronicles	15	6	3.48	2
1 Chronicles	15	7	3.48	2
1 Chronicles	16	17	3.48	2
1 Chronicles	16	19	3.48	2
1 Chronicles	16	22	3.48	2
1 Chronicles	16	30	3.48	2
1 Chronicles	17	26	3.48	2
1 Chronicles	18	4	3.48	2
1 Chronicles	19	19	3.48	2
1 Chronicles	19	3	3.48	2
1 Chronicles	2	48	3.48	2
1 Chronicles	20	6	3.48	2
1 Chronicles	21	20	3.48	2
1 Chronicles	21	27	3.48	2
1 Chronicles	22	4	3.48	2
1 Chronicles	22	6	3.48	2
1 Chronicles	23	16	3.48	2
1 Chronicles	24	2	3.48	2
1 Chronicles	25	20	3.48	2
1 Chronicles	25	4	3.48	2
1 Chronicles	25	5	3.48	2
1 Chronicles	26	17	3.48	2
1 Chronicles	26	25	3.48	2
1 Chronicles	26	6	3.48	2
1 Chronicles	27	15	3.48	2
1 Chronicles	27	26	3.48	2
1 Chronicles	27	32	3.48	2
1 Chronicles	27	9	3.48	2
1 Chronicles	28	14	3.48	2
1 Chronicles	28	16	3.48	2
1 Chronicles	3	6	3.48	2
1 Chronicles	4	33	3.48	2
1 Chronicles	4	40	3.48	2
1 Chronicles	5	11	3.48	2
1 Chronicles	5	8	3.48	2
1 Chronicles	6	13	3.48	2
1 Chronicles	6	32	3.48	2
1 Chronicles	6	35	3.48	2
1 Chronicles	6	38	3.48	2
1 Chronicles	6	65	3.48	2
1 Chronicles	6	69	3.48	2
1 Chronicles	6	72	3.48	2
1 Chronicles	6	74	3.48	2
1 Chronicles	6	81	3.48	2
1 Chronicles	7	10	3.48	2
1 Chronicles	7	15	3.48	2
1 Chronicles	7	21	3.48	2
1 Chronicles	7	26	3.48	2
1 Chronicles	8	29	3.48	2
1 Chronicles	8	4	3.48	2
1 Chronicles	8	6	3.48	2
1 Chronicles	9	21	3.48	2
1 Chronicles	9	28	3.48	2
1 Chronicles	9	31	3.48	2
1 Chronicles	9	34	3.48	2
1 Chronicles	9	7	3.48	2
1 Corinthians	11	9	3.48	2
1 Corinthians	12	5	3.48	2
1 Corinthians	15	38	3.48	2
1 Corinthians	9	3	3.48	2
1 John	5	17	3.48	2
1 Kings	1	18	3.48	2
1 Kings	1	41	3.48	2
1 Kings	11	21	3.48	2
1 Kings	11	35	3.48	2
1 Kings	12	3	3.48	2
1 Kings	12	4	3.48	2
1 Kings	13	11	3.48	2
1 Kings	13	14	3.48	2
1 Kings	15	1	3.48	2
1 Kings	15	7	3.48	2
1 Kings	16	10	3.48	2
1 Kings	16	12	3.48	2
1 Kings	16	17	3.48	2
1 Kings	17	15	3.48	2
1 Kings	17	5	3.48	2
1 Kings	18	14	3.48	2
1 Kings	18	25	3.48	2
1 Kings	2	16	3.48	2
1 Kings	2	29	3.48	2
1 Kings	20	15	3.48	2
1 Kings	20	19	3.48	2
1 Kings	22	29	3.48	2
1 Kings	22	33	3.48	2
1 Kings	22	35	3.48	2
1 Kings	22	40	3.48	2
1 Kings	22	9	3.48	2
1 Kings	4	23	3.48	2
1 Kings	4	27	3.48	2
1 Kings	4	9	3.48	2
1 Kings	6	21	3.48	2
1 Kings	7	16	3.48	2
1 Kings	7	19	3.48	2
1 Kings	7	25	3.48	2
1 Kings	7	42	3.48	2
1 Kings	7	6	3.48	2
1 Kings	8	60	3.48	2
1 Samuel	10	21	3.48	2
1 Samuel	10	4	3.48	2
1 Samuel	12	16	3.48	2
1 Samuel	14	10	3.48	2
1 Samuel	14	14	3.48	2
1 Samuel	14	40	3.48	2
1 Samuel	14	42	3.48	2
1 Samuel	16	16	3.48	2
1 Samuel	17	16	3.48	2
1 Samuel	17	23	3.48	2
1 Samuel	17	24	3.48	2
1 Samuel	17	39	3.48	2
1 Samuel	19	18	3.48	2
1 Samuel	19	19	3.48	2
1 Samuel	19	7	3.48	2
1 Samuel	2	23	3.48	2
1 Samuel	20	19	3.48	2
1 Samuel	20	27	3.48	2
1 Samuel	21	13	3.48	2
1 Samuel	21	5	3.48	2
1 Samuel	21	8	3.48	2
1 Samuel	26	15	3.48	2
1 Samuel	26	4	3.48	2
1 Samuel	26	7	3.48	2
1 Samuel	28	12	3.48	2
1 Samuel	28	13	3.48	2
1 Samuel	28	20	3.48	2
1 Samuel	29	7	3.48	2
1 Samuel	3	21	3.48	2
1 Samuel	3	7	3.48	2
1 Samuel	30	19	3.48	2
1 Samuel	30	27	3.48	2
1 Samuel	30	28	3.48	2
1 Samuel	5	4	3.48	2
1 Samuel	6	16	3.48	2
1 Samuel	6	18	3.48	2
1 Samuel	6	2	3.48	2
1 Samuel	7	4	3.48	2
1 Samuel	9	27	3.48	2
1 Timothy	4	5	3.48	2
2 Chronicles	1	13	3.48	2
2 Chronicles	10	10	3.48	2
2 Chronicles	10	13	3.48	2
2 Chronicles	10	9	3.48	2
2 Chronicles	11	10	3.48	2
2 Chronicles	12	7	3.48	2
2 Chronicles	15	11	3.48	2
2 Chronicles	16	12	3.48	2
2 Chronicles	17	13	3.48	2
2 Chronicles	17	19	3.48	2
2 Chronicles	18	28	3.48	2
2 Chronicles	21	12	3.48	2
2 Chronicles	21	5	3.48	2
2 Chronicles	22	4	3.48	2
2 Chronicles	23	21	3.48	2
2 Chronicles	23	5	3.48	2
2 Chronicles	24	10	3.48	2
2 Chronicles	24	15	3.48	2
2 Chronicles	24	8	3.48	2
2 Chronicles	25	18	3.48	2
2 Chronicles	25	26	3.48	2
2 Chronicles	25	28	3.48	2
2 Chronicles	26	12	3.48	2
2 Chronicles	27	7	3.48	2
2 Chronicles	28	21	3.48	2
2 Chronicles	29	19	3.48	2
2 Chronicles	29	22	3.48	2
2 Chronicles	3	11	3.48	2
2 Chronicles	31	15	3.48	2
2 Chronicles	31	18	3.48	2
2 Chronicles	35	1	3.48	2
2 Chronicles	35	2	3.48	2
2 Chronicles	36	2	3.48	2
2 Chronicles	6	24	3.48	2
2 Chronicles	6	34	3.48	2
2 Chronicles	7	22	3.48	2
2 Chronicles	8	3	3.48	2
2 Chronicles	8	6	3.48	2
2 Chronicles	9	30	3.48	2
2 Corinthians	7	16	3.48	2
2 Kings	1	14	3.48	2
2 Kings	10	23	3.48	2
2 Kings	10	33	3.48	2
2 Kings	10	4	3.48	2
2 Kings	10	9	3.48	2
2 Kings	11	10	3.48	2
2 Kings	11	11	3.48	2
2 Kings	11	13	3.48	2
2 Kings	12	10	3.48	2
2 Kings	12	12	3.48	2
2 Kings	12	8	3.48	2
2 Kings	13	12	3.48	2
2 Kings	13	8	3.48	2
2 Kings	14	14	3.48	2
2 Kings	14	15	3.48	2
2 Kings	14	29	3.48	2
2 Kings	15	24	3.48	2
2 Kings	15	34	3.48	2
2 Kings	17	12	3.48	2
2 Kings	18	28	3.48	2
2 Kings	19	24	3.48	2
2 Kings	20	16	3.48	2
2 Kings	22	9	3.48	2
2 Kings	23	19	3.48	2
2 Kings	25	26	3.48	2
2 Kings	25	30	3.48	2
2 Kings	3	24	3.48	2
2 Kings	3	5	3.48	2
2 Kings	4	10	3.48	2
2 Kings	4	13	3.48	2
2 Kings	4	22	3.48	2
2 Kings	4	40	3.48	2
2 Kings	4	6	3.48	2
2 Kings	5	12	3.48	2
2 Kings	5	18	3.48	2
2 Kings	5	24	3.48	2
2 Kings	5	9	3.48	2
2 Kings	6	14	3.48	2
2 Kings	6	5	3.48	2
2 Kings	8	23	3.48	2
2 Kings	9	18	3.48	2
2 Samuel	1	3	3.48	2
2 Samuel	11	24	3.48	2
2 Samuel	11	26	3.48	2
2 Samuel	12	19	3.48	2
2 Samuel	13	24	3.48	2
2 Samuel	13	25	3.48	2
2 Samuel	13	33	3.48	2
2 Samuel	13	36	3.48	2
2 Samuel	15	9	3.48	2
2 Samuel	16	13	3.48	2
2 Samuel	16	8	3.48	2
2 Samuel	17	12	3.48	2
2 Samuel	17	13	3.48	2
2 Samuel	17	7	3.48	2
2 Samuel	18	10	3.48	2
2 Samuel	18	15	3.48	2
2 Samuel	18	16	3.48	2
2 Samuel	18	29	3.48	2
2 Samuel	18	6	3.48	2
2 Samuel	19	10	3.48	2
2 Samuel	19	11	3.48	2
2 Samuel	19	18	3.48	2
2 Samuel	19	3	3.48	2
2 Samuel	19	42	3.48	2
2 Samuel	2	19	3.48	2
2 Samuel	20	12	3.48	2
2 Samuel	22	13	3.48	2
2 Samuel	22	18	3.48	2
2 Samuel	22	19	3.48	2
2 Samuel	22	39	3.48	2
2 Samuel	22	42	3.48	2
2 Samuel	23	11	3.48	2
2 Samuel	23	23	3.48	2
2 Samuel	23	33	3.48	2
2 Samuel	23	34	3.48	2
2 Samuel	24	12	3.48	2
2 Samuel	3	34	3.48	2
2 Samuel	4	2	3.48	2
2 Samuel	4	7	3.48	2
2 Samuel	4	8	3.48	2
2 Samuel	6	11	3.48	2
2 Samuel	6	8	3.48	2
Acts	10	8	3.48	2
Acts	11	11	3.48	2
Acts	14	25	3.48	2
Acts	14	28	3.48	2
Acts	14	7	3.48	2
Acts	16	35	3.48	2
Acts	19	16	3.48	2
Acts	19	30	3.48	2
Acts	19	36	3.48	2
Acts	2	35	3.48	2
Acts	2	8	3.48	2
Acts	20	12	3.48	2
Acts	21	12	3.48	2
Acts	21	23	3.48	2
Acts	22	13	3.48	2
Acts	28	12	3.48	2
Acts	28	14	3.48	2
Acts	28	21	3.48	2
Acts	4	15	3.48	2
Acts	5	8	3.48	2
Acts	7	24	3.48	2
Acts	7	50	3.48	2
Amos	2	3	3.48	2
Amos	8	13	3.48	2
Daniel	1	15	3.48	2
Daniel	11	17	3.48	2
Daniel	11	20	3.48	2
Daniel	11	29	3.48	2
Daniel	11	42	3.48	2
Daniel	2	15	3.48	2
Daniel	3	14	3.48	2
Daniel	3	24	3.48	2
Daniel	4	36	3.48	2
Daniel	8	14	3.48	2
Deuteronomy	10	11	3.48	2
Deuteronomy	10	13	3.48	2
Deuteronomy	11	8	3.48	2
Deuteronomy	12	27	3.48	2
Deuteronomy	14	12	3.48	2
Deuteronomy	14	15	3.48	2
Deuteronomy	14	24	3.48	2
Deuteronomy	14	25	3.48	2
Deuteronomy	15	4	3.48	2
Deuteronomy	16	22	3.48	2
Deuteronomy	17	11	3.48	2
Deuteronomy	18	21	3.48	2
Deuteronomy	19	5	3.48	2
Deuteronomy	2	31	3.48	2
Deuteronomy	20	18	3.48	2
Deuteronomy	21	2	3.48	2
Deuteronomy	21	7	3.48	2
Deuteronomy	22	25	3.48	2
Deuteronomy	23	11	3.48	2
Deuteronomy	23	20	3.48	2
Deuteronomy	23	8	3.48	2
Deuteronomy	23	9	3.48	2
Deuteronomy	24	22	3.48	2
Deuteronomy	27	1	3.48	2
Deuteronomy	27	4	3.48	2
Deuteronomy	28	19	3.48	2
Deuteronomy	28	40	3.48	2
Deuteronomy	28	66	3.48	2
Deuteronomy	29	15	3.48	2
Deuteronomy	29	3	3.48	2
Deuteronomy	32	48	3.48	2
Deuteronomy	4	22	3.48	2
Deuteronomy	6	23	3.48	2
Ecclesiastes	1	10	3.48	2
Ecclesiastes	1	6	3.48	2
Ecclesiastes	12	4	3.48	2
Ecclesiastes	4	14	3.48	2
Ecclesiastes	5	11	3.48	2
Ecclesiastes	7	3	3.48	2
Ecclesiastes	7	4	3.48	2
Ecclesiastes	7	5	3.48	2
Esther	2	16	3.48	2
Esther	4	2	3.48	2
Esther	4	4	3.48	2
Esther	4	5	3.48	2
Esther	4	7	3.48	2
Esther	5	12	3.48	2
Esther	5	4	3.48	2
Esther	6	7	3.48	2
Esther	9	16	3.48	2
Esther	9	3	3.48	2
Exodus	12	4	3.48	2
Exodus	13	10	3.48	2
Exodus	15	12	3.48	2
Exodus	16	22	3.48	2
Exodus	18	20	3.48	2
Exodus	19	7	3.48	2
Exodus	2	7	3.48	2
Exodus	21	21	3.48	2
Exodus	21	29	3.48	2
Exodus	21	33	3.48	2
Exodus	21	4	3.48	2
Exodus	22	12	3.48	2
Exodus	22	14	3.48	2
Exodus	22	5	3.48	2
Exodus	23	11	3.48	2
Exodus	23	3	3.48	2
Exodus	25	15	3.48	2
Exodus	25	3	3.48	2
Exodus	26	10	3.48	2
Exodus	26	18	3.48	2
Exodus	26	2	3.48	2
Exodus	26	22	3.48	2
Exodus	26	6	3.48	2
Exodus	26	9	3.48	2
Exodus	27	17	3.48	2
Exodus	27	4	3.48	2
Exodus	27	7	3.48	2
Exodus	28	13	3.48	2
Exodus	28	18	3.48	2
Exodus	28	24	3.48	2
Exodus	28	25	3.48	2
Exodus	28	28	3.48	2
Exodus	29	30	3.48	2
Exodus	30	2	3.48	2
Exodus	30	4	3.48	2
Exodus	30	9	3.48	2
Exodus	31	8	3.48	2
Exodus	32	24	3.48	2
Exodus	34	32	3.48	2
Exodus	35	14	3.48	2
Exodus	35	20	3.48	2
Exodus	35	27	3.48	2
Exodus	35	9	3.48	2
Exodus	36	17	3.48	2
Exodus	36	18	3.48	2
Exodus	36	24	3.48	2
Exodus	36	36	3.48	2
Exodus	36	5	3.48	2
Exodus	37	3	3.48	2
Exodus	38	30	3.48	2
Exodus	38	4	3.48	2
Exodus	39	11	3.48	2
Exodus	39	22	3.48	2
Exodus	39	24	3.48	2
Exodus	39	29	3.48	2
Exodus	39	38	3.48	2
Exodus	39	4	3.48	2
Exodus	40	1	3.48	2
Exodus	40	11	3.48	2
Exodus	5	15	3.48	2
Exodus	5	6	3.48	2
Exodus	5	8	3.48	2
Exodus	5	9	3.48	2
Exodus	9	24	3.48	2
Exodus	9	31	3.48	2
Ezekiel	10	10	3.48	2
Ezekiel	11	11	3.48	2
Ezekiel	13	12	3.48	2
Ezekiel	14	12	3.48	2
Ezekiel	14	2	3.48	2
Ezekiel	16	23	3.48	2
Ezekiel	16	30	3.48	2
Ezekiel	16	50	3.48	2
Ezekiel	18	3	3.48	2
Ezekiel	21	1	3.48	2
Ezekiel	22	19	3.48	2
Ezekiel	23	20	3.48	2
Ezekiel	23	30	3.48	2
Ezekiel	23	33	3.48	2
Ezekiel	23	43	3.48	2
Ezekiel	23	7	3.48	2
Ezekiel	27	1	3.48	2
Ezekiel	27	24	3.48	2
Ezekiel	28	23	3.48	2
Ezekiel	29	2	3.48	2
Ezekiel	29	20	3.48	2
Ezekiel	30	1	3.48	2
Ezekiel	32	32	3.48	2
Ezekiel	32	8	3.48	2
Ezekiel	34	9	3.48	2
Ezekiel	36	12	3.48	2
Ezekiel	36	14	3.48	2
Ezekiel	36	34	3.48	2
Ezekiel	37	2	3.48	2
Ezekiel	4	11	3.48	2
Ezekiel	4	15	3.48	2
Ezekiel	40	42	3.48	2
Ezekiel	40	8	3.48	2
Ezekiel	42	12	3.48	2
Ezekiel	42	7	3.48	2
Ezekiel	43	18	3.48	2
Ezekiel	45	14	3.48	2
Ezekiel	48	14	3.48	2
Ezekiel	48	20	3.48	2
Ezekiel	48	9	3.48	2
Ezekiel	7	14	3.48	2
Ezekiel	8	8	3.48	2
Ezra	10	16	3.48	2
Ezra	10	20	3.48	2
Ezra	10	33	3.48	2
Ezra	10	44	3.48	2
Ezra	2	21	3.48	2
Ezra	2	32	3.48	2
Ezra	2	38	3.48	2
Ezra	2	4	3.48	2
Ezra	3	13	3.48	2
Ezra	4	8	3.48	2
Ezra	5	7	3.48	2
Ezra	6	20	3.48	2
Ezra	8	12	3.48	2
Ezra	8	14	3.48	2
Ezra	8	19	3.48	2
Ezra	8	8	3.48	2
Galatians	4	18	3.48	2
Genesis	10	17	3.48	2
Genesis	10	24	3.48	2
Genesis	10	31	3.48	2
Genesis	11	11	3.48	2
Genesis	11	16	3.48	2
Genesis	11	25	3.48	2
Genesis	11	30	3.48	2
Genesis	11	8	3.48	2
Genesis	18	15	3.48	2
Genesis	18	7	3.48	2
Genesis	19	18	3.48	2
Genesis	2	15	3.48	2
Genesis	21	15	3.48	2
Genesis	22	10	3.48	2
Genesis	23	1	3.48	2
Genesis	23	13	3.48	2
Genesis	23	8	3.48	2
Genesis	24	9	3.48	2
Genesis	25	19	3.48	2
Genesis	25	32	3.48	2
Genesis	25	4	3.48	2
Genesis	26	22	3.48	2
Genesis	26	8	3.48	2
Genesis	27	21	3.48	2
Genesis	27	42	3.48	2
Genesis	28	11	3.48	2
Genesis	29	25	3.48	2
Genesis	29	3	3.48	2
Genesis	30	12	3.48	2
Genesis	30	37	3.48	2
Genesis	31	15	3.48	2
Genesis	31	31	3.48	2
Genesis	31	33	3.48	2
Genesis	31	43	3.48	2
Genesis	31	46	3.48	2
Genesis	32	32	3.48	2
Genesis	33	16	3.48	2
Genesis	35	20	3.48	2
Genesis	36	16	3.48	2
Genesis	36	27	3.48	2
Genesis	36	30	3.48	2
Genesis	38	6	3.48	2
Genesis	39	11	3.48	2
Genesis	40	10	3.48	2
Genesis	40	9	3.48	2
Genesis	41	3	3.48	2
Genesis	41	37	3.48	2
Genesis	42	12	3.48	2
Genesis	42	17	3.48	2
Genesis	42	31	3.48	2
Genesis	43	20	3.48	2
Genesis	44	19	3.48	2
Genesis	45	16	3.48	2
Genesis	47	18	3.48	2
Genesis	47	23	3.48	2
Genesis	47	24	3.48	2
Genesis	49	12	3.48	2
Genesis	50	22	3.48	2
Genesis	50	4	3.48	2
Genesis	50	8	3.48	2
Genesis	8	7	3.48	2
Genesis	9	12	3.48	2
Genesis	9	17	3.48	2
Genesis	9	29	3.48	2
Hebrews	7	10	3.48	2
Hebrews	7	9	3.48	2
Hebrews	9	20	3.48	2
Hebrews	9	6	3.48	2
Hosea	10	10	3.48	2
Hosea	2	1	3.48	2
Isaiah	10	34	3.48	2
Isaiah	19	8	3.48	2
Isaiah	22	25	3.48	2
Isaiah	25	5	3.48	2
Isaiah	26	18	3.48	2
Isaiah	28	25	3.48	2
Isaiah	34	12	3.48	2
Isaiah	38	9	3.48	2
Isaiah	44	14	3.48	2
Isaiah	48	7	3.48	2
Isaiah	52	6	3.48	2
Isaiah	6	12	3.48	2
Isaiah	9	11	3.48	2
Isaiah	9	8	3.48	2
Jeremiah	10	1	3.48	2
Jeremiah	13	5	3.48	2
Jeremiah	13	6	3.48	2
Jeremiah	13	8	3.48	2
Jeremiah	15	12	3.48	2
Jeremiah	18	1	3.48	2
Jeremiah	20	17	3.48	2
Jeremiah	21	11	3.48	2
Jeremiah	26	7	3.48	2
Jeremiah	27	4	3.48	2
Jeremiah	28	12	3.48	2
Jeremiah	29	24	3.48	2
Jeremiah	29	27	3.48	2
Jeremiah	29	4	3.48	2
Jeremiah	34	13	3.48	2
Jeremiah	34	9	3.48	2
Jeremiah	35	6	3.48	2
Jeremiah	35	8	3.48	2
Jeremiah	36	15	3.48	2
Jeremiah	37	14	3.48	2
Jeremiah	37	6	3.48	2
Jeremiah	38	25	3.48	2
Jeremiah	41	6	3.48	2
Jeremiah	44	20	3.48	2
Jeremiah	44	24	3.48	2
Jeremiah	46	17	3.48	2
Jeremiah	46	22	3.48	2
Jeremiah	46	24	3.48	2
Jeremiah	48	12	3.48	2
Jeremiah	48	19	3.48	2
Jeremiah	48	4	3.48	2
Jeremiah	6	18	3.48	2
Jeremiah	6	9	3.48	2
Job	10	10	3.48	2
Job	10	12	3.48	2
Job	11	1	3.48	2
Job	11	5	3.48	2
Job	14	20	3.48	2
Job	15	1	3.48	2
Job	16	19	3.48	2
Job	16	6	3.48	2
Job	18	20	3.48	2
Job	18	9	3.48	2
Job	19	27	3.48	2
Job	20	1	3.48	2
Job	20	2	3.48	2
Job	20	27	3.48	2
Job	21	33	3.48	2
Job	22	20	3.48	2
Job	22	8	3.48	2
Job	24	11	3.48	2
Job	24	8	3.48	2
Job	26	3	3.48	2
Job	27	11	3.48	2
Job	27	7	3.48	2
Job	28	14	3.48	2
Job	28	17	3.48	2
Job	28	2	3.48	2
Job	28	23	3.48	2
Job	29	8	3.48	2
Job	3	4	3.48	2
Job	30	16	3.48	2
Job	30	18	3.48	2
Job	30	22	3.48	2
Job	32	17	3.48	2
Job	32	20	3.48	2
Job	32	22	3.48	2
Job	33	29	3.48	2
Job	33	33	3.48	2
Job	34	12	3.48	2
Job	34	13	3.48	2
Job	34	16	3.48	2
Job	34	26	3.48	2
Job	34	34	3.48	2
Job	36	14	3.48	2
Job	36	20	3.48	2
Job	36	28	3.48	2
Job	37	20	3.48	2
Job	37	24	3.48	2
Job	38	24	3.48	2
Job	38	28	3.48	2
Job	38	6	3.48	2
Job	38	9	3.48	2
Job	39	18	3.48	2
Job	39	26	3.48	2
Job	40	18	3.48	2
Job	41	20	3.48	2
Job	41	23	3.48	2
Job	41	26	3.48	2
Job	41	33	3.48	2
Job	42	15	3.48	2
Job	6	12	3.48	2
Job	6	17	3.48	2
Job	6	20	3.48	2
Job	7	4	3.48	2
Job	8	12	3.48	2
Job	9	7	3.48	2
Joel	1	1	3.48	2
Joel	3	5	3.48	2
John	10	2	3.48	2
John	10	5	3.48	2
John	11	14	3.48	2
John	11	20	3.48	2
John	11	46	3.48	2
John	12	22	3.48	2
John	13	24	3.48	2
John	2	10	3.48	2
John	2	7	3.48	2
John	21	10	3.48	2
John	21	16	3.48	2
John	3	30	3.48	2
John	4	30	3.48	2
John	4	37	3.48	2
John	4	4	3.48	2
John	4	43	3.48	2
John	4	52	3.48	2
John	5	11	3.48	2
John	5	15	3.48	2
John	6	18	3.48	2
John	6	43	3.48	2
John	8	22	3.48	2
John	9	36	3.48	2
Jonah	4	5	3.48	2
Joshua	12	16	3.48	2
Joshua	12	20	3.48	2
Joshua	12	9	3.48	2
Joshua	14	7	3.48	2
Joshua	15	3	3.48	2
Joshua	15	5	3.48	2
Joshua	16	6	3.48	2
Joshua	17	3	3.48	2
Joshua	18	9	3.48	2
Joshua	19	25	3.48	2
Joshua	19	7	3.48	2
Joshua	2	13	3.48	2
Joshua	2	20	3.48	2
Joshua	2	6	3.48	2
Joshua	20	4	3.48	2
Joshua	20	9	3.48	2
Joshua	21	15	3.48	2
Joshua	21	25	3.48	2
Joshua	21	28	3.48	2
Joshua	21	30	3.48	2
Joshua	22	14	3.48	2
Joshua	22	24	3.48	2
Joshua	22	29	3.48	2
Joshua	5	3	3.48	2
Joshua	6	14	3.48	2
Joshua	6	15	3.48	2
Joshua	6	8	3.48	2
Joshua	8	16	3.48	2
Joshua	8	25	3.48	2
Joshua	8	3	3.48	2
Joshua	8	5	3.48	2
Joshua	8	8	3.48	2
Judges	1	23	3.48	2
Judges	1	3	3.48	2
Judges	11	26	3.48	2
Judges	11	4	3.48	2
Judges	12	12	3.48	2
Judges	12	8	3.48	2
Judges	15	13	3.48	2
Judges	15	7	3.48	2
Judges	16	12	3.48	2
Judges	16	24	3.48	2
Judges	16	3	3.48	2
Judges	16	6	3.48	2
Judges	16	9	3.48	2
Judges	17	11	3.48	2
Judges	17	12	3.48	2
Judges	18	21	3.48	2
Judges	18	26	3.48	2
Judges	18	3	3.48	2
Judges	19	11	3.48	2
Judges	19	14	3.48	2
Judges	19	15	3.48	2
Judges	19	17	3.48	2
Judges	19	28	3.48	2
Judges	20	33	3.48	2
Judges	20	4	3.48	2
Judges	20	41	3.48	2
Judges	20	42	3.48	2
Judges	20	44	3.48	2
Judges	20	9	3.48	2
Judges	4	23	3.48	2
Judges	4	8	3.48	2
Judges	5	7	3.48	2
Judges	6	28	3.48	2
Judges	6	29	3.48	2
Judges	6	31	3.48	2
Judges	7	17	3.48	2
Judges	7	8	3.48	2
Judges	8	14	3.48	2
Judges	9	14	3.48	2
Judges	9	16	3.48	2
Judges	9	33	3.48	2
Judges	9	43	3.48	2
Judges	9	50	3.48	2
Lamentations	3	35	3.48	2
Lamentations	3	65	3.48	2
Lamentations	5	8	3.48	2
Leviticus	1	16	3.48	2
Leviticus	1	8	3.48	2
Leviticus	10	19	3.48	2
Leviticus	10	5	3.48	2
Leviticus	11	35	3.48	2
Leviticus	11	42	3.48	2
Leviticus	11	8	3.48	2
Leviticus	11	9	3.48	2
Leviticus	13	18	3.48	2
Leviticus	13	24	3.48	2
Leviticus	13	34	3.48	2
Leviticus	13	4	3.48	2
Leviticus	13	5	3.48	2
Leviticus	13	7	3.48	2
Leviticus	14	23	3.48	2
Leviticus	14	27	3.48	2
Leviticus	14	32	3.48	2
Leviticus	14	47	3.48	2
Leviticus	15	21	3.48	2
Leviticus	16	25	3.48	2
Leviticus	17	9	3.48	2
Leviticus	18	12	3.48	2
Leviticus	19	21	3.48	2
Leviticus	22	1	3.48	2
Leviticus	22	15	3.48	2
Leviticus	22	28	3.48	2
Leviticus	23	25	3.48	2
Leviticus	23	42	3.48	2
Leviticus	23	43	3.48	2
Leviticus	24	1	3.48	2
Leviticus	24	10	3.48	2
Leviticus	24	4	3.48	2
Leviticus	24	8	3.48	2
Leviticus	25	29	3.48	2
Leviticus	25	49	3.48	2
Leviticus	27	11	3.48	2
Leviticus	27	12	3.48	2
Leviticus	27	14	3.48	2
Leviticus	27	29	3.48	2
Leviticus	4	1	3.48	2
Leviticus	5	3	3.48	2
Leviticus	6	13	3.48	2
Leviticus	6	19	3.48	2
Leviticus	6	21	3.48	2
Leviticus	6	24	3.48	2
Leviticus	7	10	3.48	2
Leviticus	7	19	3.48	2
Leviticus	7	24	3.48	2
Leviticus	7	27	3.48	2
Leviticus	9	14	3.48	2
Leviticus	9	18	3.48	2
Leviticus	9	4	3.48	2
Luke	1	1	3.48	2
Luke	1	57	3.48	2
Luke	10	32	3.48	2
Luke	10	8	3.48	2
Luke	14	32	3.48	2
Luke	15	19	3.48	2
Luke	15	26	3.48	2
Luke	16	6	3.48	2
Luke	18	26	3.48	2
Luke	18	40	3.48	2
Luke	18	6	3.48	2
Luke	19	25	3.48	2
Luke	2	15	3.48	2
Luke	2	33	3.48	2
Luke	20	2	3.48	2
Luke	20	29	3.48	2
Luke	20	7	3.48	2
Luke	20	8	3.48	2
Luke	21	10	3.48	2
Luke	21	3	3.48	2
Luke	21	31	3.48	2
Luke	22	36	3.48	2
Luke	22	5	3.48	2
Luke	22	68	3.48	2
Luke	22	71	3.48	2
Luke	23	6	3.48	2
Luke	24	3	3.48	2
Luke	24	42	3.48	2
Luke	4	37	3.48	2
Luke	4	44	3.48	2
Luke	5	6	3.48	2
Luke	8	33	3.48	2
Luke	8	6	3.48	2
Luke	8	9	3.48	2
Luke	9	8	3.48	2
Mark	1	30	3.48	2
Mark	1	43	3.48	2
Mark	11	4	3.48	2
Mark	12	25	3.48	2
Mark	12	4	3.48	2
Mark	12	7	3.48	2
Mark	13	15	3.48	2
Mark	13	28	3.48	2
Mark	13	36	3.48	2
Mark	14	11	3.48	2
Mark	14	45	3.48	2
Mark	14	56	3.48	2
Mark	14	69	3.48	2
Mark	15	13	3.48	2
Mark	15	31	3.48	2
Mark	16	2	3.48	2
Mark	2	15	3.48	2
Mark	3	19	3.48	2
Mark	3	30	3.48	2
Mark	5	11	3.48	2
Mark	5	14	3.48	2
Mark	5	6	3.48	2
Mark	6	28	3.48	2
Mark	6	32	3.48	2
Mark	6	35	3.48	2
Mark	6	50	3.48	2
Mark	8	24	3.48	2
Mark	8	26	3.48	2
Mark	8	3	3.48	2
Mark	8	32	3.48	2
Mark	8	9	3.48	2
Matthew	1	17	3.48	2
Matthew	1	24	3.48	2
Matthew	12	17	3.48	2
Matthew	14	28	3.48	2
Matthew	14	35	3.48	2
Matthew	18	29	3.48	2
Matthew	18	31	3.48	2
Matthew	19	25	3.48	2
Matthew	2	7	3.48	2
Matthew	20	3	3.48	2
Matthew	20	5	3.48	2
Matthew	21	30	3.48	2
Matthew	21	39	3.48	2
Matthew	22	25	3.48	2
Matthew	22	26	3.48	2
Matthew	22	45	3.48	2
Matthew	25	33	3.48	2
Matthew	26	68	3.48	2
Matthew	26	7	3.48	2
Matthew	27	49	3.48	2
Matthew	27	59	3.48	2
Matthew	28	12	3.48	2
Matthew	8	30	3.48	2
Matthew	8	7	3.48	2
Micah	2	5	3.48	2
Nehemiah	10	13	3.48	2
Nehemiah	10	32	3.48	2
Nehemiah	11	15	3.48	2
Nehemiah	11	25	3.48	2
Nehemiah	11	26	3.48	2
Nehemiah	11	29	3.48	2
Nehemiah	12	41	3.48	2
Nehemiah	2	15	3.48	2
Nehemiah	3	30	3.48	2
Nehemiah	4	23	3.48	2
Nehemiah	5	17	3.48	2
Nehemiah	6	18	3.48	2
Nehemiah	7	18	3.48	2
Nehemiah	7	25	3.48	2
Nehemiah	7	27	3.48	2
Nehemiah	7	29	3.48	2
Nehemiah	7	3	3.48	2
Nehemiah	7	41	3.48	2
Nehemiah	7	42	3.48	2
Nehemiah	7	48	3.48	2
Nehemiah	7	62	3.48	2
Nehemiah	7	67	3.48	2
Nehemiah	7	72	3.48	2
Nehemiah	8	17	3.48	2
Nehemiah	8	5	3.48	2
Numbers	1	23	3.48	2
Numbers	1	24	3.48	2
Numbers	1	27	3.48	2
Numbers	1	33	3.48	2
Numbers	1	37	3.48	2
Numbers	1	38	3.48	2
Numbers	1	52	3.48	2
Numbers	10	13	3.48	2
Numbers	10	15	3.48	2
Numbers	10	16	3.48	2
Numbers	10	24	3.48	2
Numbers	10	27	3.48	2
Numbers	10	4	3.48	2
Numbers	11	10	3.48	2
Numbers	11	22	3.48	2
Numbers	11	6	3.48	2
Numbers	12	12	3.48	2
Numbers	12	2	3.48	2
Numbers	13	11	3.48	2
Numbers	13	20	3.48	2
Numbers	15	1	3.48	2
Numbers	15	11	3.48	2
Numbers	15	14	3.48	2
Numbers	15	17	3.48	2
Numbers	16	12	3.48	2
Numbers	16	44	3.48	2
Numbers	2	1	3.48	2
Numbers	2	11	3.48	2
Numbers	2	19	3.48	2
Numbers	20	20	3.48	2
Numbers	20	4	3.48	2
Numbers	20	7	3.48	2
Numbers	22	29	3.48	2
Numbers	22	8	3.48	2
Numbers	23	2	3.48	2
Numbers	23	27	3.48	2
Numbers	26	3	3.48	2
Numbers	26	56	3.48	2
Numbers	26	58	3.48	2
Numbers	26	6	3.48	2
Numbers	27	20	3.48	2
Numbers	28	24	3.48	2
Numbers	29	19	3.48	2
Numbers	29	20	3.48	2
Numbers	29	22	3.48	2
Numbers	29	25	3.48	2
Numbers	29	5	3.48	2
Numbers	3	28	3.48	2
Numbers	3	34	3.48	2
Numbers	3	40	3.48	2
Numbers	3	5	3.48	2
Numbers	3	50	3.48	2
Numbers	3	51	3.48	2
Numbers	30	6	3.48	2
Numbers	31	18	3.48	2
Numbers	31	3	3.48	2
Numbers	31	32	3.48	2
Numbers	31	35	3.48	2
Numbers	31	48	3.48	2
Numbers	32	10	3.48	2
Numbers	32	15	3.48	2
Numbers	32	17	3.48	2
Numbers	32	2	3.48	2
Numbers	32	30	3.48	2
Numbers	32	7	3.48	2
Numbers	33	18	3.48	2
Numbers	33	45	3.48	2
Numbers	34	14	3.48	2
Numbers	35	13	3.48	2
Numbers	35	22	3.48	2
Numbers	36	5	3.48	2
Numbers	36	6	3.48	2
Numbers	36	8	3.48	2
Numbers	4	13	3.48	2
Numbers	4	16	3.48	2
Numbers	4	29	3.48	2
Numbers	4	38	3.48	2
Numbers	4	39	3.48	2
Numbers	4	41	3.48	2
Numbers	4	42	3.48	2
Numbers	4	43	3.48	2
Numbers	4	45	3.48	2
Numbers	5	17	3.48	2
Numbers	5	8	3.48	2
Numbers	6	19	3.48	2
Numbers	6	8	3.48	2
Numbers	7	16	3.48	2
Numbers	7	35	3.48	2
Numbers	7	5	3.48	2
Numbers	8	20	3.48	2
Numbers	8	22	3.48	2
Numbers	8	9	3.48	2
Numbers	9	20	3.48	2
Obadiah	1	7	3.48	2
Obadiah	1	8	3.48	2
Philippians	1	24	3.48	2
Philippians	2	23	3.48	2
Philemon	1	3	3.48	2
Proverbs	1	13	3.48	2
Proverbs	11	27	3.48	2
Proverbs	11	6	3.48	2
Proverbs	19	16	3.48	2
Proverbs	2	19	3.48	2
Proverbs	20	14	3.48	2
Proverbs	23	16	3.48	2
Proverbs	23	2	3.48	2
Proverbs	24	31	3.48	2
Proverbs	24	4	3.48	2
Proverbs	25	19	3.48	2
Proverbs	27	27	3.48	2
Proverbs	27	7	3.48	2
Proverbs	3	28	3.48	2
Proverbs	30	24	3.48	2
Proverbs	30	30	3.48	2
Proverbs	31	11	3.48	2
Proverbs	31	16	3.48	2
Proverbs	31	19	3.48	2
Proverbs	31	20	3.48	2
Proverbs	31	3	3.48	2
Proverbs	4	3	3.48	2
Proverbs	6	3	3.48	2
Proverbs	6	33	3.48	2
Proverbs	7	19	3.48	2
Proverbs	7	6	3.48	2
Psalms	10	10	3.48	2
Psalms	102	27	3.48	2
Psalms	104	17	3.48	2
Psalms	107	37	3.48	2
Psalms	107	5	3.48	2
Psalms	108	7	3.48	2
Psalms	111	6	3.48	2
Psalms	119	121	3.48	2
Psalms	119	129	3.48	2
Psalms	119	134	3.48	2
Psalms	119	38	3.48	2
Psalms	119	8	3.48	2
Psalms	129	7	3.48	2
Psalms	135	20	3.48	2
Psalms	136	18	3.48	2
Psalms	139	10	3.48	2
Psalms	139	20	3.48	2
Psalms	27	10	3.48	2
Psalms	28	6	3.48	2
Psalms	29	8	3.48	2
Psalms	46	3	3.48	2
Psalms	50	11	3.48	2
Psalms	53	3	3.48	2
Psalms	55	10	3.48	2
Psalms	55	8	3.48	2
Psalms	63	10	3.48	2
Psalms	67	5	3.48	2
Psalms	71	21	3.48	2
Psalms	78	25	3.48	2
Psalms	84	6	3.48	2
Psalms	88	2	3.48	2
Revelation	8	4	3.48	2
Romans	11	3	3.48	2
Romans	16	15	3.48	2
Romans	16	8	3.48	2
Romans	3	16	3.48	2
Romans	4	8	3.48	2
Romans	9	28	3.48	2
Ruth	2	1	3.48	2
Ruth	3	13	3.48	2
Ruth	4	9	3.48	2
Song of Solomon	1	9	3.48	2
Song of Solomon	6	12	3.48	2
Song of Solomon	8	3	3.48	2
Song of Solomon	8	9	3.48	2
Zechariah	12	13	3.48	2
Zechariah	5	10	3.48	2
Zechariah	6	10	3.48	2
Zechariah	7	8	3.48	2
1 Chronicles	1	31	3.21	2
1 Chronicles	1	42	3.21	2
1 Chronicles	11	9	3.21	2
1 Chronicles	12	31	3.21	2
1 Chronicles	16	21	3.21	2
1 Chronicles	19	18	3.21	2
1 Chronicles	21	30	3.21	2
1 Kings	11	37	3.21	2
1 Kings	13	16	3.21	2
1 Kings	4	14	3.21	2
1 Kings	4	18	3.21	2
1 Kings	6	14	3.21	2
1 Kings	6	17	3.21	2
1 Kings	9	13	3.21	2
1 Samuel	1	13	3.21	2
1 Samuel	1	14	3.21	2
1 Samuel	14	51	3.21	2
1 Samuel	18	19	3.21	2
1 Samuel	18	2	3.21	2
1 Samuel	19	13	3.21	2
1 Samuel	22	4	3.21	2
1 Samuel	23	10	3.21	2
1 Samuel	25	16	3.21	2
1 Samuel	26	13	3.21	2
1 Samuel	27	7	3.21	2
1 Samuel	3	9	3.21	2
1 Samuel	7	7	3.21	2
2 Chronicles	11	17	3.21	2
2 Chronicles	13	6	3.21	2
2 Chronicles	18	22	3.21	2
2 Chronicles	18	24	3.21	2
2 Chronicles	3	16	3.21	2
2 Chronicles	4	13	3.21	2
2 Kings	10	21	3.21	2
2 Kings	3	19	3.21	2
2 Kings	4	39	3.21	2
2 Kings	6	20	3.21	2
2 Samuel	1	8	3.21	2
2 Samuel	15	33	3.21	2
2 Samuel	17	26	3.21	2
2 Samuel	2	12	3.21	2
2 Samuel	2	6	3.21	2
2 Samuel	20	18	3.21	2
Acts	15	31	3.21	2
Acts	21	22	3.21	2
Acts	22	23	3.21	2
Acts	25	12	3.21	2
Acts	27	16	3.21	2
Acts	28	19	3.21	2
Acts	7	12	3.21	2
Acts	7	18	3.21	2
Deuteronomy	1	18	3.21	2
Deuteronomy	11	20	3.21	2
Deuteronomy	21	16	3.21	2
Deuteronomy	22	18	3.21	2
Deuteronomy	23	10	3.21	2
Deuteronomy	24	21	3.21	2
Deuteronomy	24	9	3.21	2
Deuteronomy	30	7	3.21	2
Deuteronomy	4	17	3.21	2
Deuteronomy	6	9	3.21	2
Ecclesiastes	5	5	3.21	2
Esther	2	1	3.21	2
Exodus	22	13	3.21	2
Exodus	27	8	3.21	2
Exodus	34	30	3.21	2
Exodus	34	34	3.21	2
Exodus	36	19	3.21	2
Exodus	7	24	3.21	2
Exodus	8	30	3.21	2
Exodus	8	31	3.21	2
Ezekiel	3	25	3.21	2
Ezekiel	47	2	3.21	2
Ezekiel	47	9	3.21	2
Ezekiel	48	13	3.21	2
Ezra	7	19	3.21	2
Galatians	5	8	3.21	2
Genesis	1	15	3.21	2
Genesis	1	17	3.21	2
Genesis	1	30	3.21	2
Genesis	12	19	3.21	2
Genesis	21	27	3.21	2
Genesis	24	36	3.21	2
Genesis	24	44	3.21	2
Genesis	24	58	3.21	2
Genesis	25	14	3.21	2
Genesis	29	26	3.21	2
Genesis	29	5	3.21	2
Genesis	3	20	3.21	2
Genesis	30	21	3.21	2
Genesis	30	32	3.21	2
Genesis	38	17	3.21	2
Genesis	41	20	3.21	2
Genesis	46	7	3.21	2
Genesis	47	21	3.21	2
Genesis	47	22	3.21	2
Genesis	5	18	3.21	2
Genesis	8	19	3.21	2
Genesis	8	8	3.21	2
Hebrews	2	16	3.21	2
Isaiah	19	15	3.21	2
Isaiah	41	12	3.21	2
Jeremiah	15	5	3.21	2
Jeremiah	32	9	3.21	2
Jeremiah	36	11	3.21	2
Jeremiah	36	18	3.21	2
Jeremiah	38	11	3.21	2
Jeremiah	38	8	3.21	2
Jeremiah	48	24	3.21	2
Jeremiah	7	27	3.21	2
Job	36	30	3.21	2
Job	36	6	3.21	2
Job	39	16	3.21	2
Job	39	8	3.21	2
Job	8	21	3.21	2
John	11	56	3.21	2
John	12	30	3.21	2
John	20	7	3.21	2
John	4	15	3.21	2
John	6	34	3.21	2
John	8	27	3.21	2
Jonah	1	13	3.21	2
Joshua	17	17	3.21	2
Joshua	19	27	3.21	2
Joshua	19	33	3.21	2
Joshua	8	26	3.21	2
Judges	11	33	3.21	2
Judges	15	2	3.21	2
Judges	16	22	3.21	2
Judges	18	5	3.21	2
Judges	19	8	3.21	2
Judges	3	24	3.21	2
Judges	3	4	3.21	2
Judges	8	23	3.21	2
Judges	8	31	3.21	2
Lamentations	1	6	3.21	2
Leviticus	18	14	3.21	2
Leviticus	27	6	3.21	2
Luke	12	34	3.21	2
Luke	19	31	3.21	2
Luke	19	34	3.21	2
Luke	4	7	3.21	2
Luke	5	35	3.21	2
Luke	6	4	3.21	2
Luke	8	47	3.21	2
Mark	10	7	3.21	2
Mark	13	4	3.21	2
Mark	14	16	3.21	2
Mark	14	51	3.21	2
Mark	15	35	3.21	2
Matthew	16	5	3.21	2
Matthew	28	14	3.21	2
Nehemiah	11	21	3.21	2
Nehemiah	2	11	3.21	2
Numbers	1	45	3.21	2
Numbers	11	24	3.21	2
Numbers	11	9	3.21	2
Numbers	13	25	3.21	2
Numbers	21	10	3.21	2
Numbers	27	11	3.21	2
Numbers	33	40	3.21	2
Numbers	33	53	3.21	2
Numbers	33	9	3.21	2
Numbers	35	29	3.21	2
Proverbs	14	7	3.21	2
Proverbs	23	1	3.21	2
Proverbs	30	23	3.21	2
Proverbs	8	3	3.21	2
Psalms	104	22	3.21	2
Psalms	111	8	3.21	2
Psalms	119	91	3.21	2
Psalms	131	3	3.21	2
Psalms	132	4	3.21	2
Psalms	135	12	3.21	2
Psalms	73	2	3.21	2
Psalms	82	4	3.21	2
Song of Solomon	4	2	3.21	2
Song of Solomon	6	13	3.21	2
Titus	3	11	3.21	2
Zechariah	7	2	3.21	2
1 Chronicles	1	40	2.93	2
1 Chronicles	24	23	2.93	2
1 Chronicles	29	26	2.93	2
1 Chronicles	3	22	2.93	2
1 Chronicles	4	5	2.93	2
1 Chronicles	6	59	2.93	2
1 Chronicles	8	35	2.93	2
1 Corinthians	15	44	2.93	2
1 Kings	1	42	2.93	2
1 Kings	10	29	2.93	2
1 Kings	4	10	2.93	2
1 Kings	7	39	2.93	2
1 Samuel	24	7	2.93	2
1 Samuel	26	5	2.93	2
1 Samuel	30	31	2.93	2
2 Chronicles	17	16	2.93	2
2 Chronicles	20	31	2.93	2
2 Chronicles	24	23	2.93	2
2 Chronicles	24	4	2.93	2
2 Chronicles	25	24	2.93	2
2 Chronicles	25	25	2.93	2
2 Chronicles	4	17	2.93	2
2 Chronicles	4	4	2.93	2
2 Chronicles	5	8	2.93	2
2 Chronicles	9	16	2.93	2
2 Kings	13	24	2.93	2
2 Kings	14	17	2.93	2
2 Kings	21	15	2.93	2
2 Kings	23	18	2.93	2
2 Kings	23	36	2.93	2
2 Kings	23	37	2.93	2
2 Samuel	14	16	2.93	2
2 Samuel	17	22	2.93	2
2 Samuel	23	21	2.93	2
2 Samuel	9	12	2.93	2
Acts	24	11	2.93	2
Acts	27	37	2.93	2
Acts	7	33	2.93	2
Amos	5	3	2.93	2
Daniel	1	14	2.93	2
Deuteronomy	11	21	2.93	2
Deuteronomy	15	16	2.93	2
Deuteronomy	15	3	2.93	2
Deuteronomy	21	12	2.93	2
Deuteronomy	22	13	2.93	2
Esther	2	6	2.93	2
Exodus	21	5	2.93	2
Exodus	30	20	2.93	2
Exodus	34	33	2.93	2
Exodus	9	32	2.93	2
Exodus	9	35	2.93	2
Ezekiel	1	23	2.93	2
Ezekiel	11	5	2.93	2
Ezekiel	27	4	2.93	2
Ezekiel	39	14	2.93	2
Ezekiel	41	11	2.93	2
Ezekiel	41	8	2.93	2
Ezekiel	42	9	2.93	2
Ezekiel	46	3	2.93	2
Ezekiel	48	4	2.93	2
Ezra	4	22	2.93	2
Ezra	7	3	2.93	2
Ezra	8	32	2.93	2
Genesis	21	19	2.93	2
Genesis	24	17	2.93	2
Genesis	26	27	2.93	2
Genesis	29	2	2.93	2
Genesis	34	6	2.93	2
Genesis	36	39	2.93	2
Genesis	38	2	2.93	2
Genesis	42	3	2.93	2
Genesis	45	20	2.93	2
Genesis	46	33	2.93	2
Genesis	5	11	2.93	2
Genesis	5	8	2.93	2
Genesis	7	24	2.93	2
Habakkuk	1	7	2.93	2
Jeremiah	34	11	2.93	2
Jeremiah	52	29	2.93	2
Job	10	4	2.93	2
Job	12	8	2.93	2
Job	14	18	2.93	2
Job	22	10	2.93	2
Job	28	3	2.93	2
Job	38	13	2.93	2
Job	41	18	2.93	2
John	7	36	2.93	2
Joshua	10	15	2.93	2
Joshua	18	17	2.93	2
Joshua	21	41	2.93	2
Joshua	24	6	2.93	2
Judges	1	9	2.93	2
Judges	15	17	2.93	2
Judges	19	25	2.93	2
Judges	6	35	2.93	2
Judges	8	9	2.93	2
Judges	9	3	2.93	2
Leviticus	14	56	2.93	2
Leviticus	16	33	2.93	2
Leviticus	19	5	2.93	2
Leviticus	27	19	2.93	2
Leviticus	8	32	2.93	2
Leviticus	9	17	2.93	2
Luke	1	61	2.93	2
Luke	22	38	2.93	2
Mark	10	8	2.93	2
Mark	15	30	2.93	2
Mark	6	47	2.93	2
Mark	8	10	2.93	2
Matthew	12	44	2.93	2
Matthew	19	6	2.93	2
Nehemiah	12	16	2.93	2
Nehemiah	13	27	2.93	2
Nehemiah	7	59	2.93	2
Numbers	20	9	2.93	2
Numbers	21	11	2.93	2
Numbers	26	52	2.93	2
Numbers	28	25	2.93	2
Numbers	32	42	2.93	2
Numbers	33	10	2.93	2
Proverbs	24	22	2.93	2
Proverbs	31	17	2.93	2
Proverbs	6	8	2.93	2
Psalms	108	6	2.93	2
Psalms	118	29	2.93	2
Psalms	18	45	2.93	2
Psalms	54	2	2.93	2
Psalms	74	5	2.93	2
Psalms	80	10	2.93	2
Psalms	96	2	2.93	2
Romans	10	7	2.93	2
Romans	9	12	2.93	2
Ruth	1	12	2.93	2
Ruth	2	8	2.93	2
Zechariah	1	7	2.93	2
Zechariah	4	4	2.93	2
Zechariah	9	4	2.93	2
1 Chronicles	14	8	2.63	2
1 Chronicles	2	34	2.63	2
1 Chronicles	20	8	2.63	2
1 Chronicles	22	15	2.63	2
1 Chronicles	23	23	2.63	2
1 Chronicles	24	28	2.63	2
1 Chronicles	26	2	2.63	2
1 Chronicles	27	14	2.63	2
1 Chronicles	4	15	2.63	2
1 Chronicles	4	2	2.63	2
1 Chronicles	5	17	2.63	2
1 Chronicles	5	4	2.63	2
1 Chronicles	6	25	2.63	2
1 Chronicles	6	34	2.63	2
1 Chronicles	7	18	2.63	2
1 Chronicles	8	3	2.63	2
1 Chronicles	8	36	2.63	2
1 Chronicles	8	37	2.63	2
1 Corinthians	1	15	2.63	2
1 Corinthians	11	12	2.63	2
1 Corinthians	12	16	2.63	2
1 Corinthians	15	48	2.63	2
1 Kings	10	13	2.63	2
1 Kings	10	19	2.63	2
1 Kings	13	23	2.63	2
1 Kings	2	43	2.63	2
1 Kings	20	3	2.63	2
1 Kings	22	1	2.63	2
1 Kings	22	53	2.63	2
1 Kings	5	10	2.63	2
1 Kings	6	33	2.63	2
1 Kings	7	27	2.63	2
1 Kings	7	7	2.63	2
1 Samuel	17	19	2.63	2
1 Samuel	18	26	2.63	2
1 Samuel	20	25	2.63	2
1 Samuel	20	37	2.63	2
1 Samuel	22	6	2.63	2
1 Samuel	28	24	2.63	2
1 Samuel	30	29	2.63	2
1 Timothy	5	15	2.63	2
2 Chronicles	11	8	2.63	2
2 Chronicles	23	2	2.63	2
2 Chronicles	28	7	2.63	2
2 Chronicles	29	13	2.63	2
2 Chronicles	33	21	2.63	2
2 Chronicles	35	9	2.63	2
2 Chronicles	4	3	2.63	2
2 Chronicles	8	16	2.63	2
2 Kings	12	5	2.63	2
2 Kings	23	9	2.63	2
2 Kings	24	16	2.63	2
2 Kings	4	44	2.63	2
2 Kings	5	6	2.63	2
2 Samuel	11	7	2.63	2
2 Samuel	17	9	2.63	2
2 Samuel	19	29	2.63	2
2 Samuel	20	13	2.63	2
2 Samuel	5	16	2.63	2
Acts	21	2	2.63	2
Daniel	1	4	2.63	2
Daniel	11	14	2.63	2
Daniel	2	13	2.63	2
Daniel	5	9	2.63	2
Deuteronomy	10	4	2.63	2
Deuteronomy	14	13	2.63	2
Deuteronomy	16	17	2.63	2
Deuteronomy	18	7	2.63	2
Deuteronomy	19	2	2.63	2
Deuteronomy	2	13	2.63	2
Deuteronomy	2	35	2.63	2
Deuteronomy	21	10	2.63	2
Deuteronomy	22	3	2.63	2
Deuteronomy	24	11	2.63	2
Deuteronomy	31	13	2.63	2
Deuteronomy	34	12	2.63	2
Ecclesiastes	1	7	2.63	2
Ecclesiastes	5	20	2.63	2
Esther	1	17	2.63	2
Esther	4	15	2.63	2
Exodus	18	5	2.63	2
Exodus	21	3	2.63	2
Exodus	26	21	2.63	2
Exodus	28	27	2.63	2
Exodus	29	8	2.63	2
Exodus	33	15	2.63	2
Exodus	38	27	2.63	2
Exodus	39	14	2.63	2
Exodus	9	25	2.63	2
Ezekiel	1	25	2.63	2
Ezekiel	24	4	2.63	2
Ezekiel	31	11	2.63	2
Ezekiel	35	4	2.63	2
Ezekiel	38	7	2.63	2
Ezekiel	39	16	2.63	2
Ezekiel	40	40	2.63	2
Ezekiel	42	16	2.63	2
Ezekiel	48	16	2.63	2
Ezekiel	48	18	2.63	2
Ezra	10	25	2.63	2
Ezra	2	20	2.63	2
Ezra	2	44	2.63	2
Ezra	2	50	2.63	2
Ezra	2	52	2.63	2
Ezra	2	57	2.63	2
Ezra	7	17	2.63	2
Ezra	8	30	2.63	2
Galatians	1	9	2.63	2
Genesis	14	11	2.63	2
Genesis	18	28	2.63	2
Genesis	19	6	2.63	2
Genesis	24	57	2.63	2
Genesis	27	2	2.63	2
Genesis	32	17	2.63	2
Genesis	37	31	2.63	2
Genesis	38	28	2.63	2
Genesis	4	6	2.63	2
Genesis	41	2	2.63	2
Genesis	43	31	2.63	2
Genesis	5	10	2.63	2
Genesis	5	12	2.63	2
Genesis	5	13	2.63	2
Genesis	5	19	2.63	2
Genesis	5	26	2.63	2
Genesis	5	30	2.63	2
Genesis	5	7	2.63	2
Genesis	6	16	2.63	2
Genesis	7	9	2.63	2
Genesis	8	18	2.63	2
Genesis	9	14	2.63	2
Haggai	2	5	2.63	2
Hebrews	10	18	2.63	2
Isaiah	17	9	2.63	2
Isaiah	22	7	2.63	2
Isaiah	39	4	2.63	2
Jeremiah	13	7	2.63	2
Jeremiah	22	27	2.63	2
Jeremiah	23	30	2.63	2
Jeremiah	24	3	2.63	2
Jeremiah	25	35	2.63	2
Jeremiah	25	37	2.63	2
Jeremiah	38	24	2.63	2
Jeremiah	41	12	2.63	2
Jeremiah	42	9	2.63	2
Jeremiah	44	5	2.63	2
Jeremiah	49	25	2.63	2
Jeremiah	51	28	2.63	2
Jeremiah	52	5	2.63	2
Job	10	5	2.63	2
Job	11	9	2.63	2
Job	3	12	2.63	2
Job	3	21	2.63	2
Job	30	2	2.63	2
Job	30	27	2.63	2
Job	38	40	2.63	2
Job	39	6	2.63	2
John	11	13	2.63	2
John	19	41	2.63	2
John	9	13	2.63	2
Joshua	1	10	2.63	2
Joshua	15	11	2.63	2
Joshua	2	23	2.63	2
Joshua	24	28	2.63	2
Joshua	4	1	2.63	2
Joshua	8	32	2.63	2
Joshua	9	16	2.63	2
Judges	11	36	2.63	2
Judges	11	7	2.63	2
Judges	12	13	2.63	2
Judges	13	11	2.63	2
Judges	16	14	2.63	2
Judges	20	45	2.63	2
Judges	21	15	2.63	2
Judges	21	9	2.63	2
Judges	3	14	2.63	2
Judges	6	9	2.63	2
Judges	8	12	2.63	2
Judges	8	29	2.63	2
Judges	8	34	2.63	2
Judges	8	7	2.63	2
Judges	9	10	2.63	2
Judges	9	21	2.63	2
Leviticus	10	18	2.63	2
Leviticus	14	17	2.63	2
Leviticus	14	5	2.63	2
Leviticus	15	4	2.63	2
Leviticus	22	30	2.63	2
Leviticus	23	18	2.63	2
Leviticus	23	9	2.63	2
Leviticus	25	3	2.63	2
Leviticus	25	47	2.63	2
Leviticus	27	27	2.63	2
Leviticus	3	10	2.63	2
Leviticus	7	36	2.63	2
Leviticus	8	23	2.63	2
Leviticus	9	11	2.63	2
Luke	20	11	2.63	2
Luke	20	43	2.63	2
Luke	23	15	2.63	2
Luke	24	40	2.63	2
Luke	5	25	2.63	2
Luke	5	34	2.63	2
Mark	10	44	2.63	2
Mark	10	9	2.63	2
Mark	11	31	2.63	2
Mark	11	8	2.63	2
Mark	12	11	2.63	2
Mark	12	44	2.63	2
Mark	12	8	2.63	2
Mark	14	57	2.63	2
Mark	15	45	2.63	2
Mark	2	22	2.63	2
Mark	2	28	2.63	2
Mark	7	23	2.63	2
Mark	9	8	2.63	2
Matthew	13	46	2.63	2
Matthew	20	14	2.63	2
Matthew	20	27	2.63	2
Matthew	21	36	2.63	2
Matthew	7	18	2.63	2
Numbers	1	17	2.63	2
Numbers	10	5	2.63	2
Numbers	11	27	2.63	2
Numbers	13	24	2.63	2
Numbers	20	28	2.63	2
Numbers	21	12	2.63	2
Numbers	22	39	2.63	2
Numbers	26	27	2.63	2
Numbers	3	48	2.63	2
Numbers	32	22	2.63	2
Numbers	33	30	2.63	2
Numbers	33	41	2.63	2
Numbers	33	6	2.63	2
Numbers	33	7	2.63	2
Numbers	36	12	2.63	2
Numbers	5	25	2.63	2
Numbers	5	30	2.63	2
Numbers	6	7	2.63	2
Numbers	7	23	2.63	2
Numbers	7	47	2.63	2
Numbers	7	6	2.63	2
Proverbs	3	30	2.63	2
Proverbs	30	16	2.63	2
Proverbs	4	15	2.63	2
Proverbs	7	9	2.63	2
Psalms	106	11	2.63	2
Psalms	109	11	2.63	2
Psalms	118	2	2.63	2
Psalms	118	20	2.63	2
Psalms	119	168	2.63	2
Psalms	124	5	2.63	2
Psalms	24	9	2.63	2
Psalms	69	27	2.63	2
Revelation	8	1	2.63	2
Revelation	9	8	2.63	2
Ruth	1	4	2.63	2
Ruth	3	18	2.63	2
Zechariah	4	13	2.63	2
Zechariah	8	1	2.63	2
1 Chronicles	1	36	2.30	2
1 Chronicles	1	39	2.30	2
1 Chronicles	1	48	2.30	2
1 Chronicles	1	50	2.30	2
1 Chronicles	10	2	2.30	2
1 Chronicles	10	3	2.30	2
1 Chronicles	10	6	2.30	2
1 Chronicles	10	7	2.30	2
1 Chronicles	11	24	2.30	2
1 Chronicles	11	32	2.30	2
1 Chronicles	11	33	2.30	2
1 Chronicles	11	34	2.30	2
1 Chronicles	11	35	2.30	2
1 Chronicles	11	38	2.30	2
1 Chronicles	11	39	2.30	2
1 Chronicles	11	8	2.30	2
1 Chronicles	12	14	2.30	2
1 Chronicles	12	26	2.30	2
1 Chronicles	12	30	2.30	2
1 Chronicles	12	34	2.30	2
1 Chronicles	12	39	2.30	2
1 Chronicles	13	13	2.30	2
1 Chronicles	13	4	2.30	2
1 Chronicles	15	14	2.30	2
1 Chronicles	15	4	2.30	2
1 Chronicles	15	9	2.30	2
1 Chronicles	16	20	2.30	2
1 Chronicles	16	27	2.30	2
1 Chronicles	16	33	2.30	2
1 Chronicles	16	43	2.30	2
1 Chronicles	17	15	2.30	2
1 Chronicles	17	19	2.30	2
1 Chronicles	19	1	2.30	2
1 Chronicles	19	10	2.30	2
1 Chronicles	19	11	2.30	2
1 Chronicles	19	14	2.30	2
1 Chronicles	19	17	2.30	2
1 Chronicles	19	2	2.30	2
1 Chronicles	19	5	2.30	2
1 Chronicles	19	7	2.30	2
1 Chronicles	19	8	2.30	2
1 Chronicles	2	36	2.30	2
1 Chronicles	2	46	2.30	2
1 Chronicles	20	7	2.30	2
1 Chronicles	21	10	2.30	2
1 Chronicles	21	11	2.30	2
1 Chronicles	21	19	2.30	2
1 Chronicles	21	23	2.30	2
1 Chronicles	21	4	2.30	2
1 Chronicles	23	10	2.30	2
1 Chronicles	24	16	2.30	2
1 Chronicles	24	18	2.30	2
1 Chronicles	24	22	2.30	2
1 Chronicles	24	24	2.30	2
1 Chronicles	24	27	2.30	2
1 Chronicles	24	9	2.30	2
1 Chronicles	25	21	2.30	2
1 Chronicles	25	22	2.30	2
1 Chronicles	25	28	2.30	2
1 Chronicles	25	30	2.30	2
1 Chronicles	25	9	2.30	2
1 Chronicles	26	7	2.30	2
1 Chronicles	27	3	2.30	2
1 Chronicles	27	6	2.30	2
1 Chronicles	29	30	2.30	2
1 Chronicles	3	18	2.30	2
1 Chronicles	4	17	2.30	2
1 Chronicles	4	19	2.30	2
1 Chronicles	4	27	2.30	2
1 Chronicles	4	29	2.30	2
1 Chronicles	4	30	2.30	2
1 Chronicles	4	31	2.30	2
1 Chronicles	4	34	2.30	2
1 Chronicles	4	38	2.30	2
1 Chronicles	4	42	2.30	2
1 Chronicles	5	21	2.30	2
1 Chronicles	6	11	2.30	2
1 Chronicles	6	15	2.30	2
1 Chronicles	6	26	2.30	2
1 Chronicles	6	27	2.30	2
1 Chronicles	6	30	2.30	2
1 Chronicles	6	43	2.30	2
1 Chronicles	6	47	2.30	2
1 Chronicles	6	56	2.30	2
1 Chronicles	6	58	2.30	2
1 Chronicles	6	61	2.30	2
1 Chronicles	6	62	2.30	2
1 Chronicles	6	7	2.30	2
1 Chronicles	6	70	2.30	2
1 Chronicles	6	73	2.30	2
1 Chronicles	6	75	2.30	2
1 Chronicles	7	2	2.30	2
1 Chronicles	7	20	2.30	2
1 Chronicles	7	23	2.30	2
1 Chronicles	7	7	2.30	2
1 Chronicles	8	18	2.30	2
1 Chronicles	8	30	2.30	2
1 Chronicles	8	31	2.30	2
1 Chronicles	8	32	2.30	2
1 Chronicles	8	8	2.30	2
1 Chronicles	9	3	2.30	2
1 Chronicles	9	30	2.30	2
1 Chronicles	9	35	2.30	2
1 Chronicles	9	37	2.30	2
1 Chronicles	9	38	2.30	2
1 Chronicles	9	41	2.30	2
1 Chronicles	9	42	2.30	2
1 Chronicles	9	43	2.30	2
1 Chronicles	9	9	2.30	2
1 Corinthians	12	19	2.30	2
1 Corinthians	12	24	2.30	2
1 Corinthians	14	28	2.30	2
1 Corinthians	14	38	2.30	2
1 Corinthians	14	7	2.30	2
1 Corinthians	15	39	2.30	2
1 Corinthians	15	40	2.30	2
1 Corinthians	16	24	2.30	2
1 Corinthians	7	13	2.30	2
1 Corinthians	7	24	2.30	2
1 Kings	1	22	2.30	2
1 Kings	1	27	2.30	2
1 Kings	1	28	2.30	2
1 Kings	1	35	2.30	2
1 Kings	1	53	2.30	2
1 Kings	10	4	2.30	2
1 Kings	11	10	2.30	2
1 Kings	11	8	2.30	2
1 Kings	12	11	2.30	2
1 Kings	13	13	2.30	2
1 Kings	13	25	2.30	2
1 Kings	13	27	2.30	2
1 Kings	13	29	2.30	2
1 Kings	15	9	2.30	2
1 Kings	16	16	2.30	2
1 Kings	17	2	2.30	2
1 Kings	18	11	2.30	2
1 Kings	18	23	2.30	2
1 Kings	18	8	2.30	2
1 Kings	2	30	2.30	2
1 Kings	2	45	2.30	2
1 Kings	20	37	2.30	2
1 Kings	21	14	2.30	2
1 Kings	21	28	2.30	2
1 Kings	22	44	2.30	2
1 Kings	22	45	2.30	2
1 Kings	22	49	2.30	2
1 Kings	3	23	2.30	2
1 Kings	4	19	2.30	2
1 Kings	6	25	2.30	2
1 Kings	7	10	2.30	2
1 Kings	7	17	2.30	2
1 Kings	7	18	2.30	2
1 Kings	7	22	2.30	2
1 Kings	7	28	2.30	2
1 Kings	7	3	2.30	2
1 Kings	7	43	2.30	2
1 Kings	7	5	2.30	2
1 Kings	8	59	2.30	2
1 Kings	9	12	2.30	2
1 Samuel	1	23	2.30	2
1 Samuel	10	11	2.30	2
1 Samuel	10	12	2.30	2
1 Samuel	10	15	2.30	2
1 Samuel	10	16	2.30	2
1 Samuel	11	3	2.30	2
1 Samuel	12	1	2.30	2
1 Samuel	13	20	2.30	2
1 Samuel	13	7	2.30	2
1 Samuel	13	9	2.30	2
1 Samuel	14	19	2.30	2
1 Samuel	14	35	2.30	2
1 Samuel	14	46	2.30	2
1 Samuel	14	7	2.30	2
1 Samuel	15	25	2.30	2
1 Samuel	15	31	2.30	2
1 Samuel	15	5	2.30	2
1 Samuel	16	15	2.30	2
1 Samuel	16	19	2.30	2
1 Samuel	17	27	2.30	2
1 Samuel	17	3	2.30	2
1 Samuel	17	38	2.30	2
1 Samuel	17	48	2.30	2
1 Samuel	17	53	2.30	2
1 Samuel	17	56	2.30	2
1 Samuel	17	6	2.30	2
1 Samuel	17	9	2.30	2
1 Samuel	19	3	2.30	2
1 Samuel	2	19	2.30	2
1 Samuel	20	10	2.30	2
1 Samuel	20	20	2.30	2
1 Samuel	20	23	2.30	2
1 Samuel	20	24	2.30	2
1 Samuel	21	15	2.30	2
1 Samuel	22	21	2.30	2
1 Samuel	22	23	2.30	2
1 Samuel	23	3	2.30	2
1 Samuel	23	8	2.30	2
1 Samuel	25	12	2.30	2
1 Samuel	25	40	2.30	2
1 Samuel	25	9	2.30	2
1 Samuel	26	14	2.30	2
1 Samuel	27	5	2.30	2
1 Samuel	28	18	2.30	2
1 Samuel	29	8	2.30	2
1 Samuel	30	23	2.30	2
1 Samuel	30	30	2.30	2
1 Samuel	31	5	2.30	2
1 Samuel	6	10	2.30	2
1 Samuel	6	11	2.30	2
1 Samuel	7	14	2.30	2
1 Samuel	7	15	2.30	2
1 Samuel	8	10	2.30	2
1 Samuel	8	16	2.30	2
1 Samuel	8	22	2.30	2
1 Samuel	8	8	2.30	2
1 Samuel	9	22	2.30	2
1 Samuel	9	23	2.30	2
1 Samuel	9	5	2.30	2
1 Thessalonians	2	20	2.30	2
1 Timothy	5	12	2.30	2
2 Chronicles	1	17	2.30	2
2 Chronicles	10	12	2.30	2
2 Chronicles	10	14	2.30	2
2 Chronicles	10	18	2.30	2
2 Chronicles	10	2	2.30	2
2 Chronicles	10	4	2.30	2
2 Chronicles	10	5	2.30	2
2 Chronicles	11	18	2.30	2
2 Chronicles	11	22	2.30	2
2 Chronicles	11	3	2.30	2
2 Chronicles	12	10	2.30	2
2 Chronicles	12	11	2.30	2
2 Chronicles	13	20	2.30	2
2 Chronicles	13	21	2.30	2
2 Chronicles	16	3	2.30	2
2 Chronicles	16	5	2.30	2
2 Chronicles	18	11	2.30	2
2 Chronicles	18	2	2.30	2
2 Chronicles	18	34	2.30	2
2 Chronicles	18	6	2.30	2
2 Chronicles	19	1	2.30	2
2 Chronicles	2	15	2.30	2
2 Chronicles	20	16	2.30	2
2 Chronicles	20	24	2.30	2
2 Chronicles	21	14	2.30	2
2 Chronicles	23	10	2.30	2
2 Chronicles	23	12	2.30	2
2 Chronicles	23	14	2.30	2
2 Chronicles	23	7	2.30	2
2 Chronicles	24	13	2.30	2
2 Chronicles	24	26	2.30	2
2 Chronicles	25	22	2.30	2
2 Chronicles	25	3	2.30	2
2 Chronicles	25	6	2.30	2
2 Chronicles	27	5	2.30	2
2 Chronicles	28	11	2.30	2
2 Chronicles	28	14	2.30	2
2 Chronicles	28	26	2.30	2
2 Chronicles	29	12	2.30	2
2 Chronicles	29	17	2.30	2
2 Chronicles	3	13	2.30	2
2 Chronicles	3	2	2.30	2
2 Chronicles	31	16	2.30	2
2 Chronicles	31	19	2.30	2
2 Chronicles	31	9	2.30	2
2 Chronicles	32	10	2.30	2
2 Chronicles	32	16	2.30	2
2 Chronicles	32	2	2.30	2
2 Chronicles	32	28	2.30	2
2 Chronicles	32	29	2.30	2
2 Chronicles	34	11	2.30	2
2 Chronicles	34	16	2.30	2
2 Chronicles	34	23	2.30	2
2 Chronicles	34	32	2.30	2
2 Chronicles	35	14	2.30	2
2 Chronicles	35	16	2.30	2
2 Chronicles	35	26	2.30	2
2 Chronicles	35	27	2.30	2
2 Chronicles	35	5	2.30	2
2 Chronicles	4	10	2.30	2
2 Chronicles	5	4	2.30	2
2 Chronicles	6	10	2.30	2
2 Chronicles	6	19	2.30	2
2 Chronicles	6	25	2.30	2
2 Chronicles	6	31	2.30	2
2 Chronicles	6	35	2.30	2
2 Chronicles	7	11	2.30	2
2 Chronicles	8	9	2.30	2
2 Chronicles	9	11	2.30	2
2 Chronicles	9	17	2.30	2
2 Chronicles	9	2	2.30	2
2 Chronicles	9	3	2.30	2
2 Chronicles	9	6	2.30	2
2 Corinthians	1	13	2.30	2
2 Corinthians	10	11	2.30	2
2 Corinthians	10	16	2.30	2
2 Corinthians	3	11	2.30	2
2 Corinthians	6	13	2.30	2
2 Corinthians	8	13	2.30	2
2 Kings	10	14	2.30	2
2 Kings	10	28	2.30	2
2 Kings	10	3	2.30	2
2 Kings	11	3	2.30	2
2 Kings	11	6	2.30	2
2 Kings	11	7	2.30	2
2 Kings	12	19	2.30	2
2 Kings	13	15	2.30	2
2 Kings	13	9	2.30	2
2 Kings	14	18	2.30	2
2 Kings	14	20	2.30	2
2 Kings	15	11	2.30	2
2 Kings	15	17	2.30	2
2 Kings	15	21	2.30	2
2 Kings	15	26	2.30	2
2 Kings	15	28	2.30	2
2 Kings	17	2	2.30	2
2 Kings	17	26	2.30	2
2 Kings	18	16	2.30	2
2 Kings	18	36	2.30	2
2 Kings	19	5	2.30	2
2 Kings	2	10	2.30	2
2 Kings	21	17	2.30	2
2 Kings	21	25	2.30	2
2 Kings	21	8	2.30	2
2 Kings	22	6	2.30	2
2 Kings	23	22	2.30	2
2 Kings	23	23	2.30	2
2 Kings	23	32	2.30	2
2 Kings	24	9	2.30	2
2 Kings	25	2	2.30	2
2 Kings	3	20	2.30	2
2 Kings	3	22	2.30	2
2 Kings	3	23	2.30	2
2 Kings	4	11	2.30	2
2 Kings	4	14	2.30	2
2 Kings	4	20	2.30	2
2 Kings	4	21	2.30	2
2 Kings	6	29	2.30	2
2 Kings	6	3	2.30	2
2 Kings	7	10	2.30	2
2 Kings	7	11	2.30	2
2 Kings	7	13	2.30	2
2 Kings	7	14	2.30	2
2 Kings	7	20	2.30	2
2 Kings	8	14	2.30	2
2 Kings	8	15	2.30	2
2 Kings	8	17	2.30	2
2 Kings	8	2	2.30	2
2 Kings	8	25	2.30	2
2 Kings	8	6	2.30	2
2 Kings	9	16	2.30	2
2 Samuel	1	22	2.30	2
2 Samuel	10	7	2.30	2
2 Samuel	11	10	2.30	2
2 Samuel	11	16	2.30	2
2 Samuel	11	17	2.30	2
2 Samuel	11	18	2.30	2
2 Samuel	12	27	2.30	2
2 Samuel	12	28	2.30	2
2 Samuel	12	29	2.30	2
2 Samuel	13	2	2.30	2
2 Samuel	13	30	2.30	2
2 Samuel	13	7	2.30	2
2 Samuel	13	8	2.30	2
2 Samuel	14	10	2.30	2
2 Samuel	14	15	2.30	2
2 Samuel	15	15	2.30	2
2 Samuel	17	3	2.30	2
2 Samuel	18	1	2.30	2
2 Samuel	18	13	2.30	2
2 Samuel	18	20	2.30	2
2 Samuel	18	26	2.30	2
2 Samuel	19	15	2.30	2
2 Samuel	19	2	2.30	2
2 Samuel	19	23	2.30	2
2 Samuel	19	33	2.30	2
2 Samuel	19	6	2.30	2
2 Samuel	2	10	2.30	2
2 Samuel	2	21	2.30	2
2 Samuel	2	24	2.30	2
2 Samuel	2	27	2.30	2
2 Samuel	2	29	2.30	2
2 Samuel	2	31	2.30	2
2 Samuel	20	11	2.30	2
2 Samuel	20	2	2.30	2
2 Samuel	20	5	2.30	2
2 Samuel	20	8	2.30	2
2 Samuel	21	4	2.30	2
2 Samuel	22	12	2.30	2
2 Samuel	22	15	2.30	2
2 Samuel	22	23	2.30	2
2 Samuel	22	24	2.30	2
2 Samuel	22	25	2.30	2
2 Samuel	22	28	2.30	2
2 Samuel	22	6	2.30	2
2 Samuel	23	19	2.30	2
2 Samuel	23	22	2.30	2
2 Samuel	23	32	2.30	2
2 Samuel	23	35	2.30	2
2 Samuel	23	36	2.30	2
2 Samuel	23	37	2.30	2
2 Samuel	24	19	2.30	2
2 Samuel	24	20	2.30	2
2 Samuel	24	21	2.30	2
2 Samuel	3	11	2.30	2
2 Samuel	3	22	2.30	2
2 Samuel	3	23	2.30	2
2 Samuel	3	26	2.30	2
2 Samuel	3	5	2.30	2
2 Samuel	3	6	2.30	2
2 Samuel	4	1	2.30	2
2 Samuel	6	22	2.30	2
2 Samuel	7	21	2.30	2
Acts	10	21	2.30	2
Acts	10	27	2.30	2
Acts	11	7	2.30	2
Acts	12	16	2.30	2
Acts	13	49	2.30	2
Acts	14	18	2.30	2
Acts	15	26	2.30	2
Acts	16	32	2.30	2
Acts	16	38	2.30	2
Acts	17	27	2.30	2
Acts	17	8	2.30	2
Acts	18	11	2.30	2
Acts	18	16	2.30	2
Acts	18	20	2.30	2
Acts	19	25	2.30	2
Acts	19	7	2.30	2
Acts	21	15	2.30	2
Acts	22	27	2.30	2
Acts	23	13	2.30	2
Acts	24	8	2.30	2
Acts	27	10	2.30	2
Acts	27	15	2.30	2
Acts	27	27	2.30	2
Acts	27	28	2.30	2
Acts	27	32	2.30	2
Acts	27	39	2.30	2
Acts	27	8	2.30	2
Acts	28	13	2.30	2
Acts	3	9	2.30	2
Acts	5	22	2.30	2
Acts	7	28	2.30	2
Acts	7	3	2.30	2
Acts	8	28	2.30	2
Acts	8	34	2.30	2
Acts	8	38	2.30	2
Acts	9	28	2.30	2
Amos	1	15	2.30	2
Amos	2	15	2.30	2
Amos	4	3	2.30	2
Daniel	1	10	2.30	2
Daniel	1	11	2.30	2
Daniel	11	23	2.30	2
Daniel	11	39	2.30	2
Daniel	2	36	2.30	2
Daniel	2	42	2.30	2
Daniel	3	23	2.30	2
Daniel	3	3	2.30	2
Daniel	6	11	2.30	2
Daniel	6	9	2.30	2
Deuteronomy	1	20	2.30	2
Deuteronomy	1	45	2.30	2
Deuteronomy	11	3	2.30	2
Deuteronomy	14	10	2.30	2
Deuteronomy	14	19	2.30	2
Deuteronomy	14	9	2.30	2
Deuteronomy	15	22	2.30	2
Deuteronomy	19	3	2.30	2
Deuteronomy	2	3	2.30	2
Deuteronomy	20	2	2.30	2
Deuteronomy	22	11	2.30	2
Deuteronomy	22	14	2.30	2
Deuteronomy	22	17	2.30	2
Deuteronomy	22	2	2.30	2
Deuteronomy	23	16	2.30	2
Deuteronomy	23	22	2.30	2
Deuteronomy	23	24	2.30	2
Deuteronomy	24	20	2.30	2
Deuteronomy	25	11	2.30	2
Deuteronomy	25	3	2.30	2
Deuteronomy	25	8	2.30	2
Deuteronomy	26	4	2.30	2
Deuteronomy	28	46	2.30	2
Deuteronomy	28	61	2.30	2
Deuteronomy	31	15	2.30	2
Deuteronomy	31	4	2.30	2
Deuteronomy	34	11	2.30	2
Deuteronomy	34	2	2.30	2
Deuteronomy	4	18	2.30	2
Deuteronomy	6	19	2.30	2
Deuteronomy	7	11	2.30	2
Deuteronomy	8	6	2.30	2
Ecclesiastes	2	6	2.30	2
Ecclesiastes	3	5	2.30	2
Ecclesiastes	3	8	2.30	2
Ecclesiastes	4	11	2.30	2
Ecclesiastes	6	4	2.30	2
Ecclesiastes	6	5	2.30	2
Ephesians	6	7	2.30	2
Esther	1	8	2.30	2
Esther	2	13	2.30	2
Esther	2	9	2.30	2
Esther	3	4	2.30	2
Esther	4	6	2.30	2
Esther	4	9	2.30	2
Esther	6	3	2.30	2
Esther	7	1	2.30	2
Esther	9	18	2.30	2
Esther	9	26	2.30	2
Esther	9	28	2.30	2
Esther	9	29	2.30	2
Esther	9	6	2.30	2
Exodus	1	15	2.30	2
Exodus	1	4	2.30	2
Exodus	10	25	2.30	2
Exodus	10	29	2.30	2
Exodus	12	20	2.30	2
Exodus	12	28	2.30	2
Exodus	12	34	2.30	2
Exodus	12	47	2.30	2
Exodus	13	1	2.30	2
Exodus	14	6	2.30	2
Exodus	16	21	2.30	2
Exodus	16	24	2.30	2
Exodus	16	25	2.30	2
Exodus	16	26	2.30	2
Exodus	16	6	2.30	2
Exodus	17	13	2.30	2
Exodus	18	24	2.30	2
Exodus	19	23	2.30	2
Exodus	2	19	2.30	2
Exodus	2	20	2.30	2
Exodus	2	8	2.30	2
Exodus	21	18	2.30	2
Exodus	21	31	2.30	2
Exodus	21	8	2.30	2
Exodus	22	17	2.30	2
Exodus	25	19	2.30	2
Exodus	25	25	2.30	2
Exodus	25	26	2.30	2
Exodus	25	32	2.30	2
Exodus	25	33	2.30	2
Exodus	25	35	2.30	2
Exodus	26	11	2.30	2
Exodus	26	12	2.30	2
Exodus	26	13	2.30	2
Exodus	26	23	2.30	2
Exodus	26	24	2.30	2
Exodus	26	27	2.30	2
Exodus	26	4	2.30	2
Exodus	26	8	2.30	2
Exodus	27	12	2.30	2
Exodus	27	14	2.30	2
Exodus	27	6	2.30	2
Exodus	28	16	2.30	2
Exodus	28	26	2.30	2
Exodus	28	34	2.30	2
Exodus	28	35	2.30	2
Exodus	28	37	2.30	2
Exodus	28	42	2.30	2
Exodus	28	7	2.30	2
Exodus	28	8	2.30	2
Exodus	29	17	2.30	2
Exodus	29	46	2.30	2
Exodus	30	17	2.30	2
Exodus	30	22	2.30	2
Exodus	30	31	2.30	2
Exodus	30	32	2.30	2
Exodus	30	35	2.30	2
Exodus	30	37	2.30	2
Exodus	31	12	2.30	2
Exodus	31	16	2.30	2
Exodus	31	4	2.30	2
Exodus	32	28	2.30	2
Exodus	34	31	2.30	2
Exodus	35	1	2.30	2
Exodus	35	16	2.30	2
Exodus	35	17	2.30	2
Exodus	35	3	2.30	2
Exodus	35	32	2.30	2
Exodus	35	7	2.30	2
Exodus	36	10	2.30	2
Exodus	36	11	2.30	2
Exodus	36	13	2.30	2
Exodus	36	14	2.30	2
Exodus	36	22	2.30	2
Exodus	36	29	2.30	2
Exodus	36	31	2.30	2
Exodus	36	34	2.30	2
Exodus	37	18	2.30	2
Exodus	37	19	2.30	2
Exodus	37	2	2.30	2
Exodus	37	20	2.30	2
Exodus	37	5	2.30	2
Exodus	38	19	2.30	2
Exodus	38	20	2.30	2
Exodus	38	22	2.30	2
Exodus	38	23	2.30	2
Exodus	38	24	2.30	2
Exodus	38	28	2.30	2
Exodus	38	31	2.30	2
Exodus	38	7	2.30	2
Exodus	39	12	2.30	2
Exodus	39	17	2.30	2
Exodus	39	18	2.30	2
Exodus	39	20	2.30	2
Exodus	39	21	2.30	2
Exodus	39	25	2.30	2
Exodus	39	26	2.30	2
Exodus	39	31	2.30	2
Exodus	39	34	2.30	2
Exodus	39	35	2.30	2
Exodus	39	39	2.30	2
Exodus	39	7	2.30	2
Exodus	4	4	2.30	2
Exodus	4	7	2.30	2
Exodus	40	14	2.30	2
Exodus	6	27	2.30	2
Exodus	9	30	2.30	2
Ezekiel	10	13	2.30	2
Ezekiel	10	8	2.30	2
Ezekiel	12	21	2.30	2
Ezekiel	12	26	2.30	2
Ezekiel	16	34	2.30	2
Ezekiel	16	5	2.30	2
Ezekiel	17	4	2.30	2
Ezekiel	21	16	2.30	2
Ezekiel	21	5	2.30	2
Ezekiel	22	16	2.30	2
Ezekiel	22	17	2.30	2
Ezekiel	22	5	2.30	2
Ezekiel	23	44	2.30	2
Ezekiel	24	10	2.30	2
Ezekiel	24	2	2.30	2
Ezekiel	26	11	2.30	2
Ezekiel	28	11	2.30	2
Ezekiel	28	6	2.30	2
Ezekiel	3	13	2.30	2
Ezekiel	3	16	2.30	2
Ezekiel	3	2	2.30	2
Ezekiel	31	15	2.30	2
Ezekiel	31	17	2.30	2
Ezekiel	32	5	2.30	2
Ezekiel	33	26	2.30	2
Ezekiel	34	19	2.30	2
Ezekiel	35	14	2.30	2
Ezekiel	37	15	2.30	2
Ezekiel	37	20	2.30	2
Ezekiel	38	12	2.30	2
Ezekiel	39	19	2.30	2
Ezekiel	4	12	2.30	2
Ezekiel	40	15	2.30	2
Ezekiel	40	24	2.30	2
Ezekiel	40	30	2.30	2
Ezekiel	40	41	2.30	2
Ezekiel	41	17	2.30	2
Ezekiel	41	20	2.30	2
Ezekiel	41	21	2.30	2
Ezekiel	41	3	2.30	2
Ezekiel	41	7	2.30	2
Ezekiel	42	19	2.30	2
Ezekiel	43	17	2.30	2
Ezekiel	43	6	2.30	2
Ezekiel	45	16	2.30	2
Ezekiel	45	22	2.30	2
Ezekiel	45	25	2.30	2
Ezekiel	46	15	2.30	2
Ezekiel	46	17	2.30	2
Ezekiel	47	21	2.30	2
Ezekiel	47	4	2.30	2
Ezekiel	47	6	2.30	2
Ezekiel	48	12	2.30	2
Ezekiel	48	19	2.30	2
Ezekiel	48	23	2.30	2
Ezekiel	48	32	2.30	2
Ezekiel	6	1	2.30	2
Ezekiel	7	13	2.30	2
Ezekiel	9	11	2.30	2
Ezra	1	10	2.30	2
Ezra	10	12	2.30	2
Ezra	10	13	2.30	2
Ezra	10	23	2.30	2
Ezra	10	27	2.30	2
Ezra	10	29	2.30	2
Ezra	10	30	2.30	2
Ezra	10	34	2.30	2
Ezra	10	39	2.30	2
Ezra	2	16	2.30	2
Ezra	2	18	2.30	2
Ezra	2	23	2.30	2
Ezra	2	27	2.30	2
Ezra	2	35	2.30	2
Ezra	2	42	2.30	2
Ezra	2	45	2.30	2
Ezra	2	49	2.30	2
Ezra	2	53	2.30	2
Ezra	2	56	2.30	2
Ezra	2	60	2.30	2
Ezra	2	9	2.30	2
Ezra	6	7	2.30	2
Ezra	7	18	2.30	2
Ezra	8	17	2.30	2
Ezra	8	6	2.30	2
Ezra	8	9	2.30	2
Galatians	2	18	2.30	2
Genesis	1	12	2.30	2
Genesis	10	12	2.30	2
Genesis	10	23	2.30	2
Genesis	10	26	2.30	2
Genesis	12	20	2.30	2
Genesis	14	4	2.30	2
Genesis	15	9	2.30	2
Genesis	16	16	2.30	2
Genesis	17	25	2.30	2
Genesis	17	26	2.30	2
Genesis	18	29	2.30	2
Genesis	18	31	2.30	2
Genesis	18	8	2.30	2
Genesis	19	23	2.30	2
Genesis	2	10	2.30	2
Genesis	21	29	2.30	2
Genesis	21	32	2.30	2
Genesis	23	11	2.30	2
Genesis	23	9	2.30	2
Genesis	24	20	2.30	2
Genesis	24	21	2.30	2
Genesis	24	25	2.30	2
Genesis	24	41	2.30	2
Genesis	24	5	2.30	2
Genesis	25	29	2.30	2
Genesis	26	19	2.30	2
Genesis	26	31	2.30	2
Genesis	27	10	2.30	2
Genesis	27	17	2.30	2
Genesis	27	22	2.30	2
Genesis	27	44	2.30	2
Genesis	27	45	2.30	2
Genesis	27	6	2.30	2
Genesis	29	12	2.30	2
Genesis	29	8	2.30	2
Genesis	30	28	2.30	2
Genesis	30	36	2.30	2
Genesis	30	39	2.30	2
Genesis	31	12	2.30	2
Genesis	31	14	2.30	2
Genesis	31	4	2.30	2
Genesis	32	21	2.30	2
Genesis	32	8	2.30	2
Genesis	34	16	2.30	2
Genesis	34	18	2.30	2
Genesis	34	26	2.30	2
Genesis	34	28	2.30	2
Genesis	34	29	2.30	2
Genesis	34	5	2.30	2
Genesis	34	8	2.30	2
Genesis	34	9	2.30	2
Genesis	35	13	2.30	2
Genesis	36	17	2.30	2
Genesis	36	19	2.30	2
Genesis	36	21	2.30	2
Genesis	36	23	2.30	2
Genesis	36	34	2.30	2
Genesis	36	35	2.30	2
Genesis	36	37	2.30	2
Genesis	36	41	2.30	2
Genesis	36	43	2.30	2
Genesis	37	15	2.30	2
Genesis	37	16	2.30	2
Genesis	38	15	2.30	2
Genesis	38	21	2.30	2
Genesis	38	23	2.30	2
Genesis	4	18	2.30	2
Genesis	4	20	2.30	2
Genesis	4	22	2.30	2
Genesis	4	23	2.30	2
Genesis	40	17	2.30	2
Genesis	41	10	2.30	2
Genesis	41	13	2.30	2
Genesis	41	18	2.30	2
Genesis	41	19	2.30	2
Genesis	41	4	2.30	2
Genesis	41	41	2.30	2
Genesis	41	5	2.30	2
Genesis	41	53	2.30	2
Genesis	42	14	2.30	2
Genesis	42	29	2.30	2
Genesis	43	6	2.30	2
Genesis	44	11	2.30	2
Genesis	44	2	2.30	2
Genesis	44	6	2.30	2
Genesis	44	8	2.30	2
Genesis	45	12	2.30	2
Genesis	45	17	2.30	2
Genesis	45	23	2.30	2
Genesis	46	18	2.30	2
Genesis	47	14	2.30	2
Genesis	47	15	2.30	2
Genesis	47	16	2.30	2
Genesis	47	2	2.30	2
Genesis	48	17	2.30	2
Genesis	48	2	2.30	2
Genesis	48	8	2.30	2
Genesis	5	14	2.30	2
Genesis	5	20	2.30	2
Genesis	5	23	2.30	2
Genesis	5	28	2.30	2
Genesis	5	4	2.30	2
Genesis	5	6	2.30	2
Genesis	5	9	2.30	2
Genesis	50	16	2.30	2
Genesis	50	19	2.30	2
Genesis	6	14	2.30	2
Genesis	7	20	2.30	2
Genesis	7	6	2.30	2
Genesis	8	11	2.30	2
Genesis	8	13	2.30	2
Genesis	8	15	2.30	2
Genesis	8	3	2.30	2
Genesis	8	5	2.30	2
Genesis	8	6	2.30	2
Genesis	9	23	2.30	2
Genesis	9	24	2.30	2
Genesis	9	8	2.30	2
Habakkuk	2	7	2.30	2
Hebrews	7	13	2.30	2
Hebrews	8	4	2.30	2
Hosea	1	3	2.30	2
Hosea	1	8	2.30	2
Hosea	5	2	2.30	2
Isaiah	10	23	2.30	2
Isaiah	15	9	2.30	2
Isaiah	16	13	2.30	2
Isaiah	19	7	2.30	2
Isaiah	2	15	2.30	2
Isaiah	21	15	2.30	2
Isaiah	22	18	2.30	2
Isaiah	3	20	2.30	2
Isaiah	3	7	2.30	2
Isaiah	36	14	2.30	2
Isaiah	39	5	2.30	2
Isaiah	41	3	2.30	2
Isaiah	43	27	2.30	2
Isaiah	44	16	2.30	2
Isaiah	46	2	2.30	2
Isaiah	7	10	2.30	2
Isaiah	8	5	2.30	2
James	1	7	2.30	2
James	3	8	2.30	2
James	5	18	2.30	2
Jeremiah	10	17	2.30	2
Jeremiah	11	1	2.30	2
Jeremiah	13	2	2.30	2
Jeremiah	16	1	2.30	2
Jeremiah	18	10	2.30	2
Jeremiah	2	14	2.30	2
Jeremiah	21	3	2.30	2
Jeremiah	23	35	2.30	2
Jeremiah	25	8	2.30	2
Jeremiah	29	30	2.30	2
Jeremiah	32	14	2.30	2
Jeremiah	32	6	2.30	2
Jeremiah	34	16	2.30	2
Jeremiah	35	18	2.30	2
Jeremiah	35	5	2.30	2
Jeremiah	35	9	2.30	2
Jeremiah	36	14	2.30	2
Jeremiah	39	15	2.30	2
Jeremiah	4	9	2.30	2
Jeremiah	41	14	2.30	2
Jeremiah	41	15	2.30	2
Jeremiah	41	3	2.30	2
Jeremiah	42	13	2.30	2
Jeremiah	42	21	2.30	2
Jeremiah	44	19	2.30	2
Jeremiah	44	23	2.30	2
Jeremiah	45	2	2.30	2
Jeremiah	48	16	2.30	2
Jeremiah	48	21	2.30	2
Jeremiah	48	30	2.30	2
Jeremiah	49	37	2.30	2
Jeremiah	49	5	2.30	2
Jeremiah	5	20	2.30	2
Jeremiah	52	22	2.30	2
Jeremiah	52	23	2.30	2
Jeremiah	6	5	2.30	2
Job	13	10	2.30	2
Job	13	20	2.30	2
Job	14	22	2.30	2
Job	15	26	2.30	2
Job	15	3	2.30	2
Job	18	1	2.30	2
Job	19	4	2.30	2
Job	20	4	2.30	2
Job	21	29	2.30	2
Job	21	31	2.30	2
Job	21	8	2.30	2
Job	22	25	2.30	2
Job	22	3	2.30	2
Job	23	17	2.30	2
Job	23	5	2.30	2
Job	24	18	2.30	2
Job	24	22	2.30	2
Job	24	6	2.30	2
Job	25	1	2.30	2
Job	26	4	2.30	2
Job	28	11	2.30	2
Job	28	4	2.30	2
Job	28	6	2.30	2
Job	28	7	2.30	2
Job	28	9	2.30	2
Job	29	5	2.30	2
Job	3	26	2.30	2
Job	30	24	2.30	2
Job	30	6	2.30	2
Job	30	7	2.30	2
Job	32	10	2.30	2
Job	32	12	2.30	2
Job	32	13	2.30	2
Job	32	14	2.30	2
Job	32	5	2.30	2
Job	35	13	2.30	2
Job	35	15	2.30	2
Job	35	4	2.30	2
Job	36	19	2.30	2
Job	36	2	2.30	2
Job	36	9	2.30	2
Job	37	15	2.30	2
Job	37	21	2.30	2
Job	38	21	2.30	2
Job	38	30	2.30	2
Job	38	5	2.30	2
Job	39	14	2.30	2
Job	39	21	2.30	2
Job	39	23	2.30	2
Job	39	24	2.30	2
Job	39	29	2.30	2
Job	4	11	2.30	2
Job	4	15	2.30	2
Job	40	14	2.30	2
Job	40	16	2.30	2
Job	40	17	2.30	2
Job	40	21	2.30	2
Job	40	22	2.30	2
Job	40	23	2.30	2
Job	41	24	2.30	2
Job	41	28	2.30	2
Job	41	29	2.30	2
Job	41	34	2.30	2
Job	41	5	2.30	2
Job	42	1	2.30	2
Job	5	25	2.30	2
Job	6	13	2.30	2
Job	6	18	2.30	2
Job	6	23	2.30	2
Job	7	18	2.30	2
Job	8	19	2.30	2
Joel	2	4	2.30	2
John	1	22	2.30	2
John	1	24	2.30	2
John	10	21	2.30	2
John	10	42	2.30	2
John	11	30	2.30	2
John	11	34	2.30	2
John	13	25	2.30	2
John	14	25	2.30	2
John	16	18	2.30	2
John	18	23	2.30	2
John	19	29	2.30	2
John	20	10	2.30	2
John	20	3	2.30	2
John	20	6	2.30	2
John	21	12	2.30	2
John	21	8	2.30	2
John	4	45	2.30	2
John	4	49	2.30	2
John	5	12	2.30	2
John	5	6	2.30	2
John	5	7	2.30	2
John	6	16	2.30	2
John	6	22	2.30	2
John	7	49	2.30	2
John	8	10	2.30	2
John	8	8	2.30	2
John	9	18	2.30	2
John	9	19	2.30	2
John	9	20	2.30	2
John	9	37	2.30	2
Jonah	4	10	2.30	2
Joshua	10	17	2.30	2
Joshua	12	10	2.30	2
Joshua	12	21	2.30	2
Joshua	12	24	2.30	2
Joshua	13	23	2.30	2
Joshua	13	32	2.30	2
Joshua	15	19	2.30	2
Joshua	15	23	2.30	2
Joshua	15	30	2.30	2
Joshua	16	9	2.30	2
Joshua	17	5	2.30	2
Joshua	17	9	2.30	2
Joshua	18	20	2.30	2
Joshua	19	34	2.30	2
Joshua	2	16	2.30	2
Joshua	21	10	2.30	2
Joshua	21	19	2.30	2
Joshua	21	29	2.30	2
Joshua	21	37	2.30	2
Joshua	21	5	2.30	2
Joshua	21	8	2.30	2
Joshua	22	2	2.30	2
Joshua	22	21	2.30	2
Joshua	22	23	2.30	2
Joshua	22	3	2.30	2
Joshua	23	5	2.30	2
Joshua	4	22	2.30	2
Joshua	4	4	2.30	2
Joshua	5	4	2.30	2
Joshua	5	8	2.30	2
Joshua	6	11	2.30	2
Joshua	6	25	2.30	2
Joshua	6	7	2.30	2
Joshua	7	22	2.30	2
Joshua	7	23	2.30	2
Joshua	7	4	2.30	2
Joshua	8	10	2.30	2
Joshua	8	21	2.30	2
Joshua	8	6	2.30	2
Joshua	9	2	2.30	2
Joshua	9	22	2.30	2
Judges	1	32	2.30	2
Judges	1	33	2.30	2
Judges	10	2	2.30	2
Judges	10	5	2.30	2
Judges	11	2	2.30	2
Judges	11	22	2.30	2
Judges	11	38	2.30	2
Judges	11	6	2.30	2
Judges	11	9	2.30	2
Judges	12	7	2.30	2
Judges	13	10	2.30	2
Judges	13	9	2.30	2
Judges	14	14	2.30	2
Judges	15	16	2.30	2
Judges	15	3	2.30	2
Judges	16	18	2.30	2
Judges	16	27	2.30	2
Judges	16	29	2.30	2
Judges	16	7	2.30	2
Judges	16	8	2.30	2
Judges	18	16	2.30	2
Judges	18	18	2.30	2
Judges	18	4	2.30	2
Judges	19	13	2.30	2
Judges	19	27	2.30	2
Judges	19	4	2.30	2
Judges	19	7	2.30	2
Judges	20	12	2.30	2
Judges	20	14	2.30	2
Judges	20	3	2.30	2
Judges	20	38	2.30	2
Judges	20	39	2.30	2
Judges	20	43	2.30	2
Judges	21	10	2.30	2
Judges	21	14	2.30	2
Judges	21	17	2.30	2
Judges	21	24	2.30	2
Judges	21	3	2.30	2
Judges	3	17	2.30	2
Judges	3	26	2.30	2
Judges	4	18	2.30	2
Judges	4	19	2.30	2
Judges	5	13	2.30	2
Judges	5	16	2.30	2
Judges	5	29	2.30	2
Judges	6	4	2.30	2
Judges	7	21	2.30	2
Judges	9	22	2.30	2
Judges	9	25	2.30	2
Judges	9	30	2.30	2
Judges	9	32	2.30	2
Judges	9	34	2.30	2
Judges	9	36	2.30	2
Judges	9	37	2.30	2
Judges	9	51	2.30	2
Judges	9	53	2.30	2
Lamentations	3	16	2.30	2
Lamentations	3	49	2.30	2
Leviticus	1	12	2.30	2
Leviticus	11	12	2.30	2
Leviticus	11	21	2.30	2
Leviticus	11	3	2.30	2
Leviticus	11	34	2.30	2
Leviticus	11	38	2.30	2
Leviticus	11	4	2.30	2
Leviticus	12	7	2.30	2
Leviticus	13	13	2.30	2
Leviticus	13	14	2.30	2
Leviticus	13	17	2.30	2
Leviticus	13	19	2.30	2
Leviticus	13	22	2.30	2
Leviticus	13	23	2.30	2
Leviticus	13	29	2.30	2
Leviticus	13	35	2.30	2
Leviticus	13	36	2.30	2
Leviticus	13	41	2.30	2
Leviticus	13	42	2.30	2
Leviticus	13	43	2.30	2
Leviticus	13	49	2.30	2
Leviticus	13	50	2.30	2
Leviticus	13	57	2.30	2
Leviticus	13	6	2.30	2
Leviticus	14	19	2.30	2
Leviticus	14	24	2.30	2
Leviticus	14	25	2.30	2
Leviticus	14	28	2.30	2
Leviticus	14	29	2.30	2
Leviticus	14	35	2.30	2
Leviticus	14	36	2.30	2
Leviticus	14	40	2.30	2
Leviticus	14	41	2.30	2
Leviticus	14	45	2.30	2
Leviticus	14	46	2.30	2
Leviticus	14	50	2.30	2
Leviticus	14	53	2.30	2
Leviticus	15	11	2.30	2
Leviticus	15	20	2.30	2
Leviticus	15	30	2.30	2
Leviticus	15	33	2.30	2
Leviticus	15	6	2.30	2
Leviticus	15	8	2.30	2
Leviticus	16	23	2.30	2
Leviticus	16	30	2.30	2
Leviticus	16	7	2.30	2
Leviticus	17	12	2.30	2
Leviticus	19	20	2.30	2
Leviticus	2	7	2.30	2
Leviticus	2	8	2.30	2
Leviticus	20	4	2.30	2
Leviticus	21	24	2.30	2
Leviticus	21	3	2.30	2
Leviticus	22	22	2.30	2
Leviticus	23	19	2.30	2
Leviticus	23	26	2.30	2
Leviticus	23	28	2.30	2
Leviticus	23	30	2.30	2
Leviticus	23	31	2.30	2
Leviticus	23	44	2.30	2
Leviticus	24	18	2.30	2
Leviticus	25	11	2.30	2
Leviticus	25	12	2.30	2
Leviticus	25	32	2.30	2
Leviticus	25	33	2.30	2
Leviticus	27	1	2.30	2
Leviticus	27	20	2.30	2
Leviticus	27	24	2.30	2
Leviticus	3	12	2.30	2
Leviticus	3	7	2.30	2
Leviticus	4	9	2.30	2
Leviticus	6	22	2.30	2
Leviticus	7	21	2.30	2
Leviticus	7	38	2.30	2
Leviticus	7	4	2.30	2
Leviticus	7	5	2.30	2
Leviticus	8	20	2.30	2
Leviticus	8	4	2.30	2
Leviticus	9	13	2.30	2
Luke	1	23	2.30	2
Luke	1	4	2.30	2
Luke	1	40	2.30	2
Luke	10	35	2.30	2
Luke	11	18	2.30	2
Luke	11	36	2.30	2
Luke	13	8	2.30	2
Luke	14	29	2.30	2
Luke	15	27	2.30	2
Luke	16	12	2.30	2
Luke	16	4	2.30	2
Luke	16	7	2.30	2
Luke	19	18	2.30	2
Luke	19	23	2.30	2
Luke	2	17	2.30	2
Luke	2	3	2.30	2
Luke	2	44	2.30	2
Luke	2	5	2.30	2
Luke	2	6	2.30	2
Luke	20	12	2.30	2
Luke	20	4	2.30	2
Luke	21	30	2.30	2
Luke	21	4	2.30	2
Luke	22	11	2.30	2
Luke	22	50	2.30	2
Luke	22	6	2.30	2
Luke	22	9	2.30	2
Luke	23	12	2.30	2
Luke	23	19	2.30	2
Luke	23	52	2.30	2
Luke	24	24	2.30	2
Luke	24	43	2.30	2
Luke	3	18	2.30	2
Luke	3	28	2.30	2
Luke	4	11	2.30	2
Luke	4	13	2.30	2
Luke	5	2	2.30	2
Luke	7	10	2.30	2
Luke	7	18	2.30	2
Luke	7	7	2.30	2
Luke	8	39	2.30	2
Luke	8	55	2.30	2
Luke	9	40	2.30	2
Mark	1	18	2.30	2
Mark	1	20	2.30	2
Mark	1	33	2.30	2
Mark	1	42	2.30	2
Mark	10	10	2.30	2
Mark	10	12	2.30	2
Mark	10	25	2.30	2
Mark	10	26	2.30	2
Mark	10	37	2.30	2
Mark	11	29	2.30	2
Mark	11	33	2.30	2
Mark	12	20	2.30	2
Mark	12	23	2.30	2
Mark	12	27	2.30	2
Mark	12	39	2.30	2
Mark	12	5	2.30	2
Mark	14	14	2.30	2
Mark	14	46	2.30	2
Mark	14	49	2.30	2
Mark	14	52	2.30	2
Mark	15	4	2.30	2
Mark	15	41	2.30	2
Mark	15	8	2.30	2
Mark	16	4	2.30	2
Mark	2	20	2.30	2
Mark	3	32	2.30	2
Mark	3	33	2.30	2
Mark	4	27	2.30	2
Mark	4	32	2.30	2
Mark	4	4	2.30	2
Mark	5	10	2.30	2
Mark	5	12	2.30	2
Mark	5	16	2.30	2
Mark	5	32	2.30	2
Mark	6	36	2.30	2
Mark	7	28	2.30	2
Mark	7	30	2.30	2
Mark	7	35	2.30	2
Mark	8	20	2.30	2
Matthew	13	27	2.30	2
Matthew	13	48	2.30	2
Matthew	14	12	2.30	2
Matthew	14	21	2.30	2
Matthew	16	10	2.30	2
Matthew	17	8	2.30	2
Matthew	19	15	2.30	2
Matthew	2	10	2.30	2
Matthew	2	17	2.30	2
Matthew	2	9	2.30	2
Matthew	20	10	2.30	2
Matthew	20	24	2.30	2
Matthew	21	20	2.30	2
Matthew	22	38	2.30	2
Matthew	22	40	2.30	2
Matthew	23	20	2.30	2
Matthew	23	22	2.30	2
Matthew	24	18	2.30	2
Matthew	25	18	2.30	2
Matthew	25	27	2.30	2
Matthew	25	37	2.30	2
Matthew	26	27	2.30	2
Matthew	27	13	2.30	2
Matthew	5	30	2.30	2
Matthew	8	32	2.30	2
Nahum	2	5	2.30	2
Nahum	3	16	2.30	2
Nehemiah	10	10	2.30	2
Nehemiah	11	30	2.30	2
Nehemiah	11	36	2.30	2
Nehemiah	11	8	2.30	2
Nehemiah	12	14	2.30	2
Nehemiah	12	15	2.30	2
Nehemiah	12	18	2.30	2
Nehemiah	13	7	2.30	2
Nehemiah	2	16	2.30	2
Nehemiah	2	6	2.30	2
Nehemiah	3	18	2.30	2
Nehemiah	3	7	2.30	2
Nehemiah	4	21	2.30	2
Nehemiah	4	9	2.30	2
Nehemiah	5	16	2.30	2
Nehemiah	5	18	2.30	2
Nehemiah	5	3	2.30	2
Nehemiah	6	19	2.30	2
Nehemiah	6	7	2.30	2
Nehemiah	6	8	2.30	2
Nehemiah	7	14	2.30	2
Nehemiah	7	21	2.30	2
Nehemiah	7	23	2.30	2
Nehemiah	7	24	2.30	2
Nehemiah	7	28	2.30	2
Nehemiah	7	31	2.30	2
Nehemiah	7	32	2.30	2
Nehemiah	7	38	2.30	2
Nehemiah	7	47	2.30	2
Nehemiah	7	51	2.30	2
Nehemiah	7	52	2.30	2
Nehemiah	7	54	2.30	2
Nehemiah	7	55	2.30	2
Nehemiah	7	58	2.30	2
Nehemiah	7	66	2.30	2
Nehemiah	7	71	2.30	2
Nehemiah	8	11	2.30	2
Numbers	1	25	2.30	2
Numbers	1	29	2.30	2
Numbers	1	31	2.30	2
Numbers	1	34	2.30	2
Numbers	1	35	2.30	2
Numbers	1	39	2.30	2
Numbers	1	41	2.30	2
Numbers	1	44	2.30	2
Numbers	10	19	2.30	2
Numbers	10	23	2.30	2
Numbers	10	26	2.30	2
Numbers	10	28	2.30	2
Numbers	10	7	2.30	2
Numbers	11	19	2.30	2
Numbers	11	30	2.30	2
Numbers	11	32	2.30	2
Numbers	12	9	2.30	2
Numbers	13	19	2.30	2
Numbers	15	37	2.30	2
Numbers	15	6	2.30	2
Numbers	16	20	2.30	2
Numbers	16	23	2.30	2
Numbers	16	37	2.30	2
Numbers	16	43	2.30	2
Numbers	16	8	2.30	2
Numbers	17	13	2.30	2
Numbers	17	6	2.30	2
Numbers	2	15	2.30	2
Numbers	2	21	2.30	2
Numbers	2	23	2.30	2
Numbers	2	26	2.30	2
Numbers	2	28	2.30	2
Numbers	2	30	2.30	2
Numbers	2	6	2.30	2
Numbers	2	8	2.30	2
Numbers	20	21	2.30	2
Numbers	20	27	2.30	2
Numbers	20	5	2.30	2
Numbers	21	19	2.30	2
Numbers	21	22	2.30	2
Numbers	21	31	2.30	2
Numbers	22	10	2.30	2
Numbers	22	14	2.30	2
Numbers	22	26	2.30	2
Numbers	22	40	2.30	2
Numbers	22	9	2.30	2
Numbers	23	25	2.30	2
Numbers	23	6	2.30	2
Numbers	24	12	2.30	2
Numbers	26	13	2.30	2
Numbers	26	30	2.30	2
Numbers	26	39	2.30	2
Numbers	26	4	2.30	2
Numbers	26	40	2.30	2
Numbers	27	15	2.30	2
Numbers	27	22	2.30	2
Numbers	27	6	2.30	2
Numbers	28	13	2.30	2
Numbers	28	20	2.30	2
Numbers	28	23	2.30	2
Numbers	28	28	2.30	2
Numbers	28	6	2.30	2
Numbers	29	10	2.30	2
Numbers	29	17	2.30	2
Numbers	29	18	2.30	2
Numbers	29	21	2.30	2
Numbers	29	23	2.30	2
Numbers	29	3	2.30	2
Numbers	29	31	2.30	2
Numbers	29	34	2.30	2
Numbers	29	36	2.30	2
Numbers	29	38	2.30	2
Numbers	29	40	2.30	2
Numbers	29	9	2.30	2
Numbers	3	16	2.30	2
Numbers	3	22	2.30	2
Numbers	3	24	2.30	2
Numbers	3	29	2.30	2
Numbers	3	35	2.30	2
Numbers	3	37	2.30	2
Numbers	3	43	2.30	2
Numbers	30	1	2.30	2
Numbers	30	10	2.30	2
Numbers	30	13	2.30	2
Numbers	30	15	2.30	2
Numbers	30	16	2.30	2
Numbers	30	9	2.30	2
Numbers	31	10	2.30	2
Numbers	31	11	2.30	2
Numbers	31	13	2.30	2
Numbers	31	21	2.30	2
Numbers	31	23	2.30	2
Numbers	31	26	2.30	2
Numbers	31	31	2.30	2
Numbers	31	37	2.30	2
Numbers	32	25	2.30	2
Numbers	32	27	2.30	2
Numbers	32	31	2.30	2
Numbers	32	4	2.30	2
Numbers	33	12	2.30	2
Numbers	33	14	2.30	2
Numbers	33	16	2.30	2
Numbers	33	19	2.30	2
Numbers	33	32	2.30	2
Numbers	33	43	2.30	2
Numbers	33	56	2.30	2
Numbers	34	10	2.30	2
Numbers	34	22	2.30	2
Numbers	35	20	2.30	2
Numbers	35	26	2.30	2
Numbers	35	3	2.30	2
Numbers	35	32	2.30	2
Numbers	36	10	2.30	2
Numbers	36	9	2.30	2
Numbers	4	10	2.30	2
Numbers	4	12	2.30	2
Numbers	4	32	2.30	2
Numbers	4	34	2.30	2
Numbers	4	44	2.30	2
Numbers	4	46	2.30	2
Numbers	4	48	2.30	2
Numbers	5	1	2.30	2
Numbers	5	11	2.30	2
Numbers	5	16	2.30	2
Numbers	5	20	2.30	2
Numbers	5	24	2.30	2
Numbers	5	26	2.30	2
Numbers	6	1	2.30	2
Numbers	6	11	2.30	2
Numbers	6	16	2.30	2
Numbers	6	17	2.30	2
Numbers	6	22	2.30	2
Numbers	6	4	2.30	2
Numbers	7	22	2.30	2
Numbers	7	26	2.30	2
Numbers	7	27	2.30	2
Numbers	7	28	2.30	2
Numbers	7	29	2.30	2
Numbers	7	31	2.30	2
Numbers	7	32	2.30	2
Numbers	7	34	2.30	2
Numbers	7	38	2.30	2
Numbers	7	4	2.30	2
Numbers	7	41	2.30	2
Numbers	7	44	2.30	2
Numbers	7	50	2.30	2
Numbers	7	53	2.30	2
Numbers	7	56	2.30	2
Numbers	7	59	2.30	2
Numbers	7	65	2.30	2
Numbers	7	7	2.30	2
Numbers	7	71	2.30	2
Numbers	7	77	2.30	2
Numbers	7	83	2.30	2
Numbers	7	88	2.30	2
Numbers	8	12	2.30	2
Numbers	8	14	2.30	2
Numbers	8	5	2.30	2
Numbers	9	18	2.30	2
Numbers	9	23	2.30	2
Obadiah	1	14	2.30	2
Obadiah	1	2	2.30	2
Obadiah	1	6	2.30	2
Philemon	1	15	2.30	2
Proverbs	12	9	2.30	2
Proverbs	18	3	2.30	2
Proverbs	21	7	2.30	2
Proverbs	22	12	2.30	2
Proverbs	22	21	2.30	2
Proverbs	23	34	2.30	2
Proverbs	24	25	2.30	2
Proverbs	25	22	2.30	2
Proverbs	26	15	2.30	2
Proverbs	26	19	2.30	2
Proverbs	27	19	2.30	2
Proverbs	29	16	2.30	2
Proverbs	3	10	2.30	2
Proverbs	30	1	2.30	2
Proverbs	30	7	2.30	2
Proverbs	31	13	2.30	2
Proverbs	31	15	2.30	2
Proverbs	31	25	2.30	2
Proverbs	5	14	2.30	2
Proverbs	6	7	2.30	2
Proverbs	7	15	2.30	2
Proverbs	8	16	2.30	2
Psalms	105	20	2.30	2
Psalms	105	33	2.30	2
Psalms	106	33	2.30	2
Psalms	107	12	2.30	2
Psalms	107	30	2.30	2
Psalms	108	10	2.30	2
Psalms	113	8	2.30	2
Psalms	115	11	2.30	2
Psalms	118	3	2.30	2
Psalms	119	170	2.30	2
Psalms	12	7	2.30	2
Psalms	126	3	2.30	2
Psalms	128	4	2.30	2
Psalms	136	20	2.30	2
Psalms	136	9	2.30	2
Psalms	137	4	2.30	2
Psalms	144	14	2.30	2
Psalms	150	5	2.30	2
Psalms	16	6	2.30	2
Psalms	19	2	2.30	2
Psalms	29	7	2.30	2
Psalms	44	7	2.30	2
Psalms	49	13	2.30	2
Psalms	56	7	2.30	2
Psalms	58	5	2.30	2
Psalms	65	8	2.30	2
Psalms	66	20	2.30	2
Psalms	72	13	2.30	2
Psalms	74	17	2.30	2
Revelation	5	4	2.30	2
Romans	1	27	2.30	2
Romans	16	14	2.30	2
Romans	6	20	2.30	2
Ruth	1	10	2.30	2
Ruth	1	13	2.30	2
Ruth	2	16	2.30	2
Ruth	2	17	2.30	2
Ruth	2	22	2.30	2
Ruth	3	15	2.30	2
Ruth	4	13	2.30	2
Ruth	4	2	2.30	2
Song of Solomon	3	9	2.30	2
Song of Solomon	7	2	2.30	2
Zechariah	13	6	2.30	2
Zechariah	2	2	2.30	2
Zechariah	4	8	2.30	2
Zechariah	5	8	2.30	2
Zechariah	8	5	2.30	2
Zephaniah	1	8	2.30	2
1 Chronicles	26	5	1.93	2
1 Corinthians	11	15	1.93	2
1 Kings	11	19	1.93	2
1 Kings	16	22	1.93	2
1 Samuel	2	14	1.93	2
2 Chronicles	11	19	1.93	2
2 Kings	2	18	1.93	2
2 Samuel	12	4	1.93	2
2 Samuel	13	21	1.93	2
Acts	11	6	1.93	2
Acts	25	27	1.93	2
Ecclesiastes	4	10	1.93	2
Exodus	13	22	1.93	2
Exodus	2	12	1.93	2
Exodus	22	15	1.93	2
Exodus	31	9	1.93	2
Ezekiel	33	23	1.93	2
Genesis	10	30	1.93	2
Genesis	11	20	1.93	2
Genesis	25	10	1.93	2
Genesis	40	11	1.93	2
Genesis	40	6	1.93	2
Genesis	41	21	1.93	2
Jeremiah	26	17	1.93	2
Job	38	14	1.93	2
Job	39	30	1.93	2
Job	39	4	1.93	2
Job	41	21	1.93	2
John	11	6	1.93	2
John	6	3	1.93	2
Joshua	9	5	1.93	2
Judges	18	22	1.93	2
Judges	9	49	1.93	2
Leviticus	19	24	1.93	2
Luke	14	30	1.93	2
Luke	3	26	1.93	2
Luke	5	39	1.93	2
Luke	6	44	1.93	2
Matthew	19	10	1.93	2
Matthew	2	14	1.93	2
Numbers	22	15	1.93	2
Numbers	28	4	1.93	2
Numbers	5	13	1.93	2
Numbers	5	21	1.93	2
Numbers	5	23	1.93	2
Numbers	7	14	1.93	2
Psalms	119	87	1.93	2
Psalms	45	15	1.93	2
Ruth	2	9	1.93	2
